Z,N,A,symbol,actual_binding_energy_per_A_keV,frdm_binding_energy_per_A_keV,residual_keV_per_A,absolute_residual_keV_per_A,frdm_binding_energy_MeV,frdm_mass_excess_MeV
8,8,16,,7976.2072,8001.875,25.66780000000017,25.66780000000017,128.03,-5.15
8,9,17,,7750.7291,7791.176470588235,40.44737058823557,40.44737058823557,132.45,-1.49
9,8,17,,7542.3284,7601.176470588235,58.848070588234805,58.848070588234805,129.22,0.95
8,10,18,,7767.0981,7880.0,112.90189999999984,112.90189999999984,141.84,-2.81
9,9,18,,7631.6383,7596.111111111111,-35.527188888888304,35.527188888888304,136.73,1.51
10,8,18,,7341.2577,7465.0,123.74229999999989,123.74229999999989,134.37,3.1
8,11,19,,7566.4952,7628.9473684210525,62.45216842105219,62.45216842105219,144.95,2.15
9,10,19,,7779.0192,7816.315789473684,37.296589473684435,37.296589473684435,148.51,-2.19
10,9,19,,7567.3431,7614.210526315789,46.86742631578909,46.86742631578909,144.67,0.87
11,8,19,,6937.8864,7014.736842105263,76.85044210526303,76.85044210526303,133.28,11.47
8,12,20,,7568.5707,7649.0,80.42929999999978,80.42929999999978,152.98,2.19
9,11,20,,7720.1351,7709.0,-11.13510000000042,11.13510000000042,154.18,0.2
10,10,20,,8032.2412,8040.5,8.25879999999961,8.25879999999961,160.81,-7.21
11,9,20,,7298.5028,7310.0,11.497199999999793,11.497199999999793,146.2,6.62
12,8,20,,6728.0252,6824.0,95.97479999999996,95.97479999999996,136.48,15.56
8,13,21,,7389.3747,7388.0952380952385,-1.2794619047617743,1.2794619047617743,155.15,8.09
9,12,21,,7738.2934,7759.523809523809,21.230409523809612,21.230409523809612,162.95,-0.49
10,11,21,,7971.7136,7950.476190476191,-21.23740952380922,21.23740952380922,166.96,-5.29
11,10,21,,7765.5581,7759.523809523809,-6.034290476191018,6.034290476191018,162.95,-2.06
12,9,21,,7105.0317,7151.9047619047615,46.873061904761926,46.873061904761926,150.19,9.92
13,8,21,,6297.0,6370.0,73.0,73.0,133.77,25.55
8,14,22,,7364.8722,7335.909090909091,-28.9631090909088,28.9631090909088,161.39,9.92
9,13,22,,7624.2954,7617.727272727273,-6.568127272726997,6.568127272726997,167.59,2.93
10,12,22,,8080.4656,8089.545454545455,9.07985454545451,9.07985454545451,177.97,-8.23
11,11,22,,7915.6624,7860.454545454545,-55.20785454545512,55.20785454545512,172.93,-3.97
12,10,22,,7662.7645,7688.181818181818,25.41731818181779,25.41731818181779,169.14,-0.96
13,9,22,,6782.0,6813.181818181818,31.181818181818016,31.181818181818016,149.89,17.5
14,8,22,,6044.0,6087.727272727273,43.727272727272975,43.727272727272975,133.93,32.68
8,15,23,,7163.4856,7050.434782608696,-113.05081739130401,113.05081739130401,162.16,17.22
9,14,23,,7622.3447,7595.652173913043,-26.692526086956605,26.692526086956605,174.7,3.9
10,13,23,,7955.2561,7943.04347826087,-12.212621739129645,12.212621739129645,182.69,-4.87
11,12,23,,8111.4936,8080.434782608696,-31.05881739130382,31.05881739130382,185.85,-8.82
12,11,23,,7901.1229,7879.130434782609,-21.992465217391327,21.992465217391327,181.22,-4.97
13,10,23,,7335.7275,7343.478260869565,7.750760869565056,7.750760869565056,168.9,6.57
14,9,23,,6554.0,6598.260869565217,44.260869565217035,44.260869565217035,151.76,22.93
8,16,24,,7039.6855,6915.833333333333,-123.85216666666656,123.85216666666656,165.98,21.48
9,15,24,,7463.5831,7400.0,-63.58309999999983,63.58309999999983,177.6,9.07
10,14,24,,7993.3252,8025.416666666667,32.09146666666675,32.09146666666675,192.61,-6.72
11,13,24,,8063.4882,8017.5,-45.98819999999978,45.98819999999978,192.42,-7.31
12,12,24,,8260.7103,8224.166666666666,-36.54363333333458,36.54363333333458,197.38,-13.06
13,11,24,,7649.5806,7632.5,-17.08060000000023,17.08060000000023,183.18,0.37
14,10,24,,7167.2329,7222.083333333333,54.85043333333306,54.85043333333306,173.33,9.43
15,9,24,,6165.0,6190.416666666667,25.41666666666697,25.41666666666697,148.57,33.41
8,17,25,,6727.8058,6596.4,-131.40580000000045,131.40580000000045,164.91,30.61
9,16,25,,7336.3065,7274.0,-62.30649999999969,62.30649999999969,181.85,12.89
10,15,25,,7839.7994,7824.8,-14.999399999999696,14.999399999999696,195.62,-1.66
11,14,25,,8101.3979,8077.6,-23.797899999999572,23.797899999999572,201.94,-8.76
12,13,25,,8223.5028,8185.2,-38.30280000000039,38.30280000000039,204.63,-12.23
13,12,25,,8021.1366,7988.4,-32.73660000000018,32.73660000000018,199.71,-8.1
14,11,25,,7480.1109,7515.2,35.089100000000144,35.089100000000144,187.88,2.95
15,10,25,,6794.0,6843.2,49.19999999999982,49.19999999999982,171.08,18.97
8,18,26,,6497.479,6438.846153846154,-58.632846153846,58.632846153846,167.41,36.19
9,17,26,,7082.2497,7030.7692307692305,-51.48046923076981,51.48046923076981,182.8,20.01
10,16,26,,7751.911,7778.846153846154,26.935153846154208,26.935153846154208,202.25,-0.22
11,15,26,,8004.2013,7965.0,-39.20129999999972,39.20129999999972,207.09,-5.84
12,14,26,,8333.8711,8334.23076923077,0.35966923076921375,0.35966923076921375,216.69,-16.22
13,13,26,,8149.7653,8103.461538461538,-46.30376153846191,46.30376153846191,210.69,-11.01
14,12,26,,7924.7083,7927.307692307692,2.599392307692142,2.599392307692142,206.11,-7.21
15,11,26,,7198.0,7186.538461538462,-11.461538461538112,11.461538461538112,186.85,11.27
16,10,26,,6525.0,6600.7692307692305,75.76923076923049,75.76923076923049,171.62,25.72
8,19,27,,6185.0,6129.62962962963,-55.37037037037044,55.37037037037044,165.5,46.17
9,18,27,,6879.6662,6875.925925925926,-3.740274074073568,3.740274074073568,185.65,25.24
10,17,27,,7520.4151,7532.592592592592,12.177492592591989,12.177492592591989,203.38,6.72
11,16,27,,7956.9467,7936.666666666667,-20.28003333333345,20.28003333333345,214.29,-4.97
12,15,27,,8263.8525,8205.185185185184,-58.667314814816564,58.667314814816564,221.54,-13.0
13,14,27,,8331.5533,8280.0,-51.55329999999958,51.55329999999958,223.56,-15.81
14,13,27,,8124.342,8092.962962962963,-31.37903703703705,31.37903703703705,218.51,-11.53
15,12,27,,7661.0894,7628.148148148148,-32.94125185185203,32.94125185185203,205.96,0.23
16,11,27,,6960.0,6970.740740740741,10.740740740740875,10.740740740740875,188.21,17.2
8,20,28,,5988.0,5957.857142857143,-30.142857142856883,30.142857142856883,166.82,52.92
9,19,28,,6626.8567,6639.285714285715,12.429014285714402,12.429014285714402,185.9,33.06
10,18,28,,7388.3463,7448.214285714285,59.86798571428517,59.86798571428517,208.55,9.62
11,17,28,,7799.2644,7783.928571428572,-15.335828571428465,15.335828571428465,217.95,-0.56
12,16,28,,8272.4531,8239.285714285714,-33.167385714286866,33.167385714286866,230.7,-14.09
13,15,28,,8309.8969,8266.785714285714,-43.111185714285966,43.111185714285966,231.47,-15.64
14,14,28,,8447.7445,8382.857142857143,-64.88735714285758,64.88735714285758,234.72,-19.68
15,13,28,,7907.4842,7886.428571428572,-21.055628571428315,21.055628571428315,220.82,-6.56
16,12,28,,7478.7911,7471.785714285715,-7.005385714285694,7.005385714285694,209.21,4.27
17,11,28,,6587.0,6636.428571428572,49.42857142857156,49.42857142857156,185.82,26.88
9,20,29,,6444.0314,6476.206896551724,32.17549655172388,32.17549655172388,187.81,39.21
10,19,29,,7167.0673,7196.896551724138,29.829251724137976,29.829251724137976,208.71,17.53
11,18,29,,7682.1522,7716.551724137931,34.39952413793071,34.39952413793071,223.78,1.68
12,17,29,,8113.5317,8097.931034482759,-15.600665517240486,15.600665517240486,234.84,-10.16
13,16,29,,8348.4647,8306.206896551725,-42.25780344827581,42.25780344827581,240.88,-16.99
14,15,29,,8448.6361,8348.965517241379,-99.6705827586211,99.6705827586211,242.12,-19.01
15,14,29,,8251.2368,8166.206896551724,-85.02990344827685,85.02990344827685,236.82,-14.49
16,13,29,,7746.3826,7729.310344827586,-17.07225517241386,17.07225517241386,224.15,-2.6
17,12,29,,7129.0,7142.413793103448,13.41379310344837,13.41379310344837,207.13,13.64
18,11,29,,6276.0,6357.931034482759,81.93103448275906,81.93103448275906,184.38,35.61
9,21,30,,6205.0,6237.666666666667,32.66666666666697,32.66666666666697,187.13,47.97
10,20,30,,7034.5317,7081.333333333333,46.801633333333484,46.801633333333484,212.44,21.87
11,19,30,,7501.9685,7528.333333333333,26.36483333333308,26.36483333333308,225.85,7.69
12,18,30,,8054.425,8072.333333333333,17.90833333333285,17.90833333333285,242.17,-9.42
13,17,30,,8261.1049,8203.0,-58.10490000000027,58.10490000000027,246.09,-14.12
14,16,30,,8520.6549,8469.666666666666,-50.98823333333348,50.98823333333348,254.09,-22.9
15,15,30,,8353.5064,8288.333333333334,-65.17306666666627,65.17306666666627,248.65,-18.25
16,14,30,,8122.7081,8092.666666666667,-30.04143333333286,30.04143333333286,242.78,-13.16
17,13,30,,7472.1698,7465.666666666667,-6.503133333332698,6.503133333332698,223.97,4.87
18,12,30,,6866.0,6933.0,67.0,67.0,207.99,20.07
9,22,31,,6011.0,6086.451612903225,75.4516129032254,75.4516129032254,188.68,54.49
10,21,31,,6813.0902,6849.354838709677,36.264638709677456,36.264638709677456,212.33,30.06
11,20,31,,7398.6778,7414.8387096774195,16.160909677419113,16.160909677419113,229.86,11.75
12,19,31,,7869.1886,7902.258064516129,33.06946451612839,33.06946451612839,244.97,-4.14
13,18,31,,8225.518,8228.064516129032,2.5465161290321703,2.5465161290321703,255.07,-15.03
14,17,31,,8458.2916,8404.838709677419,-53.45289032258188,53.45289032258188,260.55,-21.29
15,16,31,,8481.1677,8436.451612903225,-44.71608709677457,44.71608709677457,261.53,-23.06
16,15,31,,8281.8013,8226.129032258064,-55.672267741934775,55.672267741934775,255.01,-17.32
17,14,31,,7869.2101,7837.419354838709,-31.790745161290943,31.790745161290943,242.96,-6.05
18,13,31,,7252.0,7273.870967741936,21.8709677419356,21.8709677419356,225.49,10.64
19,12,31,,6487.0,6573.870967741936,86.8709677419356,86.8709677419356,203.79,31.56
10,22,32,,6671.0,6727.1875,56.1875,56.1875,215.27,35.19
11,21,32,,7219.8815,7226.25,6.368499999999585,6.368499999999585,231.24,18.44
12,20,32,,7803.8411,7836.875,33.03390000000036,33.03390000000036,250.78,-1.89
13,19,32,,8100.3449,8092.499999999999,-7.844900000000962,7.844900000000962,258.96,-10.85
14,18,32,,8481.469,8445.9375,-35.53149999999914,35.53149999999914,270.27,-22.95
15,17,32,,8464.1203,8400.3125,-63.8078000000005,63.8078000000005,268.81,-22.26
16,16,32,,8493.1301,8463.4375,-29.69260000000031,29.69260000000031,270.83,-25.07
17,15,32,,8072.4058,8032.8125,-39.593300000000454,39.593300000000454,257.05,-12.07
18,14,32,,7700.0089,7691.25,-8.758899999999812,8.758899999999812,246.12,-1.91
19,13,32,,6920.0,6962.8125,42.8125,42.8125,222.81,20.61
10,23,33,,6436.0,6482.121212121212,46.12121212121201,46.12121212121201,213.91,44.62
11,22,33,,7089.9262,7098.484848484848,8.558648484848163,8.558648484848163,234.25,23.49
12,21,33,,7636.4382,7643.636363636364,7.19816363636437,7.19816363636437,252.24,4.72
13,20,33,,8020.6172,8043.030303030303,22.41310303030332,22.41310303030332,265.42,-9.24
14,19,33,,8361.0596,8335.454545454546,-25.60505454545455,25.60505454545455,275.07,-19.67
15,18,33,,8513.8073,8463.030303030304,-50.776996969696484,50.776996969696484,279.28,-24.66
16,17,33,,8497.6304,8456.363636363636,-41.266763636363976,41.266763636363976,279.06,-25.22
17,16,33,,8304.7557,8271.515151515152,-33.24054848484775,33.24054848484775,272.96,-19.91
18,15,33,,7928.9559,7901.515151515152,-27.440748484847973,27.440748484847973,260.75,-8.48
19,14,33,,7392.0,7405.454545454545,13.454545454545041,13.454545454545041,244.38,7.1
20,13,33,,6657.0,6733.030303030303,76.030303030303,76.030303030303,222.19,28.51
10,24,34,,6287.0,6347.35294117647,60.35294117647027,60.35294117647027,215.81,50.79
11,23,34,,6886.4377,6909.411764705882,22.974064705881574,22.974064705881574,234.92,30.9
12,22,34,,7550.3919,7556.764705882353,6.372805882353532,6.372805882353532,256.93,8.11
13,21,34,,7860.3506,7889.117647058823,28.767047058823664,28.767047058823664,268.23,-3.98
14,20,34,,8337.1659,8326.470588235294,-10.695311764706275,10.695311764706275,283.1,-19.63
15,19,34,,8448.1856,8403.823529411764,-44.36207058823675,44.36207058823675,285.73,-23.04
16,18,34,,8583.4986,8554.117647058823,-29.380952941177384,29.380952941177384,290.84,-28.93
17,17,34,,8398.9706,8351.176470588236,-47.794129411764516,47.794129411764516,283.94,-22.81
18,16,34,,8197.6724,8183.823529411765,-13.848870588234604,13.848870588234604,278.25,-17.91
19,15,34,,7670.0,7660.8823529411775,-9.117647058822513,9.117647058822513,260.47,-0.91
20,14,34,,7173.0,7216.470588235294,43.47058823529369,43.47058823529369,245.36,13.41
11,24,35,,6745.0,6774.0,29.0,29.0,237.09,36.8
12,23,35,,7356.2338,7368.0,11.766200000000026,11.766200000000026,257.88,15.23
13,22,35,,7787.1243,7812.571428571428,25.44712857142804,25.44712857142804,273.44,-1.11
14,21,35,,8169.5644,8184.285714285715,14.72131428571447,14.72131428571447,286.45,-14.91
15,20,35,,8446.2496,8408.0,-38.24959999999919,38.24959999999919,294.28,-23.52
16,19,35,,8537.8511,8513.142857142857,-24.708242857142977,24.708242857142977,297.96,-27.98
17,18,35,,8520.279,8490.57142857143,-29.7075714285711,29.7075714285711,297.17,-27.97
18,17,35,,8327.4621,8300.57142857143,-26.890671428571295,26.890671428571295,290.52,-22.11
19,16,35,,7965.8409,7961.142857142857,-4.698042857143264,4.698042857143264,278.64,-11.01
20,15,35,,7476.0,7487.714285714285,11.714285714285325,11.714285714285325,262.07,4.78
21,14,35,,6828.0,6889.142857142857,61.14285714285688,61.14285714285688,241.12,24.95
11,25,36,,6557.0,6565.0,8.0,8.0,236.34,45.62
12,24,36,,7244.4202,7267.222222222223,22.80202222222306,22.80202222222306,261.62,19.56
13,23,36,,7623.5154,7653.888888888889,30.37348888888846,30.37348888888846,275.54,4.86
14,22,36,,8112.5199,8143.333333333333,30.813433333332796,30.813433333332796,293.16,-13.54
15,21,36,,8307.8692,8308.333333333334,0.4641333333347575,0.4641333333347575,299.1,-20.27
16,20,36,,8575.39,8560.555555555555,-14.83444444444467,14.83444444444467,308.18,-30.13
17,19,36,,8521.9322,8492.777777777777,-29.15442222222191,29.15442222222191,305.74,-28.47
18,18,36,,8519.9096,8501.666666666666,-18.242933333334804,18.242933333334804,306.06,-29.57
19,17,36,,8142.2233,8132.777777777777,-9.44552222222228,9.44552222222228,292.78,-17.07
20,16,36,,7815.8799,7823.055555555556,7.17565555555575,7.17565555555575,281.63,-6.71
21,15,36,,7166.0,7204.166666666668,38.16666666666788,38.16666666666788,259.35,14.79
11,26,37,,6403.0,6418.648648648648,15.648648648648305,15.648648648648305,237.49,52.54
12,25,37,,7055.1115,7064.054054054054,8.942554054054199,8.942554054054199,261.37,27.89
13,24,37,,7531.316,7559.459459459459,28.143459459459336,28.143459459459336,279.7,8.77
14,23,37,,7952.9033,7971.081081081081,18.177781081080866,18.177781081080866,294.93,-7.24
15,22,37,,8267.5561,8268.918918918918,1.3628189189184923,1.3628189189184923,305.95,-19.05
16,21,37,,8459.9363,8469.45945945946,9.523159459460658,9.523159459460658,313.37,-27.25
17,20,37,,8570.2816,8552.702702702703,-17.578897297296862,17.578897297296862,316.45,-31.11
18,19,37,,8527.1406,8530.0,2.8593999999993684,2.8593999999993684,315.61,-31.06
19,18,37,,8339.848,8346.756756756757,6.908756756756702,6.908756756756702,308.83,-25.06
20,17,37,,8003.4567,8003.513513513513,0.05681351351358899,0.05681351351358899,296.13,-13.14
21,16,37,,7525.0,7547.2972972972975,22.29729729729752,22.29729729729752,279.25,2.96
22,15,37,,6926.0,6990.27027027027,64.27027027026998,64.27027027026998,258.64,22.79
11,27,38,,6216.0,6246.578947368421,30.578947368420813,30.578947368420813,237.37,60.74
12,26,38,,6928.0,6955.0,27.0,27.0,264.29,33.03
13,25,38,,7370.0,7395.789473684211,25.78947368421086,25.78947368421086,281.04,15.5
14,24,38,,7892.8297,7919.736842105263,26.90714210526312,26.90714210526312,300.95,-5.19
15,23,38,,8147.2749,8149.473684210527,2.1987842105263553,2.1987842105263553,309.68,-14.7
16,22,38,,8448.7829,8468.157894736842,19.374994736841472,19.374994736841472,321.79,-27.6
17,21,38,,8505.4817,8506.842105263158,1.3604052631580998,1.3604052631580998,323.26,-29.85
18,20,38,,8614.2807,8625.526315789473,11.245615789473959,11.245615789473959,327.77,-35.14
19,19,38,,8438.0593,8427.894736842105,-10.164563157895827,10.164563157895827,320.26,-28.41
20,18,38,,8240.0434,8255.78947368421,15.746073684209478,15.746073684209478,313.72,-22.66
21,17,38,,7751.0,7777.631578947368,26.631578947368325,26.631578947368325,295.55,-5.27
22,16,38,,7319.0,7374.210526315789,55.21052631578914,55.21052631578914,280.22,9.28
11,28,39,,6056.0,6103.589743589743,47.58974358974319,47.58974358974319,238.04,68.14
12,27,39,,6734.0,6775.641025641025,41.64102564102541,41.64102564102541,264.25,41.14
13,26,39,,7260.0,7290.51282051282,30.512820512820326,30.512820512820326,284.33,20.28
14,25,39,,7730.9793,7758.974358974359,27.99505897435938,27.99505897435938,302.6,1.23
15,24,39,,8097.9701,8099.74358974359,1.7734897435902894,1.7734897435902894,315.89,-12.85
16,23,39,,8344.2698,8355.641025641025,11.371225641025376,11.371225641025376,325.87,-23.6
17,22,39,,8494.4032,8517.692307692309,23.28910769230788,23.28910769230788,332.19,-30.71
18,21,39,,8562.5988,8591.794871794871,29.196071794871386,29.196071794871386,335.08,-34.38
19,20,39,,8557.0258,8560.25641025641,3.2306102564107277,3.2306102564107277,333.85,-33.93
20,19,39,,8369.6711,8373.076923076924,3.4058230769242073,3.4058230769242073,326.55,-27.42
21,18,39,,8013.4575,8039.48717948718,26.029679487179237,26.029679487179237,313.54,-15.19
22,17,39,,7566.0,7599.74358974359,33.74358974358984,33.74358974358984,296.39,1.18
23,16,39,,7031.0,7088.974358974359,57.97435897435935,57.97435897435935,276.47,20.32
12,28,40,,6598.0,6678.0,80.0,80.0,267.12,46.34
13,27,40,,7097.0,7156.5,59.5,59.5,286.26,26.42
14,26,40,,7655.8247,7676.25,20.42529999999988,20.42529999999988,307.05,4.85
15,25,40,,7981.4177,7978.0,-3.417699999999968,3.417699999999968,319.12,-8.0
16,24,40,,8329.3255,8340.5,11.17449999999917,11.17449999999917,333.62,-23.28
17,23,40,,8427.766,8433.25,5.484000000000378,5.484000000000378,337.33,-27.78
18,22,40,,8595.2594,8641.75,46.490599999999176,46.490599999999176,345.67,-36.9
19,21,40,,8538.0907,8563.5,25.409299999999348,25.409299999999348,342.54,-34.55
20,20,40,,8551.3046,8565.5,14.195400000000518,14.195400000000518,342.62,-35.42
21,19,40,,8173.6697,8195.25,21.580299999999625,21.580299999999625,327.81,-21.38
22,18,40,,7865.8632,7909.0,43.13680000000022,43.13680000000022,316.36,-10.72
23,17,40,,7310.0,7361.5,51.5,51.5,294.46,10.4
12,29,41,,6425.0,6438.292682926829,13.292682926829002,13.292682926829002,263.97,57.56
13,28,41,,6980.0,7053.170731707317,73.17073170731692,73.17073170731692,289.18,31.57
14,27,41,,7482.0,7546.829268292683,64.82926829268308,64.82926829268308,309.42,10.55
15,26,41,,7906.5513,7909.756097560976,3.2047975609757486,3.2047975609757486,324.3,-5.11
16,25,41,,8229.6358,8224.390243902439,-5.245556097561348,5.245556097561348,337.2,-18.8
17,24,41,,8412.9593,8437.317073170732,24.35777317073189,24.35777317073189,345.93,-28.3
18,23,41,,8534.3733,8570.243902439024,35.87060243902488,35.87060243902488,351.38,-34.54
19,22,41,,8576.0731,8622.926829268292,46.85372926829223,46.85372926829223,353.54,-37.48
20,21,41,,8546.7075,8576.09756097561,29.39006097560923,29.39006097560923,351.62,-36.34
21,20,41,,8369.1979,8392.439024390244,23.241124390244295,23.241124390244295,344.09,-29.59
22,19,41,,8034.3889,8071.707317073171,37.31841707317108,37.31841707317108,330.94,-17.23
23,18,41,,7625.0,7658.292682926829,33.292682926829,33.292682926829,313.99,-1.06
24,17,41,,7116.0,7177.317073170731,61.31707317073142,61.31707317073142,294.27,17.88
13,29,42,,6829.0,6841.666666666667,12.66666666666697,12.66666666666697,287.35,41.48
14,28,42,,7410.0,7475.952380952381,65.95238095238074,65.95238095238074,313.99,14.05
15,27,42,,7765.9122,7769.761904761905,3.8497047619048317,3.8497047619048317,326.33,0.93
16,26,42,,8193.2275,8189.761904761905,-3.4655952380962844,3.4655952380962844,343.97,-17.49
17,25,42,,8345.8864,8351.666666666666,5.780266666666648,5.780266666666648,350.77,-25.08
18,24,42,,8555.6141,8600.714285714286,45.100185714285544,45.100185714285544,361.23,-36.31
19,23,42,,8551.2571,8593.57142857143,42.31432857142863,42.31432857142863,360.93,-36.8
20,22,42,,8616.5646,8672.380952380952,55.816352380952594,55.816352380952594,364.24,-40.89
21,21,42,,8444.9303,8461.42857142857,16.49827142857066,16.49827142857066,355.38,-32.81
22,20,42,,8259.24,8303.333333333334,44.09333333333416,44.09333333333416,348.74,-26.96
23,19,42,,7824.0,7866.428571428572,42.42857142857156,42.42857142857156,330.39,-9.39
24,18,42,,7456.0,7506.190476190476,50.19047619047615,50.19047619047615,315.26,4.96
13,30,43,,6712.0,6704.883720930233,-7.116279069767188,7.116279069767188,288.31,48.59
14,29,43,,7251.0,7270.232558139535,19.232558139535286,19.232558139535286,312.62,23.5
15,28,43,,7681.0,7693.488372093023,12.488372093022917,12.488372093022917,330.82,4.51
16,27,43,,8063.8276,8061.162790697675,-2.6648093023250112,2.6648093023250112,346.63,-12.08
17,26,43,,8323.8672,8319.302325581395,-4.564874418605541,4.564874418605541,357.73,-23.97
18,25,43,,8488.2382,8507.67441860465,19.436218604651003,19.436218604651003,365.83,-32.85
19,24,43,,8576.2204,8620.697674418605,44.47727441860479,44.47727441860479,370.69,-38.49
20,23,43,,8600.6653,8650.697674418605,50.03237441860438,50.03237441860438,371.98,-40.56
21,22,43,,8530.8265,8583.255813953489,52.42931395348933,52.42931395348933,369.08,-38.44
22,21,43,,8352.8054,8396.279069767443,43.473669767443425,43.473669767443425,361.04,-31.19
23,20,43,,8069.5129,8105.813953488372,36.30105348837242,36.30105348837242,348.55,-19.48
24,19,43,,7680.0,7715.581395348837,35.58139534883685,35.58139534883685,331.77,-3.48
25,18,43,,7213.0,7262.325581395349,49.32558139534922,49.32558139534922,312.28,15.23
14,30,44,,7156.0,7158.181818181818,2.1818181818180165,2.1818181818180165,314.96,29.22
15,29,44,,7552.0,7549.090909090909,-2.9090909090909918,2.9090909090909918,332.16,11.24
16,28,44,,7996.0154,8000.909090909091,4.893690909090765,4.893690909090765,352.04,-9.42
17,27,44,,8234.4788,8217.5,-16.978800000000774,16.978800000000774,361.57,-19.73
18,26,44,,8493.8411,8509.318181818182,15.477081818182342,15.477081818182342,374.41,-33.35
19,25,44,,8546.7023,8574.545454545454,27.843154545453217,27.843154545453217,377.28,-37.01
20,24,44,,8658.1769,8710.90909090909,52.732190909089695,52.732190909089695,383.28,-43.79
21,23,44,,8557.3805,8600.90909090909,43.52859090909078,43.52859090909078,378.44,-39.73
22,22,44,,8533.5215,8566.136363636364,32.614863636363225,32.614863636363225,376.91,-38.98
23,21,44,,8203.4567,8237.5,34.04329999999936,34.04329999999936,362.45,-25.31
24,20,44,,7949.6265,7986.363636363636,36.73713636363573,36.73713636363573,351.4,-15.04
25,19,44,,7457.0,7496.818181818182,39.81818181818198,39.81818181818198,329.86,5.72
14,31,45,,7004.0,6970.888888888889,-33.11111111111131,33.11111111111131,313.69,38.57
15,30,45,,7456.0,7438.444444444444,-17.555555555555657,17.555555555555657,334.73,16.74
16,29,45,,7867.0,7854.888888888889,-12.111111111111313,12.111111111111313,353.47,-2.77
17,28,45,,8181.5991,8172.666666666667,-8.932433333333393,8.932433333333393,367.77,-17.86
18,27,45,,8419.9526,8421.555555555555,1.6029555555542174,1.6029555555542174,378.97,-29.85
19,26,45,,8554.6747,8580.888888888889,26.21418888888911,26.21418888888911,386.14,-37.79
20,25,45,,8630.5467,8671.333333333334,40.78663333333316,40.78663333333316,390.21,-42.65
21,24,45,,8618.941,8671.333333333334,52.39233333333323,52.39233333333323,390.21,-43.43
22,23,45,,8555.7321,8592.222222222223,36.49012222222336,36.49012222222336,386.65,-40.65
23,22,45,,8380.0394,8414.888888888889,34.84948888888903,34.84948888888903,378.67,-33.45
24,21,45,,8087.7286,8124.222222222223,36.49362222222226,36.49362222222226,365.59,-21.16
25,20,45,,7747.0,7777.111111111111,30.111111111111313,30.111111111111313,349.97,-6.32
26,19,45,,7299.0,7330.444444444444,31.444444444444343,31.444444444444343,329.87,12.99
15,31,46,,7320.0,7282.173913043478,-37.826086956521976,37.826086956521976,334.98,24.56
16,30,46,,7785.0,7776.086956521739,-8.913043478260988,8.913043478260988,357.7,1.07
17,29,46,,8080.7757,8055.217391304348,-25.55830869565216,25.55830869565216,370.54,-12.56
18,28,46,,8412.3835,8396.739130434782,-15.644369565217858,15.644369565217858,386.25,-29.05
19,27,46,,8518.0428,8513.91304347826,-4.129756521739182,4.129756521739182,391.64,-35.22
20,26,46,,8668.9848,8706.521739130434,37.53693913043389,37.53693913043389,400.5,-44.86
21,25,46,,8622.0215,8657.391304347826,35.369804347825266,35.369804347825266,398.24,-43.39
22,24,46,,8656.4623,8680.217391304348,23.755091304348753,23.755091304348753,399.29,-45.22
23,23,46,,8486.1423,8479.782608695652,-6.359691304347507,6.359691304347507,390.07,-36.79
24,22,46,,8303.8233,8323.91304347826,20.08974347826006,20.08974347826006,382.9,-30.4
25,21,46,,7916.0805,7942.391304347826,26.31080434782598,26.31080434782598,365.35,-13.62
26,20,46,,7603.0,7637.173913043478,34.173913043478024,34.173913043478024,351.31,-0.37
15,32,47,,7209.0,7165.95744680851,-43.04255319148979,43.04255319148979,336.8,30.82
16,31,47,,7652.0,7618.510638297872,-33.48936170212801,33.48936170212801,358.07,8.76
17,30,47,,7992.0,7974.04255319149,-17.957446808510213,17.957446808510213,374.78,-8.73
18,29,47,,8311.425,8278.08510638298,-33.3398936170197,33.3398936170197,389.07,-23.8
19,28,47,,8514.8795,8501.27659574468,-13.602904255318208,13.602904255318208,399.56,-35.07
20,27,47,,8639.3548,8646.382978723404,7.02817872340529,7.02817872340529,406.38,-42.67
21,26,47,,8665.0958,8701.489361702128,36.39356170212886,36.39356170212886,408.97,-46.04
22,25,47,,8661.2325,8692.765957446809,31.533457446808825,31.533457446808825,408.56,-46.42
23,24,47,,8582.2348,8601.489361702128,19.25456170212783,19.25456170212783,404.27,-42.92
24,23,47,,8407.2067,8420.0,12.793299999999363,12.793299999999363,395.74,-35.16
25,22,47,,8135.3117,8158.936170212766,23.624470212766028,23.624470212766028,383.47,-23.68
26,21,47,,7790.0,7811.063829787234,21.06382978723377,21.06382978723377,367.12,-8.11
27,20,47,,7396.0,7410.212765957447,14.212765957447118,14.212765957447118,348.28,9.95
16,32,48,,7552.0,7524.791666666667,-27.20833333333303,27.20833333333303,361.19,13.71
17,31,48,,7883.0,7842.708333333333,-40.29166666666697,40.29166666666697,376.45,-2.33
18,30,48,,8243.6656,8215.208333333334,-28.457266666666328,28.457266666666328,394.33,-20.99
19,29,48,,8434.2324,8410.625,-23.60740000000078,23.60740000000078,403.71,-31.15
20,28,48,,8666.6916,8655.833333333334,-10.858266666666168,10.858266666666168,415.48,-43.71
21,27,48,,8656.2097,8669.583333333334,13.37363333333451,13.37363333333451,416.14,-45.15
22,26,48,,8723.0122,8757.5,34.48780000000079,34.48780000000079,420.36,-50.14
23,25,48,,8623.0686,8631.25,8.181399999999485,8.181399999999485,414.3,-44.88
24,24,48,,8572.2553,8581.875,9.619699999999284,9.619699999999284,411.93,-43.29
25,23,48,,8274.1924,8276.666666666666,2.4742666666661535,2.4742666666661535,397.28,-29.41
26,22,48,,8022.7254,8049.583333333333,26.857933333332767,26.857933333332767,386.38,-19.29
27,21,48,,7595.0,7613.958333333333,18.95833333333303,18.95833333333303,365.47,0.83
28,20,48,,7236.0,7250.208333333333,14.20833333333303,14.20833333333303,348.01,17.51
16,33,49,,7400.0,7372.040816326531,-27.959183673468942,27.959183673468942,361.23,21.75
17,32,49,,7785.0,7751.0204081632655,-33.97959183673447,33.97959183673447,379.8,2.4
18,31,49,,8132.0,8088.163265306122,-43.83673469387759,43.83673469387759,396.32,-14.91
19,30,49,,8372.2753,8348.775510204081,-23.499789795918332,23.499789795918332,409.09,-28.46
20,29,49,,8594.85,8566.734693877552,-28.1153061224486,28.1153061224486,419.77,-39.92
21,28,49,,8686.2805,8683.469387755102,-2.81111224489905,2.81111224489905,425.49,-46.42
22,27,49,,8711.1625,8733.673469387755,22.510969387754812,22.510969387754812,427.95,-49.67
23,26,49,,8682.9135,8704.897959183674,21.984459183673607,21.984459183673607,426.54,-49.04
24,25,49,,8613.2777,8617.755102040815,4.477402040814923,4.477402040814923,422.27,-45.55
25,24,49,,8439.915,8445.918367346938,6.0033673469370115,6.0033673469370115,413.85,-37.91
26,23,49,,8161.3121,8176.122448979592,14.810348979592163,14.810348979592163,400.63,-25.48
27,22,49,,7840.0,7858.9795918367345,18.97959183673447,18.97959183673447,385.09,-10.72
28,21,49,,7450.0,7458.571428571428,8.571428571428442,8.571428571428442,365.47,8.12
17,33,50,,7651.0,7617.4,-33.600000000000364,33.600000000000364,380.87,9.39
18,32,50,,8054.0,8014.4,-39.600000000000364,39.600000000000364,400.72,-11.24
19,31,50,,8288.5833,8237.0,-51.583300000000236,51.583300000000236,411.85,-23.15
20,30,50,,8550.1639,8529.0,-21.163899999999558,21.163899999999558,426.45,-38.53
21,29,50,,8633.4747,8619.8,-13.674700000001394,13.674700000001394,430.99,-43.86
22,28,50,,8755.7227,8771.8,16.077299999999013,16.077299999999013,438.59,-52.24
23,27,50,,8695.9032,8710.2,14.296800000000076,14.296800000000076,435.51,-49.94
24,26,50,,8701.0188,8715.4,14.381199999999808,14.381199999999808,435.77,-50.98
25,25,50,,8532.6823,8523.4,-9.28230000000076,9.28230000000076,426.17,-42.16
26,24,50,,8354.0268,8365.6,11.573200000000725,11.573200000000725,418.28,-35.05
27,23,50,,8000.6387,8016.6,15.961299999999937,15.961299999999937,400.83,-18.38
28,22,50,,7702.0,7725.8,23.800000000000182,23.800000000000182,386.29,-4.63
17,34,51,,7530.0,7519.21568627451,-10.784313725490392,10.784313725490392,383.48,14.85
18,33,51,,7922.0,7885.686274509804,-36.31372549019579,36.31372549019579,402.17,-4.61
19,32,51,,8221.335,8162.549019607844,-58.78598039215558,58.78598039215558,416.29,-19.52
20,31,51,,8476.9135,8418.627450980392,-58.28604901960898,58.28604901960898,429.35,-33.36
21,30,51,,8597.2213,8587.843137254902,-9.378162745097143,9.378162745097143,437.98,-42.77
22,29,51,,8708.9912,8712.156862745098,3.1656627450975066,3.1656627450975066,444.32,-49.89
23,28,51,,8742.0852,8755.686274509804,13.601074509804675,13.601074509804675,446.54,-52.9
24,27,51,,8711.9923,8727.843137254902,15.850837254902217,15.850837254902217,445.12,-52.26
25,26,51,,8633.7602,8634.313725490196,0.5535254901951703,0.5535254901951703,440.35,-48.27
26,25,51,,8460.4977,8456.862745098038,-3.634954901961464,3.634954901961464,431.3,-40.01
27,24,51,,8193.2549,8214.117647058823,20.862747058823516,20.862747058823516,418.92,-28.41
28,23,51,,7870.0,7884.509803921569,14.509803921569073,14.509803921569073,402.11,-12.38
17,35,52,,7386.0,7378.461538461538,-7.538461538461888,7.538461538461888,383.68,22.73
18,34,52,,7827.0,7808.846153846154,-18.153846153845734,18.153846153845734,406.06,-0.43
19,33,52,,8115.0303,8046.7307692307695,-68.29953076923084,68.29953076923084,418.43,-13.58
20,32,52,,8429.3821,8366.538461538461,-62.84363846153974,62.84363846153974,435.06,-31.0
21,31,52,,8534.6695,8501.73076923077,-32.93873076923046,32.93873076923046,442.09,-38.81
22,30,52,,8691.8193,8703.846153846154,12.026853846155063,12.026853846155063,452.6,-50.1
23,29,52,,8714.569,8721.73076923077,7.161769230770005,7.161769230770005,453.53,-51.82
24,28,52,,8775.9946,8796.153846153846,20.159246153845743,20.159246153845743,457.4,-56.47
25,27,52,,8670.4087,8672.5,2.0913000000000466,2.0913000000000466,450.97,-50.82
26,26,52,,8609.6079,8616.346153846154,6.738253846153384,6.738253846153384,448.05,-48.68
27,25,52,,8325.5606,8331.153846153846,5.59324615384503,5.59324615384503,433.22,-34.64
28,24,52,,8083.8977,8104.615384615385,20.717684615384314,20.717684615384314,421.44,-23.64
29,23,52,,7671.0,7682.5,11.5,11.5,399.49,-2.47
18,35,53,,7677.0,7660.188679245283,-16.81132075471669,16.81132075471669,405.99,7.71
19,34,53,,8022.8488,7974.905660377359,-47.943139622640956,47.943139622640956,422.67,-9.76
20,33,53,,8330.5778,8244.33962264151,-86.23817735848934,86.23817735848934,436.95,-24.82
21,32,53,,8492.8325,8450.188679245282,-42.643820754718035,42.643820754718035,447.86,-36.51
22,31,53,,8631.1256,8622.452830188678,-8.672769811320904,8.672769811320904,456.99,-46.43
23,30,53,,8710.1425,8712.641509433963,2.499009433962783,2.499009433962783,461.77,-51.98
24,29,53,,8760.2103,8767.924528301886,7.714228301885669,7.714228301885669,464.7,-55.7
25,28,53,,8734.1798,8748.67924528302,14.499445283019668,14.499445283019668,463.68,-55.46
26,27,53,,8648.7985,8655.66037735849,6.861877358489437,6.861877358489437,458.75,-51.31
27,26,53,,8477.6578,8490.566037735849,12.90823773584816,12.90823773584816,450.0,-43.34
28,25,53,,8217.0749,8230.566037735849,13.491137735849406,13.491137735849406,436.22,-30.35
29,24,53,,7891.0,7906.981132075472,15.981132075471578,15.981132075471578,419.07,-13.98
18,36,54,,7578.0,7573.888888888889,-4.111111111111313,4.111111111111313,408.99,12.78
19,35,54,,7891.0,7847.037037037037,-43.96296296296259,43.96296296296259,423.74,-2.75
20,34,54,,8247.4967,8191.2962962962965,-56.20040370370316,56.20040370370316,442.33,-22.12
21,33,54,,8404.8115,8349.444444444445,-55.36705555555454,55.36705555555454,450.87,-31.45
22,32,54,,8599.6917,8595.555555555555,-4.136144444444653,4.136144444444653,464.16,-45.52
23,31,54,,8662.1382,8653.703703703704,-8.434496296295038,8.434496296295038,467.3,-49.44
24,30,54,,8777.9672,8775.925925925925,-2.0412740740739537,2.0412740740739537,473.9,-56.83
25,29,54,,8737.9768,8740.74074074074,2.7639407407405088,2.7639407407405088,472.0,-55.71
26,28,54,,8736.3846,8752.222222222223,15.837622222223217,15.837622222223217,472.62,-57.11
27,27,54,,8569.2199,8569.444444444445,0.2245444444452005,0.2245444444452005,462.75,-48.02
28,26,54,,8393.0328,8410.74074074074,17.707940740740014,17.707940740740014,454.18,-40.24
29,25,54,,8045.0,8053.148148148148,8.148148148147811,8.148148148147811,434.87,-21.71
30,24,54,,7742.0,7753.148148148148,11.148148148147811,11.148148148147811,418.67,-6.28
19,36,55,,7792.0,7764.727272727273,-27.272727272727025,27.272727272727025,427.06,2.0
20,35,55,,8125.926,8072.545454545455,-53.38054545454543,53.38054545454543,443.99,-15.71
21,34,55,,8333.3694,8299.09090909091,-34.27849090908967,34.27849090908967,456.45,-28.96
22,33,55,,8518.9696,8496.363636363636,-22.605963636364322,22.605963636364322,467.3,-40.59
23,32,55,,8637.3391,8625.272727272728,-12.0663727272713,12.0663727272713,474.39,-48.46
24,31,55,,8731.9362,8721.454545454546,-10.481654545454148,10.481654545454148,479.68,-54.54
25,30,55,,8765.0247,8756.363636363636,-8.661063636363906,8.661063636363906,481.6,-57.24
26,29,55,,8746.5981,8752.0,5.401900000000751,5.401900000000751,481.36,-57.78
27,28,55,,8669.6204,8675.818181818182,6.197781818182193,6.197781818182193,477.17,-54.37
28,27,55,,8497.3225,8503.272727272728,5.950227272727716,5.950227272727716,467.68,-45.66
29,26,55,,8233.997,8239.09090909091,5.093909090910529,5.093909090910529,453.15,-31.91
30,25,55,,7904.0,7904.181818181818,0.18181818181801646,0.18181818181801646,434.73,-14.27
19,37,56,,7663.0,7645.0,-18.0,18.0,428.12,9.01
20,36,56,,8033.1654,8008.571428571428,-24.59397142857142,24.59397142857142,448.48,-12.13
21,35,56,,8233.5781,8199.82142857143,-33.75667142857128,33.75667142857128,459.19,-23.63
22,34,56,,8467.9495,8458.035714285714,-9.91378571428686,9.91378571428686,473.65,-38.86
23,33,56,,8574.7006,8555.0,-19.700600000000122,19.700600000000122,479.08,-45.08
24,32,56,,8723.2609,8725.892857142857,2.6319571428575728,2.6319571428575728,488.65,-55.43
25,31,56,,8738.3358,8733.57142857143,-4.764371428571394,4.764371428571394,489.08,-56.64
26,30,56,,8790.3563,8789.107142857143,-1.2491571428563475,1.2491571428563475,492.19,-60.53
27,29,56,,8694.8386,8696.964285714286,2.1256857142871013,2.1256857142871013,487.03,-56.16
28,28,56,,8642.7811,8645.17857142857,2.3974714285704977,2.3974714285704977,484.13,-54.04
29,27,56,,8355.9907,8352.67857142857,-3.312128571429639,3.312128571429639,467.75,-38.44
30,26,56,,8106.0,8107.857142857143,1.857142857143117,1.857142857143117,454.04,-25.52
31,25,56,,7707.0,7718.035714285715,11.035714285714675,11.035714285714675,432.21,-4.47
19,38,57,,7563.0,7568.245614035088,5.245614035087783,5.245614035087783,431.39,13.81
20,37,57,,7912.0,7886.140350877193,-25.85964912280724,25.85964912280724,449.51,-5.09
21,36,57,,8158.1666,8138.245614035088,-19.92098596491178,19.92098596491178,463.88,-20.24
22,35,57,,8372.9008,8362.456140350878,-10.444659649121604,10.444659649121604,476.66,-33.8
23,34,57,,8535.1967,8523.684210526315,-11.512489473685491,11.512489473685491,485.85,-43.78
24,33,57,,8663.3998,8660.0,-3.3997999999992317,3.3997999999992317,493.62,-52.34
25,32,57,,8736.7146,8732.982456140351,-3.732143859648204,3.732143859648204,497.78,-57.27
26,31,57,,8770.2829,8758.070175438597,-12.212724561402865,12.212724561402865,499.21,-59.48
27,30,57,,8741.8845,8741.052631578947,-0.8318684210535139,0.8318684210535139,498.24,-59.3
28,29,57,,8670.9364,8669.122807017544,-1.813592982456612,1.813592982456612,494.14,-55.98
29,28,57,,8503.2646,8496.842105263158,-6.422494736842054,6.422494736842054,484.32,-46.94
30,27,57,,8231.0,8230.17543859649,-0.8245614035095059,0.8245614035095059,469.12,-32.52
31,26,57,,7916.0,7916.140350877193,0.14035087719275907,0.14035087719275907,451.22,-15.4
19,39,58,,7437.0,7437.586206896552,0.58620689655163,0.58620689655163,431.38,21.9
20,38,58,,7828.0,7818.103448275862,-9.89655172413768,9.89655172413768,453.45,-0.96
21,37,58,,8054.9436,8036.551724137931,-18.391875862068446,18.391875862068446,466.12,-14.42
22,36,58,,8307.629,8321.551724137931,13.922724137930345,13.922724137930345,482.65,-31.73
23,35,58,,8458.156,8450.172413793103,-7.9835862068975985,7.9835862068975985,490.11,-39.97
24,34,58,,8643.9987,8645.172413793103,1.1737137931031612,1.1737137931031612,501.42,-52.06
25,33,58,,8696.6438,8688.793103448275,-7.850696551724468,7.850696551724468,503.95,-55.37
26,32,58,,8792.2534,8785.689655172413,-6.563744827586561,6.563744827586561,509.57,-61.78
27,31,58,,8738.9719,8736.206896551725,-2.76500344827582,2.76500344827582,506.7,-59.69
28,30,58,,8732.0621,8736.551724137931,4.489624137931969,4.489624137931969,506.72,-60.49
29,29,58,,8570.9696,8554.310344827587,-16.659255172413395,16.659255172413395,496.15,-50.7
30,28,58,,8395.9467,8397.068965517241,1.1222655172405211,1.1222655172405211,487.03,-42.36
31,27,58,,8059.0,8056.0344827586205,-2.96551724137953,2.96551724137953,467.25,-23.36
32,26,58,,7770.0,7783.9655172413795,13.96551724137953,13.96551724137953,451.47,-8.37
19,40,59,,7332.0,7347.118644067797,15.118644067796595,15.118644067796595,433.48,27.86
20,39,59,,7708.0,7697.966101694915,-10.033898305085131,10.033898305085131,454.18,6.38
21,38,59,,7976.4073,7973.389830508475,-3.0174694915249347,3.0174694915249347,470.43,-10.65
22,37,59,,8218.0,8221.35593220339,3.3559322033906938,3.3559322033906938,485.06,-26.07
23,36,59,,8403.8034,8409.152542372882,5.349142372881033,5.349142372881033,496.14,-37.93
24,35,59,,8568.5995,8568.64406779661,0.04456779660904431,0.04456779660904431,505.55,-48.12
25,34,59,,8680.9224,8677.457627118643,-3.4647728813561116,3.4647728813561116,511.97,-55.32
26,33,59,,8754.7746,8744.915254237289,-9.85934576271211,9.85934576271211,515.95,-60.08
27,32,59,,8768.0379,8758.474576271186,-9.563323728812975,9.563323728812975,516.75,-61.67
28,31,59,,8736.5912,8735.084745762711,-1.5064542372892902,1.5064542372892902,515.37,-61.07
29,30,59,,8642.0027,8631.186440677966,-10.816259322033147,10.816259322033147,509.24,-55.72
30,29,59,,8473.7802,8461.864406779661,-11.915793220337946,11.915793220337946,499.25,-46.51
31,28,59,,8232.0,8231.864406779661,-0.13559322033870558,0.13559322033870558,485.68,-33.73
32,27,59,,7924.0,7919.661016949152,-4.338983050847673,4.338983050847673,467.26,-16.09
20,40,60,,7627.0,7631.333333333333,4.33333333333303,4.33333333333303,457.88,10.75
21,39,60,,7873.0,7869.833333333333,-3.16666666666697,3.16666666666697,472.19,-4.34
22,38,60,,8152.7858,8174.0,21.214200000000346,21.214200000000346,490.44,-23.38
23,37,60,,8322.8751,8325.833333333334,2.958233333334647,2.958233333334647,499.55,-33.26
24,36,60,,8540.1876,8545.333333333334,5.145733333334647,5.145733333334647,512.72,-47.21
25,35,60,,8628.1392,8620.000000000002,-8.1391999999978,8.1391999999978,517.2,-52.47
26,34,60,,8755.8539,8751.833333333334,-4.020566666666127,4.020566666666127,525.11,-61.18
27,33,60,,8746.7692,8735.0,-11.769200000000637,11.769200000000637,524.1,-60.95
28,32,60,,8780.7769,8778.333333333334,-2.443566666666811,2.443566666666811,526.7,-64.33
29,31,60,,8665.6047,8650.833333333332,-14.771366666667745,14.771366666667745,519.05,-57.46
30,30,60,,8583.0524,8565.833333333334,-17.21906666666655,17.21906666666655,513.95,-53.14
31,29,60,,8327.0,8312.833333333334,-14.16666666666606,14.16666666666606,498.77,-38.74
32,28,60,,8113.0,8107.5,-5.5,5.5,486.45,-27.2
33,27,60,,7735.0,7739.0,4.0,4.0,464.34,-5.88
20,41,61,,7503.0,7507.049180327869,4.0491803278691805,4.0491803278691805,457.93,18.77
21,40,61,,7794.0,7802.295081967213,8.295081967213264,8.295081967213264,475.94,-0.02
22,39,61,,8058.0,8071.475409836065,13.47540983606541,13.47540983606541,492.36,-17.22
23,38,61,,8271.0417,8280.0,8.958300000000236,8.958300000000236,505.08,-30.73
24,37,61,,8460.1734,8463.606557377048,3.433157377048701,3.433157377048701,516.28,-42.71
25,36,61,,8598.9157,8599.344262295082,0.4285622950828838,0.4285622950828838,524.56,-51.77
26,35,61,,8703.7686,8699.180327868853,-4.588272131146368,4.588272131146368,530.65,-58.64
27,34,61,,8756.151,8746.557377049181,-9.593622950818826,9.593622950818826,533.54,-62.32
28,33,61,,8765.0281,8753.77049180328,-11.257608196719957,11.257608196719957,533.98,-63.54
29,32,61,,8715.5148,8695.245901639344,-20.26889836065675,20.26889836065675,530.41,-60.75
30,31,61,,8610.3098,8591.967213114754,-18.34258688524642,18.34258688524642,524.11,-55.23
31,30,61,,8446.4313,8426.22950819672,-20.201791803279775,20.201791803279775,514.0,-45.9
32,29,61,,8215.0,8198.032786885246,-16.967213114754486,16.967213114754486,500.08,-32.77
33,28,61,,7930.0,7925.573770491803,-4.426229508197139,4.426229508197139,483.46,-16.92
21,41,62,,7688.0,7693.870967741936,5.870967741935601,5.870967741935601,477.02,6.97
22,40,62,,7990.0,8018.709677419355,28.709677419355103,28.709677419355103,497.16,-13.95
23,39,62,,8187.7565,8195.967741935483,8.211241935482576,8.211241935482576,508.15,-25.73
24,38,62,,8427.3871,8433.064516129032,5.677416129032281,5.677416129032281,522.85,-41.2
25,37,62,,8538.5002,8533.225806451614,-5.274393548386797,5.274393548386797,529.06,-48.2
26,36,62,,8692.8831,8695.161290322581,2.2781903225823044,2.2781903225823044,539.1,-59.02
27,35,62,,8721.3347,8716.612903225807,-4.721796774192626,4.721796774192626,540.43,-61.13
28,34,62,,8794.5555,8781.774193548386,-12.781306451614,12.781306451614,544.47,-65.95
29,33,62,,8718.0839,8698.548387096775,-19.535512903225026,19.535512903225026,539.31,-61.58
30,32,62,,8679.3451,8657.258064516129,-22.08703548387166,22.08703548387166,536.75,-59.8
31,31,62,,8518.6449,8487.41935483871,-31.22554516128912,31.22554516128912,526.22,-50.05
32,30,62,,8347.0,8328.548387096775,-18.451612903225396,18.451612903225396,516.37,-40.99
33,29,62,,8049.0,8040.0,-9.0,9.0,498.48,-23.87
21,42,63,,7603.0,7619.3650793650795,16.36507936507951,16.36507936507951,480.02,12.04
22,41,63,,7891.0,7909.68253968254,18.682539682539755,18.682539682539755,498.31,-7.03
23,40,63,,8130.7809,8144.761904761905,13.981004761904842,13.981004761904842,513.12,-22.63
24,39,63,,8347.5398,8352.063492063493,4.52369206349249,4.52369206349249,526.18,-36.47
25,38,63,,8505.102,8506.666666666666,1.564666666665289,1.564666666665289,535.92,-46.99
26,37,63,,8631.5499,8633.492063492064,1.942163492063628,1.942163492063628,543.91,-55.76
27,36,63,,8717.7972,8716.031746031746,-1.765453968255315,1.765453968255315,549.11,-61.74
28,35,63,,8763.4955,8754.285714285714,-9.209785714287136,9.209785714287136,551.52,-64.93
29,34,63,,8752.1404,8731.42857142857,-20.711828571429578,20.711828571429578,550.08,-64.28
30,33,63,,8686.2866,8674.126984126984,-12.159615873015355,12.159615873015355,546.47,-61.45
31,32,63,,8583.9267,8566.984126984127,-16.942573015872767,16.942573015872767,539.72,-55.48
32,31,63,,8418.7167,8403.968253968254,-14.748446031746425,14.748446031746425,529.45,-45.99
33,30,63,,8193.0,8182.857142857143,-10.142857142856883,10.142857142856883,515.52,-32.85
34,29,63,,7917.0,7916.0317460317465,-0.9682539682535207,0.9682539682535207,498.71,-16.82
22,42,64,,7826.0,7852.1875,26.1875,26.1875,502.54,-3.19
23,41,64,,8045.0,8051.406249999999,6.4062499999990905,6.4062499999990905,515.29,-16.72
24,40,64,,8303.5626,8314.6875,11.124900000000707,11.124900000000707,532.14,-34.35
25,39,64,,8437.4175,8440.78125,3.3637500000004366,3.3637500000004366,540.21,-43.21
26,38,64,,8612.3888,8622.65625,10.267449999999371,10.267449999999371,551.85,-55.63
27,37,64,,8675.5223,8673.75,-1.7723000000005413,1.7723000000005413,555.12,-59.68
28,36,64,,8777.4637,8773.59375,-3.8699500000002445,3.8699500000002445,561.51,-66.85
29,35,64,,8739.0736,8724.21875,-14.854849999999715,14.854849999999715,558.35,-64.47
30,34,64,,8735.9057,8715.625,-20.280699999999342,20.280699999999342,557.8,-64.71
31,33,64,,8611.6317,8595.0,-16.63169999999991,16.63169999999991,550.08,-57.77
32,32,64,,8528.8243,8509.53125,-19.29305000000022,19.29305000000022,544.61,-53.08
33,31,64,,8286.0,8269.21875,-16.78125,16.78125,529.23,-38.48
34,30,64,,8075.0,8070.625,-4.375,4.375,516.52,-26.55
22,43,65,,7726.0,7743.846153846154,17.846153846154266,17.846153846154266,503.35,4.08
23,42,65,,7981.0,7995.538461538463,14.538461538462798,14.538461538462798,519.71,-13.07
24,41,65,,8218.0,8222.923076923076,4.9230769230762235,4.9230769230762235,534.49,-28.63
25,40,65,,8400.6822,8405.692307692309,5.010107692309248,5.010107692309248,546.37,-41.29
26,39,65,,8546.347,8557.384615384615,11.037615384615492,11.037615384615492,556.23,-51.94
27,38,65,,8656.8848,8664.0,7.115200000000186,7.115200000000186,563.16,-59.65
28,37,65,,8736.2424,8734.923076923076,-1.3193230769229558,1.3193230769229558,567.77,-65.04
29,36,65,,8757.0967,8744.76923076923,-12.327469230769566,12.327469230769566,568.41,-66.46
30,35,65,,8724.266,8710.923076923076,-13.342923076923398,13.342923076923398,566.21,-65.04
31,34,65,,8662.1601,8648.153846153846,-14.006253846153413,14.006253846153413,562.13,-61.74
32,33,65,,8555.0584,8540.307692307691,-14.750707692308424,14.750707692308424,555.12,-55.52
33,32,65,,8396.2351,8380.153846153846,-16.08125384615414,16.08125384615414,544.71,-45.9
34,31,65,,8170.0,8161.692307692308,-8.307692307692378,8.307692307692378,530.51,-32.48
35,30,65,,7904.0,7902.76923076923,-1.23076923077042,1.23076923077042,513.68,-16.42
23,43,66,,7894.0,7902.424242424241,8.424242424241129,8.424242424241129,521.56,-6.85
24,42,66,,8168.0,8180.151515151515,12.151515151515014,12.151515151515014,539.89,-25.96
25,41,66,,8331.7986,8329.69696969697,-2.101630303030106,2.101630303030106,549.76,-36.61
26,40,66,,8521.7245,8536.969696969696,15.245196969695826,15.245196969695826,563.44,-51.07
27,39,66,,8605.9419,8613.484848484848,7.542948484848239,7.542948484848239,568.49,-56.9
28,38,66,,8739.5086,8738.030303030304,-1.4782969696952932,1.4782969696952932,576.71,-65.91
29,37,66,,8731.473,8722.575757575758,-8.897242424241995,8.897242424241995,575.69,-65.67
30,36,66,,8759.6335,8748.181818181818,-11.451681818181896,11.451681818181896,577.38,-68.14
31,35,66,,8669.3631,8660.60606060606,-8.757039393940431,8.757039393940431,571.6,-63.14
32,34,66,,8625.4383,8611.363636363636,-14.074663636363766,14.074663636363766,568.35,-60.68
33,33,66,,8468.4034,8437.878787878788,-30.52461212121125,30.52461212121125,556.9,-50.01
34,32,66,,8300.0,8289.242424242424,-10.757575757575978,10.757575757575978,547.09,-40.98
35,31,66,,8014.0,8017.424242424242,3.4242424242420384,3.4242424242420384,529.15,-23.82
23,44,67,,7829.0,7841.641791044776,12.641791044776255,12.641791044776255,525.39,-2.6
24,43,67,,8079.0,8089.104477611941,10.104477611940638,10.104477611940638,541.97,-19.96
25,42,67,,8281.0,8288.507462686568,7.507462686568033,7.507462686568033,555.33,-34.11
26,41,67,,8449.9359,8462.388059701492,12.452159701491837,12.452159701491837,566.98,-46.54
27,40,67,,8581.7422,8594.626865671642,12.884665671641415,12.884665671641415,575.84,-56.19
28,39,67,,8695.7505,8692.089552238805,-3.6609477611946204,3.6609477611946204,582.37,-63.49
29,38,67,,8737.4597,8731.34328358209,-6.116416417909932,6.116416417909932,585.0,-66.91
30,37,67,,8734.1534,8728.208955223881,-5.944444776117962,5.944444776117962,584.79,-67.48
31,36,67,,8707.533,8697.313432835821,-10.219567164178443,10.219567164178443,582.72,-66.19
32,35,67,,8633.0884,8627.462686567163,-5.625713432837074,5.625713432837074,578.04,-62.3
33,34,67,,8530.5685,8519.10447761194,-11.464022388059675,11.464022388059675,570.78,-55.82
34,33,67,,8369.5344,8358.507462686568,-11.026937313432427,11.026937313432427,560.02,-45.84
35,32,67,,8148.0,8148.805970149254,0.8059701492538807,0.8059701492538807,545.97,-32.58
36,31,67,,7883.0,7898.20895522388,15.208955223880366,15.208955223880366,529.18,-16.57
24,44,68,,8026.0,8039.117647058823,13.117647058823422,13.117647058823422,546.66,-16.58
25,43,68,,8209.0,8210.14705882353,1.1470588235297328,1.1470588235297328,558.29,-29.0
26,42,68,,8418.0,8434.264705882353,16.264705882353155,16.264705882353155,573.53,-45.02
27,41,68,,8520.1301,8535.14705882353,15.016958823529421,15.016958823529421,580.39,-52.67
28,40,68,,8682.4667,8687.35294117647,4.886241176469412,4.886241176469412,590.74,-63.8
29,39,68,,8701.8913,8700.0,-1.891299999999319,1.891299999999319,591.6,-65.43
30,38,68,,8755.682,8752.64705882353,-3.0349411764709657,3.0349411764709657,595.18,-69.8
31,37,68,,8701.2195,8693.382352941177,-7.837147058822666,7.837147058822666,591.15,-66.55
32,36,68,,8688.1371,8682.20588235294,-5.931217647059384,5.931217647059384,590.39,-66.58
33,35,68,,8557.7457,8552.79411764706,-4.951582352940022,4.951582352940022,581.59,-58.56
34,34,68,,8477.0482,8462.35294117647,-14.695258823529002,14.695258823529002,575.44,-53.19
35,33,68,,8239.0,8233.823529411764,-5.176470588236043,5.176470588236043,559.9,-38.44
36,32,68,,8034.0,8043.676470588235,9.676470588235134,9.676470588235134,546.97,-26.29
24,45,69,,7939.0,7949.275362318841,10.275362318840962,10.275362318840962,548.5,-10.36
25,44,69,,8155.0,8161.304347826087,6.304347826086996,6.304347826086996,563.13,-25.76
26,43,69,,8345.0,8357.391304347826,12.391304347826008,12.391304347826008,576.66,-40.08
27,42,69,,8495.4062,8508.985507246376,13.57930724637663,13.57930724637663,587.12,-51.33
28,41,69,,8623.0998,8630.0,6.900200000000041,6.900200000000041,595.47,-60.45
29,40,69,,8695.2044,8696.521739130434,1.3173391304335382,1.3173391304335382,600.06,-65.82
30,39,69,,8722.7311,8725.507246376812,2.7761463768110843,2.7761463768110843,602.06,-68.61
31,38,69,,8724.5798,8718.115942028986,-6.463857971013567,6.463857971013567,601.55,-68.88
32,37,69,,8680.964,8678.695652173914,-2.2683478260860284,2.2683478260860284,598.83,-66.94
33,36,69,,8611.8214,8608.840579710144,-2.980820289856638,2.980820289856638,594.01,-62.91
34,35,69,,8503.7082,8500.289855072464,-3.418344927535145,3.418344927535145,586.52,-56.2
35,34,69,,8344.9026,8343.333333333334,-1.5692666666654986,1.5692666666654986,575.69,-46.15
36,33,69,,8129.0,8132.028985507246,3.028985507246034,3.028985507246034,561.11,-32.35
24,46,70,,7884.0,7895.285714285715,11.285714285714675,11.285714285714675,552.67,-6.46
25,45,70,,8084.0,8084.857142857143,0.857142857143117,0.857142857143117,565.94,-20.51
26,44,70,,8308.0,8319.42857142857,11.428571428570649,11.428571428570649,582.36,-37.71
27,43,70,,8434.198,8446.142857142857,11.944857142856563,11.944857142856563,591.23,-47.37
28,42,70,,8604.2917,8616.42857142857,12.136871428570885,12.136871428570885,603.15,-60.07
29,41,70,,8646.8655,8654.285714285714,7.420214285713882,7.420214285713882,605.8,-63.5
30,40,70,,8729.8086,8736.857142857143,7.04854285714282,7.04854285714282,611.58,-70.05
31,39,70,,8709.2808,8704.0,-5.280800000000454,5.280800000000454,609.28,-68.54
32,38,70,,8721.7028,8716.142857142857,-5.559942857142232,5.559942857142232,610.13,-70.18
33,37,70,,8621.5541,8622.857142857143,1.303042857143737,1.303042857143737,603.6,-64.42
34,36,70,,8576.0338,8571.57142857143,-4.462371428569895,4.462371428569895,600.01,-61.61
35,35,70,,8414.7964,8402.142857142857,-12.653542857142384,12.653542857142384,588.15,-50.53
36,34,70,,8256.0,8256.857142857143,0.857142857143117,0.857142857143117,577.98,-41.15
25,46,71,,8030.0,8029.577464788732,-0.42253521126804117,0.42253521126804117,570.1,-16.59
26,45,71,,8235.0,8242.394366197183,7.394366197182535,7.394366197182535,585.21,-32.49
27,44,71,,8398.7344,8412.957746478873,14.223346478873282,14.223346478873282,597.32,-45.38
28,43,71,,8543.1564,8554.084507042253,10.928107042253032,10.928107042253032,607.34,-56.18
29,42,71,,8635.0233,8642.676056338029,7.652756338027757,7.652756338027757,613.63,-63.26
30,41,71,,8689.0417,8698.732394366198,9.690694366197931,9.690694366197931,617.61,-68.02
31,40,71,,8717.605,8720.281690140846,2.6766901408464037,2.6766901408464037,619.14,-70.33
32,39,71,,8703.3118,8708.87323943662,5.561439436620276,5.561439436620276,618.33,-70.3
33,38,71,,8663.935,8663.098591549297,-0.8364084507029474,0.8364084507029474,615.08,-67.83
34,37,71,,8586.0606,8587.323943661971,1.2633436619707936,1.2633436619707936,609.7,-63.24
35,36,71,,8481.4629,8483.38028169014,1.917381690140246,1.917381690140246,602.32,-56.64
36,35,71,,8327.131,8325.633802816901,-1.4971971830982511,1.4971971830982511,591.12,-46.22
37,34,71,,8118.0,8119.43661971831,1.4366197183098848,1.4366197183098848,576.48,-32.36
25,47,72,,7955.0,7950.277777777777,-4.722222222222626,4.722222222222626,572.42,-10.84
26,46,72,,8195.0,8202.5,7.5,7.5,590.58,-29.79
27,45,72,,8338.0,8344.305555555555,6.305555555554747,6.305555555554747,600.79,-40.78
28,44,72,,8520.2118,8532.638888888889,12.427088888889557,12.427088888889557,614.35,-55.12
29,43,72,,8586.5256,8595.138888888889,8.613288888887837,8.613288888887837,618.85,-60.4
30,42,72,,8691.8053,8700.0,8.194700000000012,8.194700000000012,626.4,-68.73
31,41,72,,8687.0893,8693.194444444445,6.105144444445614,6.105144444445614,625.91,-69.03
32,40,72,,8731.7459,8735.555555555555,3.809655555554855,3.809655555554855,628.96,-72.86
33,39,72,,8660.3786,8664.722222222223,4.343622222222621,4.343622222222621,623.86,-68.55
34,38,72,,8644.4902,8641.944444444445,-2.5457555555549334,2.5457555555549334,622.22,-67.69
35,37,72,,8511.3126,8514.305555555555,2.9929555555554543,2.9929555555554543,613.03,-59.27
36,36,72,,8429.3193,8426.666666666666,-2.652633333333142,2.652633333333142,606.72,-53.76
37,35,72,,8202.0,8202.361111111111,0.3611111111113132,0.3611111111113132,590.57,-38.38
25,48,73,,7895.0,7896.8493150684935,1.8493150684935244,1.8493150684935244,576.47,-6.82
26,47,73,,8121.0,8124.7945205479455,3.794520547945467,3.794520547945467,593.11,-24.25
27,46,73,,8302.0,8306.027397260274,4.027397260273574,4.027397260273574,606.34,-38.26
28,45,73,,8457.6529,8468.90410958904,11.251209589041537,11.251209589041537,618.23,-50.94
29,44,73,,8568.5699,8576.164383561643,7.594483561642846,7.594483561642846,626.06,-59.54
30,43,73,,8648.3455,8651.643835616438,3.298335616438635,3.298335616438635,631.57,-65.83
31,42,73,,8693.874,8696.712328767124,2.8383287671240396,2.8383287671240396,634.86,-69.9
32,41,73,,8705.05,8713.013698630137,7.9636986301375146,7.9636986301375146,636.05,-71.88
33,40,73,,8689.6099,8695.890410958904,6.280510958904415,6.280510958904415,634.8,-71.41
34,39,73,,8641.5591,8646.712328767124,5.153228767123437,5.153228767123437,631.21,-68.61
35,38,73,,8568.0803,8569.589041095891,1.5087410958913097,1.5087410958913097,625.58,-63.76
36,37,73,,8460.1847,8463.013698630137,2.8289986301369936,2.8289986301369936,617.8,-56.76
37,36,73,,8305.0821,8307.534246575342,2.45214657534234,2.45214657534234,606.45,-46.19
38,35,73,,8102.0,8101.643835616438,-0.35616438356191793,0.35616438356191793,591.42,-31.94
26,48,74,,8076.0,8079.189189189189,3.1891891891891646,3.1891891891891646,597.86,-20.92
27,47,74,,8239.0,8240.54054054054,1.5405405405399506,1.5405405405399506,609.8,-33.65
28,46,74,,8433.0,8442.162162162162,9.162162162161621,9.162162162161621,624.72,-49.35
29,45,74,,8521.5633,8522.972972972973,1.409672972973567,1.409672972973567,630.7,-56.11
30,44,74,,8642.7547,8644.72972972973,1.9750297297305224,1.9750297297305224,639.71,-65.9
31,43,74,,8663.1676,8661.891891891892,-1.2757081081090291,1.2757081081090291,640.98,-67.95
32,42,74,,8725.2011,8729.18918918919,3.98808918918985,3.98808918918985,645.96,-73.72
33,41,74,,8680.002,8689.594594594595,9.59259459459463,9.59259459459463,643.03,-71.57
34,40,74,,8687.7155,8688.918918918918,1.2034189189180324,1.2034189189180324,642.98,-72.31
35,39,74,,8583.5615,8588.513513513513,4.952013513513521,4.952013513513521,635.55,-65.66
36,38,74,,8533.039,8533.648648648648,0.6096486486476351,0.6096486486476351,631.49,-62.38
37,37,74,,8381.7123,8367.432432432432,-14.279867567567635,14.279867567567635,619.19,-50.86
38,36,74,,8221.0,8225.405405405405,4.405405405404963,4.405405405404963,608.68,-41.14
26,49,75,,7996.0,8004.4,8.399999999999636,8.399999999999636,600.33,-15.32
27,48,75,,8197.0,8202.133333333333,5.133333333333212,5.133333333333212,615.16,-30.93
28,47,75,,8369.0,8378.533333333333,9.533333333332848,9.533333333332848,628.39,-44.95
29,46,75,,8495.0801,8498.133333333333,3.053233333333992,3.053233333333992,637.36,-54.7
30,45,75,,8592.4981,8597.466666666667,4.968566666666447,4.968566666666447,644.81,-62.93
31,44,75,,8660.7565,8659.066666666668,-1.6898333333319897,1.6898333333319897,649.43,-68.33
32,43,75,,8695.6096,8699.333333333334,3.7237333333341667,3.7237333333341667,652.45,-72.13
33,42,75,,8700.8748,8708.0,7.1252000000004045,7.1252000000004045,653.1,-73.57
34,41,75,,8678.9139,8685.333333333334,6.419433333334382,6.419433333334382,651.4,-72.65
35,40,75,,8627.6497,8632.0,4.350300000000061,4.350300000000061,647.4,-69.44
36,39,75,,8553.4399,8557.6,4.160100000000966,4.160100000000966,641.82,-64.63
37,38,75,,8448.2762,8451.066666666668,2.790466666667271,2.790466666667271,633.83,-57.43
38,37,75,,8296.5116,8296.4,-0.11160000000018044,0.11160000000018044,622.23,-46.61
39,36,75,,8089.0,8097.2,8.199999999999818,8.199999999999818,607.29,-32.46
26,50,76,,7943.0,7954.210526315789,11.210526315789139,11.210526315789139,604.52,-11.44
27,49,76,,8131.0,8134.473684210527,3.4736842105266987,3.4736842105266987,618.22,-25.92
28,48,76,,8338.0,8346.973684210527,8.973684210526699,8.973684210526699,634.37,-42.86
29,47,76,,8443.6018,8445.263157894737,1.661357894736284,1.661357894736284,641.84,-51.11
30,46,76,,8582.2735,8583.421052631578,1.1475526315789466,1.1475526315789466,652.34,-62.39
31,45,76,,8624.5272,8622.631578947368,-1.8956210526321229,1.8956210526321229,655.32,-66.15
32,44,76,,8705.2364,8702.894736842105,-2.3416631578948,2.3416631578948,661.42,-73.04
33,43,76,,8682.8172,8692.105263157895,9.288063157895522,9.288063157895522,660.6,-73.0
34,42,76,,8711.4781,8716.052631578947,4.574531578946335,4.574531578946335,662.42,-75.6
35,41,76,,8635.883,8640.263157894737,4.38015789473684,4.38015789473684,656.66,-70.62
36,40,76,,8608.8077,8610.78947368421,1.981773684210566,1.981773684210566,654.42,-69.16
37,39,76,,8486.2161,8488.552631578947,2.3365315789469605,2.3365315789469605,645.13,-60.65
38,38,76,,8393.9294,8398.157894736842,4.22849473684073,4.22849473684073,638.26,-54.57
39,37,76,,8173.0,8181.315789473684,8.315789473684163,8.315789473684163,621.78,-38.87
27,50,77,,8082.0,8085.194805194805,3.1948051948047578,3.1948051948047578,622.56,-22.19
28,49,77,,8272.0,8280.0,8.0,8.0,637.56,-37.97
29,48,77,,8411.2501,8416.883116883117,5.633016883117307,5.633016883117307,648.1,-49.3
30,47,77,,8530.0037,8533.246753246753,3.243053246753334,3.243053246753334,657.06,-59.04
31,46,77,,8613.3907,8611.818181818182,-1.5725181818179408,1.5725181818179408,663.11,-65.87
32,45,77,,8671.0293,8669.35064935065,-1.6786506493499473,1.6786506493499473,667.54,-71.08
33,44,77,,8695.9789,8696.103896103896,0.12499610389568261,0.12499610389568261,669.6,-73.93
34,43,77,,8694.6908,8703.506493506493,8.815693506492607,8.815693506492607,670.17,-75.28
35,42,77,,8666.8073,8674.025974025973,7.218674025973087,7.218674025973087,667.9,-73.79
36,41,77,,8616.837,8620.90909090909,4.072090909090548,4.072090909090548,663.81,-70.48
37,40,77,,8537.3396,8544.675324675325,7.335724675325764,7.335724675325764,657.94,-65.4
38,39,77,,8435.9188,8439.22077922078,3.3019792207796854,3.3019792207796854,649.82,-58.06
39,38,77,,8278.0,8287.272727272728,9.272727272727934,9.272727272727934,638.12,-47.14
40,37,77,,8075.0,8084.805194805195,9.805194805195242,9.805194805195242,622.53,-32.33
27,51,78,,7997.0,7994.615384615385,-2.3846153846152447,2.3846153846152447,623.58,-15.14
28,50,78,,8238.0,8242.948717948719,4.948717948718695,4.948717948718695,642.95,-35.29
29,49,78,,8354.6695,8362.051282051281,7.381782051281334,7.381782051281334,652.24,-45.37
30,48,78,,8507.38,8511.410256410256,4.030256410256698,4.030256410256698,663.89,-57.8
31,47,78,,8577.1043,8572.307692307691,-4.796607692309408,4.796607692309408,668.64,-63.33
32,46,78,,8671.6636,8670.51282051282,-1.150779487179534,1.150779487179534,676.3,-71.77
33,45,78,,8673.876,8674.48717948718,0.61117948717947,0.61117948717947,676.61,-72.86
34,44,78,,8717.8072,8718.71794871795,0.9107487179499003,0.9107487179499003,680.06,-77.1
35,43,78,,8661.9594,8673.461538461539,11.502138461539289,11.502138461539289,676.53,-74.35
36,42,78,,8661.2385,8662.692307692309,1.4538076923090557,1.4538076923090557,675.69,-74.29
37,41,78,,8558.3512,8565.0,6.648800000000847,6.648800000000847,668.07,-67.45
38,40,78,,8500.0971,8507.051282051281,6.954182051280441,6.954182051280441,663.55,-63.72
39,39,78,,8349.0,8346.02564102564,-2.9743589743593475,2.9743589743593475,650.99,-51.94
40,38,78,,8194.0,8201.923076923076,7.9230769230762235,7.9230769230762235,639.75,-41.48
28,51,79,,8150.0,8151.772151898735,1.7721518987345917,1.7721518987345917,643.99,-28.26
29,50,79,,8320.938,8325.316455696202,4.378455696201854,4.378455696201854,657.7,-42.75
30,49,79,,8450.5825,8459.113924050633,8.531424050632268,8.531424050632268,668.27,-54.11
31,48,79,,8556.0725,8555.189873417721,-0.8826265822790447,0.8826265822790447,675.86,-62.47
32,47,79,,8634.5089,8631.898734177215,-2.6101658227853477,2.6101658227853477,681.92,-69.32
33,46,79,,8676.6172,8678.60759493671,1.9903949367089808,1.9903949367089808,685.61,-73.8
34,45,79,,8695.5923,8699.367088607594,3.7747886075940187,3.7747886075940187,687.25,-76.22
35,44,79,,8687.5956,8691.012658227848,3.4170582278475194,3.4170582278475194,686.59,-76.33
36,43,79,,8657.113,8664.430379746835,7.317379746835286,7.317379746835286,684.49,-75.02
37,42,79,,8601.1401,8607.468354430379,6.328254430378365,6.328254430378365,679.99,-71.31
38,41,79,,8523.8558,8529.113924050633,5.2581240506333415,5.2581240506333415,673.8,-65.89
39,40,79,,8416.7788,8421.898734177215,5.1199341772153275,5.1199341772153275,665.33,-58.21
40,39,79,,8267.0,8268.60759493671,1.6075949367095745,1.6075949367095745,653.22,-46.88
41,38,79,,8066.0,8072.53164556962,6.531645569620196,6.531645569620196,637.73,-32.17
28,52,80,,8088.0,8092.25,4.25,4.25,647.38,-23.58
29,51,80,,8246.0,8246.625,0.625,0.625,659.73,-36.72
30,50,80,,8423.5457,8432.875,9.32929999999942,9.32929999999942,674.63,-52.4
31,49,80,,8508.4545,8512.625,4.170500000000175,4.170500000000175,681.01,-59.56
32,48,80,,8627.5707,8625.125,-2.4457000000002154,2.4457000000002154,690.01,-69.34
33,47,80,,8651.2824,8651.625,0.3425999999999476,0.3425999999999476,692.13,-72.24
34,46,80,,8710.8142,8714.25,3.43579999999929,3.43579999999929,697.14,-78.03
35,45,80,,8677.6541,8685.0,7.345900000000256,7.345900000000256,694.8,-76.48
36,44,80,,8692.9301,8697.75,4.819900000000416,4.819900000000416,695.82,-78.28
37,43,80,,8611.676,8618.25,6.574000000000524,6.574000000000524,689.46,-72.7
38,42,80,,8578.5966,8579.5,0.9033999999992375,0.9033999999992375,686.36,-70.39
39,41,80,,8454.2759,8454.75,0.47409999999945285,0.47409999999945285,676.38,-61.19
40,40,80,,8365.0,8360.625,-4.375,4.375,668.85,-54.44
41,39,80,,8151.0,8151.375,0.375,0.375,652.11,-38.48
28,53,81,,8000.0,7996.79012345679,-3.2098765432101573,3.2098765432101573,647.74,-15.87
29,52,81,,8185.0,8188.271604938272,3.2716049382715937,3.2716049382715937,663.25,-32.17
30,51,81,,8351.9262,8354.691358024691,2.765158024691118,2.765158024691118,676.73,-46.43
31,50,81,,8483.3576,8487.407407407407,4.04980740740757,4.04980740740757,687.48,-57.96
32,49,81,,8580.6587,8580.617283950618,-0.04141604938195087,0.04141604938195087,695.03,-66.29
33,48,81,,8648.0571,8646.79012345679,-1.266976543209239,1.266976543209239,700.39,-72.43
34,47,81,,8685.9998,8689.62962962963,3.629829629629967,3.629829629629967,703.86,-76.68
35,46,81,,8695.9465,8701.975308641975,6.028808641975047,6.028808641975047,704.86,-78.46
36,45,81,,8682.8206,8690.987654320988,8.167054320989337,8.167054320989337,703.97,-78.35
37,44,81,,8645.5139,8654.444444444445,8.930544444445331,8.930544444445331,701.01,-76.18
38,43,81,,8587.3545,8589.382716049382,2.028216049382536,2.028216049382536,695.74,-71.69
39,42,81,,8505.9031,8509.012345679012,3.1092456790120195,3.1092456790120195,689.23,-65.96
40,41,81,,8395.1519,8396.41975308642,1.2678530864195636,1.2678530864195636,680.11,-57.63
41,40,81,,8248.0,8246.543209876543,-1.4567901234568126,1.4567901234568126,667.97,-46.27
42,39,81,,8054.0,8053.580246913581,-0.419753086419405,0.419753086419405,652.34,-31.42
28,54,82,,7935.0,7931.707317073171,-3.292682926829002,3.292682926829002,650.4,-10.45
29,53,82,,8108.0,8103.048780487805,-4.951219512195166,4.951219512195166,664.45,-25.29
30,52,82,,8301.1175,8301.341463414634,0.22396341463354474,0.22396341463354474,680.71,-42.33
31,51,82,,8421.0494,8419.268292682927,-1.781107317072383,1.781107317072383,690.38,-52.78
32,50,82,,8563.7567,8567.073170731708,3.3164707317082502,3.3164707317082502,702.5,-65.68
33,49,82,,8611.4153,8613.414634146342,1.9993341463414254,1.9993341463414254,706.3,-70.26
34,48,82,,8693.1973,8695.243902439024,2.0466024390243547,2.0466024390243547,713.01,-77.76
35,47,82,,8682.4953,8687.560975609756,5.065675609755999,5.065675609755999,712.38,-77.91
36,46,82,,8710.6754,8718.292682926829,7.617282926828921,7.617282926828921,714.9,-81.21
37,45,82,,8647.4275,8660.975609756097,13.548109756096892,13.548109756096892,710.2,-77.3
38,44,82,,8635.719,8638.414634146342,2.6956341463428544,2.6956341463428544,708.35,-76.23
39,43,82,,8529.2762,8530.243902439024,0.9677024390239239,0.9677024390239239,699.48,-68.14
40,42,82,,8465.4666,8460.853658536585,-4.612941463414245,4.612941463414245,693.79,-63.23
41,41,82,,8312.0,8300.0,-12.0,12.0,680.6,-50.83
42,40,82,,8163.0,8159.268292682927,-3.7317073170734147,3.7317073170734147,669.06,-40.07
29,54,83,,8044.0,8034.819277108434,-9.180722891565892,9.180722891565892,666.89,-19.66
30,53,83,,8226.0,8219.518072289156,-6.481927710843593,6.481927710843593,682.22,-35.77
31,52,83,,8372.5756,8368.192771084337,-4.382828915662685,4.382828915662685,694.56,-48.89
32,51,83,,8504.3462,8498.313253012047,-6.032946987952528,6.032946987952528,705.36,-60.48
33,50,83,,8599.654,8597.831325301206,-1.822674698794799,1.822674698794799,713.62,-69.52
34,49,83,,8658.556,8662.77108433735,4.2150843373492535,4.2150843373492535,719.01,-75.68
35,48,83,,8693.3852,8696.506024096385,3.12082409638424,3.12082409638424,721.81,-79.27
36,47,83,,8695.7295,8705.783132530121,10.053632530121831,10.053632530121831,722.58,-80.82
37,46,83,,8675.2193,8689.87951807229,14.660218072289354,14.660218072289354,721.26,-80.29
38,45,83,,8638.4076,8646.265060240963,7.8574602409626095,7.8574602409626095,717.64,-77.45
39,44,83,,8573.6571,8579.277108433735,5.620008433734256,5.620008433734256,712.08,-72.67
40,43,83,,8488.3997,8488.55421686747,0.15451686746928317,0.15451686746928317,704.55,-65.93
41,42,83,,8378.9889,8374.216867469879,-4.772032530121578,4.772032530121578,695.06,-57.21
42,41,83,,8234.0,8220.963855421687,-13.036144578312815,13.036144578312815,682.34,-45.28
43,40,83,,8043.0,8038.915662650603,-4.084337349397174,4.084337349397174,667.23,-30.96
29,55,84,,7965.0,7950.357142857143,-14.642857142856883,14.642857142856883,667.83,-12.53
30,54,84,,8171.0,8165.714285714285,-5.2857142857146755,5.2857142857146755,685.92,-31.4
31,53,84,,8307.525,8297.02380952381,-10.501190476190459,10.501190476190459,696.95,-43.21
32,52,84,,8465.5244,8460.119047619048,-5.405352380952536,5.405352380952536,710.65,-57.69
33,51,84,,8547.9385,8542.261904761905,-5.676595238095615,5.676595238095615,717.55,-65.38
34,50,84,,8658.7935,8657.02380952381,-1.7696904761905898,1.7696904761905898,727.19,-75.8
35,49,84,,8671.3294,8675.47619047619,4.14679047619029,4.14679047619029,728.74,-78.13
36,48,84,,8717.4473,8725.833333333334,8.386033333334126,8.386033333334126,732.97,-83.14
37,47,84,,8676.2244,8687.619047619048,11.394647619048555,11.394647619048555,729.76,-80.71
38,46,84,,8677.5132,8687.261904761905,9.748704761905174,9.748704761905174,729.73,-81.47
39,45,84,,8587.7812,8597.97619047619,10.194990476191379,10.194990476191379,722.23,-74.75
40,44,84,,8549.0301,8548.452380952382,-0.5777190476183023,0.5777190476183023,718.07,-71.37
41,43,84,,8417.9563,8415.119047619048,-2.8372523809521226,2.8372523809521226,706.87,-60.96
42,42,84,,8325.0,8316.666666666666,-8.33333333333394,8.33333333333394,698.6,-53.47
43,41,84,,8120.0,8114.523809523809,-5.476190476190823,5.476190476190823,681.62,-37.27
30,55,85,,8090.0,8083.411764705882,-6.588235294118022,6.588235294118022,687.09,-24.5
31,54,85,,8253.5687,8244.0,-9.568699999999808,9.568699999999808,700.74,-38.93
32,53,85,,8401.7689,8387.529411764706,-14.23948823529281,14.23948823529281,712.94,-51.91
33,52,85,,8510.9851,8505.882352941177,-5.102747058823297,5.102747058823297,723.0,-62.76
34,51,85,,8610.3045,8602.0,-8.30450000000019,8.30450000000019,731.17,-71.71
35,50,85,,8673.5926,8673.411764705883,-0.18083529411705968,0.18083529411705968,737.24,-78.56
36,49,85,,8698.5633,8705.764705882353,7.201405882353356,7.201405882353356,739.99,-82.09
37,48,85,,8697.4416,8708.588235294117,11.146635294117004,11.146635294117004,740.23,-83.12
38,47,85,,8675.7193,8688.470588235294,12.751288235293032,12.751288235293032,738.52,-82.18
39,46,85,,8628.1486,8641.29411764706,13.145517647059023,13.145517647059023,734.51,-78.96
40,45,85,,8564.0394,8568.70588235294,4.666482352940875,4.666482352940875,728.34,-73.58
41,44,85,,8473.7117,8476.941176470587,3.2294764705875423,3.2294764705875423,720.54,-66.56
42,43,85,,8361.332,8360.470588235294,-0.861411764706645,0.861411764706645,710.64,-57.44
43,42,85,,8215.0,8212.0,-3.0,3.0,698.02,-45.6
44,41,85,,8027.0,8027.294117647059,0.29411764705855603,0.29411764705855603,682.32,-30.68
30,56,86,,8032.0,8028.953488372093,-3.046511627907421,3.046511627907421,690.49,-19.82
31,55,86,,8182.0,8174.069767441861,-7.930232558139323,7.930232558139323,702.97,-33.09
32,54,86,,8354.63,8350.697674418605,-3.9323255813942524,3.9323255813942524,718.16,-49.06
33,53,86,,8456.7215,8443.255813953489,-13.46568604651111,13.46568604651111,726.12,-57.81
34,52,86,,8581.8224,8574.883720930233,-6.938679069766295,6.938679069766295,737.44,-69.91
35,51,86,,8632.3659,8629.767441860466,-2.5984581395350688,2.5984581395350688,742.16,-75.4
36,50,86,,8712.0295,8713.953488372093,1.9239883720929356,1.9239883720929356,749.4,-83.43
37,49,86,,8696.9014,8699.302325581395,2.4009255813944037,2.4009255813944037,748.14,-82.95
38,48,86,,8708.4566,8720.348837209302,11.892237209302039,11.892237209302039,749.95,-85.55
39,47,86,,8638.4293,8652.093023255815,13.663723255815057,13.663723255815057,744.08,-80.46
40,46,86,,8614.0523,8621.860465116279,7.80816511627927,7.80816511627927,741.48,-78.65
41,45,86,,8502.2231,8506.627906976744,4.4048069767450215,4.4048069767450215,731.57,-69.52
42,44,86,,8434.7175,8432.441860465116,-2.275639534884249,2.275639534884249,725.19,-63.91
43,43,86,,8280.0,8270.581395348838,-9.41860465116224,9.41860465116224,711.27,-50.78
44,42,86,,8133.0,8133.372093023256,0.37209302325572935,0.37209302325572935,699.47,-39.76
31,56,87,,8124.0,8122.298850574713,-1.70114942528744,1.70114942528744,706.64,-28.68
32,55,87,,8285.0,8280.344827586207,-4.65517241379348,4.65517241379348,720.39,-43.22
33,54,87,,8413.8521,8402.298850574713,-11.553249425287504,11.553249425287504,731.0,-54.61
34,53,87,,8529.092,8513.67816091954,-15.413839080460093,15.413839080460093,740.69,-65.08
35,52,87,,8605.9105,8601.83908045977,-4.071419540230636,4.071419540230636,748.36,-73.54
36,51,87,,8675.284,8671.724137931034,-3.5598620689652307,3.5598620689652307,754.44,-80.4
37,50,87,,8710.9843,8709.080459770115,-1.903840229884736,1.903840229884736,757.69,-84.43
38,49,87,,8705.2363,8712.068965517241,6.832665517240457,6.832665517240457,757.95,-85.48
39,48,87,,8674.8451,8686.896551724138,12.051451724137223,12.051451724137223,755.76,-84.06
40,47,87,,8623.6545,8635.057471264368,11.402971264367807,11.402971264367807,751.25,-80.34
41,46,87,,8551.7579,8560.114942528735,8.357042528734382,8.357042528734382,744.73,-74.6
42,45,87,,8462.4243,8464.252873563219,1.828573563218015,1.828573563218015,736.39,-67.04
43,44,87,,8347.7449,8348.850574712644,1.1056747126440314,1.1056747126440314,726.35,-57.79
44,43,87,,8201.0,8197.241379310344,-3.7586206896557997,3.7586206896557997,713.16,-45.38
31,57,88,,8050.0,8043.636363636364,-6.363636363636033,6.363636363636033,707.84,-21.82
32,56,88,,8236.0,8234.431818181818,-1.5681818181819835,1.5681818181819835,724.63,-39.39
33,55,88,,8351.0,8344.65909090909,-6.340909090909918,6.340909090909918,734.33,-49.87
34,54,88,,8495.0045,8481.363636363636,-13.640863636363065,13.640863636363065,746.36,-62.69
35,53,88,,8563.7479,8548.295454545454,-15.45244545454625,15.45244545454625,752.25,-69.36
36,52,88,,8656.8499,8651.704545454546,-5.145354545453301,5.145354545453301,761.35,-79.24
37,51,88,,8681.1154,8676.59090909091,-4.524490909090673,4.524490909090673,763.54,-82.21
38,50,88,,8732.5958,8732.272727272728,-0.32307272727121017,0.32307272727121017,768.44,-87.89
39,49,88,,8682.5396,8688.181818181818,5.642218181817952,5.642218181817952,764.56,-84.8
40,48,88,,8666.0339,8678.977272727272,12.943372727271708,12.943372727271708,763.75,-84.76
41,47,88,,8572.4013,8583.068181818182,10.666881818182446,10.666881818182446,755.31,-77.11
42,46,88,,8523.9087,8526.818181818182,2.90948181818203,2.90948181818203,750.36,-72.94
43,45,88,,8389.8338,8388.295454545454,-1.5383454545462882,1.5383454545462882,738.17,-61.54
44,44,88,,8298.0,8286.477272727272,-11.522727272727934,11.522727272727934,729.21,-53.36
45,43,88,,8090.0,8091.477272727273,1.4772727272729753,1.4772727272729753,712.05,-36.98
32,57,89,,8161.0,8159.775280898876,-1.22471910112381,1.22471910112381,726.22,-32.9
33,56,89,,8304.0,8300.449438202248,-3.55056179775238,3.55056179775238,738.74,-46.22
34,55,89,,8435.2799,8423.932584269663,-11.34731573033605,11.34731573033605,749.73,-57.98
35,54,89,,8530.7802,8513.483146067416,-17.297053932583367,17.297053932583367,757.7,-66.73
36,53,89,,8614.8158,8598.876404494382,-15.93939550561845,15.93939550561845,765.3,-75.12
37,52,89,,8664.1895,8658.08988764045,-6.09961235955052,6.09961235955052,770.57,-81.17
38,51,89,,8705.923,8700.561797752809,-5.361202247191613,5.361202247191613,774.35,-85.73
39,50,89,,8714.011,8710.561797752809,-3.4492022471913515,3.4492022471913515,775.24,-87.4
40,49,89,,8673.3865,8683.483146067416,10.09664606741535,10.09664606741535,772.83,-85.78
41,48,89,,8616.8184,8628.876404494382,12.058004494381748,12.058004494381748,767.97,-81.7
42,47,89,,8544.9851,8551.91011235955,6.925012359550237,6.925012359550237,761.12,-75.63
43,46,89,,8450.5758,8454.157303370786,3.5815033707858674,3.5815033707858674,752.42,-67.72
44,45,89,,8340.376,8329.775280898877,-10.600719101123104,10.600719101123104,741.35,-57.43
45,44,89,,8189.0,8183.70786516854,-5.2921348314603165,5.2921348314603165,728.35,-45.21
32,58,90,,8109.0,8111.888888888889,2.888888888888687,2.888888888888687,730.07,-28.68
33,57,90,,8240.0,8235.0,-5.0,5.0,741.15,-40.55
34,56,90,,8395.7672,8389.888888888889,-5.878311111111543,5.878311111111543,755.09,-55.27
35,55,90,,8478.1865,8465.888888888889,-12.29761111111111,12.29761111111111,761.93,-62.89
36,54,90,,8591.2599,8573.777777777777,-17.482122222221733,17.482122222221733,771.64,-73.38
37,53,90,,8631.5262,8614.222222222223,-17.303977777777618,17.303977777777618,775.28,-77.81
38,52,90,,8696.0043,8691.222222222223,-4.782077777777886,4.782077777777886,782.21,-85.52
39,51,90,,8693.3778,8688.111111111111,-5.266688888888893,5.266688888888893,781.93,-86.03
40,50,90,,8709.9699,8714.222222222223,4.252322222222574,4.252322222222574,784.28,-89.15
41,49,90,,8633.377,8642.444444444445,9.067444444444845,9.067444444444845,777.82,-83.48
42,48,90,,8597.0285,8606.777777777777,9.749277777777024,9.749277777777024,774.61,-81.05
43,47,90,,8483.36,8488.333333333334,4.973333333333358,4.973333333333358,763.95,-71.17
44,46,90,,8409.7684,8409.444444444445,-0.3239555555555853,0.3239555555555853,756.85,-64.86
45,45,90,,8254.0,8242.888888888889,-11.111111111111313,11.111111111111313,741.86,-50.65
46,44,90,,8113.0,8113.111111111111,0.11111111111131322,0.11111111111131322,730.18,-39.75
33,58,91,,8189.0,8189.56043956044,0.5604395604395904,0.5604395604395904,745.25,-36.58
34,57,91,,8334.8382,8326.153846153846,-8.684353846154409,8.684353846154409,757.68,-49.79
35,56,91,,8441.9242,8433.296703296703,-8.627496703296856,8.627496703296856,767.43,-60.32
36,55,91,,8541.7519,8525.824175824177,-15.927724175822732,15.927724175822732,775.85,-69.53
37,54,91,,8607.5621,8590.65934065934,-16.90275934065903,16.90275934065903,781.75,-76.21
38,53,91,,8663.8759,8650.21978021978,-13.656119780218432,13.656119780218432,787.17,-82.41
39,52,91,,8684.9421,8680.54945054945,-4.39264945055038,4.39264945055038,789.93,-85.96
40,51,91,,8693.3149,8693.516483516483,0.20158351648387907,0.20158351648387907,791.11,-87.92
41,50,91,,8670.8983,8675.824175824177,4.925875824175819,4.925875824175819,789.5,-87.09
42,49,91,,8613.6286,8622.307692307691,8.679092307691462,8.679092307691462,784.63,-83.0
43,48,91,,8536.6558,8545.274725274725,8.618925274724461,8.618925274724461,777.62,-76.77
44,47,91,,8442.9287,8446.153846153846,3.225146153845344,3.225146153845344,768.6,-68.53
45,46,91,,8328.0,8326.483516483517,-1.5164835164832766,1.5164835164832766,757.71,-58.43
46,45,91,,8183.0,8177.692307692308,-5.307692307692378,5.307692307692378,744.17,-45.66
33,59,92,,8121.0,8120.652173913043,-0.3478260869569567,0.3478260869569567,747.1,-30.36
34,58,92,,8290.0,8287.282608695652,-2.7173913043479843,2.7173913043479843,762.43,-46.47
35,57,92,,8384.9123,8378.152173913044,-6.7601260869560065,6.7601260869560065,770.79,-55.61
36,56,92,,8512.675,8501.41304347826,-11.261956521739194,11.261956521739194,782.13,-67.73
37,55,92,,8569.4225,8549.239130434782,-20.183369565218527,20.183369565218527,786.53,-72.92
38,54,92,,8648.907,8632.608695652174,-16.29830434782525,16.29830434782525,794.2,-81.36
39,53,92,,8661.5894,8648.695652173914,-12.893747826086837,12.893747826086837,795.68,-83.63
40,52,92,,8692.6783,8695.217391304348,2.5390913043484034,2.5390913043484034,799.96,-88.69
41,51,92,,8662.3731,8663.804347826086,1.4312478260853823,1.4312478260853823,797.07,-86.59
42,50,92,,8657.7312,8664.782608695652,7.051408695651844,7.051408695651844,797.16,-87.46
43,49,92,,8563.544,8570.108695652174,6.564695652174123,6.564695652174123,788.45,-79.53
44,48,92,,8504.774,8511.95652173913,7.182521739130607,7.182521739130607,783.1,-74.97
45,47,92,,8373.4211,8371.95652173913,-1.46457826086953,1.46457826086953,770.22,-62.87
46,46,92,,8275.5695,8272.065217391304,-3.5042826086955756,3.5042826086955756,761.03,-54.45
47,45,92,,8080.0,8079.021739130435,-0.9782608695650197,0.9782608695650197,743.27,-37.48
34,59,93,,8225.0,8224.193548387097,-0.8064516129034018,0.8064516129034018,764.85,-40.81
35,58,93,,8345.5986,8341.935483870968,-3.6631161290315504,3.6631161290315504,775.8,-52.56
36,57,93,,8458.1085,8447.956989247312,-10.15151075268841,10.15151075268841,785.66,-63.19
37,56,93,,8540.9209,8526.989247311827,-13.931652688172107,13.931652688172107,793.01,-71.33
38,55,93,,8612.7875,8591.182795698925,-21.60470430107489,21.60470430107489,798.98,-78.08
39,54,93,,8648.9054,8631.397849462366,-17.507550537633506,17.507550537633506,802.72,-82.6
40,53,93,,8671.6207,8664.408602150537,-7.212097849462225,7.212097849462225,805.79,-86.46
41,52,93,,8664.1849,8668.064516129032,3.8796161290320015,3.8796161290320015,806.13,-87.57
42,51,93,,8651.4095,8655.806451612903,4.396951612903649,4.396951612903649,804.99,-87.22
43,50,93,,8608.5782,8614.516129032258,5.937929032257671,5.937929032257671,801.15,-84.15
44,49,93,,8531.4627,8538.602150537634,7.13945053763382,7.13945053763382,794.09,-77.88
45,48,93,,8434.8255,8441.290322580646,6.464822580644977,6.464822580644977,785.04,-69.61
46,47,93,,8318.5637,8319.462365591398,0.8986655913977302,0.8986655913977302,773.71,-59.07
47,46,93,,8175.0,8175.591397849463,0.5913978494627372,0.5913978494627372,760.33,-46.47
34,60,94,,8180.0,8182.446808510638,2.4468085106382205,2.4468085106382205,769.15,-37.04
35,59,94,,8287.0,8286.382978723404,-0.6170212765955512,0.6170212765955512,778.92,-47.6
36,58,94,,8424.3318,8419.04255319149,-5.289246808510143,5.289246808510143,791.39,-60.85
37,57,94,,8492.7644,8482.659574468085,-10.104825531914685,10.104825531914685,797.37,-67.62
38,56,94,,8593.8344,8576.382978723404,-17.451421276595283,17.451421276595283,806.18,-77.21
39,55,94,,8622.8068,8598.297872340425,-24.50892765957542,24.50892765957542,808.24,-80.05
40,54,94,,8666.8016,8654.148936170213,-12.652663829787343,12.652663829787343,813.49,-86.08
41,53,94,,8648.9014,8646.170212765957,-2.7311872340433183,2.7311872340433183,812.74,-86.12
42,52,94,,8662.3341,8667.872340425532,5.538240425532422,5.538240425532422,814.78,-88.94
43,51,94,,8608.7373,8613.191489361701,4.454189361700628,4.454189361700628,809.64,-84.58
44,50,94,,8583.662,8591.063829787234,7.40182978723351,7.40182978723351,807.56,-83.28
45,49,94,,8472.4033,8476.702127659575,4.298827659575181,4.298827659575181,796.81,-73.31
46,48,94,,8391.6832,8395.744680851063,4.061480851063607,4.061480851063607,789.2,-66.49
47,47,94,,8238.0,8235.744680851063,-2.2553191489369055,2.2553191489369055,774.16,-52.23
48,46,94,,8102.0,8103.829787234043,1.8297872340426693,1.8297872340426693,761.76,-40.6
34,61,95,,8112.0,8117.789473684211,5.789473684210861,5.789473684210861,771.19,-31.02
35,60,95,,8245.0,8249.473684210527,4.473684210526699,4.473684210526699,783.7,-44.3
36,59,95,,8365.9963,8367.157894736842,1.1615947368409252,1.1615947368409252,794.88,-56.26
37,58,95,,8460.1967,8457.894736842105,-2.301963157895443,2.301963157895443,803.5,-65.68
38,57,95,,8549.0875,8534.0,-15.087499999999636,15.087499999999636,810.73,-73.68
39,56,95,,8604.9644,8585.894736842105,-19.069663157895775,19.069663157895775,815.66,-79.4
40,55,95,,8643.5924,8624.736842105263,-18.855557894736194,18.855557894736194,819.35,-83.87
41,54,95,,8647.2133,8640.631578947368,-6.58172105263111,6.58172105263111,820.86,-86.16
42,53,95,,8648.7212,8648.315789473685,-0.4054105263148813,0.4054105263148813,821.59,-87.68
43,52,95,,8622.6911,8627.368421052632,4.677321052631669,4.677321052631669,819.6,-86.47
44,51,95,,8587.4706,8592.315789473685,4.845189473684513,4.845189473684513,816.27,-83.92
45,50,95,,8525.3707,8530.947368421053,5.57666842105391,5.57666842105391,810.44,-78.87
46,49,95,,8428.9807,8432.947368421053,3.9666684210533276,3.9666684210533276,801.13,-70.35
47,48,95,,8315.0,8316.526315789473,1.5263157894733013,1.5263157894733013,790.07,-60.06
48,47,95,,8171.0,8168.631578947368,-2.3684210526316747,2.3684210526316747,776.02,-46.8
35,61,96,,8184.0,8192.5,8.5,8.5,786.48,-39.02
36,60,96,,8330.8721,8338.020833333334,7.148733333333439,7.148733333333439,800.45,-53.77
37,59,96,,8408.8963,8414.791666666666,5.895366666665723,5.895366666665723,807.82,-61.92
38,58,96,,8521.2041,8517.5,-3.7041000000008353,3.7041000000008353,817.68,-72.56
39,57,96,,8569.4269,8551.979166666666,-17.447733333334327,17.447733333334327,820.99,-76.65
40,56,96,,8635.3283,8619.479166666666,-15.849133333333157,15.849133333333157,827.47,-83.91
41,55,96,,8628.8868,8617.291666666666,-11.59513333333416,11.59513333333416,827.26,-84.49
42,54,96,,8653.988,8649.375,-4.612999999999374,4.612999999999374,830.34,-88.36
43,53,96,,8614.8673,8611.041666666666,-3.825633333333826,3.825633333333826,826.66,-85.45
44,52,96,,8609.413,8614.6875,5.274499999999534,5.274499999999534,827.01,-86.59
45,51,96,,8534.6735,8538.958333333334,4.284833333333154,4.284833333333154,819.74,-80.1
46,50,96,,8490.0207,8495.729166666666,5.708466666666936,5.708466666666936,815.59,-76.73
47,49,96,,8360.2903,8363.229166666666,2.93886666666549,2.93886666666549,802.87,-64.79
48,48,96,,8259.0,8262.604166666666,3.6041666666660603,3.6041666666660603,793.21,-55.92
49,47,96,,8069.0,8079.375,10.375,10.375,775.62,-39.11
35,62,97,,8140.0,8151.237113402062,11.237113402062278,11.237113402062278,790.67,-35.13
36,61,97,,8269.8645,8282.474226804125,12.609726804124875,12.609726804124875,803.4,-48.64
37,60,97,,8376.1872,8386.701030927836,10.513830927835443,10.513830927835443,813.51,-59.54
38,59,97,,8471.8489,8475.257731958764,3.4088319587626756,3.4088319587626756,822.1,-68.91
39,58,97,,8541.4616,8536.907216494845,-4.5543835051557835,4.5543835051557835,828.08,-75.68
40,57,97,,8603.7182,8584.639175257733,-19.079024742266483,19.079024742266483,832.71,-81.09
41,56,97,,8623.1384,8612.474226804125,-10.664173195875264,10.664173195875264,835.41,-84.57
42,55,97,,8635.0926,8628.659793814433,-6.432806185566733,6.432806185566733,836.98,-86.92
43,54,97,,8623.7254,8621.030927835052,-2.694472164947001,2.694472164947001,836.24,-86.96
44,53,97,,8604.2799,8600.0,-4.279899999999543,4.279899999999543,834.2,-85.7
45,52,97,,8559.8949,8563.60824742268,3.7133474226811813,3.7133474226811813,830.67,-82.96
46,51,97,,8502.4303,8506.80412371134,4.373823711339355,4.373823711339355,825.16,-78.23
47,50,97,,8423.2121,8427.835051546392,4.62295154639105,4.62295154639105,817.5,-71.35
48,49,97,,8310.3013,8309.896907216495,-0.4043927835045906,0.4043927835045906,806.06,-60.7
49,48,97,,8165.0,8174.329896907217,9.329896907216607,9.329896907216607,792.91,-48.33
35,63,98,,8078.0,8089.591836734694,11.59183673469397,11.59183673469397,792.78,-29.17
36,62,98,,8234.0,8248.877551020409,14.877551020408646,14.877551020408646,808.39,-45.56
37,61,98,,8330.7294,8339.69387755102,8.964477551020536,8.964477551020536,817.29,-55.25
38,60,98,,8445.7385,8455.918367346938,10.179867346938408,10.179867346938408,828.68,-67.42
39,59,98,,8497.6162,8502.448979591836,4.832779591835788,4.832779591835788,833.24,-72.77
40,58,98,,8581.3984,8575.612244897959,-5.786155102041448,5.786155102041448,840.41,-80.72
41,57,98,,8596.3016,8586.836734693878,-9.464865306123102,9.464865306123102,841.51,-82.59
42,56,98,,8635.1691,8630.30612244898,-4.862977551019867,4.862977551019867,845.77,-87.64
43,55,98,,8610.0047,8608.673469387755,-1.331230612244326,1.331230612244326,843.65,-86.3
44,54,98,,8620.314,8614.591836734693,-5.722163265307245,5.722163265307245,844.23,-87.66
45,53,98,,8560.8038,8559.591836734693,-1.211963265306622,1.211963265306622,838.84,-83.06
46,52,98,,8533.8999,8538.775510204081,4.875610204080658,4.875610204080658,836.8,-81.79
47,51,98,,8441.6866,8446.632653061224,4.9460530612232105,4.9460530612232105,827.77,-73.55
48,50,98,,8378.2953,8382.448979591836,4.153679591836408,4.153679591836408,821.48,-68.05
49,49,98,,8230.0,8233.877551020409,3.877551020408646,3.877551020408646,806.92,-54.26
36,63,99,,8175.0,8190.50505050505,15.505050505050349,15.505050505050349,810.86,-39.96
37,62,99,,8295.301,8306.262626262625,10.961626262625941,10.961626262625941,822.32,-52.21
38,61,99,,8402.5235,8408.9898989899,6.466398989899972,6.466398989899972,832.49,-63.16
39,60,99,,8476.6938,8484.444444444445,7.750644444446152,7.750644444446152,839.96,-71.41
40,59,99,,8539.225,8541.61616161616,2.391161616160389,2.391161616160389,845.62,-77.85
41,58,99,,8578.9859,8579.69696969697,0.7110696969702985,0.7110696969702985,849.39,-82.41
42,57,99,,8607.7982,8604.141414141413,-3.656785858585863,3.656785858585863,851.81,-85.61
43,56,99,,8613.6105,8611.919191919193,-1.691308080808085,1.691308080808085,852.58,-87.16
44,55,99,,8608.7132,8602.424242424242,-6.288957575758104,6.288957575758104,851.64,-87.0
45,54,99,,8580.1959,8575.454545454546,-4.741354545454669,4.741354545454669,848.97,-85.11
46,53,99,,8537.9332,8534.949494949495,-2.9837050505047955,2.9837050505047955,844.96,-81.88
47,52,99,,8474.7744,8479.09090909091,4.316509090909676,4.316509090909676,839.43,-77.14
48,51,99,,8398.3734,8403.737373737375,5.363973737374181,5.363973737374181,831.97,-70.47
49,50,99,,8304.0,8310.40404040404,6.404040404040643,6.404040404040643,822.73,-62.01
50,49,99,,8161.0,8166.464646464647,5.464646464646648,5.464646464646648,808.48,-48.53
36,64,100,,8134.0,8151.9,17.899999999999636,17.899999999999636,815.19,-36.22
37,63,100,,8244.5085,8254.7,10.191500000000815,10.191500000000815,825.47,-47.28
38,62,100,,8372.2012,8383.2,10.99880000000121,10.99880000000121,838.32,-60.92
39,61,100,,8439.4151,8445.1,5.684900000000198,5.684900000000198,844.51,-67.89
40,60,100,,8522.1066,8530.8,8.69340000000011,8.69340000000011,853.08,-77.24
41,59,100,,8548.4683,8548.7,0.23170000000027358,0.23170000000027358,854.87,-79.82
42,58,100,,8604.6626,8602.1,-2.5625999999992928,2.5625999999992928,860.21,-85.94
43,57,100,,8595.1184,8592.9,-2.218399999999747,2.218399999999747,859.29,-85.8
44,56,100,,8619.3593,8617.1,-2.259299999999712,2.259299999999712,861.71,-89.0
45,55,100,,8575.1732,8571.3,-3.873199999999997,3.873199999999997,857.13,-85.21
46,54,100,,8563.5652,8558.5,-5.065199999999095,5.065199999999095,855.85,-84.71
47,53,100,,8484.9947,8486.2,1.2053000000014435,1.2053000000014435,848.62,-78.26
48,52,100,,8437.7375,8444.8,7.0625,7.0625,844.48,-74.9
49,51,100,,8329.7495,8339.4,9.650499999999738,9.650499999999738,833.94,-65.14
50,50,100,,8251.626,8255.2,3.574000000000524,3.574000000000524,825.52,-57.5
36,65,101,,8075.0,8090.990099009901,15.990099009901314,15.990099009901314,817.19,-30.15
37,64,101,,8206.1753,8218.316831683169,12.141531683168068,12.141531683168068,830.05,-43.79
38,63,101,,8324.7411,8332.673267326732,7.932167326733179,7.932167326733179,841.6,-56.13
39,62,101,,8413.3305,8420.89108910891,7.56058910891079,7.56058910891079,850.51,-65.81
40,61,101,,8485.8439,8492.970297029702,7.126397029702275,7.126397029702275,857.79,-73.89
41,60,101,,8534.8355,8539.90099009901,5.065490099010276,5.065490099010276,862.53,-79.4
42,59,101,,8572.9159,8574.752475247526,1.8365752475256159,1.8365752475256159,866.05,-83.71
43,58,101,,8593.1366,8592.475247524753,-0.661352475246531,0.661352475246531,867.84,-86.28
44,57,101,,8601.366,8598.316831683169,-3.0491683168311283,3.0491683168311283,868.43,-87.65
45,56,101,,8588.2172,8587.920792079209,-0.2964079207904433,0.2964079207904433,867.38,-87.38
46,55,101,,8560.8644,8555.643564356436,-5.220835643563987,5.220835643563987,864.12,-84.91
47,54,101,,8512.5465,8511.485148514852,-1.061351485148407,1.061351485148407,859.66,-81.22
48,53,101,,8450.3657,8451.485148514852,1.1194485148516833,1.1194485148516833,853.6,-75.95
49,52,101,,8370.426,8382.079207920791,11.653207920791829,11.653207920791829,846.59,-69.73
50,51,101,,8281.103,8285.049504950495,3.9465049504960916,3.9465049504960916,836.79,-60.71
37,65,102,,8152.7443,8165.294117647059,12.549817647058262,12.549817647058262,832.86,-38.53
38,64,102,,8291.2213,8302.745098039215,11.523798039215762,11.523798039215762,846.88,-53.33
39,63,102,,8371.9172,8377.450980392157,5.533780392157496,5.533780392157496,854.5,-61.74
40,62,102,,8466.294,8475.588235294117,9.294235294117243,9.294235294117243,864.51,-72.53
41,61,102,,8504.8675,8510.0,5.132499999999709,5.132499999999709,868.02,-76.83
42,60,102,,8568.3994,8570.588235294117,2.1888352941168705,2.1888352941168705,874.2,-83.78
43,59,102,,8570.6514,8570.980392156862,0.3289921568612044,0.3289921568612044,874.24,-84.61
44,58,102,,8607.4275,8603.333333333334,-4.094166666665842,4.094166666665842,877.54,-88.69
45,57,102,,8576.9818,8578.235294117647,1.2534941176472785,1.2534941176472785,874.98,-86.91
46,56,102,,8580.2887,8574.803921568628,-5.484778431371524,5.484778431371524,874.63,-87.35
47,55,102,,8517.165,8515.980392156862,-1.1846078431390197,1.1846078431390197,868.63,-82.12
48,54,102,,8484.1322,8482.35294117647,-1.7792588235297444,1.7792588235297444,865.2,-79.48
49,53,102,,8388.5719,8398.529411764706,9.957511764705487,9.957511764705487,856.65,-71.71
50,52,102,,8324.4313,8335.588235294117,11.15693529411692,11.15693529411692,850.23,-66.07
51,51,102,,8181.0,8177.64705882353,-3.3529411764702672,3.3529411764702672,834.12,-50.75
37,66,103,,8112.0,8126.601941747573,14.60194174757271,14.60194174757271,837.04,-34.64
38,65,103,,8242.0,8250.388349514564,8.388349514563743,8.388349514563743,849.79,-48.18
39,64,103,,8342.6336,8348.73786407767,6.10426407767045,6.10426407767045,859.92,-59.09
40,63,103,,8425.8337,8433.300970873786,7.467270873787129,7.467270873787129,868.63,-68.58
41,62,103,,8488.332,8493.786407766991,5.454407766990698,5.454407766990698,874.86,-75.59
42,61,103,,8538.2672,8540.970873786408,2.7036737864073075,2.7036737864073075,879.72,-81.23
43,60,103,,8566.1045,8566.40776699029,0.3032669902913767,0.3032669902913767,882.34,-84.64
44,59,103,,8584.3656,8582.912621359223,-1.4529786407765641,1.4529786407765641,884.04,-87.12
45,58,103,,8584.1927,8584.563106796117,0.3704067961170949,0.3704067961170949,884.21,-88.07
46,57,103,,8571.0173,8566.213592233009,-4.803707766990556,4.803707766990556,882.32,-86.97
47,56,103,,8537.652,8535.533980582524,-2.118019417475807,2.118019417475807,879.16,-84.58
48,55,103,,8489.7547,8487.669902912621,-2.0847970873783197,2.0847970873783197,874.23,-80.44
49,54,103,,8423.7199,8430.873786407767,7.153886407766549,7.153886407766549,868.38,-75.37
50,53,103,,8343.0,8353.300970873786,10.300970873786355,10.300970873786355,860.39,-68.16
51,52,103,,8234.0,8233.106796116504,-0.8932038834955165,0.8932038834955165,848.01,-56.57
37,67,104,,8057.0,8072.211538461538,15.211538461538112,15.211538461538112,839.51,-29.04
38,66,104,,8206.0,8218.365384615385,12.365384615384755,12.365384615384755,854.71,-45.02
39,65,104,,8298.0,8302.98076923077,4.980769230769511,4.980769230769511,863.51,-54.6
40,64,104,,8402.3159,8411.346153846154,9.030253846154665,9.030253846154665,874.78,-66.66
41,63,104,,8453.3832,8458.653846153846,5.270646153845519,5.270646153845519,879.7,-72.36
42,62,104,,8527.9063,8531.25,3.343699999999444,3.343699999999444,887.25,-80.69
43,61,104,,8541.107,8542.307692307691,1.2006923076914973,1.2006923076914973,888.4,-82.62
44,60,104,,8587.3998,8584.807692307691,-2.5921076923077635,2.5921076923077635,892.82,-87.83
45,59,104,,8568.9501,8567.596153846154,-1.3539461538457545,1.3539461538457545,891.03,-86.82
46,58,104,,8584.8485,8582.788461538461,-2.0600384615390794,2.0600384615390794,892.61,-89.18
47,57,104,,8536.185,8534.134615384615,-2.050384615384246,2.050384615384246,887.55,-84.9
48,56,104,,8517.6232,8514.038461538461,-3.5847384615390183,3.5847384615390183,885.46,-83.6
49,55,104,,8435.238,8441.442307692309,6.204307692309158,6.204307692309158,877.91,-76.83
50,54,104,,8383.9114,8392.692307692309,8.780907692307665,8.780907692307665,872.84,-72.54
51,53,104,,8258.0,8257.403846153846,-0.5961538461542659,0.5961538461542659,858.77,-59.25
52,52,104,,8157.3256,8154.711538461538,-2.6140615384620105,2.6140615384620105,848.09,-49.36
38,67,105,,8152.0,8164.476190476191,12.476190476190823,12.476190476190823,857.27,-39.51
39,66,105,,8262.0,8271.809523809523,9.809523809522943,9.809523809522943,868.54,-51.56
40,65,105,,8358.598,8366.380952380952,7.782952380952338,7.782952380952338,878.47,-62.28
41,64,105,,8431.6925,8437.047619047618,5.355119047619155,5.355119047619155,885.89,-70.48
42,63,105,,8494.863,8494.952380952382,0.08938095238227106,0.08938095238227106,891.97,-77.35
43,62,105,,8534.6074,8533.809523809523,-0.7978761904778366,0.7978761904778366,896.05,-82.21
44,61,105,,8561.9016,8561.904761904761,0.0031619047622371,0.0031619047622371,899.0,-85.94
45,60,105,,8572.7053,8570.666666666666,-2.0386333333335642,2.0386333333335642,899.92,-87.64
46,59,105,,8570.6509,8568.857142857143,-1.7937571428574302,1.7937571428574302,899.73,-88.23
47,58,105,,8550.3708,8548.380952380952,-1.9898476190483052,1.9898476190483052,897.58,-86.86
48,57,105,,8516.8532,8514.380952380952,-2.472247619047266,2.472247619047266,894.01,-84.07
49,56,105,,8464.7045,8468.57142857143,3.8669285714295256,3.8669285714295256,889.2,-80.04
50,55,105,,8397.229,8404.857142857143,7.628142857143757,7.628142857143757,882.51,-74.14
51,54,105,,8300.9923,8299.42857142857,-1.5637285714292375,1.5637285714292375,871.44,-63.85
52,53,105,,8186.8368,8181.333333333333,-5.503466666667009,5.503466666667009,859.04,-52.23
38,68,106,,8114.0,8131.132075471698,17.132075471698045,17.132075471698045,861.9,-36.07
39,67,106,,8215.0,8224.245283018869,9.245283018868577,9.245283018868577,871.77,-46.72
40,66,106,,8330.0,8341.132075471698,11.132075471698045,11.132075471698045,884.16,-59.9
41,65,106,,8393.2657,8397.358490566037,4.092790566037365,4.092790566037365,890.12,-66.64
42,64,106,,8479.5202,8480.471698113208,0.9514981132069806,0.9514981132069806,898.93,-76.23
43,63,106,,8506.557,8506.698113207547,0.14111320754636836,0.14111320754636836,901.71,-79.79
44,62,106,,8560.9406,8559.150943396226,-1.7896566037743469,1.7896566037743469,907.27,-86.14
45,61,106,,8553.9317,8553.584905660377,-0.3467943396226474,0.3467943396226474,906.68,-86.32
46,60,106,,8579.9934,8577.547169811322,-2.4462301886778732,2.4462301886778732,909.22,-89.65
47,59,106,,8544.6397,8541.792452830188,-2.847247169811453,2.847247169811453,905.43,-86.64
48,58,106,,8539.0492,8535.283018867925,-3.7661811320740526,3.7661811320740526,904.74,-86.73
49,57,106,,8470.1213,8474.905660377359,4.784360377358098,4.784360377358098,898.34,-81.11
50,56,106,,8432.0383,8437.830188679245,5.791888679244948,5.791888679244948,894.41,-77.97
51,55,106,,8322.0124,8320.188679245282,-1.8237207547172147,1.8237207547172147,881.94,-66.28
52,54,106,,8236.7682,8230.283018867925,-6.485181132075013,6.485181132075013,872.41,-57.53
53,53,106,,8089.0,8079.33962264151,-9.660377358490223,9.660377358490223,856.41,-42.31
38,69,107,,8057.0,8075.7009345794395,18.70093457943949,18.70093457943949,864.1,-30.2
39,68,107,,8178.0,8191.401869158878,13.401869158878071,13.401869158878071,876.48,-43.36
40,67,107,,8284.0,8294.766355140187,10.766355140187443,10.766355140187443,887.54,-55.2
41,66,107,,8367.0898,8373.084112149532,5.994312149532561,5.994312149532561,895.92,-64.37
42,65,107,,8442.219,8443.271028037383,1.0520280373839341,1.0520280373839341,903.43,-72.66
43,64,107,,8492.8979,8493.925233644859,1.0273336448590271,1.0273336448590271,908.85,-78.86
44,63,107,,8533.3676,8532.897196261682,-0.4704037383180548,0.4704037383180548,913.02,-83.81
45,62,107,,8554.104,8552.990654205607,-1.113345794392444,1.113345794392444,915.17,-86.74
46,61,107,,8560.8946,8558.317757009347,-2.576842990652949,2.576842990652949,915.74,-88.09
47,60,107,,8553.9012,8550.747663551401,-3.1535364485989703,3.1535364485989703,914.93,-88.07
48,59,107,,8533.3524,8530.747663551401,-2.604736448598487,2.604736448598487,912.79,-86.71
49,58,107,,8494.0439,8496.168224299065,2.1243242990640283,2.1243242990640283,909.09,-83.79
50,57,107,,8439.4946,8444.29906542056,4.804465420560518,4.804465420560518,903.54,-79.03
51,56,107,,8358.7344,8355.88785046729,-2.846549532709105,2.846549532709105,894.08,-70.35
52,55,107,,8258.0,8254.11214953271,-3.8878504672902636,3.8878504672902636,883.19,-60.24
53,54,107,,8146.0,8136.1682242990655,-9.831775700934486,9.831775700934486,870.57,-48.4
39,69,108,,8129.0,8142.685185185185,13.685185185185219,13.685185185185219,879.41,-38.22
40,68,108,,8253.0,8267.222222222223,14.222222222222626,14.222222222222626,892.86,-52.46
41,67,108,,8325.6604,8333.425925925925,7.765525925924521,7.765525925924521,900.01,-60.38
42,66,108,,8422.1581,8425.555555555555,3.3974555555541883,3.3974555555541883,909.96,-71.12
43,65,108,,8462.8172,8463.796296296296,0.9790962962961203,0.9790962962961203,914.09,-76.03
44,64,108,,8527.2267,8526.574074074075,-0.6526259259244398,0.6526259259244398,920.87,-83.59
45,63,108,,8532.6657,8532.407407407407,-0.2582925925926247,0.2582925925926247,921.5,-85.0
46,62,108,,8567.0241,8563.703703703704,-3.320396296296167,3.320396296296167,924.88,-89.16
47,61,108,,8542.0262,8541.851851851852,-0.17434814814805577,0.17434814814805577,922.52,-87.59
48,60,108,,8550.0196,8546.203703703704,-3.81589629629525,3.81589629629525,922.99,-88.84
49,59,108,,8495.2516,8498.425925925925,3.1743259259255865,3.1743259259255865,917.83,-84.46
50,58,108,,8469.0273,8470.185185185184,1.1578851851845684,1.1578851851845684,914.78,-82.2
51,57,108,,8372.6666,8371.296296296296,-1.3703037037048489,1.3703037037048489,904.1,-72.3
52,56,108,,8303.7221,8297.314814814816,-6.407285185185174,6.407285185185174,896.11,-65.09
53,55,108,,8176.0,8167.777777777777,-8.222222222222626,8.222222222222626,882.12,-51.88
54,54,108,,8074.8886,8061.2037037037035,-13.684896296296756,13.684896296296756,870.61,-41.15
39,70,109,,8089.0,8104.954128440367,15.95412844036673,15.95412844036673,883.44,-34.17
40,69,109,,8204.0,8219.266055045871,15.266055045871326,15.266055045871326,895.9,-47.42
41,68,109,,8297.1307,8307.247706422018,10.117006422018676,10.117006422018676,905.49,-57.79
42,67,109,,8381.4163,8385.59633027523,4.180030275229001,4.180030275229001,914.03,-67.11
43,66,109,,8444.1796,8447.064220183487,2.884620183487641,2.884620183487641,920.73,-74.6
44,65,109,,8496.228,8496.605504587156,0.377504587157091,0.377504587157091,926.13,-80.78
45,64,109,,8528.1404,8527.798165137614,-0.342234862386249,0.342234862386249,929.53,-84.96
46,63,109,,8544.8825,8544.311926605504,-0.570573394496023,0.570573394496023,931.33,-87.54
47,62,109,,8547.9155,8546.788990825688,-1.12650917431165,1.12650917431165,931.6,-88.6
48,61,109,,8538.7646,8536.697247706423,-2.067352293577642,2.067352293577642,930.5,-88.28
49,60,109,,8513.1027,8514.036697247706,0.9339972477064293,0.9339972477064293,928.03,-86.6
50,59,109,,8470.5183,8472.844036697248,2.3257366972484306,2.3257366972484306,923.54,-82.88
51,58,109,,8404.8161,8401.19266055046,-3.623439449540456,3.623439449540456,915.73,-75.85
52,57,109,,8319.3305,8314.311926605504,-5.018573394496343,5.018573394496343,906.26,-67.17
53,56,109,,8220.0164,8213.669724770642,-6.34667522935888,6.34667522935888,895.29,-56.98
54,55,109,,8107.3071,8096.238532110092,-11.068567889908081,11.068567889908081,882.49,-44.96
40,70,110,,8171.0,8187.181818181818,16.181818181818016,16.181818181818016,900.59,-44.04
41,69,110,,8255.2607,8265.181818181818,9.921118181817292,9.921118181817292,909.17,-53.4
42,68,110,,8359.293,8366.636363636364,7.343363636364302,7.343363636364302,920.33,-65.34
43,67,110,,8411.2603,8412.545454545454,1.2851545454541338,1.2851545454541338,925.38,-71.17
44,66,110,,8486.3123,8486.545454545454,0.2331545454544539,0.2331545454544539,933.52,-80.1
45,65,110,,8504.2551,8504.727272727272,0.4721727272717544,0.4721727272717544,935.52,-82.88
46,64,110,,8547.163,8545.727272727272,-1.4357272727283998,1.4357272727283998,940.03,-88.17
47,63,110,,8532.1089,8532.181818181818,0.07291818181874987,0.07291818181874987,938.54,-87.46
48,62,110,,8551.2755,8547.818181818182,-3.4573181818177545,3.4573181818177545,940.26,-89.97
49,61,110,,8508.9087,8510.454545454546,1.5458454545459972,1.5458454545459972,936.15,-86.64
50,60,110,,8496.0875,8496.272727272728,0.18522727272829798,0.18522727272829798,934.59,-85.87
51,59,110,,8412.6821,8411.727272727272,-0.9548272727279254,0.9548272727279254,925.29,-77.34
52,58,110,,8358.116,8351.636363636364,-6.479636363636018,6.479636363636018,918.68,-71.52
53,57,110,,8244.0767,8237.818181818182,-6.258518181817635,6.258518181817635,906.16,-59.78
54,56,110,,8159.2808,8149.727272727273,-9.553527272727479,9.553527272727479,896.47,-50.87
40,71,111,,8118.0,8132.7027027027025,14.702702702702481,14.702702702702481,902.73,-38.11
41,70,111,,8223.0,8234.594594594595,11.594594594595037,11.594594594595037,914.04,-50.2
42,69,111,,8315.2932,8324.324324324325,9.031124324324992,9.031124324324992,924.0,-60.94
43,68,111,,8390.0906,8391.621621621622,1.5310216216221306,1.5310216216221306,931.47,-69.19
44,67,111,,8452.9582,8453.783783783783,0.8255837837841682,0.8255837837841682,938.37,-76.88
45,66,111,,8495.6267,8494.954954954956,-0.6717450450450997,0.6717450450450997,942.94,-82.23
46,65,111,,8521.7498,8522.432432432432,0.6826324324320012,0.6826324324320012,945.99,-86.07
47,64,111,,8534.7878,8534.324324324325,-0.46347567567499937,0.46347567567499937,947.31,-88.16
48,63,111,,8537.0801,8533.873873873874,-3.2062261261253298,3.2062261261253298,947.26,-88.9
49,62,111,,8522.2824,8522.162162162162,-0.120237837838431,0.120237837838431,945.96,-88.38
50,61,111,,8493.131,8494.504504504504,1.3735045045050356,1.3735045045050356,942.89,-86.09
51,60,111,,8440.1203,8436.036036036036,-4.084263963964986,4.084263963964986,936.4,-80.39
52,59,111,,8367.7635,8362.612612612613,-5.1508873873863195,5.1508873873863195,928.25,-73.02
53,58,111,,8282.9343,8277.387387387387,-5.546912612613596,5.546912612613596,918.79,-64.34
54,57,111,,8182.0,8179.72972972973,-2.2702702702699753,2.2702702702699753,907.95,-54.28
55,56,111,,8070.0,8065.585585585585,-4.41441441441475,4.41441441441475,895.28,-42.4
40,72,112,,8081.0,8096.25,15.25,15.25,906.78,-34.08
41,71,112,,8178.0,8186.785714285715,8.785714285714675,8.785714285714675,916.92,-45.01
42,70,112,,8291.0,8299.464285714286,8.464285714286234,8.464285714286234,929.54,-58.41
43,69,112,,8353.6217,8356.517857142857,2.8961571428571915,2.8961571428571915,935.93,-65.58
44,68,112,,8439.2431,8439.19642857143,-0.04667142857033468,0.04667142857033468,945.19,-75.62
45,67,112,,8468.8666,8469.017857142857,0.1512571428575029,0.1512571428575029,948.53,-79.75
46,66,112,,8520.7205,8519.464285714286,-1.256214285713213,1.256214285713213,954.18,-86.18
47,65,112,,8516.0807,8516.69642857143,0.6157285714289173,0.6157285714289173,953.87,-86.65
48,64,112,,8544.7306,8541.42857142857,-3.302028571430128,3.302028571430128,956.64,-90.2
49,63,112,,8514.6674,8514.375,-0.29240000000027067,0.29240000000027067,953.61,-87.96
50,62,112,,8513.6189,8513.30357142857,-0.31532857142883586,0.31532857142883586,953.49,-88.62
51,61,112,,8443.633,8440.982142857143,-2.650857142856694,2.650857142856694,945.39,-81.31
52,60,112,,8400.6527,8394.017857142857,-6.634842857143667,6.634842857143667,940.13,-76.82
53,59,112,,8299.8801,8298.75,-1.1301000000003114,1.1301000000003114,929.46,-66.94
54,58,112,,8230.0646,8225.0,-5.0645999999997,5.0645999999997,921.2,-59.46
55,57,112,,8102.0,8098.660714285715,-3.3392857142853245,3.3392857142853245,907.05,-46.09
40,73,113,,8027.0,8040.0,13.0,13.0,908.52,-27.75
41,72,113,,8143.0,8151.858407079646,8.858407079645986,8.858407079645986,921.16,-41.18
42,71,113,,8246.0,8253.274336283186,7.2743362831861305,7.2743362831861305,932.62,-53.42
43,70,113,,8329.4652,8333.274336283186,3.8091362831855804,3.8091362831855804,941.66,-63.24
44,69,113,,8402.6857,8404.690265486726,2.0045654867262783,2.0045654867262783,949.73,-72.1
45,68,113,,8456.8165,8456.017699115044,-0.7988008849570178,0.7988008849570178,955.53,-78.67
46,67,113,,8492.5795,8494.247787610619,1.6682876106187905,1.6682876106187905,959.85,-83.78
47,66,113,,8516.066,8515.398230088496,-0.6677699115043652,0.6677699115043652,962.24,-86.95
48,65,113,,8526.9874,8524.336283185841,-2.6511168141587405,2.6511168141587405,963.25,-88.74
49,64,113,,8522.9297,8523.53982300885,0.6101230088497687,0.6101230088497687,963.16,-89.43
50,63,113,,8506.8117,8506.637168141593,-0.1745318584071356,0.1745318584071356,961.25,-88.31
51,62,113,,8465.2762,8461.150442477876,-4.1257575221243314,4.1257575221243314,956.11,-83.96
52,61,113,,8404.6366,8401.681415929204,-2.9551840707954398,2.9551840707954398,949.39,-78.02
53,60,113,,8333.7528,8331.681415929204,-2.0713840707958298,2.0713840707958298,941.48,-70.89
54,59,113,,8247.9277,8245.132743362832,-2.7949566371680703,2.7949566371680703,931.7,-61.88
55,58,113,,8148.623,8146.283185840708,-2.3398141592915636,2.3398141592915636,920.53,-51.49
56,57,113,,8035.0,8029.8230088495575,-5.176991150442518,5.176991150442518,907.37,-39.13
41,73,114,,8097.0,8102.894736842105,5.894736842104976,5.894736842104976,923.73,-35.67
42,72,114,,8219.0,8225.61403508772,6.614035087719458,6.614035087719458,937.72,-50.44
43,71,114,,8290.2599,8295.0,4.7401000000008935,4.7401000000008935,945.63,-59.14
44,70,114,,8385.3351,8387.894736842105,2.5596368421047373,2.5596368421047373,956.22,-70.51
45,69,114,,8426.6221,8426.929824561403,0.3077245614022104,0.3077245614022104,960.67,-75.74
46,68,114,,8488.0056,8489.035087719298,1.0294877192973217,1.0294877192973217,967.75,-83.6
47,67,114,,8493.7786,8496.052631578947,2.2740315789469605,2.2740315789469605,968.55,-85.19
48,66,114,,8531.5135,8528.421052631578,-3.092447368420835,3.092447368420835,972.24,-89.67
49,65,114,,8511.9742,8512.719298245614,0.7450982456139172,0.7450982456139172,970.45,-88.65
50,64,114,,8522.5671,8521.666666666666,-0.9004333333341492,0.9004333333341492,971.47,-90.45
51,63,114,,8462.5191,8459.473684210527,-3.045415789472827,3.045415789472827,964.38,-84.15
52,62,114,,8432.7885,8428.684210526315,-4.10428947368564,4.10428947368564,960.87,-81.42
53,61,114,,8344.779,8345.087719298246,0.30871929824570543,0.30871929824570543,951.34,-72.67
54,60,114,,8289.2054,8284.298245614034,-4.907154385966351,4.907154385966351,944.41,-66.53
55,59,114,,8173.5711,8172.982456140351,-0.5886438596489825,0.5886438596489825,931.72,-54.62
56,58,114,,8089.6865,8084.035087719299,-5.651412280701152,5.651412280701152,921.58,-45.26
41,74,115,,8061.0,8071.478260869565,10.47826086956502,10.47826086956502,928.22,-32.1
42,73,115,,8173.0,8181.304347826087,8.304347826086996,8.304347826086996,940.85,-45.51
43,72,115,,8264.0,8269.652173913044,5.652173913043953,5.652173913043953,951.01,-56.45
44,71,115,,8346.814,8350.434782608696,3.620782608695663,3.620782608695663,960.3,-66.53
45,70,115,,8410.6538,8411.304347826086,0.65054782608604,0.65054782608604,967.3,-74.3
46,69,115,,8457.7342,8460.434782608696,2.7005826086951856,2.7005826086951856,972.95,-80.74
47,68,115,,8490.5553,8491.565217391304,1.0099173913040431,1.0099173913040431,976.53,-85.1
48,67,115,,8510.7252,8508.95652173913,-1.768678260870729,1.768678260870729,978.53,-87.88
49,66,115,,8516.5472,8516.521739130434,-0.025460869566813926,0.025460869566813926,979.4,-89.54
50,65,115,,8514.0702,8511.217391304348,-2.8528086956521292,2.8528086956521292,978.79,-89.7
51,64,115,,8480.9156,8476.08695652174,-4.8286434782603465,4.8286434782603465,974.75,-86.45
52,63,115,,8431.1504,8430.869565217392,-0.28083478260850825,0.28083478260850825,969.55,-82.03
53,62,115,,8374.5651,8372.608695652174,-1.95640434782581,1.95640434782581,962.85,-76.11
54,61,115,,8300.9704,8300.260869565218,-0.7095304347822093,0.7095304347822093,954.53,-68.57
55,60,115,,8216.0,8214.08695652174,-1.9130434782600787,1.9130434782600787,944.62,-59.45
56,59,115,,8116.0,8113.130434782609,-2.8695652173910275,2.8695652173910275,933.01,-48.62
41,75,116,,8012.0,8026.810344827586,14.81034482758605,14.81034482758605,931.11,-26.91
42,74,116,,8143.0,8153.448275862069,10.44827586206884,10.44827586206884,945.8,-42.38
43,73,116,,8223.0,8230.086206896553,7.0862068965525395,7.0862068965525395,954.69,-52.06
44,72,116,,8326.884,8330.344827586207,3.4608275862065057,3.4608275862065057,966.32,-64.47
45,71,116,,8377.6123,8379.48275862069,1.8704586206895328,1.8704586206895328,972.02,-70.95
46,70,116,,8449.2755,8450.086206896553,0.8107068965528015,0.8107068965528015,980.21,-79.93
47,69,116,,8465.9073,8469.310344827587,3.4030448275862,3.4030448275862,982.44,-82.93
48,68,116,,8512.3511,8509.655172413793,-2.6959275862063805,2.6959275862063805,987.12,-88.4
49,67,116,,8501.6177,8502.155172413793,0.5374724137927842,0.5374724137927842,986.25,-88.31
50,66,116,,8523.1166,8522.413793103447,-0.7028068965519196,0.7028068965519196,988.6,-91.45
51,65,116,,8475.8208,8473.362068965518,-2.4587310344813886,2.4587310344813886,982.91,-86.54
52,64,116,,8455.6435,8451.896551724138,-3.746948275862451,3.746948275862451,980.42,-84.83
53,63,116,,8381.2858,8381.724137931034,0.43833793103476637,0.43833793103476637,972.28,-77.48
54,62,116,,8336.8365,8334.224137931034,-2.6123620689650124,2.6123620689650124,966.77,-72.74
55,61,116,,8235.0,8236.551724137931,1.55172413793116,1.55172413793116,955.44,-62.2
56,60,116,,8162.0,8162.068965517241,0.06896551724094024,0.06896551724094024,946.8,-54.34
57,59,116,,8032.0,8036.379310344828,4.3793103448279,4.3793103448279,932.22,-40.54
42,75,117,,8096.0,8109.65811965812,13.658119658120086,13.658119658120086,948.83,-37.35
43,74,117,,8195.0,8203.076923076924,8.076923076923777,8.076923076923777,959.76,-49.06
44,73,117,,8285.5625,8291.28205128205,5.719551282050816,5.719551282050816,970.08,-60.16
45,72,117,,8359.2766,8360.34188034188,1.0652803418815893,1.0652803418815893,978.16,-69.02
46,71,117,,8416.9243,8418.888888888889,1.9645888888881018,1.9645888888881018,985.01,-76.65
47,70,117,,8459.4515,8460.08547008547,0.6339700854714465,0.6339700854714465,989.83,-82.26
48,69,117,,8488.974,8487.948717948719,-1.025282051281465,1.025282051281465,993.09,-86.29
49,68,117,,8503.8653,8504.700854700855,0.835554700855937,0.835554700855937,995.05,-89.04
50,67,117,,8509.612,8508.290598290598,-1.3214017094014707,1.3214017094014707,995.47,-90.24
51,66,117,,8487.8981,8485.641025641025,-2.2570743589749327,2.2570743589749327,992.82,-88.38
52,65,117,,8450.9203,8450.25641025641,-0.663889743589607,0.663889743589607,988.68,-85.01
53,64,117,,8404.4307,8404.358974358975,-0.07172564102620527,0.07172564102620527,983.31,-80.43
54,63,117,,8344.2976,8344.188034188035,-0.1095658119647851,0.1095658119647851,976.27,-74.18
55,62,117,,8271.8652,8271.709401709402,-0.15579829059788608,0.15579829059788608,967.79,-66.48
56,61,117,,8187.9546,8186.068376068376,-1.8862239316240448,1.8862239316240448,957.77,-57.24
57,60,117,,8086.0,8087.350427350428,1.350427350427708,1.350427350427708,946.22,-46.47
42,76,118,,8067.0,8081.440677966101,14.440677966101248,14.440677966101248,953.61,-34.05
43,75,118,,8153.0,8162.28813559322,9.288135593220431,9.288135593220431,963.15,-44.37
44,74,118,,8263.0,8269.237288135593,6.2372881355931895,6.2372881355931895,975.77,-57.78
45,73,118,,8322.8539,8326.440677966102,3.5867779661020904,3.5867779661020904,982.52,-65.31
46,72,118,,8405.2197,8405.50847457627,0.2887745762709528,0.2887745762709528,991.85,-75.42
47,71,118,,8433.89,8433.64406779661,-0.24593220339011168,0.24593220339011168,995.17,-79.53
48,70,118,,8487.835,8483.983050847457,-3.851949152542147,3.851949152542147,1001.11,-86.25
49,69,118,,8485.667,8488.22033898305,2.5533389830507076,2.5533389830507076,1001.61,-87.53
50,68,118,,8516.5341,8515.593220338984,-0.9408796610168793,0.9408796610168793,1004.84,-91.54
51,67,118,,8478.9156,8479.322033898305,0.40643389830438537,0.40643389830438537,1000.56,-88.05
52,66,118,,8469.697,8466.440677966102,-3.256322033897959,3.256322033897959,999.04,-87.31
53,65,118,,8406.1203,8408.898305084746,2.7780050847450184,2.7780050847450184,992.25,-81.29
54,64,118,,8374.9819,8372.627118644068,-2.354781355932573,2.354781355932573,987.97,-77.8
55,63,118,,8286.4053,8288.050847457627,1.6455474576268898,1.6455474576268898,977.99,-68.6
56,62,118,,8227.0,8227.627118644068,0.6271186440681049,0.6271186440681049,970.86,-62.25
57,61,118,,8114.0,8117.71186440678,3.7118644067795685,3.7118644067795685,957.89,-50.07
42,77,119,,8019.0,8033.781512605042,14.781512605041826,14.781512605041826,956.02,-28.39
43,76,119,,8126.0,8135.546218487395,9.546218487394981,9.546218487394981,968.13,-41.29
44,75,119,,8220.0,8230.0,10.0,10.0,979.37,-53.31
45,74,119,,8303.3953,8305.210084033613,1.8147840336132504,1.8147840336132504,988.32,-63.04
46,73,119,,8368.9594,8371.680672268907,2.7212722689073416,2.7212722689073416,996.23,-71.73
47,72,119,,8423.2126,8421.26050420168,-1.9520957983204426,1.9520957983204426,1002.13,-78.41
48,71,119,,8461.4381,8459.0756302521,-2.362469747899013,2.362469747899013,1006.63,-83.7
49,70,119,,8486.1387,8487.142857142857,1.0041571428573661,1.0041571428573661,1009.97,-87.82
50,69,119,,8499.4494,8499.83193277311,0.38253277311014244,0.38253277311014244,1011.48,-90.12
51,68,119,,8487.9218,8487.731092436974,-0.1907075630260806,0.1907075630260806,1010.04,-89.45
52,67,119,,8462.0785,8462.773109243697,0.6946092436974141,0.6946092436974141,1007.07,-87.27
53,66,119,,8426.8924,8426.638655462184,-0.2537445378166012,0.2537445378166012,1002.77,-83.75
54,65,119,,8378.442,8378.823529411764,0.3815294117648591,0.3815294117648591,997.08,-78.84
55,64,119,,8317.3347,8316.72268907563,-0.612010924369315,0.612010924369315,989.69,-72.23
56,63,119,,8245.9287,8244.453781512606,-1.4749184873944614,1.4749184873944614,981.09,-64.41
57,62,119,,8159.0,8160.0,1.0,1.0,971.04,-55.15
58,61,119,,8058.0,8061.09243697479,3.092436974789962,3.092436974789962,959.27,-44.16
43,77,120,,8083.0,8096.166666666667,13.16666666666697,13.16666666666697,971.54,-36.62
44,76,120,,8199.0,8206.916666666666,7.91666666666606,7.91666666666606,984.83,-50.69
45,75,120,,8266.0,8270.25,4.25,4.25,992.43,-59.08
46,74,120,,8357.0817,8356.25,-0.8317000000006374,0.8317000000006374,1002.75,-70.18
47,73,120,,8395.3281,8393.416666666666,-1.9114333333345712,1.9114333333345712,1007.21,-75.42
48,72,120,,8458.024,8453.916666666666,-4.107333333333372,4.107333333333372,1014.47,-83.47
49,71,120,,8466.2575,8468.666666666666,2.4091666666663514,2.4091666666663514,1016.24,-86.02
50,70,120,,8504.488,8504.5,0.012000000000625732,0.012000000000625732,1020.54,-91.1
51,69,120,,8475.63,8477.25,1.6200000000008004,1.6200000000008004,1017.27,-88.61
52,68,120,,8476.9857,8475.416666666666,-1.5690333333332092,1.5690333333332092,1017.05,-89.18
53,67,120,,8423.6745,8426.583333333334,2.908833333334769,2.908833333334769,1011.19,-84.1
54,66,120,,8404.0322,8402.5,-1.5321999999996478,1.5321999999996478,1008.3,-81.99
55,65,120,,8328.4811,8329.0,0.5188999999991211,0.5188999999991211,999.48,-73.95
56,64,120,,8280.2949,8278.25,-2.04490000000078,2.04490000000078,993.39,-68.64
57,63,120,,8179.0,8183.083333333333,4.08333333333303,4.08333333333303,981.97,-58.0
58,62,120,,8108.0,8109.166666666667,1.1666666666669698,1.1666666666669698,973.1,-49.92
43,78,121,,8054.0,8063.471074380165,9.471074380165192,9.471074380165192,975.68,-32.69
44,77,121,,8156.0,8165.9504132231405,9.950413223140458,9.950413223140458,988.08,-45.87
45,76,121,,8245.2397,8248.01652892562,2.776828925620066,2.776828925620066,998.01,-56.59
46,75,121,,8320.8584,8322.561983471074,1.703583471075035,1.703583471075035,1007.03,-66.39
47,74,121,,8382.3306,8381.322314049587,-1.0082859504127555,1.0082859504127555,1014.14,-74.29
48,73,121,,8430.9972,8427.190082644629,-3.807117355370792,3.807117355370792,1019.69,-80.61
49,72,121,,8463.8767,8465.123966942148,1.2472669421476894,1.2472669421476894,1024.28,-85.99
50,71,121,,8485.1964,8485.950413223141,0.754013223140646,0.754013223140646,1026.8,-89.29
51,70,121,,8482.0574,8483.305785123966,1.2483851239667274,1.2483851239667274,1026.48,-89.75
52,69,121,,8466.8641,8467.768595041322,0.9044950413208426,0.9044950413208426,1024.6,-88.65
53,68,121,,8441.4111,8440.661157024793,-0.7499429752060678,0.7499429752060678,1021.32,-86.15
54,67,121,,8403.8326,8403.388429752065,-0.4441702479343803,0.4441702479343803,1016.81,-82.43
55,66,121,,8352.9152,8354.380165289256,1.4649652892567246,1.4649652892567246,1010.88,-77.28
56,65,121,,8293.9083,8291.239669421488,-2.668630578511511,2.668630578511511,1003.24,-70.43
57,64,121,,8217.0,8217.933884297521,0.9338842975212174,0.9338842975212174,994.37,-62.33
58,63,121,,8132.0,8133.801652892562,1.8016528925618331,1.8016528925618331,984.19,-52.94
59,62,121,,8033.0,8036.611570247934,3.6115702479337415,3.6115702479337415,972.43,-41.96
43,79,122,,8011.0,8022.131147540984,11.131147540983875,11.131147540983875,978.7,-27.64
44,78,122,,8132.0,8141.639344262295,9.639344262294799,9.639344262294799,993.28,-43.0
45,77,122,,8208.0,8212.377049180328,4.377049180327958,4.377049180327958,1001.91,-52.41
46,76,122,,8305.9755,8307.04918032787,1.0736803278687148,1.0736803278687148,1013.46,-64.74
47,75,122,,8352.7591,8352.540983606557,-0.2181163934419601,0.2181163934419601,1019.01,-71.08
48,74,122,,8424.2667,8423.688524590163,-0.5781754098370584,0.5781754098370584,1027.69,-80.54
49,73,122,,8442.1079,8444.098360655738,1.990460655737479,1.990460655737479,1030.18,-83.82
50,72,122,,8487.8968,8488.77049180328,0.8736918032791436,0.8736918032791436,1035.63,-90.05
51,71,122,,8468.3222,8470.573770491805,2.2515704918041592,2.2515704918041592,1033.41,-88.61
52,70,122,,8478.1315,8476.311475409835,-1.8200245901643939,1.8200245901643939,1034.11,-90.1
53,69,122,,8437.0139,8438.196721311475,1.1828213114749815,1.1828213114749815,1029.46,-86.22
54,68,122,,8424.6644,8422.04918032787,-2.615219672130479,2.615219672130479,1027.49,-85.03
55,67,122,,8359.1515,8361.393442622952,2.241942622951683,2.241942622951683,1020.09,-78.41
56,66,122,,8323.7567,8322.04918032787,-1.7075196721307293,1.7075196721307293,1015.29,-74.4
57,65,122,,8235.0,8236.639344262296,1.6393442622957082,1.6393442622957082,1004.87,-64.76
58,64,122,,8174.0,8174.754098360656,0.7540983606559166,0.7540983606559166,997.32,-58.0
59,63,122,,8060.0,8067.295081967213,7.295081967213264,7.295081967213264,984.21,-45.67
44,79,123,,8089.0,8101.626016260163,12.626016260162942,12.626016260162942,996.5,-38.15
45,78,123,,8185.0,8189.268292682927,4.268292682926585,4.268292682926585,1007.28,-49.71
46,77,123,,8270.0318,8272.682926829268,2.651126829267014,2.651126829267014,1017.54,-60.76
47,76,123,,8337.9707,8337.967479674795,-0.0032203252048930153,0.0032203252048930153,1025.57,-69.57
48,75,123,,8395.3955,8395.934959349594,0.5394593495930167,0.5394593495930167,1032.7,-77.48
49,74,123,,8437.9362,8438.211382113823,0.275182113822666,0.275182113822666,1037.9,-83.47
50,73,123,,8467.2313,8468.211382113821,0.9800821138214815,0.9800821138214815,1041.59,-87.93
51,72,123,,8472.3196,8473.170731707318,0.8511317073171085,0.8511317073171085,1042.2,-89.33
52,71,123,,8465.537,8464.390243902439,-1.1467560975615925,1.1467560975615925,1041.12,-89.03
53,70,123,,8449.1896,8447.967479674795,-1.2221203252047417,1.2221203252047417,1039.1,-87.79
54,69,123,,8420.9239,8419.51219512195,-1.4117048780499317,1.4117048780499317,1035.6,-85.07
55,68,123,,8380.3796,8380.487804878048,0.10820487804812728,0.10820487804812728,1030.8,-81.06
56,67,123,,8330.2086,8330.406504065042,0.19790406504216662,0.19790406504216662,1024.64,-75.68
57,66,123,,8267.0,8267.886178861789,0.8861788617887214,0.8861788617887214,1016.95,-68.77
58,65,123,,8193.0,8194.065040650406,1.065040650406445,1.065040650406445,1007.87,-60.47
59,64,123,,8104.0,8108.373983739837,4.373983739837058,4.373983739837058,997.33,-50.72
44,80,124,,8065.0,8078.064516129032,13.0645161290322,13.0645161290322,1001.68,-35.26
45,79,124,,8148.0,8153.870967741936,5.870967741935601,5.870967741935601,1011.08,-45.44
46,78,124,,8252.0,8254.112903225807,2.1129032258068037,2.1129032258068037,1023.51,-58.65
47,77,124,,8308.8958,8308.870967741936,-0.024832258064634516,0.024832258064634516,1030.3,-66.22
48,76,124,,8387.0179,8386.693548387097,-0.32435161290413816,0.32435161290413816,1039.95,-76.66
49,75,124,,8414.3243,8415.645161290322,1.3208612903217727,1.3208612903217727,1043.54,-81.03
50,74,124,,8467.3997,8468.548387096775,1.1486870967746654,1.1486870967746654,1050.1,-88.37
51,73,124,,8456.1517,8458.145161290322,1.9934612903216475,1.9934612903216475,1048.81,-87.86
52,72,124,,8473.2705,8471.854838709678,-1.4156612903225323,1.4156612903225323,1050.51,-90.35
53,71,124,,8441.4807,8441.129032258064,-0.3516677419356711,0.3516677419356711,1046.7,-87.33
54,70,124,,8437.6138,8433.629032258064,-3.9847677419347747,3.9847677419347747,1045.77,-87.17
55,69,124,,8383.5114,8383.790322580644,0.27892258064457565,0.27892258064457565,1039.59,-81.78
56,68,124,,8355.8209,8354.59677419355,-1.2241258064514113,1.2241258064514113,1035.97,-78.94
57,67,124,,8278.2926,8280.887096774193,2.594496774192521,2.594496774192521,1026.83,-70.58
58,66,124,,8229.0,8229.354838709678,0.3548387096780061,0.3548387096780061,1020.44,-64.97
59,65,124,,8128.0,8133.629032258064,5.629032258064399,5.629032258064399,1008.57,-53.88
60,64,124,,8054.0,8057.6612903225805,3.6612903225804985,3.6612903225804985,999.15,-45.25
44,81,125,,8023.0,8041.28,18.279999999999745,18.279999999999745,1005.16,-30.67
45,80,125,,8124.0,8132.32,8.319999999999709,8.319999999999709,1016.54,-42.83
46,79,125,,8215.0,8220.64,5.639999999999418,5.639999999999418,1027.58,-54.65
47,78,125,,8293.3151,8292.8,-0.5151000000005297,0.5151000000005297,1036.6,-64.46
48,77,125,,8357.6815,8358.16,0.47849999999925785,0.47849999999925785,1044.77,-73.41
49,76,125,,8407.9365,8407.44,-0.49649999999928696,0.49649999999928696,1050.93,-80.35
50,75,125,,8445.5285,8446.32,0.7914999999993597,0.7914999999993597,1055.79,-85.99
51,74,125,,8458.1612,8458.24,0.07879999999931897,0.07879999999931897,1057.28,-88.26
52,73,125,,8458.0361,8457.68,-0.35609999999905995,0.35609999999905995,1057.21,-88.98
53,72,125,,8450.2911,8448.0,-2.2911000000003696,2.2911000000003696,1056.0,-88.55
54,71,125,,8430.939,8428.64,-2.2990000000008877,2.2990000000008877,1053.58,-86.91
55,70,125,,8399.8033,8398.24,-1.5632999999997992,1.5632999999997992,1049.78,-83.89
56,69,125,,8358.1784,8358.96,0.7815999999984342,0.7815999999984342,1044.87,-79.77
57,68,125,,8304.6438,8306.0,1.3562000000001717,1.3562000000001717,1038.25,-73.93
58,67,125,,8242.0,8243.44,1.4400000000005093,1.4400000000005093,1030.43,-66.89
59,66,125,,8167.0,8168.88,1.8800000000001091,1.8800000000001091,1021.11,-58.36
60,65,125,,8080.0,8083.12,3.119999999999891,3.119999999999891,1010.39,-48.42
45,81,126,,8087.0,8098.809523809524,11.809523809523853,11.809523809523853,1020.45,-38.67
46,80,126,,8197.0,8205.238095238094,8.238095238093592,8.238095238093592,1033.86,-52.86
47,79,126,,8261.0,8263.809523809523,2.8095238095229433,2.8095238095229433,1041.24,-61.02
48,78,126,,8346.7393,8348.333333333334,1.5940333333346643,1.5940333333346643,1051.89,-72.46
49,77,126,,8384.6067,8383.095238095239,-1.5114619047617452,1.5114619047617452,1056.27,-77.62
50,76,126,,8443.5227,8444.603174603175,1.0804746031753893,1.0804746031753893,1064.02,-86.15
51,75,126,,8440.3136,8441.269841269841,0.9562412698414846,0.9562412698414846,1063.6,-86.51
52,74,126,,8463.2397,8462.777777777777,-0.46192222222271084,0.46192222222271084,1066.31,-90.01
53,73,126,,8439.9379,8436.269841269841,-3.668058730159828,3.668058730159828,1062.97,-87.45
54,72,126,,8443.5375,8440.79365079365,-2.7438492063502053,2.7438492063502053,1063.54,-88.8
55,71,126,,8399.2673,8397.698412698413,-1.5688873015860736,1.5688873015860736,1058.11,-84.15
56,70,126,,8379.7187,8378.095238095239,-1.6234619047609158,1.6234619047609158,1055.64,-82.47
57,69,126,,8312.4268,8315.079365079366,2.652565079366468,2.652565079366468,1047.7,-75.31
58,68,126,,8273.2581,8273.174603174604,-0.08349682539483183,0.08349682539483183,1042.42,-70.81
59,67,126,,8184.0,8188.015873015873,4.015873015872785,4.015873015872785,1031.69,-60.86
60,66,126,,8122.0,8123.809523809524,1.8095238095238528,1.8095238095238528,1023.6,-53.56
61,65,126,,8008.0,8014.285714285715,6.2857142857146755,6.2857142857146755,1009.8,-40.54
45,82,127,,8060.0,8076.299212598426,16.299212598425584,16.299212598425584,1025.69,-35.83
46,81,127,,8160.0,8170.629921259843,10.629921259843286,10.629921259843286,1037.67,-48.6
47,80,127,,8244.0,8247.40157480315,3.401574803150652,3.401574803150652,1047.42,-59.13
48,79,127,,8316.8971,8319.055118110236,2.1580181102362985,2.1580181102362985,1056.52,-69.01
49,78,127,,8374.8212,8374.96062992126,0.13942992125885212,0.13942992125885212,1063.62,-76.89
50,77,127,,8420.5482,8421.023622047243,0.4754220472441375,0.4754220472441375,1069.47,-83.53
51,76,127,,8439.811,8440.07874015748,0.2677401574801479,0.2677401574801479,1071.89,-86.73
52,75,127,,8446.109,8446.456692913385,0.34769291338488983,0.34769291338488983,1072.7,-88.33
53,74,127,,8445.482,8440.629921259842,-4.852078740157594,4.852078740157594,1071.96,-88.36
54,73,127,,8434.1066,8430.787401574804,-3.3191984251952817,3.3191984251952817,1070.71,-87.9
55,72,127,,8411.5617,8409.685039370079,-1.876660629921389,1.876660629921389,1068.03,-86.0
56,71,127,,8378.456,8378.110236220473,-0.34576377952726034,0.34576377952726034,1064.02,-82.77
57,70,127,,8333.5412,8334.8031496063,1.2619496062998223,1.2619496062998223,1058.52,-78.05
58,69,127,,8280.7922,8282.677165354331,1.8849653543311433,1.8849653543311433,1051.9,-72.22
59,68,127,,8216.0,8218.110236220473,2.1102362204728706,2.1102362204728706,1043.7,-64.8
60,67,127,,8142.0,8143.622047244095,1.6220472440945741,1.6220472440945741,1034.24,-56.12
61,66,127,,8052.0,8056.062992125984,4.062992125984238,4.062992125984238,1023.12,-45.78
45,83,128,,8010.0,8021.09375,11.09375,11.09375,1026.7,-28.78
46,82,128,,8137.0,8151.171874999999,14.17187499999909,14.17187499999909,1043.35,-46.21
47,81,128,,8211.0,8216.875,5.875,5.875,1051.76,-55.4
48,80,128,,8303.2367,8307.96875,4.732050000000527,4.732050000000527,1063.42,-67.84
49,79,128,,8351.4361,8349.0625,-2.373600000000806,2.373600000000806,1068.68,-73.89
50,78,128,,8416.9749,8417.34375,0.36885000000074797,0.36885000000074797,1077.42,-83.41
51,77,128,,8420.7724,8421.640625,0.8682250000001659,0.8682250000001659,1077.97,-84.74
52,76,128,,8448.7536,8448.828125,0.07452499999999418,0.07452499999999418,1081.45,-89.01
53,75,128,,8432.8309,8429.765625,-3.065275000000838,3.065275000000838,1079.01,-87.35
54,74,128,,8443.3008,8438.75,-4.550800000000891,4.550800000000891,1080.16,-89.28
55,73,128,,8406.4953,8406.25,-0.24530000000049768,0.24530000000049768,1076.0,-85.9
56,72,128,,8395.9878,8393.59375,-2.3940500000007887,2.3940500000007887,1074.38,-85.07
57,71,128,,8337.1904,8339.375,2.1846000000005006,2.1846000000005006,1067.44,-78.91
58,70,128,,8306.9259,8306.71875,-0.20715000000018335,0.20715000000018335,1063.26,-75.51
59,69,128,,8228.9141,8232.5,3.585900000000038,3.585900000000038,1053.76,-66.79
60,68,128,,8177.0,8178.437499999999,1.4374999999990905,1.4374999999990905,1046.84,-60.65
61,67,128,,8075.0,8080.703124999999,5.7031249999990905,5.7031249999990905,1034.33,-48.92
62,66,128,,7998.0,8000.703124999999,2.7031249999990905,2.7031249999990905,1024.09,-39.46
46,83,129,,8086.0,8097.906976744187,11.906976744186977,11.906976744186977,1044.63,-39.42
47,82,129,,8188.0,8198.29457364341,10.294573643410331,10.294573643410331,1057.58,-53.15
48,81,129,,8269.5311,8278.062015503876,8.530915503875804,8.530915503875804,1067.87,-64.22
49,80,129,,8338.759,8339.84496124031,1.0859612403091887,1.0859612403091887,1075.84,-72.98
50,79,129,,8392.8161,8392.713178294574,-0.10292170542561507,0.10292170542561507,1082.66,-80.57
51,78,129,,8418.0598,8418.29457364341,0.23477364340942586,0.23477364340942586,1085.96,-84.67
52,77,129,,8430.4098,8430.852713178294,0.4429131782944751,0.4429131782944751,1087.58,-87.06
53,76,129,,8435.9908,8433.798449612403,-2.192350387596889,2.192350387596889,1087.96,-88.22
54,75,129,,8431.3904,8427.829457364342,-3.560942635658648,3.560942635658648,1087.19,-88.24
55,74,129,,8416.0465,8413.410852713178,-2.6356472868228593,2.6356472868228593,1085.33,-87.16
56,73,129,,8391.0811,8390.77519379845,-0.3059062015490781,0.3059062015490781,1082.41,-85.02
57,72,129,,8356.0449,8354.883720930233,-1.161179069767968,1.161179069767968,1077.78,-81.17
58,71,129,,8310.9411,8311.70542635659,0.7643263565896632,0.7643263565896632,1072.21,-76.38
59,70,129,,8254.3808,8257.209302325582,2.828502325581212,2.828502325581212,1065.18,-70.14
60,69,129,,8191.0,8193.255813953489,2.2558139534885413,2.2558139534885413,1056.93,-62.67
61,68,129,,8114.0,8116.511627906977,2.5116279069770826,2.5116279069770826,1047.03,-53.55
62,67,129,,8023.0,8026.511627906978,3.511627906977992,3.511627906977992,1035.42,-42.73
46,84,130,,8046.0,8059.461538461538,13.461538461538112,13.461538461538112,1047.73,-34.45
47,83,130,,8142.0,8149.615384615385,7.615384615384755,7.615384615384755,1059.45,-46.95
48,82,130,,8252.5868,8263.692307692309,11.105507692309402,11.105507692309402,1074.28,-62.56
49,81,130,,8314.176,8313.384615384615,-0.7913846153842314,0.7913846153842314,1080.74,-69.8
50,80,130,,8386.817,8387.0,0.18300000000090222,0.18300000000090222,1090.31,-80.15
51,79,130,,8397.3641,8398.384615384615,1.020515384614555,1.020515384614555,1091.79,-82.42
52,78,130,,8430.3251,8433.846153846154,3.5210538461542455,3.5210538461542455,1096.4,-87.81
53,77,130,,8421.1011,8420.538461538461,-0.5626384615388815,0.5626384615388815,1094.67,-86.87
54,76,130,,8437.7314,8432.0,-5.731400000000576,5.731400000000576,1096.16,-89.14
55,75,130,,8408.7848,8406.846153846154,-1.938646153845184,1.938646153845184,1092.89,-86.64
56,74,130,,8405.513,8403.461538461539,-2.0514615384618082,2.0514615384618082,1092.45,-86.99
57,73,130,,8356.1919,8356.23076923077,0.03886923076970561,0.03886923076970561,1086.31,-81.64
58,72,130,,8333.2164,8331.307692307691,-1.9087076923078712,1.9087076923078712,1083.07,-79.17
59,71,130,,8263.7565,8266.461538461539,2.705038461539516,2.705038461539516,1074.64,-71.53
60,70,130,,8222.5136,8222.23076923077,-0.2828307692307135,0.2828307692307135,1068.89,-66.56
61,69,130,,8131.0,8136.2307692307695,5.230769230769511,5.230769230769511,1057.71,-56.16
62,68,130,,8065.0,8067.384615384615,2.3846153846152447,2.3846153846152447,1048.76,-47.99
63,67,130,,7950.0,7956.2307692307695,6.230769230769511,6.230769230769511,1034.31,-34.33
46,85,131,,7993.0,8003.053435114504,10.053435114504282,10.053435114504282,1048.4,-27.04
47,84,131,,8102.0,8111.297709923664,9.297709923664115,9.297709923664115,1062.58,-42.01
48,83,131,,8206.1204,8214.885496183206,8.76509618320597,8.76509618320597,1076.15,-56.36
49,82,131,,8297.9544,8298.24427480916,0.28987480915930064,0.28987480915930064,1087.07,-68.06
50,81,131,,8362.5183,8359.923664122138,-2.594635877861947,2.594635877861947,1095.15,-76.92
51,80,131,,8392.5525,8393.511450381679,0.9589503816787328,0.9589503816787328,1099.55,-82.11
52,79,131,,8411.2339,8413.740458015267,2.5065580152677285,2.5065580152677285,1102.2,-85.54
53,78,131,,8422.2977,8422.290076335878,-0.007623664121638285,0.007623664121638285,1103.32,-87.44
54,77,131,,8423.7367,8420.91603053435,-2.820669465649189,2.820669465649189,1103.14,-88.04
55,76,131,,8415.0317,8410.687022900764,-4.344677099235923,4.344677099235923,1101.8,-87.48
56,75,131,,8398.5511,8396.259541984733,-2.291558015267583,2.291558015267583,1099.91,-86.38
57,74,131,,8370.3676,8368.473282442748,-1.89431755725127,1.89431755725127,1096.27,-83.52
58,73,131,,8333.3969,8333.20610687023,-0.19079312977009977,0.19079312977009977,1091.65,-79.68
59,72,131,,8286.1439,8286.030534351145,-0.11336564885459666,0.11336564885459666,1085.47,-74.28
60,71,131,,8230.3045,8231.526717557252,1.222217557251497,1.222217557251497,1078.33,-67.93
61,70,131,,8163.0,8166.259541984733,3.259541984733005,3.259541984733005,1069.78,-60.16
62,69,131,,8085.0,8088.396946564885,3.3969465648851838,3.3969465648851838,1059.58,-50.75
63,68,131,,7996.0,7998.396946564885,2.3969465648851838,2.3969465648851838,1047.79,-39.74
47,85,132,,8053.0,8059.242424242424,6.242424242424022,6.242424242424022,1063.82,-35.17
48,84,132,,8169.1421,8180.909090909091,11.766990909090964,11.766990909090964,1079.88,-52.02
49,83,132,,8253.7162,8254.39393939394,0.6777393939391914,0.6777393939391914,1089.58,-62.5
50,82,132,,8354.8726,8350.227272727272,-4.645327272728537,4.645327272728537,1102.23,-75.94
51,81,132,,8372.3452,8370.151515151516,-2.1936848484838265,2.1936848484838265,1104.86,-79.34
52,80,132,,8408.4859,8414.242424242424,5.756524242424348,5.756524242424348,1110.68,-85.95
53,79,132,,8406.4628,8408.030303030304,1.5675030303045787,1.5675030303045787,1109.86,-85.91
54,78,132,,8427.6229,8424.772727272728,-2.8501727272723656,2.8501727272723656,1112.07,-88.9
55,77,132,,8405.5878,8402.272727272728,-3.3150727272713993,3.3150727272713993,1109.1,-86.72
56,76,132,,8409.3747,8403.863636363636,-5.51106363636427,5.51106363636427,1109.31,-87.71
57,75,132,,8367.7559,8365.833333333334,-1.922566666666171,1.922566666666171,1104.29,-83.47
58,74,132,,8352.3223,8350.151515151516,-2.1707848484838905,2.1707848484838905,1102.22,-82.18
59,73,132,,8291.5377,8292.19696969697,0.6592696969692042,0.6592696969692042,1094.57,-75.32
60,72,132,,8256.8104,8255.0,-1.8104000000002998,1.8104000000002998,1089.66,-71.19
61,71,132,,8177.0,8180.757575757576,3.757575757575978,3.757575757575978,1079.86,-62.17
62,70,132,,8122.0,8123.181818181818,1.1818181818180165,1.1818181818180165,1072.26,-55.35
63,69,132,,8018.0,8024.621212121212,6.621212121212011,6.621212121212011,1059.25,-43.12
47,86,133,,8013.0,8018.421052631579,5.421052631579187,5.421052631579187,1066.45,-29.74
48,85,133,,8121.0,8128.571428571428,7.5714285714284415,7.5714285714284415,1081.1,-45.17
49,84,133,,8217.0,8220.827067669174,3.82706766917363,3.82706766917363,1093.37,-58.22
50,83,133,,8310.089,8306.24060150376,-3.8483984962404065,3.8483984962404065,1104.73,-70.36
51,82,133,,8364.7302,8360.827067669174,-3.903132330826338,3.903132330826338,1111.99,-78.4
52,81,133,,8389.0255,8391.203007518798,2.1775075187979382,2.1775075187979382,1116.03,-83.22
53,80,133,,8405.0993,8407.819548872181,2.7202488721814007,2.7202488721814007,1118.24,-86.22
54,79,133,,8412.6477,8412.406015037594,-0.2416849624059978,0.2416849624059978,1118.85,-87.61
55,78,133,,8409.9786,8407.518796992481,-2.45980300751944,2.45980300751944,1118.2,-87.74
56,77,133,,8400.2059,8395.488721804511,-4.717178195489396,4.717178195489396,1116.6,-86.93
57,76,133,,8378.8415,8375.864661654135,-2.9768383458649623,2.9768383458649623,1113.99,-85.1
58,75,133,,8349.8301,8348.12030075188,-1.7097992481194524,1.7097992481194524,1110.3,-82.19
59,74,133,,8310.2588,8309.172932330826,-1.0858676691732398,1.0858676691732398,1105.12,-77.8
60,73,133,,8262.232,8262.03007518797,-0.20192481203048374,0.20192481203048374,1098.85,-72.3
61,72,133,,8204.2841,8205.263157894737,0.9790578947358881,0.9790578947358881,1091.3,-65.54
62,71,133,,8137.0,8138.571428571428,1.5714285714284415,1.5714285714284415,1082.43,-57.45
63,70,133,,8056.0,8060.6766917293235,4.6766917293234656,4.6766917293234656,1072.07,-47.87
64,69,133,,7966.0,7969.774436090225,3.7744360902252083,3.7744360902252083,1059.98,-36.57
48,86,134,,8086.0,8091.865671641791,5.865671641790868,5.865671641790868,1084.31,-40.31
49,85,134,,8173.0,8172.910447761194,-0.08955223880639096,0.08955223880639096,1095.17,-51.95
50,84,134,,8275.1719,8276.791044776119,1.6191447761193558,1.6191447761193558,1109.09,-66.65
51,83,134,,8325.9398,8322.462686567163,-3.4771134328366315,3.4771134328366315,1115.21,-73.56
52,82,134,,8383.6442,8386.34328358209,2.6990835820888606,2.6990835820888606,1123.77,-82.9
53,81,134,,8389.0722,8389.701492537313,0.6292925373127218,0.6292925373127218,1124.22,-84.13
54,80,134,,8413.6994,8416.865671641792,3.166271641792264,3.166271641792264,1127.86,-88.55
55,79,134,,8398.647,8397.985074626866,-0.6619253731350909,0.6619253731350909,1125.33,-86.81
56,78,134,,8408.1731,8403.65671641791,-4.516383582089475,4.516383582089475,1126.09,-88.34
57,77,134,,8374.4888,8370.820895522387,-3.6679044776119554,3.6679044776119554,1121.69,-84.73
58,76,134,,8365.7716,8361.567164179105,-4.204435820895014,4.204435820895014,1120.45,-84.27
59,75,134,,8312.8817,8311.34328358209,-1.5384164179104118,1.5384164179104118,1113.72,-78.32
60,74,134,,8285.5391,8283.58208955224,-1.9570104477606947,1.9570104477606947,1110.0,-75.38
61,73,134,,8213.4131,8214.701492537313,1.2883925373134844,1.2883925373134844,1100.77,-66.94
62,72,134,,8167.0,8167.537313432836,0.5373134328356173,0.5373134328356173,1094.45,-61.4
63,71,134,,8075.0,8080.298507462687,5.298507462686757,5.298507462686757,1082.76,-50.49
64,70,134,,8008.0,8010.895522388059,2.895522388059362,2.895522388059362,1073.46,-41.98
48,87,135,,8036.0,8039.407407407408,3.4074074074078453,3.4074074074078453,1085.32,-33.25
49,86,135,,8136.0,8136.37037037037,0.37037037037043774,0.37037037037043774,1098.41,-47.11
50,85,135,,8230.6877,8228.962962962964,-1.7247370370369026,1.7247370370369026,1110.91,-60.4
51,84,135,,8291.9894,8292.962962962964,0.9735629629631148,0.9735629629631148,1119.55,-69.82
52,83,135,,8345.7384,8348.148148148148,2.409748148147628,2.409748148147628,1127.0,-78.06
53,82,135,,8384.7609,8385.111111111111,0.350211111112003,0.350211111112003,1131.99,-83.83
54,81,135,,8398.4783,8399.185185185184,0.7068851851836371,0.7068851851836371,1133.89,-86.51
55,80,135,,8401.3393,8402.888888888889,1.5495888888890477,1.5495888888890477,1134.39,-87.79
56,79,135,,8397.5345,8394.296296296296,-3.23820370370413,3.23820370370413,1133.23,-87.41
57,78,135,,8382.7972,8378.962962962964,-3.834237037037383,3.834237037037383,1131.16,-86.12
58,77,135,,8361.9861,8358.0,-3.9861000000000786,3.9861000000000786,1128.33,-84.08
59,76,135,,8328.9284,8325.481481481482,-3.4469185185189417,3.4469185185189417,1123.94,-80.47
60,75,135,,8288.1536,8286.37037037037,-1.7832296296292043,1.7832296296292043,1118.66,-75.97
61,74,135,,8236.7933,8235.555555555555,-1.2377444444446155,1.2377444444446155,1111.8,-69.9
62,73,135,,8177.627,8177.777777777777,0.1507777777769661,0.1507777777769661,1104.0,-62.88
63,72,135,,8107.0,8110.0,3.0,3.0,1094.85,-54.51
64,71,135,,8028.0,8031.777777777777,3.7777777777773736,3.7777777777773736,1084.29,-44.73
65,70,135,,7939.0,7943.259259259259,4.2592592592591245,4.2592592592591245,1072.34,-33.56
49,87,136,,8091.0,8088.308823529412,-2.691176470588289,2.691176470588289,1100.01,-40.64
50,86,136,,8197.0,8196.39705882353,-0.6029411764702672,0.6029411764702672,1114.71,-56.13
51,85,136,,8252.2533,8249.70588235294,-2.547417647059774,2.547417647059774,1121.96,-64.16
52,84,136,,8319.4301,8323.676470588236,4.246370588236459,4.246370588236459,1132.02,-75.0
53,83,136,,8351.3242,8351.176470588236,-0.1477294117630663,0.1477294117630663,1135.76,-79.53
54,82,136,,8396.1889,8399.338235294117,3.1493352941179182,3.1493352941179182,1142.31,-86.86
55,81,136,,8389.7723,8389.779411764706,0.007111764705769019,0.007111764705769019,1141.01,-86.34
56,80,136,,8402.7566,8403.60294117647,0.8463411764696502,0.8463411764696502,1142.89,-89.0
57,79,136,,8376.0512,8373.382352941177,-2.668847058823303,2.668847058823303,1138.78,-85.68
58,78,136,,8373.7624,8368.60294117647,-5.159458823529349,5.159458823529349,1138.13,-85.81
59,77,136,,8330.0089,8326.470588235294,-3.538311764707032,3.538311764707032,1132.4,-80.86
60,76,136,,8308.5127,8304.191176470587,-4.321523529411934,4.321523529411934,1129.37,-78.61
61,75,136,,8243.7207,8243.676470588236,-0.04422941176380846,0.04422941176380846,1121.14,-71.16
62,74,136,,8205.9165,8203.382352941177,-2.534147058822782,2.534147058822782,1115.66,-66.46
63,73,136,,8122.0,8125.661764705882,3.6617647058819784,3.6617647058819784,1105.09,-56.68
64,72,136,,8064.0,8066.10294117647,2.1029411764702672,2.1029411764702672,1096.99,-49.36
65,71,136,,7961.0,7968.60294117647,7.602941176470267,7.602941176470267,1083.73,-36.88
49,88,137,,8053.0,8050.875912408759,-2.124087591240823,2.124087591240823,1102.97,-35.54
50,87,137,,8152.0,8148.175182481752,-3.8248175182479827,3.8248175182479827,1116.3,-49.65
51,86,137,,8218.4764,8218.102189781022,-0.37421021897716855,0.37421021897716855,1125.88,-60.01
52,85,137,,8280.2357,8280.7299270073,0.49422700730065117,0.49422700730065117,1134.46,-69.37
53,84,137,,8326.0033,8327.664233576643,1.660933576642492,1.660933576642492,1140.89,-76.58
54,83,137,,8364.2865,8366.423357664233,2.1368576642325934,2.1368576642325934,1146.2,-82.68
55,82,137,,8388.9581,8390.583941605839,1.625841605839014,1.625841605839014,1149.51,-86.77
56,81,137,,8391.8288,8391.678832116788,-0.14996788321150234,0.14996788321150234,1149.66,-87.7
57,80,137,,8381.8807,8381.897810218978,0.01711021897790488,0.01711021897790488,1148.32,-87.15
58,79,137,,8367.2497,8363.795620437957,-3.454079562043262,3.454079562043262,1145.84,-85.45
59,78,137,,8341.7074,8337.299270072992,-4.408129927007394,4.408129927007394,1142.21,-82.6
60,77,137,,8309.5892,8305.766423357663,-3.822776642336976,3.822776642336976,1137.89,-79.06
61,76,137,,8263.6516,8262.335766423357,-1.315833576642035,1.315833576642035,1131.94,-73.89
62,75,137,,8213.5527,8212.262773722628,-1.2899262773717055,1.2899262773717055,1125.08,-67.81
63,74,137,,8150.5738,8152.481751824817,1.9079518248172462,1.9079518248172462,1116.89,-60.41
64,73,137,,8080.0,8082.992700729927,2.9927007299265824,2.9927007299265824,1107.37,-51.67
65,72,137,,7999.0,8003.868613138686,4.86861313868576,4.86861313868576,1096.53,-41.61
50,88,138,,8118.0,8114.782608695652,-3.2173913043479843,3.2173913043479843,1119.84,-45.11
51,87,138,,8178.0,8174.130434782609,-3.8695652173910275,3.8695652173910275,1128.03,-54.09
52,86,138,,8252.5786,8253.04347826087,0.46487826086922723,0.46487826086922723,1138.92,-65.76
53,85,138,,8292.445,8289.710144927536,-2.734855072463688,2.734855072463688,1143.98,-71.6
54,84,138,,8344.6913,8346.449275362318,1.7579753623176657,1.7579753623176657,1151.81,-80.21
55,83,138,,8360.1437,8362.246376811594,2.102676811593483,2.102676811593483,1153.99,-83.17
56,82,138,,8393.4222,8396.521739130434,3.099539130433186,3.099539130433186,1158.72,-88.69
57,81,138,,8375.0835,8375.289855072464,0.20635507246333873,0.20635507246333873,1155.79,-86.55
58,80,138,,8377.0408,8375.869565217392,-1.1712347826087353,1.1712347826087353,1155.87,-87.4
59,79,138,,8339.2195,8336.521739130434,-2.6977608695651725,2.6977608695651725,1150.44,-82.75
60,78,138,,8325.4946,8320.72463768116,-4.769962318840044,4.769962318840044,1148.26,-81.35
61,77,138,,8268.3558,8267.68115942029,-0.6746405797093757,0.6746405797093757,1140.94,-74.83
62,76,138,,8237.9286,8235.144927536232,-2.7836724637672887,2.7836724637672887,1136.45,-71.11
63,75,138,,8161.6211,8164.347826086957,2.72672608695666,2.72672608695666,1126.68,-62.12
64,74,138,,8112.0,8113.768115942029,1.7681159420289987,1.7681159420289987,1119.7,-55.93
65,73,138,,8019.0,8024.565217391304,5.5652173913040315,5.5652173913040315,1107.39,-44.4
66,72,138,,7950.0,7954.855072463768,4.8550724637680105,4.8550724637680105,1097.77,-35.56
50,89,139,,8073.0,8065.5395683453235,-7.46043165467654,7.46043165467654,1121.11,-38.32
51,88,139,,8144.0,8142.230215827338,-1.7697841726621846,1.7697841726621846,1131.77,-49.76
52,87,139,,8211.7716,8209.496402877698,-2.2751971223024157,2.2751971223024157,1141.12,-59.89
53,86,139,,8265.61,8262.01438848921,-3.595611510791059,3.595611510791059,1148.42,-67.97
54,85,139,,8311.5904,8307.98561151079,-3.6047884892086586,3.6047884892086586,1154.81,-75.14
55,84,139,,8342.3397,8343.093525179856,0.7538251798559941,0.7538251798559941,1159.69,-80.81
56,83,139,,8367.0194,8369.06474820144,2.0453482014399924,2.0453482014399924,1163.3,-85.2
57,82,139,,8377.9987,8380.431654676258,2.432954676258305,2.432954676258305,1164.88,-87.56
58,81,139,,8370.4664,8370.21582733813,-0.2505726618692279,0.2505726618692279,1163.46,-86.92
59,80,139,,8349.5208,8348.20143884892,-1.3193611510796472,1.3193611510796472,1160.4,-84.65
60,79,139,,8323.6642,8319.496402877698,-4.167797122301636,4.167797122301636,1156.41,-81.44
61,78,139,,8285.5473,8283.309352517985,-2.237947482015443,2.237947482015443,1151.38,-77.19
62,77,139,,8243.0786,8240.791366906475,-2.2872330935260834,2.2872330935260834,1145.47,-72.06
63,76,139,,8187.2187,8187.338129496403,0.11942949640251754,0.11942949640251754,1138.04,-65.42
64,75,139,,8126.0,8126.474820143885,0.4748201438851538,0.4748201438851538,1129.58,-57.74
65,74,139,,8052.0,8056.187050359712,4.187050359711975,4.187050359711975,1119.81,-48.75
66,73,139,,7971.0,7976.546762589928,5.546762589928221,5.546762589928221,1108.74,-38.47
50,90,140,,8038.0,8031.642857142857,-6.357142857143117,6.357142857143117,1124.43,-33.57
51,89,140,,8103.0,8098.0,-5.0,5.0,1133.72,-43.64
52,88,140,,8183.3567,8181.642857142857,-1.7138428571433906,1.7138428571433906,1145.43,-56.13
53,87,140,,8229.474,8225.07142857143,-4.402571428570809,4.402571428570809,1151.51,-62.99
54,86,140,,8290.8875,8287.42857142857,-3.4589285714300786,3.4589285714300786,1160.24,-72.5
55,85,140,,8314.3227,8309.92857142857,-4.394128571429974,4.394128571429974,1163.39,-76.44
56,84,140,,8353.15,8354.357142857143,1.2071428571434808,1.2071428571434808,1169.61,-83.44
57,83,140,,8355.0201,8357.07142857143,2.0513285714296217,2.0513285714296217,1169.99,-84.6
58,82,140,,8376.3045,8379.42857142857,3.12407142857046,3.12407142857046,1173.12,-88.51
59,81,140,,8346.5163,8346.642857142857,0.12655714285756403,0.12655714285756403,1168.53,-84.71
60,80,140,,8337.864,8336.214285714286,-1.649714285713344,1.649714285713344,1167.07,-84.02
61,79,140,,8289.0958,8286.142857142857,-2.9529428571422613,2.9529428571422613,1160.06,-77.8
62,78,140,,8263.8211,8260.714285714286,-3.1068142857129715,3.1068142857129715,1156.5,-75.02
63,77,140,,8197.733,8197.42857142857,-0.3044285714295256,0.3044285714295256,1147.64,-66.94
64,76,140,,8154.9757,8153.857142857143,-1.1185571428568437,1.1185571428568437,1141.54,-61.63
65,75,140,,8068.6732,8073.285714285715,4.6125142857144965,4.6125142857144965,1130.26,-51.13
66,74,140,,8008.0,8011.714285714285,3.7142857142853245,3.7142857142853245,1121.64,-43.29
67,73,140,,7906.0,7913.357142857143,7.357142857143117,7.357142857143117,1107.87,-30.3
51,90,141,,8069.0,8065.035460992908,-3.964539007091844,3.964539007091844,1137.17,-39.02
52,89,141,,8142.0,8138.723404255319,-3.2765957446808898,3.2765957446808898,1147.56,-50.19
53,88,141,,8202.2562,8198.72340425532,-3.5327957446806977,3.5327957446806977,1156.02,-59.43
54,87,141,,8255.3647,8251.702127659575,-3.6625723404249584,3.6625723404249584,1163.49,-67.68
55,86,141,,8294.3554,8290.496453900709,-3.858946099291643,3.858946099291643,1168.96,-73.94
56,85,141,,8326.0774,8322.056737588653,-4.020662411347075,4.020662411347075,1173.41,-79.16
57,84,141,,8343.205,8343.04964539007,-0.15535460992941807,0.15535460992941807,1176.37,-82.9
58,83,141,,8355.3956,8357.09219858156,1.6965985815604654,1.6965985815604654,1178.35,-85.67
59,82,141,,8353.9852,8356.524822695035,2.539622695036087,2.539622695036087,1178.27,-86.38
60,81,141,,8335.5074,8334.964539007093,-0.5428609929076629,0.5428609929076629,1175.23,-84.11
61,80,141,,8303.9405,8303.333333333334,-0.6071666666666715,0.6071666666666715,1170.77,-80.44
62,79,141,,8265.846,8263.54609929078,-2.29990070922031,2.29990070922031,1165.16,-75.61
63,78,141,,8217.6853,8217.234042553191,-0.45125744680808566,0.45125744680808566,1158.63,-69.86
64,77,141,,8164.609,8164.397163120568,-0.21183687943266705,0.21183687943266705,1151.18,-63.19
65,76,141,,8097.4761,8100.63829787234,3.1621978723405846,3.1621978723405846,1142.19,-54.99
66,75,141,,8027.0,8029.929078014185,2.929078014184597,2.929078014184597,1132.22,-45.8
67,74,141,,7943.0,7949.50354609929,6.503546099290361,6.503546099290361,1120.88,-35.24
51,91,142,,8027.0,8020.845070422535,-6.154929577464827,6.154929577464827,1138.96,-32.74
52,90,142,,8113.0,8111.338028169014,-1.661971830985749,1.661971830985749,1151.81,-46.36
53,89,142,,8165.2517,8160.915492957746,-4.336207042253591,4.336207042253591,1158.85,-54.19
54,88,142,,8233.1695,8230.422535211268,-2.7469647887319297,2.7469647887319297,1168.72,-64.84
55,87,142,,8264.8777,8260.985915492958,-3.8917845070409385,3.8917845070409385,1173.06,-69.96
56,86,142,,8310.9718,8307.18309859155,-3.788701408449924,3.788701408449924,1179.62,-77.3
57,85,142,,8320.8263,8316.197183098591,-4.629116901409361,4.629116901409361,1180.9,-79.36
58,84,142,,8347.07,8347.18309859155,0.11309859154971491,0.11309859154971491,1185.3,-84.55
59,83,142,,8336.3032,8338.521126760563,2.2179267605624773,2.2179267605624773,1184.07,-84.11
60,82,142,,8346.031,8348.94366197183,2.912661971829948,2.912661971829948,1185.55,-86.36
61,81,142,,8306.6587,8305.070422535211,-1.5882774647889164,1.5882774647889164,1179.32,-80.92
62,80,142,,8285.9407,8284.647887323943,-1.2928126760562009,1.2928126760562009,1176.42,-78.8
63,79,142,,8226.396,8224.577464788732,-1.8185352112686815,1.8185352112686815,1167.89,-71.05
64,78,142,,8190.2569,8188.169014084507,-2.0878859154936436,2.0878859154936436,1162.72,-66.66
65,77,142,,8111.508,8115.070422535211,3.562422535211226,3.562422535211226,1152.34,-57.06
66,76,142,,8061.0,8060.985915492958,-0.014084507041843608,0.014084507041843608,1144.66,-50.16
67,75,142,,7965.0,7971.760563380281,6.760563380281383,6.760563380281383,1131.99,-38.28
68,74,142,,7893.0,7898.098591549296,5.098591549295634,5.098591549295634,1121.53,-28.6
52,91,143,,8070.0,8067.832167832168,-2.1678321678318753,2.1678321678318753,1153.7,-40.19
53,90,143,,8137.0,8134.335664335665,-2.66433566433534,2.66433566433534,1163.21,-50.48
54,89,143,,8196.8855,8194.475524475525,-2.4099755244751577,2.4099755244751577,1171.81,-59.85
55,88,143,,8243.6707,8241.11888111888,-2.551818881120198,2.551818881120198,1178.48,-67.32
56,87,143,,8281.9878,8279.160839160839,-2.826960839161984,2.826960839161984,1183.92,-73.53
57,86,143,,8306.1271,8302.867132867133,-3.2599671328662225,3.2599671328662225,1187.31,-77.71
58,85,143,,8324.6765,8320.839160839161,-3.8373391608383827,3.8373391608383827,1189.88,-81.06
59,84,143,,8329.428,8329.300699300698,-0.12730069930148602,0.12730069930148602,1191.09,-83.05
60,83,143,,8330.4893,8331.188811188811,0.6995111888118117,0.6995111888118117,1191.36,-84.1
61,82,143,,8317.7341,8319.720279720279,1.986179720279324,1.986179720279324,1189.72,-83.25
62,81,143,,8288.1825,8286.853146853147,-1.3293531468534638,1.3293531468534638,1185.02,-79.33
63,80,143,,8245.8177,8242.797202797203,-3.0204972027968324,3.0204972027968324,1178.72,-73.81
64,79,143,,8198.3188,8196.503496503496,-1.815303496503475,1.815303496503475,1172.1,-67.97
65,78,143,,8138.2176,8138.461538461538,0.24393846153816412,0.24393846153816412,1163.8,-60.46
66,77,143,,8075.0527,8075.664335664335,0.6116356643351537,0.6116356643351537,1154.82,-52.26
67,76,143,,7999.0,8002.867132867133,3.867132867132568,3.867132867132568,1144.41,-42.63
68,75,143,,7917.0,7921.888111888112,4.88811188811178,4.88811188811178,1132.83,-31.83
52,92,144,,8040.0,8039.583333333333,-0.41666666666696983,0.41666666666696983,1157.7,-36.12
53,91,144,,8098.0,8096.527777777777,-1.4722222222226264,1.4722222222226264,1165.9,-45.1
54,90,144,,8172.8845,8171.944444444444,-0.940055555555773,0.940055555555773,1176.76,-56.74
55,89,144,,8211.8894,8210.0,-1.8894000000000233,1.8894000000000233,1182.24,-62.99
56,88,144,,8265.4549,8263.680555555555,-1.7743444444458873,1.7743444444458873,1189.97,-71.52
57,87,144,,8281.4283,8279.513888888889,-1.9144111111108941,1.9144111111108941,1192.25,-74.57
58,86,144,,8314.7612,8311.666666666666,-3.094533333334766,3.094533333334766,1196.88,-79.99
59,85,144,,8311.5411,8308.333333333334,-3.20776666666643,3.20776666666643,1196.4,-80.29
60,84,144,,8326.9237,8326.458333333334,-0.4653666666654317,0.4653666666654317,1199.01,-83.68
61,83,144,,8305.2969,8306.388888888889,1.0919888888893183,1.0919888888893183,1196.12,-81.57
62,82,144,,8303.68,8305.625,1.944999999999709,1.944999999999709,1196.01,-82.24
63,81,144,,8254.1744,8251.805555555555,-2.3688444444451306,2.3688444444451306,1188.26,-75.28
64,80,144,,8221.9382,8218.819444444445,-3.1187555555552535,3.1187555555552535,1183.51,-71.31
65,79,144,,8151.2877,8151.180555555556,-0.10714444444420224,0.10714444444420224,1173.77,-62.36
66,78,144,,8105.5902,8102.916666666667,-2.6735333333326707,2.6735333333326707,1166.82,-56.18
67,77,144,,8017.0977,8020.555555555556,3.4578555555553976,3.4578555555553976,1154.96,-45.11
68,76,144,,7956.0,7957.916666666667,1.9166666666669698,1.9166666666669698,1145.94,-36.87
69,75,144,,7850.0,7858.472222222223,8.472222222222626,8.472222222222626,1131.62,-23.34
52,93,145,,7998.0,7997.310344827586,-0.6896551724139499,0.6896551724139499,1159.61,-29.95
53,92,145,,8069.0,8070.137931034483,1.13793103448279,1.13793103448279,1170.17,-41.29
54,91,145,,8135.0877,8136.413793103448,1.3260931034483292,1.3260931034483292,1179.78,-51.68
55,90,145,,8188.7342,8188.137931034483,-0.5962689655170834,0.5962689655170834,1187.28,-59.97
56,89,145,,8234.7991,8233.586206896553,-1.212893103447641,1.212893103447641,1193.87,-67.34
57,88,145,,8266.0873,8265.172413793103,-0.9148862068959716,0.9148862068959716,1198.45,-72.7
58,87,145,,8289.8762,8288.965517241379,-0.9106827586219879,0.9106827586219879,1201.9,-76.93
59,86,145,,8302.1285,8299.793103448275,-2.3353965517253528,2.3353965517253528,1203.47,-79.29
60,85,145,,8309.1883,8305.448275862069,-3.740024137930959,3.740024137930959,1204.29,-80.89
61,84,145,,8302.6583,8302.275862068966,-0.3824379310335644,0.3824379310335644,1203.83,-81.21
62,83,145,,8293.0139,8292.896551724138,-0.11734827586224128,0.11734827586224128,1202.47,-80.63
63,82,145,,8269.2744,8269.931034482759,0.6566344827588182,0.6566344827588182,1199.14,-78.09
64,81,145,,8228.9485,8227.931034482759,-1.0174655172413622,1.0174655172413622,1193.05,-72.78
65,80,145,,8178.5397,8173.862068965517,-4.677631034483056,4.677631034483056,1185.21,-65.73
66,79,145,,8116.8884,8117.724137931034,0.8357379310346005,0.8357379310346005,1177.07,-58.37
67,78,145,,8048.5792,8048.551724137931,-0.027475862068968127,0.027475862068968127,1167.04,-49.12
68,77,145,,7975.0,7975.862068965517,0.86206896551721,0.86206896551721,1156.5,-39.36
69,76,145,,7889.0,7895.172413793103,6.17241379310326,6.17241379310326,1144.8,-28.44
53,93,146,,8031.0,8030.821917808219,-0.17808219178095896,0.17808219178095896,1172.5,-35.55
54,92,146,,8110.4154,8112.602739726028,2.187339726027858,2.187339726027858,1184.44,-48.28
55,91,146,,8155.4365,8157.123287671233,1.6867876712331054,1.6867876712331054,1190.94,-55.56
56,90,146,,8215.5293,8217.808219178081,2.278919178081196,2.278919178081196,1199.8,-65.2
57,89,146,,8239.9988,8241.164383561643,1.1655835616438708,1.1655835616438708,1203.21,-69.39
58,88,146,,8278.5081,8280.547945205479,2.0398452054796508,2.0398452054796508,1208.96,-75.93
59,87,146,,8280.325,8282.534246575342,2.20924657534124,2.20924657534124,1209.25,-76.99
60,86,146,,8304.0927,8300.753424657534,-3.3392753424650437,3.3392753424650437,1211.91,-80.44
61,85,146,,8288.655,8285.684931506848,-2.970068493152212,2.970068493152212,1209.71,-79.03
62,84,146,,8293.8581,8292.739726027397,-1.1183739726020576,1.1183739726020576,1210.74,-80.83
63,83,146,,8261.9327,8261.506849315068,-0.42585068493099243,0.42585068493099243,1206.18,-77.06
64,82,146,,8249.5072,8250.13698630137,0.629786301369677,0.629786301369677,1204.52,-76.18
65,81,146,,8187.1474,8186.369863013699,-0.7775369863011292,0.7775369863011292,1195.21,-67.65
66,80,146,,8146.1128,8144.109589041096,-2.0032109589037645,2.0032109589037645,1189.04,-62.26
67,79,146,,8063.2426,8067.191780821918,3.949180821918162,3.949180821918162,1177.81,-51.82
68,78,146,,8010.5127,8008.835616438356,-1.6770835616443946,1.6770835616443946,1169.29,-44.08
69,77,146,,7914.0,7916.780821917808,2.7808219178077707,2.7808219178077707,1155.85,-31.42
53,94,147,,8001.0,8004.557823129252,3.5578231292520286,3.5578231292520286,1176.67,-31.65
54,93,147,,8072.0,8076.530612244898,4.530612244898293,4.530612244898293,1187.25,-43.01
55,92,147,,8131.801,8133.469387755102,1.668387755101321,1.668387755101321,1195.62,-52.17
56,91,147,,8183.2405,8185.918367346939,2.6778673469389105,2.6778673469389105,1203.33,-60.66
57,90,147,,8221.5536,8223.945578231293,2.391978231293251,2.391978231293251,1208.92,-67.03
58,89,147,,8252.5274,8254.897959183674,2.370559183673322,2.370559183673322,1213.47,-72.37
59,88,147,,8270.54,8273.265306122448,2.725306122447364,2.725306122447364,1216.17,-75.85
60,87,147,,8283.6036,8283.809523809523,0.20592380952257372,0.20592380952257372,1217.72,-78.18
61,86,147,,8284.3712,8282.312925170068,-2.058274829931179,2.058274829931179,1217.5,-78.74
62,85,147,,8280.5734,8276.122448979591,-4.450951020407956,4.450951020407956,1216.59,-78.62
63,84,147,,8263.5409,8262.176870748299,-1.3640292517011403,1.3640292517011403,1214.54,-77.34
64,83,147,,8243.3366,8242.176870748299,-1.1597292517017195,1.1597292517017195,1211.6,-75.19
65,82,147,,8206.625,8208.367346938776,1.7423469387758814,1.7423469387758814,1206.63,-71.0
66,81,147,,8156.768,8157.278911564626,0.5109115646255304,0.5109115646255304,1199.12,-64.27
67,80,147,,8094.0381,8094.013605442177,-0.024494557822436036,0.024494557822436036,1189.82,-55.75
68,79,147,,8026.476,8028.0952380952385,1.6192380952388703,1.6192380952388703,1180.13,-46.85
69,78,147,,7948.8178,7949.931972789115,1.1141727891154005,1.1141727891154005,1168.64,-36.13
54,94,148,,8047.0,8052.2972972972975,5.2972972972975185,5.2972972972975185,1191.74,-39.43
55,93,148,,8097.5469,8101.486486486487,3.939586486486405,3.939586486486405,1199.02,-47.5
56,92,148,,8164.1118,8167.094594594595,2.9827945945953616,2.9827945945953616,1208.73,-57.99
57,91,148,,8193.7165,8197.027027027027,3.3105270270261826,3.3105270270261826,1213.16,-63.19
58,90,148,,8240.3876,8242.027027027027,1.6394270270266134,1.6394270270266134,1219.82,-70.64
59,89,148,,8249.5409,8252.635135135135,3.0942351351350226,3.0942351351350226,1221.39,-72.99
60,88,148,,8277.1778,8278.783783783783,1.6059837837838131,1.6059837837838131,1225.26,-77.65
61,87,148,,8268.2283,8269.45945945946,1.231159459459377,1.231159459459377,1223.88,-77.05
62,86,148,,8279.6326,8277.5,-2.1326000000008207,2.1326000000008207,1225.07,-79.02
63,85,148,,8253.8155,8250.337837837838,-3.4776621621622326,3.4776621621622326,1221.05,-75.78
64,84,148,,8248.3398,8246.824324324325,-1.5154756756746792,1.5154756756746792,1220.53,-76.04
65,83,148,,8204.3207,8205.135135135135,0.8144351351347723,0.8144351351347723,1214.36,-70.65
66,82,148,,8180.943,8183.243243243243,2.3002432432431306,2.3002432432431306,1211.12,-68.2
67,81,148,,8108.9797,8109.72972972973,0.7500297297301586,0.7500297297301586,1200.24,-58.1
68,80,148,,8059.6924,8058.581081081081,-1.1113189189190962,1.1113189189190962,1192.67,-51.32
69,79,148,,7968.5011,7972.2972972972975,3.7961972972971125,3.7961972972971125,1179.9,-39.33
70,78,148,,7906.0,7903.581081081081,-2.4189189189191893,2.4189189189191893,1169.73,-29.94
54,95,149,,8009.0,8015.167785234899,6.167785234899384,6.167785234899384,1194.26,-33.88
55,94,149,,8073.0,8077.583892617449,4.583892617449237,4.583892617449237,1203.56,-43.97
56,93,149,,8131.8495,8136.577181208054,4.727681208053582,4.727681208053582,1212.35,-53.53
57,92,149,,8176.1915,8180.604026845637,4.4125268456373306,4.4125268456373306,1218.91,-60.88
58,91,149,,8214.2294,8218.322147651006,4.092747651005993,4.092747651005993,1224.53,-67.28
59,90,149,,8238.304,8242.28187919463,3.977879194630077,3.977879194630077,1228.1,-71.63
60,89,149,,8255.4437,8259.664429530201,4.2207295302014245,4.2207295302014245,1230.69,-75.01
61,88,149,,8261.5277,8265.503355704697,3.975655704696692,3.975655704696692,1231.56,-76.66
62,87,149,,8263.4683,8264.295302013423,0.8270020134223159,0.8270020134223159,1231.38,-77.26
63,86,149,,8253.556,8252.818791946309,-0.7372080536915746,0.7372080536915746,1229.67,-76.33
64,85,149,,8239.4856,8234.630872483222,-4.854727516778439,4.854727516778439,1226.96,-74.4
65,84,149,,8209.8153,8209.93288590604,0.11758590604040364,0.11758590604040364,1223.28,-71.51
66,83,149,,8179.0972,8180.335570469799,1.2383704697986104,1.2383704697986104,1218.87,-67.88
67,82,149,,8133.255,8135.436241610738,2.181241610737743,2.181241610737743,1212.18,-61.97
68,81,149,,8074.9558,8074.295302013423,-0.6604979865769565,0.6604979865769565,1203.07,-53.64
69,80,149,,8004.0,8003.6912751677855,-0.308724832214466,0.308724832214466,1192.55,-43.91
70,79,149,,7927.0,7927.248322147651,0.24832214765137905,0.24832214765137905,1181.16,-33.3
54,96,150,,7983.0,7989.4,6.399999999999636,6.399999999999636,1198.41,-29.96
55,95,150,,8039.0,8044.6,5.600000000000364,5.600000000000364,1206.69,-39.02
56,94,150,,8111.8405,8116.2,4.359499999999571,4.359499999999571,1217.43,-50.54
57,93,150,,8149.4339,8153.8,4.366100000000188,4.366100000000188,1223.07,-56.97
58,92,150,,8201.123,8205.866666666667,4.743666666667195,4.743666666667195,1230.88,-65.55
59,91,150,,8218.9316,8222.933333333332,4.001733333332595,4.001733333332595,1233.44,-68.9
60,90,150,,8249.5789,8254.333333333334,4.754433333333509,4.754433333333509,1238.15,-74.39
61,89,150,,8243.8125,8250.666666666666,6.85416666666606,6.85416666666606,1237.6,-74.63
62,88,150,,8261.6235,8264.066666666668,2.443166666667821,2.443166666667821,1239.61,-77.42
63,87,150,,8241.3481,8243.466666666667,2.1185666666679026,2.1185666666679026,1236.52,-75.11
64,86,150,,8242.6103,8239.8,-2.810300000001007,2.810300000001007,1235.97,-75.34
65,85,150,,8206.3396,8202.866666666667,-3.4729333333325485,3.4729333333325485,1230.43,-70.58
66,84,150,,8189.1495,8189.533333333334,0.38383333333331393,0.38383333333331393,1228.43,-69.37
67,83,150,,8134.8423,8137.2,2.357699999999568,2.357699999999568,1220.58,-62.31
68,82,150,,8102.1962,8103.533333333334,1.3371333333334405,1.3371333333334405,1215.53,-58.03
69,81,150,,8021.0,8021.866666666667,0.8666666666667879,0.8666666666667879,1203.28,-46.56
70,80,150,,7965.0,7962.533333333334,-2.4666666666662422,2.4666666666662422,1194.38,-38.45
71,79,150,,7866.0,7867.733333333334,1.7333333333335759,1.7333333333335759,1180.16,-25.01
55,96,151,,8013.0,8019.07284768212,6.072847682119573,6.072847682119573,1210.88,-35.14
56,95,151,,8079.0,8083.377483443709,4.377483443709025,4.377483443709025,1220.59,-45.63
57,94,151,,8129.0436,8133.973509933775,4.929909933774979,4.929909933774979,1228.23,-54.05
58,93,151,,8176.2779,8179.602649006622,3.324749006622369,3.324749006622369,1235.12,-61.73
59,92,151,,8207.8824,8211.125827814569,3.2434278145683493,3.2434278145683493,1239.88,-67.27
60,91,151,,8230.2741,8235.430463576158,5.156363576157673,5.156363576157673,1243.55,-71.73
61,90,151,,8241.2723,8246.15894039735,4.886640397349765,4.886640397349765,1245.17,-74.13
62,89,151,,8243.9735,8249.867549668874,5.894049668873777,5.894049668873777,1245.73,-75.47
63,88,151,,8239.2998,8244.238410596026,4.938610596025683,4.938610596025683,1244.88,-75.4
64,87,151,,8231.0446,8231.986754966887,0.942154966887756,0.942154966887756,1243.03,-74.33
65,86,151,,8208.8743,8209.072847682119,0.19854768211916962,0.19854768211916962,1239.57,-71.65
66,85,151,,8184.6789,8181.6556291390725,-3.0232708609273686,3.0232708609273686,1235.43,-68.3
67,84,151,,8145.5267,8146.953642384106,1.4269423841060416,1.4269423841060416,1230.19,-63.84
68,83,151,,8104.8723,8106.225165562914,1.3528655629143032,1.3528655629143032,1224.04,-58.47
69,82,151,,8050.0576,8051.920529801325,1.8629298013247535,1.8629298013247535,1215.84,-51.06
70,81,151,,7983.7556,7981.258278145695,-2.4973218543054827,2.4973218543054827,1205.17,-41.16
71,80,151,,7904.0,7903.245033112583,-0.7549668874171402,0.7549668874171402,1193.39,-30.16
55,97,152,,7980.0,7985.394736842105,5.394736842104976,5.394736842104976,1213.78,-29.97
56,96,152,,8057.0,8061.644736842105,4.644736842104976,4.644736842104976,1225.37,-42.34
57,95,152,,8102.0,8104.934210526316,2.9342105263158373,2.9342105263158373,1231.95,-49.7
58,94,152,,8161.0,8164.144736842105,3.144736842104976,3.144736842104976,1240.95,-59.49
59,93,152,,8187.1049,8188.815789473684,1.710889473683892,1.710889473683892,1244.7,-64.01
60,92,152,,8224.0078,8228.092105263158,4.084305263158967,4.084305263158967,1250.67,-70.77
61,91,152,,8226.1293,8231.118421052632,4.9891210526311625,4.9891210526311625,1251.13,-72.01
62,90,152,,8244.0645,8248.815789473685,4.751289473684665,4.751289473684665,1253.82,-75.48
63,89,152,,8226.5854,8233.75,7.164600000000064,7.164600000000064,1251.53,-73.97
64,88,152,,8233.4042,8235.855263157895,2.4510631578941684,2.4510631578941684,1251.85,-75.08
65,87,152,,8202.0072,8205.0,2.9927999999999884,2.9927999999999884,1247.16,-71.17
66,86,152,,8192.9171,8190.723684210527,-2.1934157894738746,2.1934157894738746,1244.99,-69.79
67,85,152,,8144.9193,8143.881578947368,-1.037721052631241,1.037721052631241,1237.87,-63.45
68,84,152,,8119.3485,8119.605263157895,0.25676315789496584,0.25676315789496584,1234.18,-60.54
69,83,152,,8056.4387,8058.618421052632,2.179721052631976,2.179721052631976,1224.91,-52.05
70,82,152,,8015.4371,8015.723684210527,0.2865842105265983,0.2865842105265983,1218.39,-46.31
71,81,152,,7926.0,7926.315789473684,0.31578947368416266,0.31578947368416266,1204.8,-33.51
56,97,153,,8023.0,8028.300653594772,5.300653594771575,5.300653594771575,1228.33,-37.23
57,96,153,,8081.0,8084.0522875817,3.052287581699602,3.052287581699602,1236.86,-46.54
58,95,153,,8134.0,8135.9477124183,1.947712418300398,1.947712418300398,1244.8,-55.27
59,94,153,,8172.0371,8174.248366013072,2.211266013072418,2.211266013072418,1250.66,-61.91
60,93,153,,8204.5832,8206.862745098038,2.279545098039307,2.279545098039307,1255.65,-67.68
61,92,153,,8221.1536,8224.967320261438,3.813720261437993,3.813720261437993,1258.42,-71.23
62,91,153,,8228.5373,8234.313725490196,5.776425490195834,5.776425490195834,1259.85,-73.44
63,90,153,,8228.7011,8233.26797385621,4.566873856208986,4.566873856208986,1259.69,-74.07
64,89,153,,8220.4209,8225.816993464052,5.396093464052683,5.396093464052683,1258.55,-73.71
65,88,153,,8205.0504,8209.869281045752,4.818881045752278,4.818881045752278,1256.11,-72.05
66,87,153,,8185.7514,8187.254901960784,1.5035019607839786,1.5035019607839786,1252.65,-69.37
67,86,153,,8153.6372,8153.921568627451,0.28436862745093094,0.28436862745093094,1247.55,-65.05
68,85,153,,8118.8154,8116.993464052288,-1.821935947712518,1.821935947712518,1241.9,-60.19
69,84,153,,8071.2571,8072.81045751634,1.5533575163399291,1.5533575163399291,1235.14,-54.21
70,83,153,,8022.0,8022.549019607844,0.5490196078435474,0.5490196078435474,1227.45,-47.3
71,82,153,,7959.0882,7960.392156862745,1.3039568627445988,1.3039568627445988,1217.94,-38.58
72,81,153,,7882.0,7881.176470588235,-0.8235294117648664,0.8235294117648664,1205.82,-27.24
56,98,154,,8001.0,8005.454545454545,4.454545454545041,4.454545454545041,1232.84,-33.67
57,97,154,,8051.0,8054.1558441558445,3.155844155844534,3.155844155844534,1240.34,-41.95
58,96,154,,8116.0,8118.636363636364,2.636363636363967,2.636363636363967,1250.27,-52.66
59,95,154,,8147.2994,8150.194805194805,2.89540519480488,2.89540519480488,1255.13,-58.3
60,94,154,,8192.3491,8195.844155844155,3.4950558441560133,3.4950558441560133,1262.16,-66.12
61,93,154,,8204.717,8207.142857142857,2.42585714285633,2.42585714285633,1263.9,-68.64
62,92,154,,8226.8379,8231.558441558442,4.720541558441255,4.720541558441255,1267.66,-73.19
63,91,154,,8217.1006,8222.142857142857,5.042257142857125,5.042257142857125,1266.21,-72.51
64,90,154,,8224.7996,8228.57142857143,3.7718285714290687,3.7718285714290687,1267.2,-74.29
65,89,154,,8196.6697,8203.506493506493,6.8367935064925405,6.8367935064925405,1263.34,-71.21
66,88,154,,8193.1305,8195.0,1.8695000000006985,1.8695000000006985,1262.03,-70.68
67,87,154,,8150.6825,8154.415584415585,3.7330844155849263,3.7330844155849263,1255.78,-65.21
68,86,154,,8132.3919,8130.064935064935,-2.326964935065007,2.326964935065007,1252.03,-62.25
69,85,154,,8074.209,8074.545454545455,0.3364545454551262,0.3364545454551262,1243.48,-54.48
70,84,154,,8039.9402,8040.194805194805,0.2546051948047534,0.2546051948047534,1238.19,-49.97
71,83,154,,7968.0,7971.233766233766,3.2337662337658912,3.2337662337658912,1227.57,-40.14
72,82,154,,7918.0,7918.506493506494,0.5064935064938254,0.5064935064938254,1219.45,-32.79
57,98,155,,8028.0,8031.612903225807,3.6129032258068037,3.6129032258068037,1244.9,-38.44
58,97,155,,8087.0,8089.354838709677,2.3548387096770966,2.3548387096770966,1253.85,-48.17
59,96,155,,8131.0398,8132.903225806452,1.8634258064521418,1.8634258064521418,1260.6,-55.7
60,95,155,,8170.305,8172.129032258064,1.8240322580641077,1.8240322580641077,1266.68,-62.56
61,94,155,,8195.2977,8197.290322580646,1.992622580646639,1.992622580646639,1270.58,-67.25
62,93,155,,8211.2258,8214.451612903225,3.2258129032252327,3.2258129032252327,1273.24,-70.69
63,92,155,,8216.676,8219.870967741936,3.194967741936125,3.194967741936125,1274.08,-72.31
64,91,155,,8213.2541,8217.612903225807,4.358803225806696,4.358803225806696,1273.73,-72.75
65,90,155,,8202.9173,8206.709677419354,3.7923774193550344,3.7923774193550344,1272.04,-71.84
66,89,155,,8184.357,8189.032258064516,4.675258064516129,4.675258064516129,1269.3,-69.89
67,88,155,,8159.2055,8162.8387096774195,3.6332096774194724,3.6332096774194724,1265.24,-66.61
68,87,155,,8129.4444,8129.096774193548,-0.34762580645201524,0.34762580645201524,1260.01,-62.15
69,86,155,,8088.376,8088.193548387097,-0.18245161290360556,0.18245161290360556,1253.67,-56.6
70,85,155,,8043.8234,8042.258064516129,-1.5653354838714222,1.5653354838714222,1246.55,-50.26
71,84,155,,7987.4369,7988.387096774193,0.9501967741935005,0.9501967741935005,1238.2,-42.7
72,83,155,,7929.0,7930.322580645161,1.322580645160997,1.322580645160997,1229.2,-34.48
73,82,155,,7858.0,7859.677419354839,1.677419354839003,1.677419354839003,1218.25,-24.31
57,99,156,,7997.0,8000.0,3.0,3.0,1248.0,-33.47
58,98,156,,8068.0,8070.128205128205,2.1282051282050816,2.1282051282050816,1258.94,-45.19
59,97,156,,8105.2337,8106.923076923077,1.6893769230773614,1.6893769230773614,1264.68,-51.71
60,96,156,,8156.3265,8158.974358974359,2.647858974359224,2.647858974359224,1272.8,-60.61
61,95,156,,8176.7263,8177.115384615385,0.38908461538449046,0.38908461538449046,1275.63,-64.23
62,94,156,,8205.0054,8207.948717948719,2.9433179487186862,2.9433179487186862,1280.44,-69.82
63,93,156,,8204.6192,8206.153846153846,1.534646153846552,1.534646153846552,1280.16,-70.32
64,92,156,,8215.3253,8218.589743589744,3.264443589743678,3.264443589743678,1282.1,-73.04
65,91,156,,8194.6415,8199.102564102564,4.4610641025647055,4.4610641025647055,1279.06,-70.79
66,90,156,,8192.4366,8195.51282051282,3.076220512819418,3.076220512819418,1278.5,-71.01
67,89,156,,8155.428,8160.384615384615,4.956615384615361,4.956615384615361,1273.02,-66.31
68,88,156,,8141.9084,8142.051282051282,0.1428820512819584,0.1428820512819584,1270.16,-64.23
69,87,156,,8089.6032,8090.961538461538,1.3583384615385512,1.3583384615385512,1262.19,-57.05
70,86,156,,8061.7107,8058.846153846154,-2.8645461538453674,2.8645461538453674,1257.18,-52.82
71,85,156,,7995.3752,7995.51282051282,0.13762051281992171,0.13762051281992171,1247.3,-43.72
72,84,156,,7952.6676,7952.75641025641,0.08881025641039741,0.08881025641039741,1240.63,-37.83
73,83,156,,7872.0,7875.7692307692305,3.7692307692304894,3.7692307692304894,1228.62,-26.6
57,100,157,,7972.0,7976.8152866242035,4.815286624203509,4.815286624203509,1252.36,-29.76
58,99,157,,8037.0,8039.299363057325,2.2993630573246264,2.2993630573246264,1262.17,-40.35
59,98,157,,8085.817,8088.216560509554,2.3995605095542487,2.3995605095542487,1269.85,-48.81
60,97,157,,8132.1671,8133.630573248408,1.4634732484082633,1.4634732484082633,1276.98,-56.72
61,96,157,,8164.1458,8164.713375796178,0.5675757961780619,0.5675757961780619,1281.86,-62.39
62,95,157,,8187.0642,8188.789808917198,1.7256089171978601,1.7256089171978601,1285.64,-66.95
63,94,157,,8199.7975,8200.382165605095,0.5846656050944148,0.5846656050944148,1287.46,-69.55
64,93,157,,8203.5072,8205.414012738853,1.90681273885275,1.90681273885275,1288.25,-71.13
65,92,157,,8198.1416,8200.509554140128,2.36795414012704,2.36795414012704,1287.48,-71.14
66,91,157,,8184.6287,8188.025477707007,3.3967777070065495,3.3967777070065495,1285.52,-69.96
67,90,157,,8163.1373,8167.388535031847,4.251235031846591,4.251235031846591,1282.28,-67.5
68,89,157,,8136.3757,8139.554140127389,3.178440127388967,3.178440127388967,1277.91,-63.92
69,88,157,,8101.4285,8104.649681528663,3.2211815286627825,3.2211815286627825,1272.43,-59.22
70,87,157,,8062.7551,8061.783439490446,-0.9716605095545674,0.9716605095545674,1265.7,-53.27
71,86,157,,8013.3128,8012.484076433121,-0.8287235668785797,0.8287235668785797,1257.96,-46.31
72,85,157,,7960.0,7957.898089171975,-2.1019108280252112,2.1019108280252112,1249.39,-38.52
73,84,157,,7896.0608,7897.133757961784,1.0729579617836862,1.0729579617836862,1239.85,-29.77
74,83,157,,7828.0,7830.1910828025475,2.1910828025474984,2.1910828025474984,1229.34,-20.04
58,100,158,,8015.0,8018.607594936709,3.607594936708665,3.607594936708665,1266.94,-37.05
59,99,158,,8059.0,8060.949367088608,1.949367088607687,1.949367088607687,1273.63,-44.52
60,98,158,,8114.9529,8118.544303797468,3.591403797468047,3.591403797468047,1282.73,-54.4
61,97,158,,8143.3622,8143.227848101265,-0.13435189873416675,0.13435189873416675,1286.63,-59.08
62,96,158,,8177.3075,8179.93670886076,2.629208860759718,2.629208860759718,1292.43,-65.66
63,95,158,,8185.132,8184.620253164557,-0.5117468354428638,0.5117468354428638,1293.17,-67.19
64,94,158,,8201.8229,8203.291139240506,1.4682392405065912,1.4682392405065912,1296.12,-70.92
65,93,158,,8189.1556,8190.822784810127,1.6671848101268552,1.6671848101268552,1294.15,-69.73
66,92,158,,8190.1298,8192.658227848102,2.528427848102183,2.528427848102183,1294.44,-70.81
67,91,158,,8158.4709,8163.037974683544,4.567074683543979,4.567074683543979,1289.76,-66.91
68,90,158,,8147.927,8149.2405063291135,1.3135063291138067,1.3135063291138067,1287.58,-65.52
69,89,158,,8101.1994,8104.93670886076,3.7373088607591853,3.7373088607591853,1280.58,-59.29
70,88,158,,8079.1999,8078.037974683544,-1.161925316455381,1.161925316455381,1276.33,-55.82
71,87,158,,8018.5685,8019.113924050633,0.5454240506323913,0.5454240506323913,1267.02,-47.3
72,86,158,,7981.2764,7978.037974683544,-3.238425316455505,3.238425316455505,1260.53,-41.59
73,85,158,,7907.0,7907.53164556962,0.5316455696201956,0.5316455696201956,1249.39,-31.24
74,84,158,,7855.0,7854.7468354430375,-0.2531645569624743,0.2531645569624743,1241.05,-23.67
58,101,159,,7983.0,7986.540880503145,3.5408805031447628,3.5408805031447628,1269.86,-31.9
59,100,159,,8037.0,8040.377358490566,3.3773584905657117,3.3773584905657117,1278.42,-41.24
60,99,159,,8088.8224,8091.446540880504,2.624140880503546,2.624140880503546,1286.54,-50.14
61,98,159,,8126.8601,8128.553459119496,1.693359119496563,1.693359119496563,1292.44,-56.83
62,97,159,,8157.4963,8158.993710691824,1.4974106918243706,1.4974106918243706,1297.28,-62.45
63,96,159,,8176.6987,8176.2893081761,-0.4093918238995684,0.4093918238995684,1300.03,-65.98
64,95,159,,8187.6177,8187.987421383647,0.3697213836476294,0.3697213836476294,1301.89,-68.62
65,94,159,,8188.8025,8189.182389937107,0.37988993710678187,0.37988993710678187,1302.08,-69.59
66,93,159,,8181.5842,8183.207547169812,1.6233471698114954,1.6233471698114954,1301.13,-69.42
67,92,159,,8165.1066,8167.798742138365,2.692142138364943,2.692142138364943,1298.68,-67.76
68,91,159,,8142.7742,8145.2830188679245,2.508818867924674,2.508818867924674,1295.1,-64.96
69,90,159,,8112.7549,8115.094339622641,2.3394396226412937,2.3394396226412937,1290.3,-60.95
70,89,159,,8078.0428,8078.930817610063,0.8880176100628887,0.8880176100628887,1284.55,-55.97
71,88,159,,8034.6009,8034.654088050314,0.053188050314020074,0.053188050314020074,1277.51,-49.71
72,87,159,,7986.561,7984.96855345912,-1.5924465408797914,1.5924465408797914,1269.61,-42.6
73,86,159,,7928.7258,7927.861635220126,-0.864164779874045,0.864164779874045,1260.53,-34.3
74,85,159,,7867.0,7865.345911949686,-1.6540880503143853,1.6540880503143853,1250.59,-25.15
75,84,159,,7795.0,7797.924528301887,2.9245283018872215,2.9245283018872215,1239.87,-15.2
59,101,160,,8009.0,8012.0,3.0,3.0,1281.92,-36.67
60,100,160,,8069.9662,8074.125,4.158800000000156,4.158800000000156,1291.86,-47.39
61,99,160,,8103.6398,8104.75,1.1102000000000771,1.1102000000000771,1296.76,-53.07
62,98,160,,8144.6159,8148.0,3.384100000000217,3.384100000000217,1303.68,-60.78
63,97,160,,8160.103,8159.4375,-0.6655000000000655,0.6655000000000655,1305.51,-63.38
64,96,160,,8183.0171,8183.375,0.35789999999997235,0.35789999999997235,1309.34,-68.0
65,95,160,,8177.4676,8177.1875,-0.2800999999999476,0.2800999999999476,1308.35,-67.8
66,94,160,,8184.0526,8184.9375,0.884900000000016,0.884900000000016,1309.59,-69.81
67,93,160,,8158.6004,8162.0625,3.4620999999997366,3.4620999999997366,1305.93,-66.93
68,92,160,,8151.7217,8153.25,1.5282999999999447,1.5282999999999447,1304.52,-66.31
69,91,160,,8110.8124,8114.1875,3.3751000000002023,3.3751000000002023,1298.27,-60.84
70,90,160,,8092.5614,8091.875,-0.686399999999594,0.686399999999594,1294.7,-58.06
71,89,160,,8038.3387,8039.875,1.5362999999997555,1.5362999999997555,1286.38,-50.51
72,88,160,,8006.3791,8003.4375,-2.9416000000001077,2.9416000000001077,1280.55,-45.47
73,87,160,,7938.2704,7937.8125,-0.45790000000033615,0.45790000000033615,1270.05,-35.75
74,86,160,,7892.7893,7888.5625,-4.226800000000367,4.226800000000367,1262.17,-28.65
75,85,160,,7810.0,7811.125,1.125,1.125,1249.78,-17.04
59,102,161,,7986.0,7990.0,4.0,4.0,1286.39,-33.06
60,101,161,,8042.0,8045.83850931677,3.838509316769887,3.838509316769887,1295.38,-42.84
61,100,161,,8085.9977,8088.012422360249,2.014722360248925,2.014722360248925,1302.17,-50.41
62,99,161,,8122.0418,8124.72049689441,2.678696894409768,2.678696894409768,1308.08,-57.1
63,98,161,,8148.981,8149.192546583851,0.2115465838514865,0.2115465838514865,1312.02,-61.83
64,97,161,,8167.1934,8166.770186335404,-0.4232136645960054,0.4232136645960054,1314.85,-65.44
65,96,161,,8174.4809,8173.416149068323,-1.0647509316768264,1.0647509316768264,1315.92,-67.29
66,95,161,,8173.3093,8173.726708074534,0.4174080745342508,0.4174080745342508,1315.97,-68.13
67,94,161,,8163.1134,8164.472049689441,1.3586496894404263,1.3586496894404263,1314.48,-67.41
68,93,161,,8145.8628,8147.826086956522,1.9632869565220972,1.9632869565220972,1311.8,-65.51
69,92,161,,8120.4906,8122.546583850932,2.055983850931625,2.055983850931625,1307.73,-62.23
70,91,161,,8090.3861,8090.931677018633,0.545577018633594,0.545577018633594,1302.64,-57.92
71,90,161,,8052.7821,8053.229813664596,0.44771366459553974,0.44771366459553974,1296.57,-52.63
72,89,161,,8009.1245,8009.130434782609,0.005934782609074318,0.005934782609074318,1289.47,-46.32
73,88,161,,7957.45,7956.708074534162,-0.7419254658379941,0.7419254658379941,1281.03,-38.65
74,87,161,,7901.0,7898.88198757764,-2.1180124223601524,2.1180124223601524,1271.72,-30.13
75,86,161,,7836.3292,7834.844720496894,-1.484479503105831,1.484479503105831,1261.41,-20.6
76,85,161,,7765.0,7765.27950310559,0.2795031055902655,0.2795031055902655,1250.21,-10.19
60,102,162,,8022.0,8026.79012345679,4.790123456789843,4.790123456789843,1300.34,-39.73
61,101,162,,8061.0,8063.518518518518,2.518518518518249,2.518518518518249,1306.29,-46.46
62,100,162,,8107.5745,8111.543209876543,3.968709876543471,3.968709876543471,1314.07,-55.03
63,99,162,,8129.5593,8129.382716049383,-0.17658395061698684,0.17658395061698684,1316.96,-58.69
64,98,162,,8159.0373,8159.938271604939,0.9009716049386043,0.9009716049386043,1321.91,-64.43
65,97,162,,8164.0773,8160.123456790124,-3.9538432098761405,3.9538432098761405,1321.94,-65.24
66,96,162,,8173.4555,8173.333333333333,-0.12216666666699894,0.12216666666699894,1324.08,-68.16
67,95,162,,8155.4126,8156.543209876543,1.1306098765435308,1.1306098765435308,1321.36,-66.22
68,94,162,,8152.3959,8153.580246913581,1.184346913580157,1.184346913580157,1320.88,-66.52
69,93,162,,8117.5868,8120.061728395061,2.474928395061397,2.474928395061397,1315.45,-61.88
70,92,162,,8102.5333,8102.222222222223,-0.3110777777774274,0.3110777777774274,1312.56,-59.77
71,91,162,,8054.5596,8055.555555555556,0.9959555555560655,0.9959555555560655,1305.0,-52.99
72,90,162,,8027.1171,8025.308641975309,-1.8084580246913902,1.8084580246913902,1300.1,-48.88
73,89,162,,7964.3432,7964.382716049383,0.03951604938265518,0.03951604938265518,1290.23,-39.78
74,88,162,,7923.8214,7920.864197530864,-2.957202469136064,2.957202469136064,1283.18,-33.52
75,87,162,,7848.0,7848.024691358025,0.02469135802493838,0.02469135802493838,1271.38,-22.51
76,86,162,,7794.0,7791.419753086419,-2.580246913580595,2.580246913580595,1262.21,-14.11
60,103,163,,7992.0,7996.625766871166,4.625766871165979,4.625766871165979,1303.45,-34.77
61,102,163,,8042.0,8044.478527607362,2.478527607361684,2.478527607361684,1311.25,-43.35
62,101,163,,8084.1653,8087.055214723926,2.8899147239262675,2.8899147239262675,1318.19,-51.07
63,100,163,,8116.0172,8116.993865030675,0.9766650306746669,0.9766650306746669,1323.07,-56.73
64,99,163,,8140.756,8141.104294478528,0.3482944785273503,0.3482944785273503,1327.0,-61.45
65,98,163,,8155.6322,8154.294478527608,-1.3377214723923316,1.3377214723923316,1329.15,-64.38
66,97,163,,8161.784,8160.368098159509,-1.4159018404907329,1.4159018404907329,1330.14,-66.15
67,96,163,,8156.967,8156.993865030675,0.026865030675253365,0.026865030675253365,1329.59,-66.39
68,95,163,,8144.7403,8146.257668711656,1.517368711655763,1.517368711655763,1327.84,-65.42
69,94,163,,8124.9774,8126.625766871166,1.6483668711662176,1.6483668711662176,1324.64,-62.99
70,93,163,,8099.1069,8099.938650306748,0.8317503067482903,0.8317503067482903,1320.29,-59.43
71,92,163,,8066.6848,8066.871165644172,0.18636564417192858,0.18636564417192858,1314.9,-54.83
72,91,163,,8028.0072,8027.60736196319,-0.39983803681025165,0.39983803681025165,1308.5,-49.21
73,90,163,,7981.8905,7982.638036809816,0.747536809815756,0.747536809815756,1301.17,-42.65
74,89,163,,7930.3043,7928.773006134969,-1.5312938650304204,1.5312938650304204,1292.39,-34.66
75,88,163,,7870.8655,7870.184049079755,-0.6814509202449699,0.6814509202449699,1282.84,-25.89
76,87,163,,7807.0,7804.662576687117,-2.337423312883402,2.337423312883402,1272.16,-15.99
77,86,163,,7734.0,7736.625766871166,2.625766871165979,2.625766871165979,1261.07,-5.69
61,103,164,,8014.0,8017.378048780488,3.378048780487916,3.378048780487916,1314.85,-38.87
62,102,164,,8067.7803,8071.768292682927,3.987992682926233,3.987992682926233,1323.77,-48.58
63,101,164,,8095.3686,8095.670731707317,0.30213170731713035,0.30213170731713035,1327.69,-53.28
64,100,164,,8129.9978,8131.951219512195,1.9534195121950688,1.9534195121950688,1333.64,-60.01
65,99,164,,8139.9304,8138.658536585366,-1.2718634146340264,1.2718634146340264,1334.74,-61.9
66,98,164,,8158.7129,8157.865853658536,-0.8470463414641927,0.8470463414641927,1337.89,-65.83
67,97,164,,8147.9234,8147.134146341464,-0.7892536585359267,0.7892536585359267,1336.13,-64.85
68,96,164,,8149.0191,8149.9390243902435,0.919924390243068,0.919924390243068,1336.59,-66.09
69,95,164,,8119.6534,8122.5609756097565,2.90757560975635,2.90757560975635,1332.1,-62.39
70,94,164,,8109.4149,8109.329268292683,-0.08563170731667924,0.08563170731667924,1329.93,-61.0
71,93,164,,8065.8043,8067.621951219512,1.8176512195122996,1.8176512195122996,1323.09,-54.94
72,92,164,,8043.8142,8041.890243902439,-1.9239560975611312,1.9239560975611312,1318.87,-51.5
73,91,164,,7986.9978,7987.743902439024,0.7461024390240709,0.7461024390240709,1309.99,-43.41
74,90,164,,7951.4515,7948.59756097561,-2.8539390243904563,2.8539390243904563,1303.57,-37.77
75,89,164,,7881.0523,7881.280487804878,0.22818780487796175,0.22818780487796175,1292.53,-27.51
76,88,164,,7833.308,7829.634146341464,-3.6738536585362453,3.6738536585362453,1284.06,-19.82
77,87,164,,7750.0,7750.243902439024,0.24390243902416842,0.24390243902416842,1271.04,-7.59
61,104,165,,7992.0,7996.363636363636,4.363636363636033,4.363636363636033,1319.4,-35.35
62,103,165,,8041.0,8045.090909090909,4.090909090909008,4.090909090909008,1327.44,-44.17
63,102,165,,8080.0529,8081.030303030303,0.9774030303033214,0.9774030303033214,1333.37,-50.89
64,101,165,,8110.4428,8111.212121212121,0.7693212121212127,0.7693212121212127,1338.35,-56.65
65,100,165,,8130.3259,8129.939393939394,-0.38650606060582504,0.38650606060582504,1341.44,-60.53
66,99,165,,8143.9083,8143.090909090909,-0.8173909090910456,0.8173909090910456,1343.61,-63.48
67,98,165,,8146.9591,8145.818181818182,-1.1409181818180514,1.1409181818180514,1344.06,-64.71
68,97,165,,8139.9348,8140.484848484848,0.5500484848480482,0.5500484848480482,1343.18,-64.61
69,96,165,,8125.5489,8126.909090909091,1.3601909090912159,1.3601909090912159,1340.94,-63.15
70,95,165,,8104.8399,8105.636363636364,0.7964636363640238,0.7964636363640238,1337.43,-60.42
71,94,165,,8076.746,8077.090909090909,0.34490909090891364,0.34490909090891364,1332.72,-56.5
72,93,165,,8042.8728,8042.606060606061,-0.26673939393913315,0.26673939393913315,1327.03,-51.59
73,92,165,,8003.0547,8002.30303030303,-0.7516696969696568,0.7516696969696568,1320.38,-45.72
74,91,165,,7955.9704,7955.69696969697,-0.2734303030301817,0.2734303030301817,1312.69,-38.81
75,90,165,,7901.5201,7901.393939393939,-0.12616060606069368,0.12616060606069368,1303.73,-30.64
76,89,165,,7843.0,7840.909090909091,-2.0909090909090082,2.0909090909090082,1293.75,-21.44
77,88,165,,7776.0,7775.454545454545,-0.5454545454549589,0.5454545454549589,1282.95,-11.42
78,87,165,,7703.0,7704.424242424242,1.4242424242420384,1.4242424242420384,1271.23,-0.49
62,104,166,,8023.0,8026.686746987952,3.6867469879516648,3.6867469879516648,1332.43,-41.1
63,103,166,,8056.0,8057.590361445783,1.5903614457829462,1.5903614457829462,1337.56,-47.01
64,102,166,,8097.226,8099.939759036145,2.7137590361453476,2.7137590361453476,1344.59,-54.82
65,101,166,,8113.223,8112.469879518072,-0.7531204819279083,0.7531204819279083,1346.67,-57.68
66,100,166,,8137.2793,8137.951807228916,0.6725072289154923,0.6725072289154923,1350.9,-62.69
67,99,166,,8135.4933,8134.036144578313,-1.4571554216872755,1.4571554216872755,1350.25,-62.83
68,98,166,,8141.9479,8142.650602409639,0.7027024096387322,0.7027024096387322,1351.68,-65.04
69,97,166,,8118.9357,8120.903614457831,1.9679144578312844,1.9679144578312844,1348.07,-62.21
70,96,166,,8112.4591,8113.192771084337,0.7336710843374021,0.7336710843374021,1346.79,-61.72
71,95,166,,8074.1756,8076.265060240964,2.0894602409643994,2.0894602409643994,1340.66,-56.37
72,94,166,,8056.4386,8054.939759036145,-1.4988409638554003,1.4988409638554003,1337.12,-53.61
73,93,166,,8004.9714,8006.325301204819,1.3539012048186123,1.3539012048186123,1329.05,-46.32
74,92,166,,7974.8951,7973.012048192771,-1.8830518072290943,1.8830518072290943,1323.52,-41.58
75,91,166,,7909.6392,7910.180722891566,0.5415228915662738,0.5415228915662738,1313.09,-31.93
76,90,166,,7866.3371,7863.915662650603,-2.4214373493969106,2.4214373493969106,1305.41,-25.03
77,89,166,,7789.0,7789.3975903614455,0.3975903614455092,0.3975903614455092,1293.04,-13.44
78,88,166,,7733.0,7731.9277108433735,-1.072289156626539,1.072289156626539,1283.5,-4.68
62,105,167,,7992.0,7997.724550898203,5.724550898203233,5.724550898203233,1335.62,-36.21
63,104,167,,8038.0,8039.880239520958,1.8802395209577298,1.8802395209577298,1342.66,-44.04
64,103,167,,8075.5428,8076.706586826347,1.16378682634695,1.16378682634695,1348.81,-50.97
65,102,167,,8101.441,8101.676646706587,0.23564670658743125,0.23564670658743125,1352.98,-55.93
66,101,167,,8120.8782,8121.017964071856,0.13976407185600692,0.13976407185600692,1356.21,-59.93
67,100,167,,8130.3732,8129.760479041916,-0.6127209580836279,0.6127209580836279,1357.67,-62.17
68,99,167,,8131.7352,8131.437125748503,-0.29807425149738265,0.29807425149738265,1357.95,-63.24
69,98,167,,8122.5826,8123.293413173653,0.7108131736531504,0.7108131736531504,1356.59,-62.67
70,97,167,,8106.202,8107.604790419162,1.4027904191616472,1.4027904191616472,1353.97,-60.83
71,96,167,,8083.1722,8084.191616766467,1.0194167664667475,1.0194167664667475,1350.06,-57.69
72,95,167,,8054.185,8054.251497005988,0.06649700598791242,0.06649700598791242,1345.06,-53.48
73,94,167,,8018.8614,8018.862275449102,0.0008754491018407862,0.0008754491018407862,1339.15,-48.35
74,93,167,,7976.7045,7976.88622754491,0.18172754491024534,0.18172754491024534,1332.14,-42.12
75,92,167,,7929.0,7929.520958083833,0.5209580838327383,0.5209580838327383,1324.23,-35.0
76,91,167,,7873.9557,7872.994011976048,-0.9616880239527745,0.9616880239527745,1314.79,-26.33
77,90,167,,7812.8254,7812.45508982036,-0.37031017964000057,0.37031017964000057,1304.68,-17.01
78,89,167,,7746.0,7744.131736526946,-1.8682634730539576,1.8682634730539576,1293.27,-6.38
62,106,168,,7971.0,7978.571428571428,7.5714285714284415,7.5714285714284415,1340.4,-32.92
63,105,168,,8012.0,8014.047619047619,2.047619047619264,2.047619047619264,1346.36,-39.67
64,104,168,,8060.0,8062.797619047619,2.797619047619264,2.797619047619264,1354.55,-48.64
65,103,168,,8082.798,8082.261904761905,-0.5360952380951858,0.5360952380951858,1357.82,-52.69
66,102,168,,8112.5293,8113.511904761905,0.9826047619044402,0.9826047619044402,1363.07,-58.72
67,101,168,,8116.8061,8115.952380952381,-0.8537190476190517,0.8537190476190517,1363.48,-59.92
68,100,168,,8129.5897,8130.178571428572,0.5888714285711103,0.5888714285711103,1365.87,-63.08
69,99,168,,8114.9516,8115.416666666667,0.46506666666664387,0.46506666666664387,1363.39,-61.39
70,98,168,,8111.887,8113.035714285715,1.1487142857149593,1.1487142857149593,1362.99,-61.77
71,97,168,,8080.4026,8081.488095238095,1.0854952380950635,1.0854952380950635,1357.69,-57.26
72,96,168,,8065.5536,8064.702380952381,-0.8512190476194519,0.8512190476194519,1354.87,-55.22
73,95,168,,8019.4287,8020.6547619047615,1.2260619047610817,1.2260619047610817,1347.47,-48.6
74,94,168,,7993.9327,7992.440476190476,-1.4922238095241482,1.4922238095241482,1342.73,-44.65
75,93,168,,7935.1208,7936.309523809524,1.1887238095241628,1.1887238095241628,1333.3,-35.99
76,92,168,,7895.9408,7893.511904761905,-2.42889523809572,2.42889523809572,1326.11,-29.59
77,91,168,,7823.8509,7824.4047619047615,0.5538619047611064,0.5538619047611064,1314.5,-18.76
78,90,168,,7773.6217,7769.880952380952,-3.740747619047397,3.740747619047397,1305.34,-10.38
79,89,168,,7688.0,7691.785714285715,3.7857142857146755,3.7857142857146755,1292.22,1.96
63,106,169,,7991.0,7995.325443786982,4.32544378698185,4.32544378698185,1351.21,-36.45
64,105,169,,8035.0,8037.751479289941,2.7514792899410168,2.7514792899410168,1358.38,-44.4
65,104,169,,8069.0,8068.934911242603,-0.06508875739655196,0.06508875739655196,1363.65,-50.45
66,103,169,,8094.7566,8094.556213017751,-0.2003869822483466,0.2003869822483466,1367.98,-55.56
67,102,169,,8109.0622,8109.289940828402,0.22774082840169285,0.22774082840169285,1370.47,-58.83
68,101,169,,8117.0078,8117.15976331361,0.15196331360948534,0.15196331360948534,1371.8,-60.94
69,100,169,,8114.4702,8115.029585798817,0.5593857988169475,0.5593857988169475,1371.44,-61.36
70,99,169,,8104.5206,8105.443786982249,0.9231869822488079,0.9231869822488079,1369.82,-60.54
71,98,169,,8086.3233,8086.745562130178,0.42226213017784175,0.42226213017784175,1366.66,-58.16
72,97,169,,8061.7791,8062.426035502958,0.6469355029585131,0.6469355029585131,1362.55,-54.83
73,96,169,,8030.9577,8031.656804733728,0.699104733727836,0.699104733727836,1357.35,-50.41
74,95,169,,7994.5381,7994.497041420118,-0.04105857988179196,0.04105857988179196,1351.07,-44.91
75,94,169,,7951.3963,7951.834319526627,0.43801952662670374,0.43801952662670374,1343.86,-38.49
76,93,169,,7901.2862,7902.426035502958,1.1398355029587037,1.1398355029587037,1335.51,-30.92
77,92,169,,7845.5944,7844.970414201183,-0.6239857988166477,0.6239857988166477,1325.8,-21.99
78,91,169,,7784.0,7782.011834319526,-1.988165680473685,1.988165680473685,1315.16,-12.13
79,90,169,,7716.0,7717.218934911242,1.218934911242286,1.218934911242286,1304.21,-1.96
63,107,170,,7963.0,7968.117647058823,5.117647058823422,5.117647058823422,1354.58,-31.75
64,106,170,,8017.0,8021.941176470588,4.941176470588289,4.941176470588289,1363.73,-41.68
65,105,170,,8047.0,8047.294117647059,0.29411764705855603,0.29411764705855603,1368.04,-46.77
66,104,170,,8084.0,8084.35294117647,0.35294117647026724,0.35294117647026724,1374.34,-53.86
67,103,170,,8093.7902,8093.294117647059,-0.49608235294181213,0.49608235294181213,1375.86,-56.16
68,102,170,,8111.9529,8113.470588235294,1.5176882352934626,1.5176882352934626,1379.29,-60.37
69,101,170,,8105.5144,8105.176470588235,-0.33792941176488966,0.33792941176488966,1377.88,-59.74
70,100,170,,8106.6101,8108.0,1.3899000000001251,1.3899000000001251,1378.36,-61.0
71,99,170,,8081.6686,8082.235294117647,0.5666941176468754,0.5666941176468754,1373.98,-57.4
72,98,170,,8070.8762,8070.823529411765,-0.052670588234832394,0.052670588234832394,1372.04,-56.24
73,97,170,,8030.2965,8031.941176470588,1.6446764705879104,1.6446764705879104,1365.43,-50.42
74,96,170,,8008.9482,8007.823529411765,-1.1246705882349488,1.1246705882349488,1361.33,-47.1
75,95,170,,7955.012,7957.117647058823,2.105647058823706,2.105647058823706,1352.71,-39.26
76,94,170,,7921.1258,7920.705882352941,-0.4199176470583552,0.4199176470583552,1346.52,-33.85
77,93,170,,7853.0,7854.470588235294,1.4705882352936896,1.4705882352936896,1335.26,-23.38
78,92,170,,7808.2365,7805.235294117647,-3.0012058823531333,3.0012058823531333,1326.89,-15.79
79,91,170,,7730.0,7730.470588235294,0.47058823529368965,0.47058823529368965,1314.18,-3.86
80,90,170,,7671.0,7671.588235294118,0.5882352941180216,0.5882352941180216,1304.17,5.37
64,107,171,,7990.0,7995.847953216375,5.847953216374663,5.847953216374663,1367.29,-37.16
65,106,171,,8030.0,8031.520467836257,1.520467836257012,1.520467836257012,1373.39,-44.05
66,105,171,,8062.0,8062.923976608187,0.9239766081873313,0.9239766081873313,1378.76,-50.2
67,104,171,,8083.6021,8083.976608187135,0.3745081871347793,0.3745081871347793,1382.36,-54.58
68,103,171,,8097.7404,8098.538011695907,0.7976116959071078,0.7976116959071078,1384.85,-57.85
69,102,171,,8101.8931,8102.339181286549,0.44608128654908796,0.44608128654908796,1385.5,-59.28
70,101,171,,8097.8826,8098.771929824561,0.8893298245611732,0.8893298245611732,1384.89,-59.46
71,100,171,,8084.6621,8085.555555555556,0.8934555555561019,0.8934555555561019,1382.63,-57.98
72,99,171,,8066.0687,8066.374269005848,0.30556900584815594,0.30556900584815594,1379.35,-55.49
73,98,171,,8039.7914,8040.4678362573095,0.6764362573094331,0.6764362573094331,1374.92,-51.83
74,97,171,,8008.1158,8008.245614035088,0.12981403508820222,0.12981403508820222,1369.41,-47.1
75,96,171,,7969.4131,7970.526315789473,1.1132157894735428,1.1132157894735428,1362.96,-41.44
76,95,171,,7924.1769,7925.6140350877195,1.4371350877190707,1.4371350877190707,1355.28,-34.54
77,94,171,,7873.4895,7873.099415204679,-0.390084795320945,0.390084795320945,1346.3,-26.34
78,93,171,,7816.6017,7814.970760233919,-1.6309397660816103,1.6309397660816103,1336.36,-17.19
79,92,171,,7754.1069,7753.976608187135,-0.1302918128649253,0.1302918128649253,1325.93,-7.54
80,91,171,,7686.0,7685.9064327485385,-0.09356725146153622,0.09356725146153622,1314.29,3.32
64,108,172,,7972.0,7978.313953488372,6.313953488372135,6.313953488372135,1372.27,-34.07
65,107,172,,8006.0,8008.837209302325,2.837209302325391,2.837209302325391,1377.52,-40.1
66,106,172,,8049.0,8051.220930232558,2.220930232558203,2.220930232558203,1384.81,-48.18
67,105,172,,8066.0,8066.220930232558,0.220930232558203,0.220930232558203,1387.39,-51.54
68,104,172,,8090.4052,8092.093023255814,1.6878232558137825,1.6878232558137825,1391.84,-56.77
69,103,172,,8091.0367,8090.290697674419,-0.7460023255807755,0.7460023255807755,1391.53,-57.24
70,102,172,,8097.4295,8098.953488372093,1.52398837209239,1.52398837209239,1393.02,-59.52
71,101,172,,8078.2334,8079.069767441861,0.8363674418606024,0.8363674418606024,1389.6,-56.88
72,100,172,,8071.7439,8072.325581395349,0.5816813953488236,0.5816813953488236,1388.44,-56.5
73,99,172,,8037.7056,8038.662790697675,0.9571906976743776,0.9571906976743776,1382.65,-51.5
74,98,172,,8020.1757,8019.53488372093,-0.6408162790694405,0.6408162790694405,1379.36,-48.99
75,97,172,,7971.846,7973.662790697675,1.81679069767506,1.81679069767506,1371.47,-41.88
76,96,172,,7942.1626,7941.918604651163,-0.2439953488365063,0.2439953488365063,1366.01,-37.2
77,95,172,,7880.2637,7880.7558139534885,0.49211395348811493,0.49211395348811493,1355.49,-27.46
78,94,172,,7839.246,7836.162790697675,-3.0832093023254856,3.0832093023254856,1347.82,-20.57
79,93,172,,7766.1587,7766.511627906977,0.35292790697712917,0.35292790697712917,1335.84,-9.38
80,92,172,,7713.6064,7711.860465116279,-1.74593488372102,1.74593488372102,1326.44,-0.76
65,108,173,,7988.0,7991.791907514451,3.7919075144509407,3.7919075144509407,1382.58,-37.1
66,107,173,,8026.0,8028.959537572255,2.9595375722547033,2.9595375722547033,1389.01,-44.31
67,106,173,,8054.0,8054.739884393063,0.7398843930632211,0.7398843930632211,1393.47,-49.55
68,105,173,,8074.0,8074.913294797688,0.9132947976877404,0.9132947976877404,1396.96,-53.82
69,104,173,,8084.4633,8084.739884393063,0.2765843930628762,0.2765843930628762,1398.66,-56.3
70,103,173,,8087.4276,8087.687861271676,0.260261271676427,0.260261271676427,1399.17,-57.6
71,102,173,,8079.0312,8080.0,0.9687999999996464,0.9687999999996464,1397.84,-57.05
72,101,173,,8066.0164,8066.242774566474,0.22637456647316867,0.22637456647316867,1395.46,-55.45
73,100,173,,8044.065,8044.971098265896,0.9060982658966168,0.9060982658966168,1391.78,-52.55
74,99,173,,8018.3337,8018.0346820809245,-0.2990179190755953,0.2990179190755953,1387.12,-48.68
75,98,173,,7983.9068,7985.086705202312,1.1799052023125114,1.1799052023125114,1381.42,-43.76
76,97,173,,7944.0341,7945.086705202312,1.0526052023124066,1.0526052023124066,1374.5,-37.62
77,96,173,,7898.068,7897.28323699422,-0.7847630057804054,0.7847630057804054,1366.23,-30.14
78,95,173,,7845.3856,7844.1040462427745,-1.2815537572250832,1.2815537572250832,1357.03,-21.72
79,94,173,,7788.2348,7787.9190751445085,-0.3157248554916805,0.3157248554916805,1347.31,-12.78
80,93,173,,7725.0,7723.9884393063585,-1.0115606936415134,1.0115606936415134,1336.25,-2.5
65,109,174,,7963.0,7966.954022988506,3.95402298850604,3.95402298850604,1386.25,-32.69
66,108,174,,8011.0,8015.172413793103,4.17241379310326,4.17241379310326,1394.64,-41.86
67,107,174,,8034.0,8035.402298850575,1.40229885057488,1.40229885057488,1398.16,-46.17
68,106,174,,8064.0,8066.724137931034,2.72413793103442,2.72413793103442,1403.61,-52.4
69,105,174,,8070.6432,8070.689655172414,0.046455172413516266,0.046455172413516266,1404.3,-53.87
70,104,174,,8083.8481,8085.057471264367,1.2093712643672916,1.2093712643672916,1406.8,-57.16
71,103,174,,8071.454,8071.724137931034,0.2701379310346965,0.2701379310346965,1404.48,-55.62
72,102,174,,8068.5341,8069.885057471264,1.350957471264337,1.350957471264337,1404.16,-56.08
73,101,174,,8040.4528,8041.781609195402,1.3288091954018455,1.3288091954018455,1399.27,-51.97
74,100,174,,8027.2572,8026.954022988506,-0.3031770114939718,0.3031770114939718,1396.69,-50.17
75,99,174,,7985.0944,7986.379310344828,1.2849103448279493,1.2849103448279493,1389.63,-43.9
76,98,174,,7959.4618,7959.425287356322,-0.0365126436781793,0.0365126436781793,1384.94,-39.99
77,97,174,,7902.0377,7905.0,2.962300000000141,2.962300000000141,1375.47,-31.31
78,96,174,,7866.1143,7863.218390804598,-2.895909195402055,2.895909195402055,1368.2,-24.81
79,95,174,,7797.0,7798.448275862069,1.44827586206884,1.44827586206884,1356.93,-14.32
80,94,174,,7749.7851,7747.931034482759,-1.854065517240997,1.854065517240997,1348.14,-6.32
66,109,175,,7986.0,7990.914285714286,4.914285714286052,4.914285714286052,1398.41,-37.56
67,108,175,,8019.0,8022.342857142857,3.342857142856701,3.342857142856701,1403.91,-43.84
68,107,175,,8045.0,8048.457142857143,3.4571428571425713,3.4571428571425713,1408.48,-49.2
69,106,175,,8061.7673,8063.4857142857145,1.7184142857140614,1.7184142857140614,1411.11,-52.61
70,105,175,,8070.9253,8072.171428571429,1.246128571428926,1.246128571428926,1412.63,-54.91
71,104,175,,8069.1412,8070.285714285715,1.1445142857146493,1.1445142857146493,1412.3,-55.37
72,103,175,,8060.7625,8062.114285714286,1.351785714286052,1.351785714286052,1410.87,-54.72
73,102,175,,8044.4456,8046.0,1.554399999999987,1.554399999999987,1408.05,-52.68
74,101,175,,8024.113,8023.942857142857,-0.17014285714321886,0.17014285714321886,1404.19,-49.6
75,100,175,,7994.8168,7995.714285714285,0.8974857142857218,0.8974857142857218,1399.25,-45.44
76,99,175,,7960.7294,7960.8,0.0706000000000131,0.0706000000000131,1393.14,-40.12
77,98,175,,7917.9112,7919.314285714286,1.403085714286135,1.403085714286135,1385.88,-33.63
78,97,175,,7869.5216,7869.142857142857,-0.3787428571431519,0.3787428571431519,1377.1,-25.64
79,96,175,,7817.5939,7817.6,0.006100000000515138,0.006100000000515138,1368.08,-17.41
80,95,175,,7759.2134,7758.228571428572,-0.9848285714278973,0.9848285714278973,1357.69,-7.79
66,110,176,,7969.0,7974.772727272727,5.772727272727025,5.772727272727025,1403.56,-34.64
67,109,176,,7997.0,8000.511363636364,3.511363636363967,3.511363636363967,1408.09,-39.96
68,108,176,,8034.0,8038.011363636364,4.011363636363967,4.011363636363967,1414.69,-47.34
69,107,176,,8045.1214,8047.954545454545,2.833145454545047,2.833145454545047,1416.44,-49.87
70,106,176,,8064.0853,8067.954545454545,3.8692454545453074,3.8692454545453074,1419.96,-54.17
71,105,176,,8059.0209,8060.340909090909,1.3200090909085702,1.3200090909085702,1418.62,-53.62
72,104,176,,8061.3604,8063.806818181818,2.4464181818184443,2.4464181818184443,1419.23,-55.01
73,103,176,,8038.6706,8041.079545454545,2.4089454545446642,2.4089454545446642,1415.23,-51.79
74,102,176,,8030.1131,8030.909090909091,0.7959909090914152,0.7959909090914152,1413.44,-50.78
75,101,176,,7993.9707,7995.568181818182,1.597481818182132,1.597481818182132,1407.22,-45.34
76,100,176,,7972.8681,7972.954545454545,0.08644545454535546,0.08644545454535546,1403.24,-42.15
77,99,176,,7921.5522,7923.409090909091,1.8568909090909074,1.8568909090909074,1394.52,-34.21
78,98,176,,7888.9934,7887.215909090909,-1.7774909090912843,1.7774909090912843,1388.15,-28.62
79,97,176,,7825.3837,7826.25,0.8662999999996828,0.8662999999996828,1377.42,-18.67
80,96,176,,7782.664,7780.0,-2.66399999999976,2.66399999999976,1369.28,-11.32
81,95,176,,7707.9383,7708.238636363636,0.3003363636362337,0.3003363636362337,1356.65,0.53
67,110,177,,7980.0,7985.0847457627115,5.084745762711464,5.084745762711464,1413.36,-37.15
68,109,177,,8013.0,8017.175141242938,4.1751412429375705,4.1751412429375705,1419.04,-43.61
69,108,177,,8035.0,8038.418079096045,3.4180790960454033,3.4180790960454033,1422.8,-48.15
70,107,177,,8049.9741,8053.276836158192,3.302736158191692,3.302736158191692,1425.43,-51.57
71,106,177,,8053.4495,8057.2316384180795,3.7821384180797395,3.7821384180797395,1426.13,-53.06
72,105,177,,8051.8365,8054.406779661017,2.5702796610166843,2.5702796610166843,1425.63,-53.34
73,104,177,,8040.8289,8043.220338983051,2.391438983050648,2.391438983050648,1423.65,-52.13
74,103,177,,8025.0359,8026.271186440678,1.2352864406784647,1.2352864406784647,1420.65,-49.92
75,102,177,,8001.2229,8002.881355932203,1.6584559322036512,1.6584559322036512,1416.51,-46.56
76,101,177,,7972.4371,7972.7683615819205,0.33126158192044386,0.33126158192044386,1411.18,-42.01
77,100,177,,7934.6328,7935.536723163842,0.9039231638416823,0.9039231638416823,1404.59,-36.21
78,99,177,,7892.4896,7892.090395480226,-0.39920451977377525,0.39920451977377525,1396.9,-29.3
79,98,177,,7843.8623,7843.446327683616,-0.4159723163838862,0.4159723163838862,1388.29,-21.47
80,97,177,,7789.8947,7788.926553672316,-0.9681463276838258,0.9681463276838258,1378.64,-12.61
81,96,177,,7732.1655,7730.5084745762715,-1.6570254237285553,1.6570254237285553,1368.3,-3.05
67,111,178,,7957.0,7962.0224719101125,5.022471910112472,5.022471910112472,1417.24,-32.96
68,110,178,,7999.0,8004.213483146067,5.213483146067119,5.213483146067119,1424.75,-41.25
69,109,178,,8017.0,8020.2808988764045,3.2808988764045353,3.2808988764045353,1427.61,-44.89
70,108,178,,8042.7386,8046.6292134831465,3.890613483146808,3.890613483146808,1432.3,-50.37
71,107,178,,8042.0554,8045.561797752809,3.50639775280888,3.50639775280888,1432.11,-50.96
72,106,178,,8049.4438,8054.213483146067,4.769683146067109,4.769683146067109,1433.65,-53.28
73,105,178,,8035.0,8036.685393258427,1.6853932584272115,1.6853932584272115,1430.53,-50.95
74,104,178,,8029.2584,8031.460674157303,2.202274157303691,2.202274157303691,1429.6,-50.8
75,103,178,,7998.1576,8001.123595505618,2.9659955056185936,2.9659955056185936,1424.2,-46.18
76,102,178,,7981.9128,7982.9775280898875,1.064728089887467,1.064728089887467,1420.97,-43.74
77,101,178,,7936.563,7937.865168539326,1.3021685393259759,1.3021685393259759,1412.94,-36.49
78,100,178,,7908.253,7907.078651685393,-1.1743483146065046,1.1743483146065046,1407.46,-31.79
79,99,178,,7849.3946,7850.224719101124,0.8301191011241826,0.8301191011241826,1397.34,-22.45
80,98,178,,7811.3607,7808.70786516854,-2.6528348314604955,2.6528348314604955,1389.95,-15.84
81,97,178,,7741.0,7741.91011235955,0.9101123595501122,0.9101123595501122,1378.06,-4.73
82,96,178,,7690.8359,7688.876404494382,-1.9594955056181789,1.9594955056181789,1368.62,3.92
68,111,179,,7976.0,7981.843575418994,5.843575418994078,5.843575418994078,1428.75,-37.19
69,110,179,,8004.0,8008.0446927374305,4.044692737430523,4.044692737430523,1433.44,-42.66
70,109,179,,8026.0,8029.385474860335,3.3854748603353073,3.3854748603353073,1437.26,-47.26
71,108,179,,8035.0744,8039.776536312849,4.702136312848779,4.702136312848779,1439.12,-49.9
72,107,179,,8038.5474,8043.072625698324,4.525225698323993,4.525225698323993,1439.71,-51.27
73,106,179,,8033.5869,8037.206703910614,3.619803910613882,3.619803910613882,1438.66,-51.0
74,105,179,,8023.2821,8025.195530726257,1.9134307262565926,1.9134307262565926,1436.51,-49.64
75,104,179,,8003.7666,8006.871508379888,3.104908379888002,3.104908379888002,1433.23,-47.14
76,103,179,,7979.4844,7981.284916201117,1.8005162011168068,1.8005162011168068,1428.65,-43.34
77,102,179,,7947.5248,7948.6033519553075,1.0785519553073755,1.0785519553073755,1422.8,-38.28
78,101,179,,7910.6759,7910.167597765363,-0.5083022346370853,0.5083022346370853,1415.92,-32.17
79,100,179,,7865.6374,7865.474860335195,-0.16253966480417148,0.16253966480417148,1407.92,-24.96
80,99,179,,7816.2631,7815.698324022346,-0.5647759776538805,0.5647759776538805,1399.01,-16.83
81,98,179,,7763.4942,7762.346368715083,-1.1478312849167196,1.1478312849167196,1389.46,-8.06
82,97,179,,7701.463,7700.558659217877,-0.9043407821227447,0.9043407821227447,1378.4,2.22
68,112,180,,7960.0,7967.388888888889,7.388888888888687,7.388888888888687,1434.13,-34.49
69,111,180,,7983.0,7987.777777777777,4.777777777777374,4.777777777777374,1437.8,-38.95
70,110,180,,8016.0,8019.666666666667,3.66666666666697,3.66666666666697,1443.54,-45.46
71,109,180,,8022.0394,8025.055555555556,3.016155555555997,3.016155555555997,1444.51,-47.22
72,108,180,,8034.9319,8039.888888888889,4.9569888888891,4.9569888888891,1447.18,-50.67
73,107,180,,8025.8864,8028.777777777777,2.891377777777052,2.891377777777052,1445.18,-49.46
74,106,180,,8025.4434,8028.777777777777,3.334377777777263,3.334377777777263,1445.18,-50.23
75,105,180,,7999.9922,8003.555555555556,3.5633555555559724,3.5633555555559724,1440.64,-46.47
76,104,180,,7987.4171,7989.833333333333,2.4162333333333663,2.4162333333333663,1438.17,-44.79
77,103,180,,7947.6337,7949.277777777777,1.6440777777770563,1.6440777777770563,1430.87,-38.27
78,102,180,,7923.5781,7922.666666666667,-0.9114333333327522,0.9114333333327522,1426.08,-34.27
79,101,180,,7870.3194,7870.333333333333,0.013933333332715847,0.013933333332715847,1416.66,-25.63
80,100,180,,7836.1111,7833.611111111111,-2.4999888888887654,2.4999888888887654,1410.05,-19.8
81,99,180,,7771.431,7771.888888888889,0.4578888888891015,0.4578888888891015,1398.94,-9.48
82,98,180,,7725.6993,7724.055555555556,-1.6437444444445646,1.6437444444445646,1390.33,-1.64
69,112,181,,7969.0,7974.254143646409,5.25414364640892,5.25414364640892,1443.34,-36.42
70,111,181,,7996.0,8000.773480662983,4.773480662983275,4.773480662983275,1448.14,-42.0
71,110,181,,8011.9301,8016.574585635359,4.64448563535916,4.64448563535916,1451.0,-45.64
72,109,181,,8022.003,8025.85635359116,3.8533535911601575,3.8533535911601575,1452.68,-48.1
73,108,181,,8023.405,8026.298342541437,2.8933425414370504,2.8933425414370504,1452.76,-48.96
74,107,181,,8017.9494,8020.6629834254145,2.713583425414072,2.713583425414072,1451.74,-48.72
75,106,181,,8004.1434,8007.016574585636,2.873174585635752,2.873174585635752,1449.27,-47.04
76,105,181,,7983.4263,7986.408839779006,2.982539779005492,2.982539779005492,1445.54,-44.09
77,104,181,,7956.5242,7958.397790055249,1.873590055249224,1.873590055249224,1440.47,-39.8
78,103,181,,7924.1271,7924.03314917127,-0.09395082872924831,0.09395082872924831,1434.25,-34.36
79,102,181,,7883.8359,7883.591160220994,-0.24473977900561295,0.24473977900561295,1426.93,-27.82
80,101,181,,7839.6792,7838.8950276243095,-0.7841723756901047,0.7841723756901047,1418.84,-20.52
81,100,181,,7791.9183,7789.944751381216,-1.9735486187846618,1.9735486187846618,1409.98,-12.44
82,99,181,,7734.0704,7733.591160220994,-0.47923977900518366,0.47923977900518366,1399.78,-3.03
69,113,182,,7948.0,7953.736263736264,5.736263736263936,5.736263736263936,1447.58,-32.59
70,112,182,,7984.0,7989.67032967033,5.67032967032992,5.67032967032992,1454.12,-39.9
71,111,182,,7996.0,7999.725274725275,3.725274725275085,3.725274725275085,1455.95,-42.52
72,110,182,,8014.8381,8020.054945054945,5.2168450549452245,5.2168450549452245,1459.65,-47.0
73,109,182,,8012.6332,8015.32967032967,2.6964703296698644,2.6964703296698644,1458.79,-46.92
74,108,182,,8018.3096,8020.989010989011,2.679410989011558,2.679410989011558,1459.82,-48.73
75,107,182,,7998.6264,8001.923076923077,3.2966769230770296,3.2966769230770296,1456.35,-46.05
76,106,182,,7989.7287,7993.076923076923,3.3482230769232046,3.3482230769232046,1454.74,-45.22
77,105,182,,7954.8948,7957.307692307692,2.4128923076923456,2.4128923076923456,1448.23,-39.49
78,104,182,,7934.7541,7935.32967032967,0.5755703296699721,0.5755703296699721,1444.23,-36.27
79,103,182,,7887.2442,7887.692307692308,0.44810769230753067,0.44810769230753067,1435.56,-28.38
80,102,182,,7856.9726,7855.32967032967,-1.642929670329977,1.642929670329977,1429.67,-23.28
81,101,182,,7796.3571,7797.747252747253,1.390152747252614,1.390152747252614,1419.19,-13.58
82,100,182,,7756.3296,7755.10989010989,-1.2197098901096979,1.2197098901096979,1411.43,-6.6
70,113,183,,7963.0,7969.508196721312,6.508196721311833,6.508196721311833,1458.42,-36.13
71,112,183,,7984.8125,7989.617486338798,4.804986338797789,4.804986338797789,1462.1,-40.6
72,111,183,,8000.0315,8004.371584699454,4.340084699453655,4.340084699453655,1464.8,-44.07
73,110,183,,8006.74,8010.163934426229,3.423934426229607,3.423934426229607,1465.86,-45.92
74,109,183,,8008.3234,8009.836065573771,1.5126655737703913,1.5126655737703913,1465.8,-46.65
75,108,183,,8001.0101,8002.786885245901,1.77678524590101,1.77678524590101,1464.51,-46.13
76,107,183,,7985.0087,7988.087431693989,3.0787316939886296,3.0787316939886296,1461.82,-44.23
77,106,183,,7961.8176,7964.644808743169,2.8272087431687396,2.8272087431687396,1457.53,-40.72
78,105,183,,7933.3406,7934.808743169399,1.4681431693988998,1.4681431693988998,1452.07,-36.04
79,104,183,,7898.5644,7898.579234972678,0.01483497267781786,0.01483497267781786,1445.44,-30.2
80,103,183,,7859.3885,7858.852459016393,-0.5360409836066538,0.5360409836066538,1438.17,-23.7
81,102,183,,7815.6741,7813.879781420765,-1.7943185792355507,1.7943185792355507,1429.94,-16.26
82,101,183,,7762.179,7762.732240437159,0.55324043715882,0.55324043715882,1420.58,-7.68
70,114,184,,7951.0,7957.119565217391,6.1195652173910275,6.1195652173910275,1464.11,-33.76
71,113,184,,7967.0,7972.717391304348,5.717391304347984,5.717391304347984,1466.98,-37.4
72,112,184,,7990.7228,7997.173913043478,6.451113043478472,6.451113043478472,1471.48,-42.69
73,111,184,,7993.7535,7997.228260869565,3.474760869565216,3.474760869565216,1471.49,-43.48
74,110,184,,8005.0777,8007.717391304348,2.639691304348162,2.639691304348162,1473.42,-46.19
75,109,184,,7992.7517,7994.782608695652,2.030908695652215,2.030908695652215,1471.04,-44.59
76,108,184,,7988.6778,7991.684782608696,3.00698260869558,3.00698260869558,1470.47,-44.81
77,107,184,,7959.1992,7962.282608695652,3.083408695651997,3.083408695651997,1465.06,-40.17
78,106,184,,7942.5649,7944.347826086957,1.7829260869566497,1.7829260869566497,1461.76,-37.66
79,105,184,,7900.1947,7901.304347826087,1.1096478260869844,1.1096478260869844,1453.84,-30.52
80,104,184,,7874.3454,7873.532608695652,-0.8127913043481385,0.8127913043481385,1448.73,-26.2
81,103,184,,7818.6727,7820.054347826087,1.381647826086919,1.381647826086919,1438.89,-17.14
82,102,184,,7782.7264,7782.119565217391,-0.6068347826085301,0.6068347826085301,1431.91,-10.94
83,101,184,,7712.0,7712.989130434783,0.9891304347829646,0.9891304347829646,1419.19,1.0
70,115,185,,7929.0,7935.2972972972975,6.2972972972975185,6.2972972972975185,1468.03,-29.6
71,114,185,,7955.0,7960.486486486487,5.486486486486683,5.486486486486683,1472.69,-35.04
72,113,185,,7973.9711,7980.4324324324325,6.461332432432755,6.461332432432755,1476.38,-39.51
73,112,185,,7986.3615,7990.540540540541,4.179040540540882,4.179040540540882,1478.25,-42.17
74,111,185,,7992.9083,7995.621621621622,2.713321621621617,2.713321621621617,1479.19,-43.89
75,110,185,,7991.0101,7993.135135135135,2.125035135134567,2.125035135134567,1478.73,-44.21
76,109,185,,7981.3047,7984.0,2.6953000000003158,2.6953000000003158,1477.04,-43.3
77,108,185,,7963.7226,7966.216216216216,2.4936162162157416,2.4936162162157416,1473.75,-40.8
78,107,185,,7939.7779,7942.27027027027,2.49237027026993,2.49237027026993,1469.32,-37.15
79,106,185,,7909.441,7910.540540540541,1.0995405405410565,1.0995405405410565,1463.45,-32.06
80,105,185,,7874.5391,7875.5675675675675,1.0284675675675317,1.0284675675675317,1456.98,-26.38
81,104,185,,7835.5756,7834.918918918919,-0.6566810810809329,0.6566810810809329,1449.46,-19.63
82,103,185,,7786.933,7788.27027027027,1.3372702702699826,1.3372702702699826,1440.83,-11.79
83,102,185,,7732.0,7731.2972972972975,-0.7027027027024815,0.7027027027024815,1430.29,-2.04
71,115,186,,7936.0,7941.5053763440865,5.505376344086471,5.505376344086471,1477.12,-31.4
72,114,186,,7964.3032,7971.344086021505,7.040886021504775,7.040886021504775,1482.67,-37.73
73,113,186,,7971.8357,7976.397849462365,4.562149462365596,4.562149462365596,1483.61,-39.46
74,112,186,,7988.6026,7991.881720430108,3.2791204301074686,3.2791204301074686,1486.49,-43.12
75,111,186,,7981.2713,7983.655913978495,2.384613978494599,2.384613978494599,1484.96,-42.38
76,110,186,,7982.8324,7985.0,2.1675999999997657,2.1675999999997657,1485.21,-43.4
77,109,186,,7958.0473,7960.860215053764,2.8129150537633905,2.8129150537633905,1480.72,-39.7
78,108,186,,7946.8094,7948.655913978495,1.8465139784948406,1.8465139784948406,1478.45,-38.21
79,107,186,,7909.5409,7911.075268817204,1.5343688172042675,1.5343688172042675,1471.46,-32.0
80,106,186,,7888.2605,7888.064516129032,-0.19598387096812075,0.19598387096812075,1467.18,-28.5
81,105,186,,7837.5161,7839.462365591397,1.946265591397605,1.946265591397605,1458.14,-20.24
82,104,186,,7805.342,7805.4838709677415,0.14187096774185193,0.14187096774185193,1451.82,-14.7
83,103,186,,7739.1175,7741.182795698925,2.065295698924274,2.065295698924274,1439.86,-3.53
84,102,186,,7695.9488,7695.0,-0.9488000000001193,0.9488000000001193,1431.27,4.28
71,116,187,,7923.0,7927.967914438503,4.967914438502703,4.967914438502703,1482.53,-28.74
72,115,187,,7947.0,7953.048128342246,6.0481283422459455,6.0481283422459455,1487.22,-34.22
73,114,187,,7963.2123,7968.235294117647,5.022994117646704,5.022994117646704,1490.06,-37.83
74,113,187,,7975.1168,7978.770053475936,3.6532534759362534,3.6532534759362534,1492.03,-40.59
75,112,187,,7977.9519,7980.374331550802,2.4224315508017753,2.4224315508017753,1492.33,-41.67
76,111,187,,7973.7814,7975.508021390375,1.7266213903749303,1.7266213903749303,1491.42,-41.55
77,110,187,,7960.6692,7962.727272727273,2.0580727272727017,2.0580727272727017,1489.03,-39.93
78,109,187,,7941.1699,7943.475935828877,2.306035828876702,2.306035828876702,1485.43,-37.12
79,108,187,,7917.4323,7917.326203208556,-0.10609679144454276,0.10609679144454276,1480.54,-33.01
80,107,187,,7886.9905,7888.288770053476,1.2982700534757896,1.2982700534757896,1475.11,-28.36
81,106,187,,7852.465,7852.406417112299,-0.05858288770104991,0.05858288770104991,1468.4,-22.43
82,105,187,,7808.401,7810.053475935829,1.6524759358289884,1.6524759358289884,1460.48,-15.29
83,104,187,,7758.2083,7756.844919786096,-1.363380213903838,1.363380213903838,1450.53,-6.13
84,103,187,,7704.7889,7704.598930481284,-0.1899695187157704,0.1899695187157704,1440.76,2.86
71,117,188,,7903.0,7908.085106382979,5.085106382978665,5.085106382978665,1486.72,-24.86
72,116,188,,7936.0,7942.393617021276,6.393617021276441,6.393617021276441,1493.17,-32.09
73,115,188,,7948.0,7953.404255319149,5.4042553191493425,5.4042553191493425,1495.24,-34.94
74,114,188,,7969.0532,7973.031914893617,3.9787148936165977,3.9787148936165977,1498.93,-39.41
75,113,188,,7966.7481,7969.468085106383,2.7199851063833194,2.7199851063833194,1498.26,-39.53
76,112,188,,7973.8656,7974.787234042553,0.921634042552796,0.921634042552796,1499.26,-41.31
77,111,188,,7954.8512,7956.329787234043,1.4785872340426067,1.4785872340426067,1495.79,-38.62
78,110,188,,7947.9027,7947.606382978724,-0.2963170212760815,0.2963170212760815,1494.15,-37.77
79,109,188,,7914.7537,7915.212765957447,0.45906595744691003,0.45906595744691003,1488.06,-32.46
80,108,188,,7899.034,7898.936170212766,-0.0978297872334224,0.0978297872334224,1485.0,-30.18
81,107,188,,7853.0537,7854.68085106383,1.6271510638298423,1.6271510638298423,1476.68,-22.64
82,106,188,,7824.8211,7825.372340425532,0.5512404255314323,0.5512404255314323,1471.17,-17.92
83,105,188,,7764.1904,7765.0,0.8095999999995911,0.8095999999995911,1459.82,-7.35
84,104,188,,7724.6544,7722.925531914893,-1.728868085107024,1.728868085107024,1451.91,-0.22
72,117,189,,7917.0,7923.333333333333,6.33333333333303,6.33333333333303,1497.51,-28.36
73,116,189,,7938.0,7943.227513227514,5.227513227513555,5.227513227513555,1501.27,-32.9
74,115,189,,7954.0,7958.8359788359785,4.835978835978494,4.835978835978494,1504.22,-36.64
75,114,189,,7961.8105,7964.708994708994,2.8984947089948037,2.8984947089948037,1505.33,-38.52
76,113,189,,7963.0029,7964.708994708994,1.7060947089939873,1.7060947089939873,1505.33,-39.31
77,112,189,,7956.0214,7954.391534391534,-1.6298656084654795,1.6298656084654795,1503.38,-38.14
78,111,189,,7941.4045,7941.322751322751,-0.0817486772484699,0.0817486772484699,1500.91,-36.45
79,110,189,,7921.9876,7921.1640211640215,-0.8235788359788785,0.8235788359788785,1497.1,-33.43
80,109,189,,7896.9192,7897.5661375661375,0.6469375661372396,0.6469375661372396,1492.64,-29.75
81,108,189,,7866.2704,7866.455026455026,0.18462645502586383,0.18462645502586383,1486.76,-24.65
82,107,189,,7826.2999,7828.571428571428,2.271528571428462,2.271528571428462,1479.6,-18.27
83,106,189,,7780.9999,7780.6349206349205,-0.36497936507930717,0.36497936507930717,1470.54,-9.99
84,105,189,,7731.1321,7730.8994708994705,-0.232629100529266,0.232629100529266,1461.14,-1.37
72,118,190,,7905.0,7911.473684210527,6.473684210526699,6.473684210526699,1503.18,-25.96
73,117,190,,7922.0,7925.8421052631575,3.842105263157464,3.842105263157464,1505.91,-29.47
74,116,190,,7947.5031,7950.736842105263,3.2337421052634454,3.2337421052634454,1510.64,-34.99
75,115,190,,7949.7759,7953.1578947368425,3.3819947368428984,3.3819947368428984,1511.1,-36.22
76,114,190,,7962.1047,7961.421052631579,-0.6836473684206794,0.6836473684206794,1512.67,-38.58
77,113,190,,7947.7017,7947.0,-0.7016999999996187,0.7016999999996187,1509.93,-36.62
78,112,190,,7946.4941,7943.684210526316,-2.809889473684052,2.809889473684052,1509.3,-36.78
79,111,190,,7918.8345,7918.315789473684,-0.5187105263157719,0.5187105263157719,1504.48,-32.74
80,110,190,,7907.0174,7906.736842105263,-0.2805578947363756,0.2805578947363756,1502.28,-31.31
81,109,190,,7866.0345,7867.631578947368,1.5970789473685727,1.5970789473685727,1494.85,-24.67
82,108,190,,7841.1294,7842.1578947368425,1.028494736842731,1.028494736842731,1490.01,-20.61
83,107,190,,7785.3239,7786.578947368421,1.2550473684204917,1.2550473684204917,1479.45,-10.84
84,106,190,,7749.4526,7747.421052631579,-2.0315473684204335,2.0315473684204335,1472.01,-4.17
73,118,191,,7911.0,7915.811518324607,4.8115183246072775,4.8115183246072775,1511.92,-27.41
74,117,191,,7931.4359,7935.497382198952,4.061482198952035,4.061482198952035,1515.68,-31.95
75,116,191,,7943.9588,7945.968586387435,2.00978638743436,2.00978638743436,1517.68,-34.73
76,115,191,,7950.5687,7950.366492146597,-0.2022078534027969,0.2022078534027969,1518.52,-36.36
77,114,191,,7948.1144,7946.701570680629,-1.4128293193716672,1.4128293193716672,1517.82,-36.44
78,113,191,,7938.7279,7937.120418848168,-1.607481151831962,1.607481151831962,1515.99,-35.39
79,112,191,,7924.6819,7923.455497382199,-1.2264026178008862,1.2264026178008862,1513.38,-33.56
80,111,191,,7903.8002,7903.926701570681,0.12650157068128465,0.12650157068128465,1509.65,-30.62
81,110,191,,7877.1445,7877.486910994764,0.342410994763668,0.342410994763668,1504.6,-26.34
82,109,191,,7841.6782,7843.717277486911,2.039077486911083,2.039077486911083,1498.15,-20.68
83,108,191,,7800.6613,7799.947643979058,-0.7136560209419258,0.7136560209419258,1489.79,-13.11
84,107,191,,7753.7871,7753.717277486911,-0.06982251308818377,0.06982251308818377,1480.96,-5.06
85,106,191,,7702.9233,7702.82722513089,-0.09607486911045271,0.09607486911045271,1471.24,3.88
73,119,192,,7894.0,7896.614583333333,2.61458333333303,2.61458333333303,1516.15,-23.56
74,118,192,,7924.0,7928.229166666667,4.22916666666697,4.22916666666697,1522.22,-30.43
75,117,192,,7930.2389,7933.958333333333,3.719433333332745,3.719433333332745,1523.32,-32.3
76,116,192,,7948.526,7948.541666666667,0.015666666667129903,0.015666666667129903,1526.12,-35.89
77,115,192,,7938.9999,7938.697916666667,-0.3019833333328279,0.3019833333328279,1524.23,-34.78
78,114,192,,7942.4923,7939.791666666667,-2.7006333333329167,2.7006333333329167,1524.44,-35.77
79,113,192,,7920.1033,7919.479166666667,-0.624133333332793,0.624133333332793,1520.54,-32.66
80,112,192,,7912.0666,7911.40625,-0.6603500000001077,0.6603500000001077,1518.99,-31.89
81,111,192,,7876.0167,7877.291666666667,1.2749666666668418,1.2749666666668418,1512.44,-26.12
82,110,192,,7854.6482,7855.989583333333,1.3413833333333969,1.3413833333333969,1508.35,-22.81
83,109,192,,7803.6084,7804.270833333333,0.662433333332956,0.662433333332956,1498.42,-13.66
84,108,192,,7771.0542,7769.427083333333,-1.6271166666665522,1.6271166666665522,1491.73,-7.75
85,107,192,,7709.7283,7711.875,2.146700000000237,2.146700000000237,1480.68,2.52
73,120,193,,7883.0,7884.974093264249,1.9740932642489497,1.9740932642489497,1521.8,-21.14
74,119,193,,7907.0,7909.896373056995,2.8963730569948893,2.8963730569948893,1526.61,-26.74
75,118,193,,7923.9378,7927.098445595855,3.160645595855385,3.160645595855385,1529.93,-30.84
76,117,193,,7936.2716,7936.78756476684,0.5159647668397156,0.5159647668397156,1531.8,-33.49
77,116,193,,7938.1346,7937.150259067357,-0.9843409326431356,0.9843409326431356,1531.87,-34.34
78,115,193,,7933.7875,7931.917098445596,-1.8704015544044523,1.8704015544044523,1530.86,-34.12
79,114,193,,7924.1648,7922.79792746114,-1.3668725388597522,1.3668725388597522,1529.1,-33.14
80,113,193,,7907.973,7907.5129533678755,-0.4600466321244312,0.4600466321244312,1526.15,-30.98
81,112,193,,7885.3445,7885.59585492228,0.2513549222794609,0.2513549222794609,1521.92,-27.52
82,111,193,,7854.0994,7855.647668393783,1.548268393782564,1.548268393782564,1516.14,-22.53
83,110,193,,7817.1718,7816.5284974093265,-0.6433025906735566,0.6433025906735566,1508.59,-15.76
84,109,193,,7773.951,7773.834196891192,-0.11680310880819889,0.11680310880819889,1500.35,-8.3
85,108,193,,7727.1099,7727.823834196891,0.7139341968904773,0.7139341968904773,1491.47,-0.2
86,107,193,,7675.853,7675.647668393783,-0.20533160621744173,0.20533160621744173,1481.4,9.08
73,121,194,,7865.0,7867.268041237114,2.268041237113721,2.268041237113721,1526.25,-17.53
74,120,194,,7899.0,7899.948453608247,0.9484536082472914,0.9484536082472914,1532.59,-24.65
75,119,194,,7909.0,7911.237113402062,2.2371134020622776,2.2371134020622776,1534.78,-27.62
76,118,194,,7932.0232,7932.783505154639,0.7603051546393544,0.7603051546393544,1538.96,-32.58
77,117,194,,7928.4885,7928.041237113402,-0.44726288659876445,0.44726288659876445,1538.04,-32.45
78,116,194,,7935.942,7933.144329896907,-2.797670103092969,2.797670103092969,1539.03,-34.22
79,115,194,,7918.7744,7917.371134020618,-1.403265979382013,1.403265979382013,1535.97,-31.94
80,114,194,,7914.5974,7913.453608247422,-1.1437917525772718,1.1437917525772718,1535.21,-31.97
81,113,194,,7883.5211,7884.1752577319585,0.6541577319585485,0.6541577319585485,1529.53,-27.06
82,112,194,,7865.4181,7866.907216494846,1.4891164948458027,1.4891164948458027,1526.18,-24.49
83,111,194,,7819.1955,7819.226804123711,0.03130412371137936,0.03130412371137936,1516.93,-16.02
84,110,194,,7789.2947,7787.474226804124,-1.8204731958767297,1.8204731958767297,1510.77,-10.65
85,109,194,,7732.2304,7734.639175257732,2.408775257731577,2.408775257731577,1500.52,-1.19
86,108,194,,7694.9961,7693.556701030928,-1.4393989690724993,1.4393989690724993,1492.55,6.01
74,121,195,,7881.0,7883.333333333333,2.33333333333303,2.33333333333303,1537.25,-21.24
75,120,195,,7901.0,7901.076923076923,0.07692307692286704,0.07692307692286704,1540.71,-25.48
76,119,195,,7917.7449,7917.794871794872,0.04997179487236281,0.04997179487236281,1543.97,-29.53
77,118,195,,7924.916,7925.025641025641,0.10964102564048517,0.10964102564048517,1545.38,-31.71
78,117,195,,7926.553,7924.0,-2.5529999999998836,2.5529999999998836,1545.18,-32.3
79,116,195,,7921.3778,7918.7692307692305,-2.6085692307697173,2.6085692307697173,1544.16,-32.06
80,115,195,,7909.398,7908.51282051282,-0.885179487179812,0.885179487179812,1542.16,-30.84
81,114,195,,7890.7293,7890.820512820513,0.09121282051273738,0.09121282051273738,1538.71,-28.17
82,113,195,,7864.0647,7865.025641025641,0.96094102564075,0.96094102564075,1533.68,-23.92
83,112,195,,7830.7579,7831.948717948718,1.190817948718177,1.190817948718177,1527.23,-18.26
84,111,195,,7791.3155,7790.102564102564,-1.2129358974352726,1.2129358974352726,1519.07,-10.89
85,110,195,,7748.0914,7748.461538461538,0.3701384615378629,0.3701384615378629,1510.95,-3.54
86,109,195,,7700.3841,7700.820512820513,0.4364128205124871,0.4364128205124871,1501.66,4.97
74,122,196,,7872.0,7874.489795918367,2.4897959183672356,2.4897959183672356,1543.4,-19.32
75,121,196,,7886.0,7887.142857142857,1.142857142856883,1.142857142856883,1545.88,-22.57
76,120,196,,7912.2301,7911.071428571428,-1.1586714285713242,1.1586714285713242,1550.57,-28.05
77,119,196,,7914.1487,7913.469387755102,-0.6793122448980284,0.6793122448980284,1551.04,-29.3
78,118,196,,7926.5297,7923.928571428572,-2.6011285714284895,2.6011285714284895,1553.09,-32.14
79,117,196,,7914.8553,7913.265306122449,-1.5899938775510236,1.5899938775510236,1551.0,-30.83
80,116,196,,7914.37,7913.214285714285,-1.1557142857145664,1.1557142857145664,1550.99,-31.6
81,115,196,,7888.29,7888.265306122449,-0.02469387755081698,0.02469387755081698,1546.1,-27.49
82,114,196,,7873.3374,7874.897959183673,1.5605591836729218,1.5605591836729218,1543.48,-25.66
83,113,196,,7831.9009,7831.275510204082,-0.6253897959177266,0.6253897959177266,1534.93,-17.88
84,112,196,,7804.7445,7802.2959183673465,-2.4485816326532586,2.4485816326532586,1529.25,-12.99
85,111,196,,7752.0001,7753.469387755102,1.4692877551015044,1.4692877551015044,1519.68,-4.2
86,110,196,,7717.966,7716.785714285715,-1.1802857142856737,1.1802857142856737,1512.49,2.2
74,123,197,,7853.0,7858.375634517766,5.37563451776623,5.37563451776623,1548.1,-15.94
75,122,197,,7877.0,7878.883248730965,1.883248730964624,1.883248730964624,1552.14,-20.77
76,121,197,,7897.0,7897.868020304569,0.8680203045687449,0.8680203045687449,1555.88,-25.29
77,120,197,,7909.0003,7908.375634517766,-0.6246654822334676,0.6246654822334676,1557.95,-28.14
78,119,197,,7915.9714,7914.568527918782,-1.4028720812184474,1.4028720812184474,1559.17,-30.14
79,118,197,,7915.6548,7914.0609137055835,-1.593886294416734,1.593886294416734,1559.07,-30.83
80,117,197,,7908.6402,7907.055837563452,-1.5843624365479627,1.5843624365479627,1557.69,-30.23
81,116,197,,7893.5725,7893.502538071066,-0.06996192893439002,0.06996192893439002,1555.02,-28.34
82,115,197,,7871.2822,7872.284263959391,1.0020639593913074,1.0020639593913074,1550.84,-24.94
83,114,197,,7841.6348,7842.53807106599,0.9032710659903387,0.9032710659903387,1544.98,-19.87
84,113,197,,7805.7136,7804.010152284264,-1.7034477157358197,1.7034477157358197,1537.39,-13.05
85,112,197,,7766.0174,7765.380710659899,-0.6366893401009293,0.6366893401009293,1529.78,-6.23
86,111,197,,7722.119,7722.081218274112,-0.03778172588772577,0.03778172588772577,1521.25,1.52
87,110,197,,7673.764,7673.4517766497465,-0.31222335025358916,0.31222335025358916,1511.67,10.32
75,123,198,,7861.0,7864.79797979798,3.7979797979796786,3.7979797979796786,1557.23,-17.79
76,122,198,,7890.0,7892.171717171717,2.1717171717173187,2.1717171717173187,1562.65,-23.99
77,121,198,,7897.0,7897.272727272727,0.2727272727270247,0.2727272727270247,1563.66,-25.78
78,120,198,,7914.1512,7913.484848484848,-0.6663515151522006,0.6663515151522006,1566.87,-29.77
79,119,198,,7908.5675,7906.515151515152,-2.052348484848153,2.052348484848153,1565.49,-29.17
80,118,198,,7911.5532,7910.252525252526,-1.300674747474659,1.300674747474659,1566.23,-30.7
81,117,198,,7890.3011,7889.545454545455,-0.7556454545447195,0.7556454545447195,1562.13,-27.38
82,116,198,,7878.9695,7880.10101010101,1.1315101010095532,1.1315101010095532,1560.26,-26.29
83,115,198,,7841.2123,7842.575757575758,1.3634575757578205,1.3634575757578205,1552.83,-19.65
84,114,198,,7817.5611,7815.30303030303,-2.2580696969698693,2.2580696969698693,1547.43,-15.03
85,113,198,,7769.3446,7768.989898989899,-0.3547010101010528,0.3547010101010528,1538.26,-6.64
86,112,198,,7737.7245,7736.111111111111,-1.6133888888889487,1.6133888888889487,1531.75,-0.91
87,111,198,,7679.1873,7680.959595959596,1.772295959596704,1.772295959596704,1520.83,9.23
75,124,199,,7850.0,7855.477386934674,5.477386934673632,5.477386934673632,1563.24,-15.73
76,123,199,,7874.0,7878.040201005025,4.040201005024755,4.040201005024755,1567.73,-20.99
77,122,199,,7891.2066,7892.060301507538,0.8537015075371528,0.8537015075371528,1570.52,-24.57
78,121,199,,7902.3011,7902.613065326633,0.3119653266330715,0.3119653266330715,1572.62,-27.46
79,120,199,,7906.9379,7905.678391959799,-1.2595080402006715,1.2595080402006715,1573.23,-28.84
80,119,199,,7905.2794,7902.914572864322,-2.364827135678752,2.364827135678752,1572.68,-29.08
81,118,199,,7893.8773,7893.417085427136,-0.46021457286406076,0.46021457286406076,1570.79,-27.97
82,117,199,,7875.7366,7876.281407035176,0.5448070351758361,0.5448070351758361,1567.38,-25.34
83,116,199,,7849.5232,7850.301507537689,0.7783075376892157,0.7783075376892157,1562.21,-20.96
84,115,199,,7817.6582,7815.728643216081,-1.929556783918997,1.929556783918997,1555.33,-14.85
85,114,199,,7781.4883,7778.994974874372,-2.493325125627962,2.493325125627962,1548.02,-8.33
86,113,199,,7741.0568,7740.0,-1.056800000000294,1.056800000000294,1540.26,-1.35
87,112,199,,7695.2599,7695.226130653266,-0.03376934673360665,0.03376934673360665,1531.35,6.78
76,124,200,,7867.0,7871.0,4.0,4.0,1574.2,-19.4
77,123,200,,7878.0,7880.0,2.0,2.0,1576.0,-21.98
78,122,200,,7899.1986,7900.0,0.8014000000002852,0.8014000000002852,1580.0,-26.76
79,121,200,,7898.4915,7897.55,-0.9414999999999054,0.9414999999999054,1579.51,-27.05
80,120,200,,7905.8956,7904.55,-1.3455999999996493,1.3455999999996493,1580.91,-29.23
81,119,200,,7889.7037,7888.65,-1.05370000000039,1.05370000000039,1577.73,-26.84
82,118,200,,7881.8101,7882.45,0.6399000000001251,0.6399000000001251,1576.49,-26.38
83,117,200,,7848.4969,7848.95,0.45309999999972206,0.45309999999972206,1569.79,-20.47
84,116,200,,7827.4407,7827.6,0.15930000000025757,0.15930000000025757,1565.52,-16.97
85,115,200,,7783.7601,7781.15,-2.6101000000007843,2.6101000000007843,1556.23,-8.47
86,114,200,,7754.9111,7752.3,-2.6111000000000786,2.6111000000000786,1550.46,-3.48
87,113,200,,7700.3292,7701.15,0.8207999999995081,0.8207999999995081,1540.23,5.96
76,125,201,,7849.0,7854.427860696517,5.4278606965172,5.4278606965172,1578.74,-15.87
77,124,201,,7870.0,7873.2835820895525,3.2835820895525103,3.2835820895525103,1582.53,-20.44
78,123,201,,7885.8337,7888.20895522388,2.375255223880231,2.375255223880231,1585.53,-24.21
79,122,201,,7895.1752,7894.925373134329,-0.2498268656709115,0.2498268656709115,1586.88,-26.35
80,121,201,,7897.5607,7896.865671641791,-0.6950283582091288,0.6950283582091288,1587.27,-27.52
81,120,201,,7891.2717,7890.5970149253735,-0.6746850746267228,0.6746850746267228,1586.01,-27.04
82,119,201,,7877.8782,7877.860696517413,-0.01750348258701706,0.01750348258701706,1583.45,-25.26
83,118,201,,7854.8713,7855.273631840796,0.4023318407962506,0.4023318407962506,1578.91,-21.51
84,117,201,,7826.5619,7824.875621890547,-1.6862781094523598,1.6862781094523598,1572.8,-16.18
85,116,201,,7794.1536,7792.437810945274,-1.715789054725974,1.715789054725974,1566.28,-10.45
86,115,201,,7757.0174,7754.776119402985,-2.241280597014338,2.241280597014338,1558.71,-3.66
87,114,201,,7714.8367,7713.681592039801,-1.1551079601986203,1.1551079601986203,1550.45,3.82
88,113,201,,7669.4108,7667.860696517413,-1.5501034825865645,1.5501034825865645,1541.24,12.25
76,126,202,,7839.0,7845.19801980198,6.198019801980081,6.198019801980081,1584.73,-13.78
77,125,202,,7855.0,7858.861386138614,3.8613861386138524,3.8613861386138524,1587.49,-17.32
78,124,202,,7881.5609,7883.465346534654,1.9044465346532888,1.9044465346532888,1592.46,-23.08
79,123,202,,7885.91,7885.0990099009905,-0.8109900990093593,0.8109900990093593,1592.79,-24.19
80,122,202,,7896.8505,7896.633663366337,-0.2168366336627514,0.2168366336627514,1595.12,-27.31
81,121,202,,7886.2206,7884.851485148515,-1.3691148514844826,1.3691148514844826,1592.74,-25.71
82,120,202,,7882.1505,7882.227722772277,0.07722277227730956,0.07722277227730956,1592.21,-25.96
83,119,202,,7852.5857,7853.217821782178,0.6321217821787286,0.6321217821787286,1586.35,-20.88
84,118,202,,7834.8053,7835.19801980198,0.3927198019800926,0.3927198019800926,1582.71,-18.02
85,117,202,,7794.5637,7792.3267326732675,-2.236967326732156,2.236967326732156,1574.05,-10.15
86,116,202,,7769.3018,7766.683168316832,-2.6186316831681324,2.6186316831681324,1568.87,-5.75
87,115,202,,7719.0125,7718.415841584158,-0.5966584158413752,0.5966584158413752,1559.12,3.22
88,114,202,,7685.5684,7682.574257425743,-2.994142574257239,2.994142574257239,1551.88,9.68
76,127,203,,7814.0,7820.147783251232,6.1477832512318855,6.1477832512318855,1587.49,-8.47
77,126,203,,7845.0,7849.753694581281,4.753694581280797,4.753694581280797,1593.5,-15.26
78,125,203,,7867.0,7869.1133004926105,2.113300492610506,2.113300492610506,1597.43,-19.98
79,124,203,,7880.865,7880.738916256158,-0.12608374384217313,0.12608374384217313,1599.79,-23.12
80,123,203,,7887.4828,7887.142857142857,-0.3399428571428871,0.3399428571428871,1601.09,-25.2
81,122,203,,7886.053,7885.2709359605915,-0.7820640394083966,0.7820640394083966,1600.71,-25.6
82,121,203,,7877.397,7876.453201970443,-0.9437980295570014,0.9437980295570014,1598.92,-24.59
83,120,203,,7857.4762,7857.487684729064,0.011484729064250132,0.011484729064250132,1595.07,-21.52
84,119,203,,7832.8632,7833.300492610838,0.43729261083808524,0.43729261083808524,1590.16,-17.4
85,118,203,,7803.6487,7803.596059113301,-0.05264088669900957,0.05264088669900957,1584.13,-12.15
86,117,203,,7770.3437,7768.226600985222,-2.1170990147784323,2.1170990147784323,1576.95,-5.76
87,116,203,,7731.7092,7729.704433497537,-2.0047665024630987,2.0047665024630987,1569.13,1.28
88,115,203,,7689.8015,7687.487684729064,-2.3138152709352653,2.3138152709352653,1560.56,9.07
77,127,204,,7823.0,7826.617647058823,3.6176470588234224,3.6176470588234224,1596.63,-10.33
78,126,204,,7859.0,7862.009803921569,3.0098039215690733,3.0098039215690733,1603.85,-18.33
79,125,204,,7868.0,7868.8725490196075,0.8725490196075043,0.8725490196075043,1605.25,-20.5
80,124,204,,7885.5455,7884.705882352941,-0.8396176470587307,0.8396176470587307,1608.48,-24.52
81,123,204,,7880.0238,7877.892156862745,-2.131643137255196,2.131643137255196,1607.09,-23.91
82,122,204,,7879.9326,7879.411764705882,-0.5208352941181147,0.5208352941181147,1607.4,-25.0
83,121,204,,7854.2157,7854.411764705882,0.196064705882236,0.196064705882236,1602.3,-20.68
84,120,204,,7839.0823,7839.656862745098,0.5745627450978645,0.5745627450978645,1599.29,-18.46
85,119,204,,7803.5522,7803.823529411765,0.271329411764782,0.271329411764782,1591.98,-11.93
86,118,204,,7780.5743,7779.117647058823,-1.4566529411767988,1.4566529411767988,1586.94,-7.68
87,117,204,,7734.6931,7732.549019607844,-2.144080392156866,2.144080392156866,1577.44,1.04
88,116,204,,7704.1238,7701.176470588235,-2.9473294117651676,2.9473294117651676,1571.04,6.66
77,128,205,,7805.0,7809.90243902439,4.902439024390333,4.902439024390333,1601.03,-6.65
78,127,205,,7836.0,7839.219512195122,3.2195121951217516,3.2195121951217516,1607.04,-13.44
79,126,205,,7860.0,7861.951219512195,1.9512195121951663,1.9512195121951663,1611.7,-18.88
80,125,205,,7874.7325,7873.756097560976,-0.9764024390242412,0.9764024390242412,1614.12,-22.09
81,124,205,,7878.3946,7876.390243902439,-2.004356097560958,2.004356097560958,1614.66,-23.41
82,123,205,,7874.3313,7872.682926829269,-1.6483731707312472,1.6483731707312472,1613.9,-23.43
83,122,205,,7857.3218,7856.926829268293,-0.3949707317069624,0.3949707317069624,1610.67,-20.98
84,121,205,,7836.2168,7836.731707317073,0.5149073170732663,0.5149073170732663,1606.53,-17.63
85,120,205,,7810.2694,7810.4390243902435,0.16962439024337073,0.16962439024337073,1601.14,-13.02
86,119,205,,7780.7226,7779.658536585366,-1.0640634146338925,1.0640634146338925,1594.83,-7.5
87,118,205,,7745.687,7744.585365853659,-1.1016341463409844,1.1016341463409844,1587.64,-1.08
88,117,205,,7707.1698,7705.024390243902,-2.1454097560972514,2.1454097560972514,1579.53,6.25
89,116,205,,7662.8519,7661.121951219512,-1.7299487804875753,1.7299487804875753,1570.53,14.46
78,128,206,,7820.0,7824.368932038835,4.368932038834828,4.368932038834828,1611.82,-10.15
79,127,206,,7840.0,7841.26213592233,1.2621359223303443,1.2621359223303443,1615.3,-14.41
80,126,206,,7869.1723,7868.883495145631,-0.2888048543691184,0.2888048543691184,1620.99,-20.88
81,125,206,,7871.7219,7868.495145631068,-3.2267543689313243,3.2267543689313243,1620.91,-21.59
82,124,206,,7875.362,7874.174757281553,-1.1872427184471235,1.1872427184471235,1622.08,-23.54
83,123,206,,7853.3249,7851.747572815534,-1.5773271844655028,1.5773271844655028,1617.46,-19.7
84,122,206,,7840.5973,7840.728155339806,0.13085533980574837,0.13085533980574837,1615.19,-18.22
85,121,206,,7808.8904,7809.660194174758,0.7697941747574077,0.7697941747574077,1608.79,-12.6
86,120,206,,7789.0417,7788.543689320389,-0.4980106796110704,0.4980106796110704,1604.44,-9.03
87,119,206,,7746.9621,7746.941747572816,-0.020352427183752297,0.020352427183752297,1595.87,-1.24
88,118,206,,7719.8028,7717.9126213592235,-1.8901786407768668,1.8901786407768668,1589.89,3.96
89,117,206,,7667.8538,7667.378640776699,-0.47515922330057947,0.47515922330057947,1579.48,13.58
78,129,207,,7797.0,7799.710144927536,2.710144927536021,2.710144927536021,1614.54,-4.8
79,128,207,,7824.0,7826.618357487922,2.618357487922367,2.618357487922367,1620.11,-11.15
80,127,207,,7848.6112,7848.260869565217,-0.35033043478324544,0.35033043478324544,1624.59,-16.41
81,126,207,,7866.7979,7863.768115942029,-3.0297840579705735,3.0297840579705735,1627.8,-20.41
82,125,207,,7869.8664,7866.183574879227,-3.682825120772577,3.682825120772577,1628.3,-21.69
83,124,207,,7854.5053,7853.285024154589,-1.2202758454104696,1.2202758454104696,1625.63,-19.8
84,123,207,,7836.6734,7836.135265700483,-0.5381342995169689,0.5381342995169689,1622.08,-17.03
85,122,207,,7813.9653,7814.347826086957,0.3825260869571139,0.3825260869571139,1617.57,-13.31
86,121,207,,7787.9987,7788.212560386473,0.21386038647324312,0.21386038647324312,1612.16,-8.68
87,120,207,,7756.2689,7755.942028985507,-0.32687101449300826,0.32687101449300826,1605.48,-2.79
88,119,207,,7721.7503,7720.628019323672,-1.122280676328046,1.122280676328046,1598.17,3.75
89,118,207,,7681.1001,7679.855072463768,-1.245027536231646,1.245027536231646,1589.73,11.4
78,130,208,,7780.0,7783.028846153846,3.028846153845734,3.028846153845734,1618.87,-1.06
79,129,208,,7803.0,7803.461538461538,0.46153846153811173,0.46153846153811173,1623.12,-6.09
80,128,208,,7834.1914,7835.961538461538,1.7701384615384086,1.7701384615384086,1629.88,-13.63
81,127,208,,7847.1835,7845.192307692308,-1.9911923076924722,1.9911923076924722,1631.8,-16.34
82,126,208,,7867.453,7863.461538461538,-3.9914615384623175,3.9914615384623175,1635.6,-20.92
83,125,208,,7849.8534,7847.259615384615,-2.5937846153847204,2.5937846153847204,1632.23,-18.33
84,124,208,,7839.3568,7840.432692307692,1.0758923076928113,1.0758923076928113,1630.81,-17.69
85,123,208,,7811.5604,7811.826923076923,0.26652307692256727,0.26652307692256727,1624.86,-12.52
86,122,208,,7794.2678,7794.8557692307695,0.587969230769886,0.587969230769886,1621.33,-9.78
87,121,208,,7756.8985,7757.451923076923,0.5534230769226269,0.5534230769226269,1613.55,-2.78
88,120,208,,7732.0177,7731.298076923077,-0.7196230769231988,0.7196230769231988,1608.11,1.87
89,119,208,,7684.8289,7684.759615384615,-0.06928461538518604,0.06928461538518604,1598.43,10.77
90,118,208,,7652.5716,7650.096153846154,-2.475446153845951,2.475446153845951,1591.22,17.2
79,130,209,,7786.0,7787.464114832536,1.4641148325363247,1.4641148325363247,1627.58,-2.48
80,129,209,,7813.0,7812.8708133971295,-0.12918660287050443,0.12918660287050443,1632.89,-8.57
81,128,209,,7833.3979,7833.205741626794,-0.19215837320552964,0.19215837320552964,1637.14,-13.6
82,127,209,,7848.6488,7845.071770334928,-3.5770296650716773,3.5770296650716773,1639.62,-16.87
83,126,209,,7847.9869,7844.784688995215,-3.202211004784658,3.202211004784658,1639.56,-17.59
84,125,209,,7835.1882,7834.928229665072,-0.25997033492785704,0.25997033492785704,1637.5,-16.31
85,124,209,,7814.7835,7814.784688995215,0.0011889952156707295,0.0011889952156707295,1633.29,-12.89
86,123,209,,7792.1755,7792.488038277512,0.3125382775115213,0.3125382775115213,1628.63,-9.0
87,122,209,,7763.7485,7764.162679425837,0.41417942583757394,0.41417942583757394,1622.71,-3.87
88,121,209,,7733.0177,7733.062200956938,0.04450095693755429,0.04450095693755429,1616.21,1.85
89,120,209,,7695.8455,7695.789473684211,-0.05602631578949513,0.05602631578949513,1608.42,8.85
90,119,209,,7656.0,7655.502392344498,-0.4976076555021791,0.4976076555021791,1600.0,16.5
79,131,210,,7764.0,7764.142857142857,0.142857142856883,0.142857142856883,1630.47,2.7
80,130,210,,7799.0,7799.0,0.0,0.0,1637.79,-5.4
81,129,210,,7813.589,7812.238095238095,-1.3509047619045305,1.3509047619045305,1640.57,-8.96
82,128,210,,7835.9656,7835.190476190476,-0.7751238095243025,0.7751238095243025,1645.39,-14.56
83,127,210,,7832.5424,7829.0952380952385,-3.4471619047617423,3.4471619047617423,1644.11,-14.06
84,126,210,,7834.3462,7834.476190476191,0.12999047619086923,0.12999047619086923,1645.24,-15.98
85,125,210,,7811.6638,7810.619047619048,-1.0447523809525592,1.0447523809525592,1640.23,-11.76
86,124,210,,7796.6653,7797.0,0.33470000000033906,0.33470000000033906,1637.37,-9.67
87,123,210,,7763.1243,7763.809523809524,0.6852238095234497,0.6852238095234497,1630.4,-3.48
88,122,210,,7741.3687,7741.9047619047615,0.5360619047614819,0.5360619047614819,1625.8,0.33
89,121,210,,7698.0182,7699.190476190476,1.1722761904757135,1.1722761904757135,1616.83,8.52
90,120,210,,7669.0764,7668.428571428572,-0.6478285714283629,0.6478285714283629,1610.37,14.19
80,131,211,,7777.0,7775.876777251185,-1.1232227488153512,1.1232227488153512,1640.71,-0.25
81,130,211,,7799.7915,7798.4834123222745,-1.30808767772578,1.30808767772578,1645.48,-5.81
82,129,211,,7817.0079,7814.407582938388,-2.6003170616113493,2.6003170616113493,1648.84,-9.94
83,128,211,,7819.7745,7819.1469194312795,-0.6275805687209868,0.6275805687209868,1649.84,-11.73
84,127,211,,7818.7842,7818.672985781991,-0.11121421800908138,0.11121421800908138,1649.74,-12.4
85,126,211,,7811.3545,7810.568720379147,-0.7857796208536456,0.7857796208536456,1648.03,-11.48
86,125,211,,7793.9412,7793.8388625592415,-0.10233744075867435,0.10233744075867435,1644.5,-8.74
87,124,211,,7768.3613,7768.199052132702,-0.16224786729799234,0.16224786729799234,1639.09,-4.11
88,123,211,,7741.0887,7741.753554502369,0.6648545023690531,0.6648545023690531,1633.51,0.7
89,122,211,,7707.468,7707.867298578199,0.39929857819879544,0.39929857819879544,1626.36,7.06
90,121,211,,7671.8506,7672.037914691943,0.1873146919433566,0.1873146919433566,1618.8,13.83
91,120,211,,7629.3948,7629.905213270142,0.5104132701417257,0.5104132701417257,1609.91,21.95
80,132,212,,7762.0,7761.367924528302,-0.6320754716980446,0.6320754716980446,1645.41,3.12
81,131,212,,7780.0,7777.311320754717,-2.6886792452833106,2.6886792452833106,1648.79,-1.04
82,130,212,,7804.3203,7802.735849056604,-1.584450943396405,1.584450943396405,1654.18,-7.21
83,129,212,,7803.314,7801.037735849057,-2.2762641509434616,2.2762641509434616,1653.82,-7.64
84,128,212,,7810.2438,7811.226415094339,0.982615094339053,0.982615094339053,1655.98,-10.58
85,127,212,,7798.34,7797.452830188679,-0.8871698113207458,0.8871698113207458,1653.06,-8.44
86,126,212,,7794.7963,7795.707547169812,0.9112471698117588,0.9112471698117588,1652.69,-8.85
87,125,212,,7766.8455,7766.745283018868,-0.1002169811326894,0.1002169811326894,1646.55,-3.49
88,124,212,,7747.5078,7748.396226415094,0.8884264150938179,0.8884264150938179,1642.66,-0.39
89,123,212,,7708.4479,7709.764150943396,1.3162509433959713,1.3162509433959713,1634.47,7.02
90,122,212,,7682.0628,7682.735849056604,0.6730490566042135,0.6730490566042135,1628.74,11.96
91,121,212,,7633.6289,7635.047169811321,1.4182698113208971,1.4182698113208971,1618.63,21.3
80,133,213,,7739.0,7737.934272300469,-1.0657276995307257,1.0657276995307257,1648.18,8.42
81,132,213,,7765.4311,7763.051643192488,-2.379456807511815,2.379456807511815,1653.53,2.29
82,131,213,,7785.1732,7781.69014084507,-3.4830591549298333,3.4830591549298333,1657.5,-2.46
83,130,213,,7791.0217,7789.389671361502,-1.6320286384980136,1.6320286384980136,1659.14,-4.88
84,129,213,,7794.024,7792.910798122066,-1.1132018779344435,1.1132018779344435,1659.89,-6.41
85,128,213,,7790.0036,7790.046948356808,0.043348356807655364,0.043348356807655364,1659.28,-6.59
86,127,213,,7782.1824,7782.394366197183,0.21196619718375587,0.21196619718375587,1657.65,-5.74
87,126,213,,7768.4543,7768.920187793427,0.4658877934271004,0.4658877934271004,1654.78,-3.65
88,125,213,,7746.4726,7746.525821596244,0.053221596243929525,0.053221596243929525,1650.01,0.34
89,124,213,,7715.5908,7716.338028169014,0.7472281690143063,0.7472281690143063,1643.58,5.99
90,123,213,,7683.847,7684.835680751174,0.988680751173888,0.988680751173888,1636.87,11.91
91,122,213,,7644.8027,7645.962441314554,1.1597413145536848,1.1597413145536848,1628.59,19.41
80,134,214,,7724.0,7723.598130841122,-0.4018691588780712,0.4018691588780712,1652.85,11.82
81,133,214,,7745.0,7741.588785046729,-3.4112149532711555,3.4112149532711555,1656.7,7.2
82,132,214,,7772.3955,7769.392523364486,-3.0029766355137326,3.0029766355137326,1662.65,0.46
83,131,214,,7773.4955,7770.467289719626,-3.028210280373969,3.028210280373969,1662.88,-0.56
84,130,214,,7785.1163,7783.691588785046,-1.4247112149532768,1.4247112149532768,1665.71,-4.16
85,129,214,,7776.3632,7774.719626168225,-1.6435738317750292,1.6435738317750292,1663.79,-3.03
86,128,214,,7777.1023,7777.429906542056,0.3276065420568557,0.3276065420568557,1664.37,-4.39
87,127,214,,7757.7393,7757.710280373832,-0.029019626168519608,0.029019626168519608,1660.15,-0.95
88,126,214,,7749.1719,7750.654205607477,1.482305607476519,1.482305607476519,1658.64,-0.22
89,125,214,,7715.8874,7716.308411214954,0.4210112149539782,0.4210112149539782,1651.29,6.34
90,124,214,,7692.3173,7693.411214953271,1.093914953271451,1.093914953271451,1646.39,10.47
91,123,214,,7647.7037,7649.953271028037,2.2495710280372805,2.2495710280372805,1637.09,18.98
80,135,215,,7701.0,7699.720930232558,-1.279069767441797,1.279069767441797,1655.44,17.3
81,134,215,,7730.0,7726.883720930233,-3.116279069767188,3.116279069767188,1661.28,10.68
82,133,215,,7752.7381,7748.139534883721,-4.598565116278223,4.598565116278223,1665.85,5.33
83,132,215,,7761.7177,7758.883720930233,-2.833979069767338,2.833979069767338,1668.16,2.24
84,131,215,,7768.1768,7765.069767441861,-3.107032558139508,3.107032558139508,1669.49,0.12
85,130,215,,7767.8627,7765.441860465116,-2.420839534883271,2.420839534883271,1669.57,-0.74
86,129,215,,7763.8164,7761.767441860465,-2.0489581395349887,2.0489581395349887,1668.78,-0.72
87,128,215,,7753.2607,7753.162790697675,-0.09790930232520623,0.09790930232520623,1666.93,0.34
88,127,215,,7739.3249,7740.0,0.6751000000003842,0.6751000000003842,1664.1,2.39
89,126,215,,7719.4137,7720.7441860465115,1.3304860465113961,1.3304860465113961,1659.96,5.74
90,125,215,,7693.0266,7693.2558139534885,0.22921395348839724,0.22921395348839724,1654.05,10.88
91,124,215,,7657.3733,7658.325581395349,0.9522813953490186,0.9522813953490186,1646.54,17.6
92,123,215,,7620.7821,7622.232558139535,1.4504581395349305,1.4504581395349305,1638.78,24.58
80,136,216,,7685.0,7685.0,0.0,0.0,1659.96,20.85
81,135,216,,7709.0,7705.231481481482,-3.768518518518249,3.768518518518249,1664.33,15.7
82,134,216,,7740.0,7735.37037037037,-4.629629629629562,4.629629629629562,1670.84,8.41
83,133,216,,7743.4996,7740.092592592592,-3.4070074074079457,3.4070074074079457,1671.86,6.61
84,132,216,,7758.8205,7755.185185185185,-3.635314814814592,3.635314814814592,1675.12,2.57
85,131,216,,7753.0024,7750.185185185185,-2.817214814815088,2.817214814815088,1674.04,2.87
86,130,216,,7758.6553,7754.814814814815,-3.840485185185571,3.840485185185571,1675.04,1.09
87,129,216,,7742.4513,7740.092592592592,-2.3587074074075645,2.3587074074075645,1671.86,3.48
88,128,216,,7737.3458,7737.268518518518,-0.0772814814818048,0.0772814814818048,1671.25,3.3
89,127,216,,7711.2319,7712.12962962963,0.8977296296297936,0.8977296296297936,1665.82,7.95
90,126,216,,7697.6617,7699.62962962963,1.9679296296299071,1.9679296296299071,1663.12,9.88
91,125,216,,7659.2006,7660.138888888889,0.9382888888885645,0.9382888888885645,1654.59,17.62
92,124,216,,7631.3072,7632.824074074074,1.516874074073712,1.516874074073712,1648.69,22.74
81,136,217,,7693.0,7690.414746543779,-2.5852534562209257,2.5852534562209257,1668.82,19.28
82,135,217,,7719.0,7714.42396313364,-4.576036866359573,4.576036866359573,1674.03,13.29
83,134,217,,7731.8491,7728.064516129032,-3.784583870968163,3.784583870968163,1676.99,9.55
84,133,217,,7741.3614,7738.018433179724,-3.3429668202761604,3.3429668202761604,1679.15,6.61
85,132,217,,7744.6172,7741.705069124424,-2.9121308755757127,2.9121308755757127,1679.95,5.03
86,131,217,,7744.4037,7741.566820276497,-2.836879723502534,2.836879723502534,1679.92,4.28
87,130,217,,7737.775,7735.023041474655,-2.7519585253448895,2.7519585253448895,1678.5,4.91
88,129,217,,7726.9122,7724.8387096774195,-2.0734903225802555,2.0734903225802555,1676.29,6.34
89,128,217,,7710.3448,7709.907834101383,-0.43696589861701796,0.43696589861701796,1673.05,8.79
90,127,217,,7690.5945,7691.382488479263,0.7879884792628218,0.7879884792628218,1669.03,12.03
91,126,217,,7664.6438,7666.820276497696,2.1764764976960578,2.1764764976960578,1663.7,16.58
92,125,217,,7634.0,7634.377880184332,0.37788018433184334,0.37788018433184334,1656.66,22.84
81,137,218,,7672.0,7669.082568807339,-2.9174311926608425,2.9174311926608425,1671.86,24.32
82,136,218,,7705.0,7701.422018348624,-3.5779816513759215,3.5779816513759215,1678.91,16.49
83,135,218,,7712.828,7709.40366972477,-3.4243302752302043,3.4243302752302043,1680.65,13.96
84,134,218,,7731.53,7728.027522935779,-3.5024770642203293,3.5024770642203293,1684.71,9.12
85,133,218,,7729.1175,7727.155963302752,-1.961536697248448,1.961536697248448,1684.52,8.53
86,132,218,,7738.7527,7735.366972477064,-3.3857275229356674,3.3857275229356674,1686.31,5.96
87,131,218,,7726.7143,7724.633027522936,-2.081272477063976,2.081272477063976,1683.97,7.51
88,130,218,,7725.0241,7722.431192660551,-2.5929073394490842,2.5929073394490842,1683.49,7.21
89,129,218,,7702.145,7701.467889908256,-0.677110091743998,0.677110091743998,1678.92,11.0
90,128,218,,7691.6026,7691.146788990825,-0.4558110091747949,0.4558110091747949,1676.67,12.47
91,127,218,,7659.1935,7660.688073394495,1.4945733944950916,1.4945733944950916,1670.03,18.33
92,126,218,,7640.7191,7642.981651376147,2.262551376146803,2.262551376146803,1666.17,21.4
82,137,219,,7684.0,7679.908675799087,-4.091324200912823,4.091324200912823,1681.9,21.57
83,136,219,,7700.0,7696.803652968037,-3.1963470319633416,3.1963470319633416,1685.6,17.08
84,135,219,,7713.334,7710.365296803653,-2.9687031963467234,2.9687031963467234,1688.57,13.33
85,134,219,,7720.197,7718.082191780822,-2.114808219178485,2.114808219178485,1690.26,10.86
86,133,219,,7723.7784,7722.009132420091,-1.7692675799089557,1.7692675799089557,1691.12,9.22
87,132,219,,7721.1759,7719.315068493151,-1.8608315068495358,1.8608315068495358,1690.53,9.02
88,131,219,,7714.056,7712.785388127854,-1.2706118721453095,1.2706118721453095,1689.1,9.67
89,130,219,,7700.5489,7699.954337899543,-0.5945621004566419,0.5945621004566419,1686.29,11.7
90,129,219,,7683.7655,7683.607305936073,-0.15819406392711244,0.15819406392711244,1682.71,14.5
91,128,219,,7661.3783,7661.141552511415,-0.23674748858502426,0.23674748858502426,1677.79,18.64
92,127,219,,7636.2867,7637.16894977169,0.8822497716901125,0.8822497716901125,1672.54,23.1
93,126,219,,7604.6732,7607.214611872146,2.541411872145545,2.541411872145545,1665.98,28.88
82,138,220,,7670.0,7666.818181818182,-3.1818181818180165,3.1818181818180165,1686.7,24.84
83,137,220,,7681.0,7678.363636363636,-2.636363636363967,2.636363636363967,1689.24,21.52
84,136,220,,7703.2244,7700.0,-3.2244000000000597,3.2244000000000597,1694.0,15.97
85,135,220,,7703.7033,7703.181818181818,-0.5214818181821101,0.5214818181821101,1694.7,14.49
86,134,220,,7717.2552,7715.0,-2.255199999999604,2.255199999999604,1697.3,11.11
87,133,220,,7709.743,7708.590909090909,-1.1520909090913847,1.1520909090913847,1695.89,11.74
88,132,220,,7711.6879,7709.772727272727,-1.915172727272875,1.915172727272875,1696.15,10.7
89,131,220,,7692.3515,7692.636363636364,0.2848636363642072,0.2848636363642072,1692.38,13.69
90,130,220,,7684.4964,7684.090909090909,-0.40549090909098595,0.40549090909098595,1690.5,14.78
91,129,220,,7655.5364,7657.090909090909,1.5545090909090504,1.5545090909090504,1684.56,19.94
92,128,220,,7640.0,7639.954545454545,-0.04545454545495886,0.04545454545495886,1680.79,22.93
93,127,220,,7602.0758,7604.318181818182,2.2423818181823663,2.2423818181823663,1672.95,29.99
83,138,221,,7668.0,7665.339366515837,-2.660633484162645,2.660633484162645,1694.04,24.79
84,137,221,,7684.4814,7682.081447963801,-2.399952036198556,2.399952036198556,1697.74,20.3
85,136,221,,7694.4754,7693.257918552036,-1.217481447964019,1.217481447964019,1700.21,17.05
86,135,221,,7701.3941,7700.723981900453,-0.6701180995478353,0.6701180995478353,1701.86,14.62
87,134,221,,7703.2572,7702.171945701358,-1.0852542986422122,1.0852542986422122,1702.18,13.52
88,133,221,,7701.1352,7699.502262443439,-1.6329375565610462,1.6329375565610462,1701.59,13.32
89,132,221,,7690.5039,7690.27149321267,-0.23240678732963715,0.23240678732963715,1699.55,14.59
90,131,221,,7676.064,7677.194570135746,1.1305701357459839,1.1305701357459839,1696.66,16.69
91,130,221,,7656.9809,7658.14479638009,1.1638963800905913,1.1638963800905913,1692.45,20.12
92,129,221,,7634.6849,7635.972850678733,1.2879506787330683,1.2879506787330683,1687.55,24.24
93,128,221,,7607.0,7607.918552036199,0.9185520361988893,0.9185520361988893,1681.35,29.65
94,127,221,,7576.0,7578.41628959276,2.416289592760222,2.416289592760222,1674.83,35.4
83,139,222,,7648.0,7645.945945945946,-2.054054054054177,2.054054054054177,1697.4,29.5
84,138,222,,7674.0054,7670.855855855856,-3.1495441441438743,3.1495441441438743,1702.93,23.18
85,137,222,,7677.3878,7677.207207207207,-0.1805927927935045,0.1805927927935045,1704.34,20.99
86,136,222,,7694.4991,7692.7027027027025,-1.796397297297517,1.796397297297517,1707.78,16.77
87,135,222,,7690.9474,7690.045045045045,-0.902354954954717,0.902354954954717,1707.19,16.58
88,134,222,,7696.6931,7695.315315315315,-1.377784684685139,1.377784684685139,1708.36,14.63
89,133,222,,7682.8015,7682.1621621621625,-0.6393378378370471,0.6393378378370471,1705.44,16.77
90,132,222,,7676.6592,7676.801801801802,0.14260180180190218,0.14260180180190218,1704.25,17.17
91,131,222,,7651.2373,7653.468468468468,2.2311684684682405,2.2311684684682405,1699.07,21.57
92,130,222,,7637.7651,7638.828828828829,1.063728828828971,1.063728828828971,1695.82,24.03
93,129,222,,7602.7013,7606.126126126126,3.4248261261263906,3.4248261261263906,1688.56,30.51
94,128,222,,7582.0,7583.783783783784,1.7837837837842017,1.7837837837842017,1683.6,34.69
83,140,223,,7636.0,7632.556053811659,-3.443946188341215,3.443946188341215,1702.06,32.91
84,139,223,,7655.0,7652.286995515695,-2.713004484305202,2.713004484305202,1706.46,27.73
85,138,223,,7668.0557,7666.278026905829,-1.7776730941704955,1.7776730941704955,1709.58,23.82
86,137,223,,7678.172,7677.219730941704,-0.9522690582953146,0.9522690582953146,1712.02,20.6
87,136,223,,7683.6655,7682.600896860987,-1.064603139013343,1.064603139013343,1713.22,18.62
88,135,223,,7685.3101,7683.856502242153,-1.453597757847092,1.453597757847092,1713.5,17.56
89,134,223,,7679.1479,7678.654708520179,-0.49319147982077993,0.49319147982077993,1712.34,17.94
90,133,223,,7668.6426,7669.192825112108,0.5502251121079098,0.5502251121079098,1710.23,19.26
91,132,223,,7651.8957,7653.542600896861,1.6469008968606431,1.6469008968606431,1706.74,21.97
92,131,223,,7631.7611,7634.4843049327355,2.7232049327358254,2.7232049327358254,1702.49,25.44
93,130,223,,7607.5654,7609.461883408072,1.8964834080716173,1.8964834080716173,1696.91,30.24
94,129,223,,7580.0,7581.973094170404,1.9730941704037832,1.9730941704037832,1690.78,35.58
95,128,223,,7547.0,7548.878923766816,1.878923766816115,1.878923766816115,1683.4,42.18
83,141,224,,7616.0,7614.330357142857,-1.669642857143117,1.669642857143117,1705.61,37.43
84,140,224,,7644.0,7641.473214285715,-2.5267857142853245,2.5267857142853245,1711.69,30.56
85,139,224,,7650.7354,7650.133928571428,-0.6014714285711307,0.6014714285711307,1713.63,27.85
86,138,224,,7670.7514,7668.571428571428,-2.179971428571662,2.179971428571662,1717.76,22.93
87,137,224,,7670.368,7669.553571428572,-0.8144285714288344,0.8144285714288344,1717.98,21.93
88,136,224,,7679.9236,7678.571428571428,-1.352171428571637,1.352171428571637,1720.0,19.13
89,135,224,,7670.1438,7669.375,-0.7687999999998283,0.7687999999998283,1717.94,20.4
90,134,224,,7667.7162,7667.8125,0.0963000000001557,0.0963000000001557,1717.59,19.97
91,133,224,,7646.9612,7648.214285714285,1.2530857142855893,1.2530857142855893,1713.2,23.58
92,132,224,,7635.0742,7636.428571428572,1.3543714285715396,1.3543714285715396,1710.56,25.43
93,131,224,,7603.5032,7606.875,3.3717999999998938,3.3717999999998938,1703.94,31.27
94,130,224,,7586.0,7587.098214285715,1.0982142857146755,1.0982142857146755,1699.51,34.92
95,129,224,,7546.0,7549.0625,3.0625,3.0625,1690.99,42.67
84,141,225,,7626.0,7623.6,-2.399999999999636,2.399999999999636,1715.31,35.02
85,140,225,,7641.0,7639.377777777778,-1.6222222222222626,1.6222222222222626,1718.86,30.68
86,139,225,,7654.3581,7652.844444444445,-1.5136555555554878,1.5136555555554878,1721.89,26.88
87,138,225,,7662.9412,7661.022222222222,-1.9189777777783092,1.9189777777783092,1723.73,24.25
88,137,225,,7667.5866,7666.0,-1.5865999999996347,1.5865999999996347,1724.85,22.35
89,136,225,,7665.6906,7664.488888888889,-1.2017111111108534,1.2017111111108534,1724.51,21.9
90,135,225,,7659.2229,7659.066666666667,-0.15623333333314804,0.15623333333314804,1723.29,22.34
91,134,225,,7646.6504,7647.377777777778,0.7273777777772921,0.7273777777772921,1720.66,24.2
92,133,225,,7629.7717,7631.377777777778,1.6060777777775002,1.6060777777775002,1717.06,27.01
93,132,225,,7607.4231,7609.111111111111,1.6880111111113365,1.6880111111113365,1712.05,31.24
94,131,225,,7583.0,7584.666666666667,1.6666666666669698,1.6666666666669698,1706.55,35.95
95,130,225,,7553.0,7554.488888888889,1.4888888888890506,1.4888888888890506,1699.76,41.97
84,142,226,,7614.0,7612.079646017699,-1.9203539823010942,1.9203539823010942,1720.33,38.07
85,141,226,,7624.0,7623.495575221239,-0.5044247787609493,0.5044247787609493,1722.91,34.71
86,140,226,,7646.4108,7644.115044247787,-2.2957557522122443,2.2957557522122443,1727.57,29.26
87,139,226,,7648.3768,7647.300884955752,-1.0759150442481769,1.0759150442481769,1728.29,27.76
88,138,226,,7661.9636,7659.646017699115,-2.3175823008850784,2.3175823008850784,1731.08,24.19
89,137,226,,7655.6628,7653.982300884956,-1.6804991150438582,1.6804991150438582,1729.8,24.69
90,136,226,,7657.1195,7656.194690265486,-0.9248097345134738,0.9248097345134738,1730.3,23.41
91,135,226,,7641.1093,7640.575221238938,-0.5340787610621192,0.5340787610621192,1726.77,26.15
92,134,226,,7631.9166,7632.477876106194,0.5612761061947822,0.5612761061947822,1724.94,27.2
93,133,226,,7604.1714,7606.150442477876,1.979042477875737,1.979042477875737,1718.99,32.37
94,132,226,,7588.0,7588.849557522124,0.849557522124087,0.849557522124087,1715.08,35.49
95,131,226,,7552.0,7554.203539823009,2.203539823009123,2.203539823009123,1707.25,42.54
84,143,227,,7596.0,7593.568281938326,-2.431718061673564,2.431718061673564,1723.74,42.73
85,142,227,,7613.0,7612.15859030837,-0.8414096916303606,0.8414096916303606,1727.96,37.72
86,141,227,,7630.0508,7628.458149779735,-1.5926502202646589,1.5926502202646589,1731.66,33.25
87,140,227,,7640.7162,7638.678414096917,-2.037785903083204,2.037785903083204,1733.98,30.14
88,139,227,,7648.3048,7646.255506607929,-2.0492933920704672,2.0492933920704672,1735.7,27.64
89,138,227,,7650.7084,7648.105726872247,-2.6026731277534054,2.6026731277534054,1736.12,26.44
90,137,227,,7647.4591,7646.255506607929,-1.2035933920706157,1.2035933920706157,1735.7,26.08
91,136,227,,7639.4945,7638.193832599119,-1.3006674008811387,1.3006674008811387,1733.87,27.12
92,135,227,,7626.2918,7626.211453744493,-0.08034625550681085,0.08034625550681085,1731.15,29.06
93,134,227,,7607.2771,7607.797356828194,0.5202568281938511,0.5202568281938511,1726.97,32.46
94,133,227,,7585.0,7586.255506607929,1.2555066079294193,1.2555066079294193,1722.08,36.56
95,132,227,,7558.0,7558.8105726872245,0.8105726872245214,0.8105726872245214,1715.85,42.01
85,143,228,,7596.0,7596.491228070176,0.49122807017556624,0.49122807017556624,1732.0,41.76
86,142,228,,7621.6457,7620.30701754386,-1.3386824561403046,1.3386824561403046,1737.43,35.55
87,141,228,,7626.3689,7626.008771929824,-0.3601280701759606,0.3601280701759606,1738.73,33.47
88,140,228,,7642.4289,7640.6140350877195,-1.8148649122804272,1.8148649122804272,1742.06,29.36
89,139,228,,7639.1973,7637.587719298245,-1.6095807017545667,1.6095807017545667,1741.37,29.26
90,138,228,,7645.0807,7642.80701754386,-2.2736824561407047,2.2736824561407047,1742.56,27.29
91,137,228,,7632.2076,7630.570175438596,-1.6374245614033498,1.6374245614033498,1739.77,29.3
92,136,228,,7627.4763,7626.140350877193,-1.3359491228075058,1.3359491228075058,1738.76,29.52
93,135,228,,7604.0,7603.640350877193,-0.35964912280724093,0.35964912280724093,1733.63,33.88
94,134,228,,7590.4039,7589.517543859649,-0.8863561403513813,0.8863561403513813,1730.41,36.31
95,133,228,,7557.0,7557.763157894737,0.7631578947366506,0.7631578947366506,1723.17,42.77
85,144,229,,7585.0,7585.240174672489,0.24017467248904723,0.24017467248904723,1737.02,44.81
86,143,229,,7605.6227,7603.9737991266375,-1.648900873362436,1.648900873362436,1741.31,39.74
87,142,229,,7618.338,7616.986899563319,-1.3511004366810084,1.3511004366810084,1744.29,35.98
88,141,229,,7628.4862,7627.379912663755,-1.1062873362452592,1.1062873362452592,1746.67,32.81
89,140,229,,7633.2446,7631.441048034934,-1.803551965065708,1.803551965065708,1747.6,31.11
90,139,229,,7634.651,7632.576419213974,-2.074580786025763,2.074580786025763,1747.86,30.06
91,138,229,,7629.8752,7627.772925764192,-2.1022742358081814,2.1022742358081814,1746.76,30.38
92,137,229,,7620.7218,7619.650655021834,-1.0711449781665578,1.0711449781665578,1744.9,31.46
93,136,229,,7605.9921,7605.152838427947,-0.8392615720531467,0.8392615720531467,1741.58,33.99
94,135,229,,7586.8834,7586.069868995633,-0.8135310043662685,0.8135310043662685,1737.21,37.58
95,134,229,,7562.5697,7562.31441048035,-0.25528951965043234,0.25528951965043234,1731.77,42.24
86,144,230,,7595.0,7594.391304347826,-0.6086956521739921,0.6086956521739921,1746.71,42.41
87,143,230,,7603.7052,7602.739130434783,-0.9660695652173672,0.9660695652173672,1748.63,39.71
88,142,230,,7621.9144,7620.478260869565,-1.4361391304346398,1.4361391304346398,1752.71,34.85
89,141,230,,7621.4604,7620.304347826087,-1.15605217391294,1.15605217391294,1752.67,34.11
90,140,230,,7630.9974,7628.826086956522,-2.1713130434782215,2.1713130434782215,1754.63,31.36
91,139,230,,7621.8958,7619.782608695652,-2.11319130434822,2.11319130434822,1752.55,32.66
92,138,230,,7620.9227,7619.217391304348,-1.7053086956520929,1.7053086956520929,1752.42,32.0
93,137,230,,7601.7751,7600.608695652174,-1.1664043478258463,1.1664043478258463,1748.14,35.5
94,136,230,,7591.0016,7589.652173913043,-1.349426086956555,1.349426086956555,1745.62,37.24
95,135,230,,7562.0,7561.217391304348,-0.7826086956520157,0.7826086956520157,1739.08,43.0
86,145,231,,7579.0,7578.181818181818,-0.8181818181819835,0.8181818181819835,1750.56,46.63
87,144,231,,7594.5009,7593.073593073593,-1.4273069264072547,1.4273069264072547,1754.0,42.41
88,143,231,,7607.8418,7606.839826839827,-1.0019731601732929,1.0019731601732929,1757.18,38.45
89,142,231,,7615.0768,7613.679653679654,-1.3971463203461099,1.3971463203461099,1758.76,36.09
90,141,231,,7620.1188,7618.138528138528,-1.9802718614719197,1.9802718614719197,1759.79,34.27
91,140,231,,7618.4267,7616.190476190476,-2.2362238095238354,2.2362238095238354,1759.34,33.94
92,139,231,,7613.3879,7611.601731601731,-1.7861683982682734,1.7861683982682734,1758.28,34.22
93,138,231,,7602.1321,7600.69264069264,-1.439459307359357,1.439459307359357,1755.76,35.96
94,137,231,,7587.1224,7585.497835497836,-1.6245645021645032,1.6245645021645032,1752.25,38.69
95,136,231,,7566.0,7565.108225108225,-0.8917748917747303,0.8917748917747303,1747.54,42.62
96,135,231,,7542.0,7541.1255411255415,-0.8744588744584689,0.8744588744584689,1742.0,47.37
87,145,232,,7579.3481,7578.922413793103,-0.4256862068968985,0.4256862068968985,1758.31,46.17
88,144,232,,7600.0099,7598.922413793103,-1.087486206896756,1.087486206896756,1762.95,40.75
89,143,232,,7602.4245,7601.810344827586,-0.61415517241403,0.61415517241403,1763.62,39.3
90,142,232,,7615.0338,7613.706896551724,-1.3269034482764255,1.3269034482764255,1766.38,35.75
91,141,232,,7609.5072,7607.370689655172,-2.1365103448279115,2.1365103448279115,1764.91,36.44
92,140,232,,7611.8984,7610.2155172413795,-1.682882758620508,1.682882758620508,1765.57,35.0
93,139,232,,7597.0,7595.086206896552,-1.91379310344837,1.91379310344837,1762.06,37.73
94,138,232,,7588.9839,7587.5,-1.483900000000176,1.483900000000176,1760.3,38.71
95,137,232,,7564.0,7562.7155172413795,-1.2844827586204701,1.2844827586204701,1754.55,43.67
96,136,232,,7548.0,7546.637931034483,-1.36206896551721,1.36206896551721,1750.82,46.62
87,146,233,,7569.2398,7568.454935622318,-0.7848643776824247,0.7848643776824247,1763.45,49.11
88,145,233,,7585.5644,7584.721030042919,-0.8433699570814497,0.8433699570814497,1767.24,44.53
89,144,233,,7595.1939,7594.034334763948,-1.1595652360520035,1.1595652360520035,1769.41,41.58
90,143,233,,7602.8937,7601.974248927038,-0.9194510729612375,0.9194510729612375,1771.26,38.95
91,142,233,,7604.8675,7603.304721030043,-1.562778969957435,1.562778969957435,1771.57,37.86
92,141,233,,7603.9574,7601.759656652361,-2.1977433476395163,2.1977433476395163,1771.21,37.43
93,140,233,,7596.1816,7594.163090128755,-2.0185098712445324,2.0185098712445324,1769.44,38.42
94,139,233,,7583.7968,7582.403433476395,-1.3933665236054367,1.3933665236054367,1766.7,40.38
95,138,233,,7567.0,7565.665236051502,-1.334763948498221,1.334763948498221,1762.8,43.49
96,137,233,,7546.002,7544.592274678112,-1.4097253218888,1.4097253218888,1757.89,47.63
97,136,233,,7519.0,7518.884120171674,-0.1158798283258875,0.1158798283258875,1751.9,52.83
88,146,234,,7576.5439,7575.940170940171,-0.6037290598287655,0.6037290598287655,1772.77,47.08
89,145,234,,7582.1297,7581.538461538462,-0.5912384615385236,0.5912384615385236,1774.08,44.98
90,144,234,,7596.8557,7595.854700854701,-1.0009991452989198,1.0009991452989198,1777.43,40.85
91,143,234,,7594.6837,7593.247863247863,-1.4358367521363107,1.4358367521363107,1776.82,40.68
92,142,234,,7600.716,7599.444444444444,-1.2715555555560059,1.2715555555560059,1778.27,38.45
93,141,234,,7589.6382,7587.863247863248,-1.7749521367522902,1.7749521367522902,1775.56,40.38
94,140,234,,7584.6061,7583.6324786324785,-0.9736213675214458,0.9736213675214458,1774.57,40.58
95,139,234,,7564.0,7562.179487179487,-1.820512820512704,1.820512820512704,1769.55,44.82
96,138,234,,7550.6868,7548.846153846154,-1.8406461538461372,1.8406461538461372,1766.43,47.16
97,137,234,,7519.0,7518.547008547009,-0.45299145299122756,0.45299145299122756,1759.34,53.46
88,147,235,,7561.0,7560.978723404255,-0.02127659574489371,0.02127659574489371,1776.83,51.08
89,146,235,,7573.5051,7573.063829787234,-0.44127021276653977,0.44127021276653977,1779.67,47.46
90,145,235,,7584.3862,7583.574468085107,-0.8117319148932438,0.8117319148932438,1782.14,44.21
91,144,235,,7588.4139,7587.744680851064,-0.6692191489355537,0.6692191489355537,1783.12,42.45
92,143,235,,7590.9151,7589.659574468085,-1.2555255319148273,1.2555255319148273,1783.57,41.21
93,142,235,,7587.0571,7585.702127659574,-1.3549723404257747,1.3549723404257747,1782.64,41.36
94,141,235,,7578.8799,7577.191489361702,-1.6884106382976825,1.6884106382976825,1780.64,42.58
95,140,235,,7565.1582,7563.744680851064,-1.4135191489358476,1.4135191489358476,1777.48,44.96
96,139,235,,7547.0,7545.787234042553,-1.2127659574471181,1.2127659574471181,1773.26,48.39
97,138,235,,7524.0,7523.234042553191,-0.7659574468088977,0.7659574468088977,1767.96,52.91
89,147,236,,7559.2423,7559.703389830508,0.46108983050817187,0.46108983050817187,1784.09,51.11
90,146,236,,7576.9688,7576.525423728814,-0.4433762711860254,0.4433762711860254,1788.06,46.36
91,145,236,,7577.5573,7576.822033898305,-0.7352661016957427,0.7352661016957427,1788.13,45.51
92,144,236,,7586.4854,7585.720338983051,-0.7650610169484935,0.7650610169484935,1790.23,42.63
93,143,236,,7579.2148,7577.542372881356,-1.6724271186440092,1.6724271186440092,1788.3,43.77
94,142,236,,7577.9192,7577.033898305085,-0.8853016949151424,0.8853016949151424,1788.18,43.12
95,141,236,,7561.0,7559.152542372882,-1.847457627118274,1.847457627118274,1783.96,46.54
96,140,236,,7550.309,7549.025423728814,-1.2835762711865755,1.2835762711865755,1781.57,48.15
97,139,236,,7523.0,7521.9915254237285,-1.0084745762715102,1.0084745762715102,1775.19,53.76
89,148,237,,7550.0,7550.2531645569625,0.2531645569624743,0.2531645569624743,1789.41,53.87
90,147,237,,7563.4433,7563.502109704641,0.058809704641134886,0.058809704641134886,1792.55,49.94
91,146,237,,7570.3847,7570.210970464135,-0.1737295358643678,0.1737295358643678,1794.14,47.57
92,145,237,,7576.1026,7574.894514767932,-1.2080852320677877,1.2080852320677877,1795.25,45.67
93,144,237,,7574.9895,7573.881856540084,-1.10764345991538,1.10764345991538,1795.01,45.14
94,143,237,,7570.7599,7569.4092827004215,-1.3506172995785164,1.3506172995785164,1793.95,45.41
95,142,237,,7561.0,7559.2405063291135,-1.7594936708865134,1.7594936708865134,1791.54,47.04
96,141,237,,7546.6241,7544.683544303797,-1.940555696202864,1.940555696202864,1788.09,49.71
97,140,237,,7527.0,7525.696202531645,-1.3037974683547873,1.3037974683547873,1783.59,53.43
98,139,237,,7503.3507,7502.320675105485,-1.0300248945150088,1.0300248945150088,1778.05,58.18
90,148,238,,7555.0,7555.546218487395,0.5462184873949809,0.5462184873949809,1798.22,52.34
91,147,238,,7558.3449,7558.6134453781515,0.26854537815142976,0.26854537815142976,1798.95,50.83
92,146,238,,7570.1262,7569.915966386555,-0.21023361344487057,0.21023361344487057,1801.64,47.36
93,145,238,,7566.222,7564.747899159664,-1.4741008403361775,1.4741008403361775,1800.41,47.8
94,144,238,,7568.3611,7567.394957983193,-0.9661420168067707,0.9661420168067707,1801.04,46.39
95,143,238,,7555.5853,7553.529411764706,-2.0558882352934233,2.0558882352934233,1797.74,48.91
96,142,238,,7547.9966,7546.848739495798,-1.1478605042020718,1.1478605042020718,1796.15,49.72
97,141,238,,7525.0,7523.0672268907565,-1.9327731092434988,1.9327731092434988,1790.49,54.6
98,140,238,,7509.0,7507.773109243697,-1.2268907563029643,1.2268907563029643,1786.85,57.46
90,149,239,,7540.0,7541.589958158996,1.5899581589956142,1.5899581589956142,1802.44,56.2
91,148,239,,7550.0,7550.794979079498,0.7949790794982619,0.7949790794982619,1804.64,53.21
92,147,239,,7558.5624,7558.744769874477,0.18236987447744468,0.18236987447744468,1806.54,50.53
93,146,239,,7560.568,7560.0,-0.568000000000211,0.568000000000211,1806.84,49.45
94,145,239,,7560.3187,7558.870292887029,-1.4484071129709264,1.4484071129709264,1806.57,48.93
95,144,239,,7553.6891,7551.9246861924685,-1.7644138075311275,1.7644138075311275,1804.91,49.81
96,143,239,,7543.0659,7541.422594142259,-1.6433058577404154,1.6433058577404154,1802.4,51.54
97,142,239,,7527.0,7525.648535564854,-1.3514644351462266,1.3514644351462266,1798.63,54.52
98,141,239,,7507.0,7506.0251046025105,-0.9748953974894903,0.9748953974894903,1793.94,58.44
99,140,239,,7481.0,7481.589958158996,0.5899581589956142,0.5899581589956142,1788.1,63.49
91,149,240,,7537.0,7538.416666666667,1.4166666666669698,1.4166666666669698,1809.22,56.71
92,148,240,,7551.7705,7552.583333333333,0.8128333333334012,0.8128333333334012,1812.62,52.52
93,147,240,,7550.1743,7550.375,0.2007000000003245,0.2007000000003245,1812.09,52.27
94,146,240,,7556.0433,7555.916666666667,-0.1266333333333023,0.1266333333333023,1813.42,50.15
95,145,240,,7547.0136,7545.291666666667,-1.7219333333332543,1.7219333333332543,1810.87,51.92
96,144,240,,7542.8617,7541.541666666667,-1.3200333333334129,1.3200333333334129,1809.97,52.04
97,143,240,,7523.0,7522.333333333333,-0.6666666666669698,0.6666666666669698,1805.36,55.87
98,142,240,,7510.24,7510.166666666667,-0.07333333333281189,0.07333333333281189,1802.44,58.0
99,141,240,,7481.0,7481.291666666667,0.29166666666696983,0.29166666666696983,1795.51,64.16
91,150,241,,7528.0,7529.834024896266,1.8340248962658734,1.8340248962658734,1814.69,59.3
92,149,241,,7539.0,7540.3734439834025,1.373443983402467,1.373443983402467,1817.23,55.99
93,148,241,,7544.0426,7544.398340248963,0.35574024896322953,0.35574024896322953,1818.2,54.23
94,147,241,,7546.4395,7546.4315352697095,-0.007964730290950683,0.007964730290950683,1818.69,52.96
95,146,241,,7543.2795,7542.448132780083,-0.8313672199165012,0.8313672199165012,1817.73,53.14
96,145,241,,7536.8488,7535.39419087137,-1.4546091286301817,1.4546091286301817,1816.03,54.05
97,144,241,,7524.0,7522.98755186722,-1.0124481327802641,1.0124481327802641,1813.04,56.26
98,143,241,,7507.0,7506.846473029045,-0.15352697095477197,0.15352697095477197,1809.15,59.37
99,142,241,,7485.0,7485.726141078838,0.7261410788378271,0.7261410788378271,1804.06,63.68
100,141,241,,7459.0,7460.3734439834025,1.373443983402467,1.373443983402467,1797.95,69.01
92,150,242,,7532.0,7533.099173553719,1.0991735537190834,1.0991735537190834,1823.01,58.27
93,149,242,,7533.4042,7533.760330578512,0.35613057851242047,0.35613057851242047,1823.17,57.33
94,148,242,,7541.3284,7542.024793388429,0.6963933884289872,0.6963933884289872,1825.17,54.54
95,147,242,,7534.9917,7534.545454545455,-0.4462454545446235,0.4462454545446235,1823.36,55.58
96,146,242,,7534.504,7534.214876033057,-0.28912396694249765,0.28912396694249765,1823.28,54.87
97,145,242,,7519.0,7518.099173553719,-0.9008264462809166,0.9008264462809166,1819.38,57.99
98,144,242,,7509.0991,7509.090909090909,-0.008190909091354115,0.008190909091354115,1817.2,59.39
99,143,242,,7483.0,7483.966942148761,0.9669421487606087,0.9669421487606087,1811.12,64.68
100,142,242,,7465.0,7466.322314049587,1.3223140495865664,1.3223140495865664,1806.85,68.17
92,151,243,,7518.0,7520.082304526749,2.082304526748885,2.082304526748885,1827.38,61.98
93,150,243,,7526.0,7526.707818930041,0.7078189300409576,0.7078189300409576,1828.99,59.58
94,149,243,,7531.0087,7531.6872427983535,0.6785427983531918,0.6785427983531918,1830.2,57.59
95,148,243,,7530.1742,7530.534979423868,0.36077942386782524,0.36077942386782524,1829.92,57.09
96,147,243,,7526.9261,7526.707818930041,-0.21828106995872076,0.21828106995872076,1828.99,57.23
97,146,243,,7517.5021,7517.283950617284,-0.21814938271563733,0.21814938271563733,1826.7,58.74
98,145,243,,7505.0,7504.567901234568,-0.4320987654318742,0.4320987654318742,1823.61,61.05
99,144,243,,7486.0,7486.707818930041,0.7078189300409576,0.7078189300409576,1819.27,64.61
100,143,243,,7464.0,7464.979423868313,0.9794238683125513,0.9794238683125513,1813.99,69.11
93,151,244,,7514.0,7515.450819672131,1.4508196721308195,1.4508196721308195,1833.77,62.88
94,150,244,,7524.8154,7526.516393442623,1.700993442622348,1.700993442622348,1836.47,59.39
95,149,244,,7521.3095,7521.7213114754095,0.4118114754091948,0.4118114754091948,1835.3,59.78
96,148,244,,7523.9527,7524.38524590164,0.4325459016399691,0.4325459016399691,1835.95,58.35
97,147,244,,7511.4759,7511.393442622951,-0.08245737704964995,0.08245737704964995,1832.78,60.73
98,146,244,,7505.1373,7505.491803278688,0.3545032786878437,0.3545032786878437,1831.34,61.39
99,145,244,,7483.0,7483.811475409836,0.8114754098360208,0.8114754098360208,1826.05,65.9
100,144,244,,7468.0,7469.303278688524,1.3032786885241876,1.3032786885241876,1822.51,68.66
101,143,244,,7438.0,7437.950819672131,-0.049180327869180473,0.049180327869180473,1814.86,75.52
93,152,245,,7506.0,7507.183673469388,1.1836734693879407,1.1836734693879407,1839.26,65.45
94,151,245,,7513.2822,7515.34693877551,2.0647387755107047,2.0647387755107047,1841.26,62.67
95,150,245,,7515.3043,7516.734693877551,1.4303938775510687,1.4303938775510687,1841.6,61.55
96,149,245,,7515.7677,7516.0,0.23229999999966822,0.23229999999966822,1841.42,60.94
97,148,245,,7509.2714,7509.591836734694,0.32043673469434,0.32043673469434,1839.85,61.73
98,147,245,,7499.6644,7500.040816326531,0.3764163265313982,0.3764163265313982,1837.51,63.29
99,146,245,,7485.0,7485.224489795918,0.22448979591808893,0.22448979591808893,1833.88,66.14
100,145,245,,7465.0,7466.734693877551,1.7346938775508534,1.7346938775508534,1829.35,69.88
101,144,245,,7441.0,7442.530612244898,1.5306122448982933,1.5306122448982933,1823.42,75.03
94,152,246,,7506.5401,7508.658536585366,2.1184365853659983,2.1184365853659983,1847.13,64.87
95,151,246,,7505.0,7507.073170731707,2.0731707317072505,2.0731707317072505,1846.74,64.48
96,150,246,,7511.4716,7512.845528455285,1.3739284552848403,1.3739284552848403,1848.16,62.28
97,149,246,,7502.8035,7502.764227642277,-0.03927235772334825,0.03927235772334825,1845.68,63.97
98,148,246,,7499.122,7499.756097560976,0.6340975609755333,0.6340975609755333,1844.94,63.93
99,147,246,,7480.7849,7481.544715447155,0.7598154471552334,0.7598154471552334,1840.46,67.63
100,146,246,,7467.9608,7469.918699186992,1.9578991869921083,1.9578991869921083,1837.6,69.71
101,145,246,,7441.0,7441.626016260163,0.6260162601629418,0.6260162601629418,1830.64,75.88
94,153,247,,7493.0,7495.141700404858,2.1417004048580566,2.1417004048580566,1851.3,68.78
95,152,247,,7499.0,7500.80971659919,1.809716599190324,1.809716599190324,1852.7,66.6
96,151,247,,7501.9318,7503.400809716599,1.4690097165985208,1.4690097165985208,1853.34,65.17
97,150,247,,7498.9408,7500.04048582996,1.099685829959526,1.099685829959526,1852.51,65.22
98,149,247,,7493.2638,7493.441295546559,0.17749554655893007,0.17749554655893007,1850.88,66.06
99,148,247,,7480.1005,7481.497975708502,1.3974757085024976,1.3974757085024976,1847.93,68.23
100,147,247,,7464.0,7466.194331983806,2.1943319838055686,2.1943319838055686,1844.15,71.23
101,146,247,,7444.0,7445.060728744939,1.060728744939297,1.060728744939297,1838.93,75.67
95,153,248,,7487.0,7488.548387096775,1.5483870967746043,1.5483870967746043,1857.16,70.2
96,152,248,,7496.7291,7498.870967741936,2.1418677419360392,2.1418677419360392,1859.72,66.86
97,151,248,,7490.5975,7492.177419354839,1.5799193548391486,1.5799193548391486,1858.06,67.74
98,150,248,,7491.044,7492.217741935484,1.1737419354840313,1.1737419354840313,1858.07,66.95
99,149,248,,7476.0,7476.693548387097,0.6935483870965982,0.6935483870965982,1854.22,70.01
100,148,248,,7465.9451,7467.9838709677415,2.038770967741584,2.038770967741584,1852.06,71.39
101,147,248,,7442.0,7443.185483870968,1.1854838709678006,1.1854838709678006,1845.91,76.76
102,146,248,,7424.0,7425.806451612903,1.8064516129034018,1.8064516129034018,1841.6,80.29
95,154,249,,7479.0,7480.803212851406,1.8032128514059877,1.8032128514059877,1862.72,72.72
96,153,249,,7485.551,7486.746987951808,1.195987951807183,1.195987951807183,1864.2,70.45
97,152,249,,7486.041,7487.831325301205,1.7903253012045752,1.7903253012045752,1864.47,69.4
98,151,249,,7483.3954,7484.779116465864,1.383716465863472,1.383716465863472,1863.71,69.38
99,150,249,,7474.0,7475.863453815261,1.863453815260982,1.863453815260982,1861.49,70.81
100,149,249,,7461.8649,7463.5341365461845,1.6692365461849477,1.6692365461849477,1858.42,73.1
101,148,249,,7444.0169,7445.381526104417,1.3646261044177663,1.3646261044177663,1853.9,76.85
102,147,249,,7422.0,7424.176706827309,2.1767068273093173,2.1767068273093173,1848.62,81.34
96,154,250,,7478.9385,7480.48,1.5414999999993597,1.5414999999993597,1870.12,72.6
97,153,250,,7475.9594,7477.28,1.320600000000013,1.320600000000013,1869.32,72.62
98,152,250,,7479.9567,7482.0,2.043300000000272,2.043300000000272,1870.5,70.66
99,151,250,,7469.0,7469.96,0.9600000000000364,0.9600000000000364,1867.49,72.89
100,150,250,,7462.0905,7464.36,2.269499999999425,2.269499999999425,1866.09,73.5
101,149,250,,7441.6533,7442.6,0.9467000000004191,0.9467000000004191,1860.65,78.16
102,148,250,,7426.0,7428.04,2.0399999999999636,2.0399999999999636,1857.01,81.02
96,155,251,,7466.7233,7467.649402390438,0.9261023904382455,0.9261023904382455,1874.38,76.41
97,154,251,,7469.2637,7471.155378486056,1.8916784860557527,1.8916784860557527,1875.26,74.76
98,153,251,,7470.5014,7471.95219123506,1.4507912350600236,1.4507912350600236,1875.46,73.77
99,152,251,,7465.8842,7467.490039840637,1.6058398406366905,1.6058398406366905,1874.34,74.11
100,151,251,,7457.0013,7458.8844621513945,1.883162151394572,1.883162151394572,1872.18,75.49
101,150,251,,7441.9005,7443.904382470119,2.0038824701196063,2.0038824701196063,1868.42,78.46
102,149,251,,7423.0,7425.577689243028,2.577689243027635,2.577689243027635,1863.82,82.28
103,148,251,,7400.0,7402.629482071713,2.629482071713028,2.629482071713028,1858.06,87.25
96,156,252,,7460.0,7460.357142857143,0.357142857143117,0.357142857143117,1880.01,78.85
97,155,252,,7459.0,7459.8015873015875,0.8015873015874604,0.8015873015874604,1879.87,78.21
98,154,252,,7465.3474,7467.023809523809,1.6764095238095251,1.6764095238095251,1881.69,75.61
99,153,252,,7457.2428,7458.888888888889,1.6460888888886984,1.6460888888886984,1879.64,76.88
100,152,252,,7456.0351,7458.015873015873,1.9807730158727281,1.9807730158727281,1879.42,76.32
101,151,252,,7438.4444,7439.960317460317,1.515917460316814,1.515917460316814,1874.87,80.08
102,150,252,,7425.7992,7428.5317460317465,2.7325460317460966,2.7325460317460966,1871.99,82.18
103,149,252,,7400.0,7401.825396825397,1.8253968253966377,1.8253968253966377,1865.26,88.13
97,156,253,,7451.0,7452.806324110672,1.8063241106719943,1.8063241106719943,1885.56,80.59
98,155,253,,7454.8297,7455.96837944664,1.1386794466397987,1.1386794466397987,1886.36,79.01
99,154,253,,7452.8879,7454.229249011858,1.3413490118582558,1.3413490118582558,1885.92,78.68
100,153,253,,7448.4712,7449.644268774704,1.1730687747040065,1.1730687747040065,1884.76,79.05
101,152,253,,7438.0,7439.486166007905,1.4861660079050125,1.4861660079050125,1882.19,80.83
102,151,253,,7422.4719,7424.940711462451,2.468811462451413,2.468811462451413,1878.51,83.74
103,150,253,,7402.918,7405.217391304348,2.299391304348319,2.299391304348319,1873.52,87.95
104,149,253,,7380.0,7381.501976284585,1.5019762845849982,1.5019762845849982,1867.52,93.16
97,157,254,,7440.0,7441.299212598426,1.2992125984255836,1.2992125984255836,1890.09,84.13
98,156,254,,7449.2259,7450.472440944882,1.246540944881417,1.246540944881417,1892.42,81.02
99,155,254,,7443.5759,7444.645669291339,1.069769291339071,1.069769291339071,1890.94,81.72
100,154,254,,7444.7936,7446.850393700787,2.0567937007872388,2.0567937007872388,1891.5,80.38
101,153,254,,7432.0,7432.755905511811,0.7559055118108517,0.7559055118108517,1887.92,83.18
102,152,254,,7423.5909,7426.102362204724,2.511462204724012,2.511462204724012,1886.23,84.09
103,151,254,,7401.1306,7403.149606299213,2.0190062992123785,2.0190062992123785,1880.4,89.13
104,150,254,,7384.0,7386.535433070866,2.53543307086602,2.53543307086602,1876.18,92.57
98,157,255,,7438.0,7439.21568627451,1.2156862745096078,1.2156862745096078,1897.0,84.52
99,156,255,,7437.8216,7439.294117647059,1.4725176470583392,1.4725176470583392,1897.02,83.71
100,155,255,,7435.886,7437.411764705882,1.5257647058815564,1.5257647058815564,1896.54,83.41
101,154,255,,7428.7333,7430.235294117647,1.5019941176469729,1.5019941176469729,1894.71,84.46
102,153,255,,7417.9403,7419.529411764706,1.5891117647061037,1.5891117647061037,1891.98,86.4
103,152,255,,7402.5767,7404.78431372549,2.2076137254907735,2.2076137254907735,1888.22,89.39
104,151,255,,7382.0,7384.862745098039,2.8627450980393405,2.8627450980393405,1883.14,93.68
105,150,255,,7359.0,7360.6274509803925,1.6274509803924957,1.6274509803924957,1876.96,99.08
98,158,256,,7432.0,7433.359375,1.359375,1.359375,1902.94,86.65
99,157,256,,7428.0,7429.4921875,1.4921875,1.4921875,1901.95,86.85
100,156,256,,7431.7888,7433.515625,1.7268249999997352,1.7268249999997352,1902.98,85.05
101,155,256,,7421.0,7422.578125,1.578125,1.578125,1900.18,87.06
102,154,256,,7416.5429,7418.7109375,2.1680374999996275,2.1680374999996275,1899.19,87.27
103,153,256,,7398.1605,7399.84375,1.6832500000000437,1.6832500000000437,1894.36,91.32
104,152,256,,7385.4349,7387.96875,2.533849999999802,2.533849999999802,1891.32,93.57
105,151,256,,7359.0,7360.4296875,1.4296875,1.4296875,1884.27,99.84
99,158,257,,7422.0,7423.813229571984,1.813229571984266,1.813229571984266,1907.92,88.96
100,157,257,,7422.1942,7423.929961089494,1.73576108949419,1.73576108949419,1907.95,88.14
101,156,257,,7417.5845,7419.066147859922,1.4816478599223046,1.4816478599223046,1906.7,88.62
102,155,257,,7409.6587,7411.3618677042805,1.7031677042805313,1.7031677042805313,1904.72,89.81
103,154,257,,7397.0,7399.455252918288,2.455252918288352,2.455252918288352,1901.66,92.09
104,153,257,,7381.7053,7383.657587548638,1.9522875486381963,1.9522875486381963,1897.6,95.37
105,152,257,,7361.9767,7364.007782101167,2.031082101167158,2.031082101167158,1892.55,99.63
99,159,258,,7412.0,7413.837209302325,1.837209302325391,1.837209302325391,1912.77,92.18
100,158,258,,7418.0,7419.84496124031,1.8449612403101128,1.8449612403101128,1914.32,89.84
101,157,258,,7409.6615,7411.124031007752,1.4625310077517497,1.4625310077517497,1912.07,91.31
102,156,258,,7407.0,7409.263565891473,2.263565891473263,2.263565891473263,1911.59,91.01
103,155,258,,7392.0,7393.6821705426355,1.6821705426355038,1.6821705426355038,1907.57,94.25
104,154,258,,7382.5257,7384.68992248062,2.164222480620083,2.164222480620083,1905.25,95.79
105,153,258,,7359.4803,7361.201550387597,1.7212503875971379,1.7212503875971379,1899.19,101.07
106,152,258,,7342.0,7344.612403100775,2.612403100774827,2.612403100774827,1894.91,104.56
100,159,259,,7407.0,7410.19305019305,3.1930501930501123,3.1930501930501123,1919.24,92.99
101,158,259,,7405.0,7407.258687258687,2.2586872586871323,2.2586872586871323,1918.48,92.97
102,157,259,,7399.9714,7401.814671814672,1.843271814671425,1.843271814671425,1917.07,93.6
103,156,259,,7390.0,7391.930501930502,1.9305019305020323,1.9305019305020323,1914.51,95.38
104,155,259,,7377.0,7379.2277992278,2.227799227799551,2.227799227799551,1911.22,97.89
105,154,259,,7360.3626,7362.664092664093,2.3014926640926205,2.3014926640926205,1906.93,101.4
106,153,259,,7340.0,7342.239382239382,2.239382239382394,2.239382239382394,1901.64,105.9
100,160,260,,7402.0,7406.0,4.0,4.0,1925.56,94.75
101,159,260,,7396.0,7399.153846153846,3.153846153845734,3.153846153845734,1923.78,95.75
102,158,260,,7397.0,7399.576923076923,2.576923076922867,2.576923076922867,1923.89,94.85
103,157,260,,7383.0,7386.115384615385,3.1153846153847553,3.1153846153847553,1920.39,97.57
104,156,260,,7377.0,7379.2692307692305,2.2692307692304894,2.2692307692304894,1918.61,98.57
105,155,260,,7357.0,7358.923076923077,1.923076923077133,1.923076923077133,1913.32,103.08
106,154,260,,7342.5632,7345.115384615385,2.5521846153851584,2.5521846153851584,1909.73,105.88
107,153,260,,7314.0,7316.615384615385,2.6153846153847553,2.6153846153847553,1902.32,112.51
101,160,261,,7391.0,7395.0191570881225,4.019157088122483,4.019157088122483,1930.1,97.5
102,159,261,,7388.0,7391.6475095785445,3.6475095785444864,3.6475095785444864,1929.22,97.59
103,158,261,,7381.0,7384.176245210728,3.176245210727757,3.176245210727757,1927.27,98.76
104,157,261,,7371.3858,7373.6781609195405,2.2923609195404424,2.2923609195404424,1924.53,100.72
105,156,261,,7357.0,7359.19540229885,2.19540229885024,2.19540229885024,1920.75,103.72
106,155,261,,7339.771,7341.6475095785445,1.8765095785447556,1.8765095785447556,1916.17,107.51
107,154,261,,7317.3313,7320.0,2.6687000000001717,2.6687000000001717,1910.52,112.38
101,161,262,,7382.0,7386.412213740458,4.4122137404583555,4.4122137404583555,1935.24,100.43
102,160,262,,7385.0,7389.3893129770995,4.389312977099507,4.389312977099507,1936.02,98.87
103,159,262,,7374.0,7377.824427480916,3.8244274809158014,3.8244274809158014,1932.99,101.12
104,158,262,,7370.0,7373.244274809161,3.2442748091607427,3.2442748091607427,1931.79,101.53
105,157,262,,7352.0,7355.038167938931,3.0381679389311103,3.0381679389311103,1927.02,105.52
106,156,262,,7341.1736,7343.473282442748,2.299682442748235,2.299682442748235,1923.99,107.76
107,155,262,,7315.7331,7318.206106870229,2.473006870228346,2.473006870228346,1917.37,113.6
102,161,263,,7376.0,7380.9505703422055,4.950570342205538,4.950570342205538,1941.19,101.76
103,160,263,,7371.0,7375.817490494296,4.81749049429618,4.81749049429618,1939.84,102.33
104,159,263,,7364.0,7367.566539923954,3.566539923954224,3.566539923954224,1937.67,103.73
105,158,263,,7352.0,7355.133079847908,3.133079847908448,3.133079847908448,1934.4,106.21
106,157,263,,7337.0,7339.657794676806,2.657794676805679,2.657794676805679,1930.33,109.5
107,156,263,,7318.0,7320.266159695818,2.266159695817805,2.266159695817805,1925.23,113.82
108,155,263,,7295.0,7297.376425855513,2.3764258555129345,2.3764258555129345,1919.21,119.06
102,162,264,,7371.0,7377.651515151515,6.651515151515014,6.651515151515014,1947.7,103.33
103,161,264,,7363.0,7368.787878787879,5.787878787878981,5.787878787878981,1945.36,104.89
104,160,264,,7361.0,7366.818181818182,5.8181818181819835,5.8181818181819835,1944.84,104.62
105,159,264,,7346.0,7350.871212121212,4.871212121212011,4.871212121212011,1940.63,108.05
106,158,264,,7338.0,7341.174242424242,3.1742424242420384,3.1742424242420384,1938.07,109.83
107,157,264,,7315.0,7318.219696969697,3.2196969696969973,3.2196969696969973,1932.01,115.11
108,156,264,,7298.3762,7301.212121212121,2.8359212121213204,2.8359212121213204,1927.52,118.82
103,162,265,,7359.0,7365.735849056604,6.735849056603911,6.735849056603911,1951.92,106.39
104,161,265,,7354.0,7360.188679245283,6.188679245283311,6.188679245283311,1950.45,107.08
105,160,265,,7345.0,7350.452830188679,5.4528301886794,5.4528301886794,1947.87,108.88
106,159,265,,7333.0,7337.2830188679245,4.283018867924511,4.283018867924511,1944.38,111.59
107,158,265,,7316.0,7320.037735849057,4.037735849056844,4.037735849056844,1939.81,115.38
108,157,265,,7296.2474,7299.358490566037,3.1110905660370918,3.1110905660370918,1934.33,120.08
109,156,265,,7272.0,7274.33962264151,2.339622641509777,2.339622641509777,1927.7,125.92
103,163,266,,7349.0,7357.18045112782,8.180451127819651,8.180451127819651,1957.01,109.38
104,162,266,,7351.0,7358.684210526316,7.684210526315837,7.684210526315837,1957.41,108.19
105,161,266,,7339.0,7345.225563909775,6.225563909774792,6.225563909774792,1953.83,110.99
106,160,266,,7332.0,7338.233082706767,6.2330827067671635,6.2330827067671635,1951.97,112.07
107,159,266,,7313.0,7317.518796992481,4.5187969924809295,4.5187969924809295,1946.46,116.8
108,158,266,,7298.2611,7302.706766917293,4.445666917293238,4.445666917293238,1942.52,119.96
109,157,266,,7270.7598,7274.1353383458645,3.3755383458646975,3.3755383458646975,1934.92,126.78
104,163,267,,7342.0,7350.374531835206,8.374531835205744,8.374531835205744,1962.55,111.13
105,162,267,,7337.0,7344.044943820225,7.044943820224944,7.044943820224944,1960.86,112.03
106,161,267,,7327.0,7333.445692883895,6.44569288389539,6.44569288389539,1958.03,114.08
107,160,267,,7313.0,7318.951310861423,5.951310861422826,5.951310861422826,1954.16,117.18
108,159,267,,7295.0,7300.449438202248,5.44943820224762,5.44943820224762,1949.22,121.32
109,158,267,,7273.0,7277.752808988764,4.752808988763718,4.752808988763718,1943.16,126.6
110,157,267,,7248.0,7251.385767790262,3.3857677902624346,3.3857677902624346,1936.12,132.87
104,164,268,,7337.0,7346.082089552238,9.082089552238358,9.082089552238358,1968.75,113.0
105,163,268,,7328.0,7337.089552238806,9.089552238806391,9.089552238806391,1966.34,114.63
106,162,268,,7326.0,7333.544776119403,7.544776119402741,7.544776119402741,1965.39,114.79
107,161,268,,7309.0,7315.5970149253735,6.597014925373514,6.597014925373514,1960.58,118.82
108,160,268,,7297.0,7303.4701492537315,6.470149253731506,6.470149253731506,1957.33,121.29
109,159,268,,7271.0,7277.164179104478,6.1641791044776255,6.1641791044776255,1950.28,127.56
110,158,268,,7252.0,7256.679104477612,4.679104477611872,4.679104477611872,1944.79,132.26
105,164,269,,7323.0,7332.936802973978,9.936802973978047,9.936802973978047,1972.56,116.48
106,163,269,,7318.0,7326.728624535316,8.728624535316158,8.728624535316158,1970.89,117.36
107,162,269,,7309.0,7315.724907063197,6.724907063196952,6.724907063196952,1967.93,119.54
108,161,269,,7294.0,7300.111524163569,6.111524163568902,6.111524163568902,1963.73,122.96
109,160,269,,7274.0,7280.260223048327,6.260223048327134,6.260223048327134,1958.39,127.52
110,159,269,,7250.1551,7256.282527881041,6.127427881040603,6.127427881040603,1951.94,133.19
105,165,270,,7314.0,7323.666666666667,9.66666666666697,9.66666666666697,1977.39,119.72
106,164,270,,7314.0,7324.037037037037,10.037037037037408,10.037037037037408,1977.49,118.84
107,163,270,,7301.0,7310.407407407408,9.407407407407845,9.407407407407845,1973.81,121.74
108,162,270,,7295.0,7301.777777777777,6.777777777777374,6.777777777777374,1971.48,123.28
109,161,270,,7271.0,7278.481481481482,7.481481481481751,7.481481481481751,1965.19,128.79
110,160,270,,7253.7634,7260.740740740741,6.977340740741056,6.977340740741056,1960.4,132.79
106,165,271,,7305.0,7315.0184501845015,10.01845018450149,10.01845018450149,1982.37,122.03
107,164,271,,7298.0,7307.933579335793,9.933579335793183,9.933579335793183,1980.45,123.17
108,163,271,,7288.0,7296.974169741698,8.974169741697551,8.974169741697551,1977.48,125.35
109,162,271,,7273.0,7280.664206642066,7.664206642066347,7.664206642066347,1973.06,128.99
110,161,271,,7252.0,7259.520295202952,7.520295202952184,7.520295202952184,1967.33,133.94
106,166,272,,7301.0,7310.919117647059,9.919117647058556,9.919117647058556,1988.57,123.9
107,165,272,,7290.0,7300.220588235294,10.22058823529369,10.22058823529369,1985.66,126.03
108,164,272,,7286.0,7295.882352941177,9.882352941176578,9.882352941176578,1984.48,126.43
109,163,272,,7267.0,7277.316176470588,10.316176470588289,10.316176470588289,1979.43,130.7
110,162,272,,7255.0,7263.088235294118,8.088235294118022,8.088235294118022,1975.56,133.77
111,161,272,,7227.0,7233.75,6.75,6.75,1967.58,140.98
106,167,273,,7292.0,7301.611721611722,9.611721611721805,9.611721611721805,1993.34,127.2
107,166,273,,7286.0,7296.227106227107,10.22710622710656,10.22710622710656,1991.87,127.89
108,165,273,,7279.0,7288.351648351649,9.351648351648691,9.351648351648691,1989.72,129.26
109,164,273,,7265.0,7276.373626373626,11.373626373626394,11.373626373626394,1986.45,131.74
110,163,273,,7250.0,7259.92673992674,9.926739926740083,9.926739926740083,1981.96,135.45
111,162,273,,7230.0,7237.545787545788,7.545787545787789,7.545787545787789,1975.85,140.78
107,167,274,,7278.0,7288.1021897810215,10.10218978102148,10.10218978102148,1996.94,130.89
108,166,274,,7276.0,7285.5474452554745,9.547445255474486,9.547445255474486,1996.24,130.8
109,165,274,,7259.0,7270.43795620438,11.437956204379589,11.437956204379589,1992.1,134.17
110,164,274,,7249.0,7260.58394160584,11.583941605839755,11.583941605839755,1989.4,136.08
111,163,274,,7227.0,7235.985401459854,8.985401459854074,8.985401459854074,1982.66,142.04
107,168,275,,7273.0,7283.490909090909,10.490909090908644,10.490909090908644,2002.96,132.95
108,167,275,,7268.0,7277.527272727273,9.527272727273157,9.527272727273157,2001.32,133.8
109,166,275,,7257.0,7267.745454545455,10.745454545454777,10.745454545454777,1998.63,135.7
110,165,275,,7243.0,7254.581818181819,11.581818181818562,11.581818181818562,1995.01,138.55
111,164,275,,7227.0,7236.618181818182,9.618181818182165,9.618181818182165,1990.07,142.71
107,169,276,,7265.0,7275.652173913043,10.652173913043043,10.652173913043043,2008.08,135.89
108,168,276,,7265.0,7274.202898550725,9.202898550724967,9.202898550724967,2007.68,135.51
109,167,276,,7250.0,7260.978260869565,10.97826086956502,10.97826086956502,2004.03,138.38
110,166,276,,7243.0,7253.550724637681,10.550724637681014,10.550724637681014,2001.98,139.64
111,165,276,,7223.0,7232.463768115942,9.463768115942003,9.463768115942003,1996.16,144.68
112,164,276,,7209.0,7217.246376811594,8.246376811594018,8.246376811594018,1991.96,148.1
107,170,277,,7260.0,7271.87725631769,11.877256317689898,11.877256317689898,2014.31,137.74
108,169,277,,7256.0,7266.750902527076,10.750902527075596,10.750902527075596,2012.89,138.38
109,168,277,,7247.0,7257.7617328519855,10.761732851985471,10.761732851985471,2010.4,140.07
110,167,277,,7237.0,7247.075812274368,10.075812274368218,10.075812274368218,2007.44,142.25
111,166,277,,7222.0,7231.985559566787,9.985559566786833,9.985559566786833,2003.26,145.65
112,165,277,,7205.0,7213.465703971119,8.465703971119183,8.465703971119183,1998.13,150.0
107,171,278,,7251.0,7264.604316546763,13.604316546762675,13.604316546762675,2019.56,140.55
108,170,278,,7252.0,7264.53237410072,12.532374100719608,12.532374100719608,2019.54,139.79
109,169,278,,7240.0,7251.798561151079,11.798561151079412,11.798561151079412,2016.0,142.55
110,168,278,,7236.0,7245.46762589928,9.467625899280392,9.467625899280392,2014.24,143.53
111,167,278,,7218.0,7227.086330935252,9.08633093525168,9.08633093525168,2009.13,147.85
112,166,278,,7206.0,7214.172661870503,8.172661870503362,8.172661870503362,2005.54,150.67
113,165,278,,7181.0,7188.63309352518,7.633093525179902,7.633093525179902,1998.44,156.98
108,171,279,,7243.0,7257.598566308244,14.59856630824379,14.59856630824379,2024.87,142.53
109,170,279,,7237.0,7249.928315412187,12.928315412186748,12.928315412186748,2022.73,143.89
110,169,279,,7229.0,7240.286738351255,11.286738351254826,11.286738351254826,2020.04,145.8
111,168,279,,7216.0,7226.308243727599,10.308243727598892,10.308243727598892,2016.14,148.91
112,167,279,,7202.0,7210.215053763441,8.215053763440665,8.215053763440665,2011.65,152.62
113,166,279,,7183.0,7191.756272401433,8.756272401433307,8.756272401433307,2006.5,156.99
108,172,280,,7239.0,7254.892857142857,15.892857142856883,15.892857142856883,2031.37,144.11
109,171,280,,7229.0,7244.321428571428,15.321428571428442,15.321428571428442,2028.41,146.29
110,170,280,,7227.0,7239.857142857143,12.857142857143117,12.857142857143117,2027.16,146.76
111,169,280,,7212.0,7222.678571428572,10.678571428571558,10.678571428571558,2022.35,150.77
112,168,280,,7202.0,7211.428571428572,9.428571428571558,9.428571428571558,2019.2,153.15
113,167,280,,7180.0,7189.321428571428,9.321428571428442,9.321428571428442,2013.01,158.55
109,172,281,,7225.0,7241.7081850533805,16.708185053380475,16.708185053380475,2034.92,147.84
110,171,281,,7220.0,7234.270462633452,14.270462633451643,14.270462633451643,2032.83,149.15
111,170,281,,7209.0,7222.384341637011,13.384341637010948,13.384341637010948,2029.49,151.71
112,169,281,,7197.0,7208.185053380783,11.185053380782847,11.185053380782847,2025.5,154.92
113,168,281,,7181.0,7191.494661921708,10.49466192170803,10.49466192170803,2020.81,158.83
109,173,282,,7218.0,7235.2836879432625,17.28368794326252,17.28368794326252,2040.35,150.49
110,172,282,,7217.0,7232.90780141844,15.907801418439703,15.907801418439703,2039.68,150.37
111,171,282,,7204.0,7218.120567375887,14.120567375886822,14.120567375886822,2035.51,153.76
112,170,282,,7197.0,7209.609929078014,12.60992907801392,12.60992907801392,2033.11,155.38
113,169,282,,7177.0,7189.432624113475,12.432624113474958,12.432624113474958,2027.42,160.29
110,173,283,,7210.0,7226.749116607773,16.74911660777343,16.74911660777343,2045.17,152.96
111,172,283,,7201.0,7217.137809187279,16.137809187279345,16.137809187279345,2042.45,154.89
112,171,283,,7192.0,7205.689045936396,13.689045936395814,13.689045936395814,2039.21,157.35
113,170,283,,7177.0,7190.777385159011,13.777385159010919,13.777385159010919,2034.99,160.79
110,174,284,,7207.0,7224.7535211267605,17.75352112676046,17.75352112676046,2051.83,154.37
111,173,284,,7195.0,7212.288732394366,17.28873239436598,17.28873239436598,2048.29,157.12
112,172,284,,7191.0,7205.950704225352,14.950704225351728,14.950704225351728,2046.49,158.14
113,171,284,,7173.0,7187.992957746479,14.992957746479078,14.992957746479078,2041.39,162.46
114,170,284,,7163.0,7175.985915492958,12.985915492958156,12.985915492958156,2037.98,165.09
111,174,285,,7192.0,7210.526315789473,18.5263157894733,18.5263157894733,2055.0,158.48
112,173,285,,7185.0,7201.192982456141,16.19298245614118,16.19298245614118,2052.34,160.36
113,172,285,,7172.0,7188.315789473684,16.315789473684163,16.315789473684163,2048.67,163.26
114,171,285,,7159.0,7173.19298245614,14.192982456140271,14.192982456140271,2044.36,166.78
111,175,286,,7185.0,7204.755244755244,19.755244755244348,19.755244755244348,2060.56,161.0
112,174,286,,7183.0,7200.559440559441,17.5594405594411,17.5594405594411,2059.36,161.41
113,173,286,,7168.0,7184.755244755245,16.755244755245258,16.755244755245258,2054.84,165.15
114,172,286,,7159.0,7174.5804195804185,15.580419580418493,15.580419580418493,2051.93,167.27
112,175,287,,7176.0,7194.878048780487,18.878048780487006,18.878048780487006,2064.93,163.91
113,174,287,,7166.0,7184.181184668991,18.18118466899068,18.18118466899068,2061.86,166.2
114,173,287,,7155.0,7171.114982578398,16.114982578397758,16.114982578397758,2058.11,169.17
115,172,287,,7139.0,7153.554006968642,14.55400696864217,14.55400696864217,2053.07,173.43
112,176,288,,7174.0,7192.847222222223,18.847222222222626,18.847222222222626,2071.54,165.38
113,175,288,,7160.0,7179.6875,19.6875,19.6875,2067.75,168.38
114,174,288,,7154.0,7172.291666666667,18.29166666666697,18.29166666666697,2065.62,169.73
115,173,288,,7135.0,7151.215277777778,16.215277777778283,16.215277777778283,2059.55,175.02
113,176,289,,7158.0,7178.166089965397,20.166089965397077,20.166089965397077,2074.49,169.71
114,175,289,,7149.0,7168.096885813149,19.09688581314913,19.09688581314913,2071.58,171.84
115,174,289,,7135.0,7151.799307958478,16.799307958477584,16.799307958477584,2066.87,175.77
116,173,289,,7119.0,7133.425605536332,14.425605536332114,14.425605536332114,2061.56,180.3
113,177,290,,7152.0,7173.275862068966,21.27586206896558,21.27586206896558,2080.25,172.02
114,176,290,,7147.0,7168.344827586207,21.34482758620743,21.34482758620743,2078.82,172.67
115,175,290,,7131.0,7148.620689655172,17.6206896551721,17.6206896551721,2073.1,177.61
116,174,290,,7120.0,7135.068965517241,15.06896551724094,15.06896551724094,2069.17,180.76
114,177,291,,7141.0,7163.127147766322,22.127147766322196,22.127147766322196,2084.47,175.1
115,176,291,,7129.0,7149.243986254295,20.243986254295123,20.243986254295123,2080.43,178.36
116,175,291,,7116.0,7131.924398625429,15.924398625428694,15.924398625428694,2075.39,182.61
117,174,291,,7098.0,7112.096219931272,14.096219931271662,14.096219931271662,2069.62,187.6
115,177,292,,7124.0,7145.41095890411,21.410958904109975,21.410958904109975,2086.46,180.4
116,176,292,,7116.0,7133.904109589041,17.904109589040672,17.904109589040672,2083.1,182.97
117,175,292,,7095.0,7110.068493150684,15.068493150683935,15.068493150683935,2076.14,189.15
116,177,293,,7111.0,7130.034129692833,19.03412969283272,19.03412969283272,2089.1,185.04
117,176,293,,7095.0,7111.84300341297,16.843003412969665,16.843003412969665,2083.77,189.59
118,175,293,,7078.0,7090.511945392492,12.511945392491725,12.511945392491725,2077.52,195.06
117,177,294,,7092.0,7109.217687074831,17.217687074830792,17.217687074830792,2090.11,191.33
118,176,294,,7079.0,7092.1768707483,13.176870748299734,13.176870748299734,2085.1,195.55
118,177,295,,7076.0,7090.745762711865,14.7457627118647,14.7457627118647,2091.77,196.96
