Z,N,A,actual_binding_energy_per_A_keV,uam_v4_prediction_keV_per_A,frdm2012_prediction_keV_per_A,uam_v4_residual_keV_per_A,frdm2012_residual_keV_per_A,uam_v4_absolute_residual_keV_per_A,frdm2012_absolute_residual_keV_per_A,lower_error_model
8,8,16,7976.2072,7801.236772820913,8001.875,-174.97042717908698,25.66780000000017,174.97042717908698,25.66780000000017,FRDM2012
8,9,17,7750.7291,7812.868318972186,7791.176470588235,62.13921897218643,40.44737058823557,62.13921897218643,40.44737058823557,FRDM2012
8,10,18,7767.0981,7949.243312747167,7880.0,182.14521274716662,112.90189999999984,182.14521274716662,112.90189999999984,FRDM2012
8,11,19,7566.4952,7649.092568007191,7628.9473684210525,82.59736800719111,62.45216842105219,82.59736800719111,62.45216842105219,FRDM2012
8,12,20,7568.5707,7579.592826592372,7649.0,11.022126592371933,80.42929999999978,11.022126592371933,80.42929999999978,UAM_V4
8,13,21,7389.3747,7401.566558286809,7388.0952380952385,12.191858286808383,-1.2794619047617743,12.191858286808383,1.2794619047617743,FRDM2012
8,14,22,7364.8722,7356.000998527587,7335.909090909091,-8.871201472412395,-28.9631090909088,8.871201472412395,28.9631090909088,UAM_V4
8,15,23,7163.4856,7115.644057284051,7050.434782608696,-47.84154271594889,-113.05081739130401,47.84154271594889,113.05081739130401,UAM_V4
8,16,24,7039.6855,6978.645441666017,6915.833333333333,-61.040058333982415,-123.85216666666656,61.040058333982415,123.85216666666656,UAM_V4
8,17,25,6727.8058,6598.082112696146,6596.4,-129.7236873038537,-131.40580000000045,129.7236873038537,131.40580000000045,UAM_V4
8,18,26,6497.479,6363.315336326868,6438.846153846154,-134.16366367313185,-58.632846153846,134.16366367313185,58.632846153846,FRDM2012
8,19,27,6185.0,6292.126,6129.62962962963,107.1260000000002,-55.37037037037044,107.1260000000002,55.37037037037044,FRDM2012
8,20,28,5988.0,5955.272500000001,5957.857142857143,-32.727499999999054,-30.142857142856883,32.727499999999054,30.142857142856883,FRDM2012
9,8,17,7542.3284,7518.821048114498,7601.176470588235,-23.50735188550243,58.848070588234805,23.50735188550243,58.848070588234805,UAM_V4
9,9,18,7631.6383,7641.360360236775,7596.111111111111,9.722060236775178,-35.527188888888304,9.722060236775178,35.527188888888304,UAM_V4
9,10,19,7779.0192,7838.939682649449,7816.315789473684,59.920482649449696,37.296589473684435,59.920482649449696,37.296589473684435,FRDM2012
9,11,20,7720.1351,7768.736953430763,7709.0,48.601853430762276,-11.13510000000042,48.601853430762276,11.13510000000042,FRDM2012
9,12,21,7738.2934,7791.45672463118,7759.523809523809,53.16332463118033,21.230409523809612,53.16332463118033,21.230409523809612,FRDM2012
9,13,22,7624.2954,7672.804389779692,7617.727272727273,48.508989779692456,-6.568127272726997,48.508989779692456,6.568127272726997,FRDM2012
9,14,23,7622.3447,7611.506380480863,7595.652173913043,-10.838319519136348,-26.692526086956605,10.838319519136348,26.692526086956605,UAM_V4
9,15,24,7463.5831,7418.394912467886,7400.0,-45.18818753211417,-63.58309999999983,45.18818753211417,63.58309999999983,UAM_V4
9,16,25,7336.3065,7309.464468477961,7274.0,-26.84203152203827,-62.30649999999969,26.84203152203827,62.30649999999969,UAM_V4
9,17,26,7082.2497,7092.238656222419,7030.7692307692305,9.988956222418892,-51.48046923076981,9.988956222418892,51.48046923076981,UAM_V4
9,18,27,6879.6662,6918.099247433355,6875.925925925926,38.43304743335557,-3.740274074073568,38.43304743335557,3.740274074073568,FRDM2012
9,19,28,6626.8567,6661.86124948783,6639.285714285715,35.004549487829536,12.429014285714402,35.004549487829536,12.429014285714402,FRDM2012
9,20,29,6444.0314,6482.433392770212,6476.206896551724,38.40199277021202,32.17549655172388,38.40199277021202,32.17549655172388,FRDM2012
9,21,30,6205.0,6171.4637,6237.666666666667,-33.536299999999756,32.66666666666697,33.536299999999756,32.66666666666697,FRDM2012
9,22,31,6011.0,6008.3966,6086.451612903225,-2.603399999999965,75.4516129032254,2.603399999999965,75.4516129032254,UAM_V4
10,8,18,7341.2577,7144.26162819339,7465.0,-196.99607180661042,123.74229999999989,196.99607180661042,123.74229999999989,FRDM2012
10,9,19,7567.3431,7600.713294778596,7614.210526315789,33.37019477859576,46.86742631578909,33.37019477859576,46.86742631578909,UAM_V4
10,10,20,8032.2412,7931.174066812338,8040.5,-101.06713318766197,8.25879999999961,101.06713318766197,8.25879999999961,FRDM2012
10,11,21,7971.7136,7932.603426157868,7950.476190476191,-39.1101738421321,-21.23740952380922,39.1101738421321,21.23740952380922,FRDM2012
10,12,22,8080.4656,8161.685850166325,8089.545454545455,81.22025016632415,9.07985454545451,81.22025016632415,9.07985454545451,FRDM2012
10,13,23,7955.2561,8021.777653050674,7943.04347826087,66.52155305067481,-12.212621739129645,66.52155305067481,12.212621739129645,FRDM2012
10,14,24,7993.3252,7981.602585875624,8025.416666666667,-11.722614124376378,32.09146666666675,11.722614124376378,32.09146666666675,UAM_V4
10,15,25,7839.7994,7792.538969188329,7824.8,-47.26043081167063,-14.999399999999696,47.26043081167063,14.999399999999696,FRDM2012
10,16,26,7751.911,7732.794965141396,7778.846153846154,-19.116034858604507,26.935153846154208,19.116034858604507,26.935153846154208,UAM_V4
10,17,27,7520.4151,7540.593788338389,7532.592592592592,20.178688338388383,12.177492592591989,20.178688338388383,12.177492592591989,FRDM2012
10,18,28,7388.3463,7410.0257651807515,7448.214285714285,21.679465180751322,59.86798571428517,21.679465180751322,59.86798571428517,UAM_V4
10,19,29,7167.0673,7173.674829965483,7196.896551724138,6.6075299654830815,29.829251724137976,6.6075299654830815,29.829251724137976,UAM_V4
10,20,30,7034.5317,7030.282585689923,7081.333333333333,-4.249114310076948,46.801633333333484,4.249114310076948,46.801633333333484,UAM_V4
10,21,31,6813.0902,6751.401163887297,6849.354838709677,-61.689036112702524,36.264638709677456,61.689036112702524,36.264638709677456,FRDM2012
10,22,32,6671.0,6598.69860241273,6727.1875,-72.30139758727,56.1875,72.30139758727,56.1875,FRDM2012
10,23,33,6436.0,6459.1131,6482.121212121212,23.113099999999577,46.12121212121201,23.113099999999577,46.12121212121201,UAM_V4
10,24,34,6287.0,6307.4683,6347.35294117647,20.468300000000454,60.35294117647027,20.468300000000454,60.35294117647027,UAM_V4
11,8,19,6937.8864,6900.01182660457,7014.736842105263,-37.87457339543016,76.85044210526303,37.87457339543016,76.85044210526303,UAM_V4
11,9,20,7298.5028,7250.091334201228,7310.0,-48.41146579877204,11.497199999999793,48.41146579877204,11.497199999999793,FRDM2012
11,10,21,7765.5581,7767.155271557307,7759.523809523809,1.597171557306865,-6.034290476191018,1.597171557306865,6.034290476191018,UAM_V4
11,11,22,7915.6624,7877.563727482497,7860.454545454545,-38.09867251750347,-55.20785454545512,38.09867251750347,55.20785454545512,UAM_V4
11,12,23,8111.4936,8100.158410229502,8080.434782608696,-11.335189770497891,-31.05881739130382,11.335189770497891,31.05881739130382,UAM_V4
11,13,24,8063.4882,8098.569826786282,8017.5,35.08162678628196,-45.98819999999978,35.08162678628196,45.98819999999978,UAM_V4
11,14,25,8101.3979,8140.062420946264,8077.6,38.66452094626402,-23.797899999999572,38.66452094626402,23.797899999999572,FRDM2012
11,15,26,8004.2013,8008.306744313413,7965.0,4.1054443134135,-39.20129999999972,4.1054443134135,39.20129999999972,UAM_V4
11,16,27,7956.9467,7940.898315682251,7936.666666666667,-16.04838431774897,-20.28003333333345,16.04838431774897,20.28003333333345,UAM_V4
11,17,28,7799.2644,7792.254708294973,7783.928571428572,-7.009691705026853,-15.335828571428465,7.009691705026853,15.335828571428465,UAM_V4
11,18,29,7682.1522,7707.158093530037,7716.551724137931,25.0058935300367,34.39952413793071,25.0058935300367,34.39952413793071,UAM_V4
11,19,30,7501.9685,7532.037506801779,7528.333333333333,30.069006801779324,26.36483333333308,30.069006801779324,26.36483333333308,FRDM2012
11,20,31,7398.6778,7399.996090686081,7414.8387096774195,1.3182906860802177,16.160909677419113,1.3182906860802177,16.160909677419113,UAM_V4
11,21,32,7219.8815,7201.976979181058,7226.25,-17.90452081894273,6.368499999999585,17.90452081894273,6.368499999999585,FRDM2012
11,22,33,7089.9262,7084.292133849172,7098.484848484848,-5.634066150827493,8.558648484848163,5.634066150827493,8.558648484848163,UAM_V4
11,23,34,6886.4377,6898.208923068249,6909.411764705882,11.771223068248219,22.974064705881574,11.771223068248219,22.974064705881574,UAM_V4
11,24,35,6745.0,6753.142177158398,6774.0,8.142177158398226,29.0,8.142177158398226,29.0,UAM_V4
11,25,36,6557.0,6551.21885,6565.0,-5.781149999999798,8.0,5.781149999999798,8.0,UAM_V4
11,26,37,6403.0,6400.5,6418.648648648648,-2.5,15.648648648648305,2.5,15.648648648648305,UAM_V4
11,27,38,6216.0,6227.5623,6246.578947368421,11.562299999999595,30.578947368420813,11.562299999999595,30.578947368420813,UAM_V4
11,28,39,6056.0,6061.0,6103.589743589743,5.0,47.58974358974319,5.0,47.58974358974319,UAM_V4
12,8,20,6728.0252,6702.9096037982235,6824.0,-25.115596201776498,95.97479999999996,25.115596201776498,95.97479999999996,UAM_V4
12,9,21,7105.0317,6980.149606914627,7151.9047619047615,-124.88209308537262,46.873061904761926,124.88209308537262,46.873061904761926,FRDM2012
12,10,22,7662.7645,7518.180539966141,7688.181818181818,-144.5839600338595,25.41731818181779,144.5839600338595,25.41731818181779,FRDM2012
12,11,23,7901.1229,7856.597853735931,7879.130434782609,-44.525046264069715,-21.992465217391327,44.525046264069715,21.992465217391327,FRDM2012
12,12,24,8260.7103,8162.264248719564,8224.166666666666,-98.44605128043622,-36.54363333333458,98.44605128043622,36.54363333333458,FRDM2012
12,13,25,8223.5028,8237.207900860109,8185.2,13.70510086010836,-38.30280000000039,13.70510086010836,38.30280000000039,UAM_V4
12,14,26,8333.8711,8397.500102344873,8334.23076923077,63.62900234487279,0.35966923076921375,63.62900234487279,0.35966923076921375,FRDM2012
12,15,27,8263.8525,8260.218013957838,8205.185185185184,-3.6344860421631893,-58.667314814816564,3.6344860421631893,58.667314814816564,UAM_V4
12,16,28,8272.4531,8245.669850410419,8239.285714285714,-26.78324958958183,-33.167385714286866,26.78324958958183,33.167385714286866,UAM_V4
12,17,29,8113.5317,8110.188882507127,8097.931034482759,-3.3428174928722,-15.600665517240486,3.3428174928722,15.600665517240486,UAM_V4
12,18,30,8054.425,8067.172712309593,8072.333333333333,12.747712309593226,17.90833333333285,12.747712309593226,17.90833333333285,UAM_V4
12,19,31,7869.1886,7894.3811376729345,7902.258064516129,25.192537672934122,33.06946451612839,25.192537672934122,33.06946451612839,UAM_V4
12,20,32,7803.8411,7814.371139088786,7836.875,10.530039088785998,33.03390000000036,10.530039088785998,33.03390000000036,UAM_V4
12,21,33,7636.4382,7620.392318931886,7643.636363636364,-16.045881068113886,7.19816363636437,16.045881068113886,7.19816363636437,FRDM2012
12,22,34,7550.3919,7532.909746622404,7556.764705882353,-17.48215337759575,6.372805882353532,17.48215337759575,6.372805882353532,FRDM2012
12,23,35,7356.2338,7358.189975034108,7368.0,1.9561750341081279,11.766200000000026,1.9561750341081279,11.766200000000026,UAM_V4
12,24,36,7244.4202,7249.307778500788,7267.222222222223,4.88757850078855,22.80202222222306,4.88757850078855,22.80202222222306,UAM_V4
12,25,37,7055.1115,7047.872996851133,7064.054054054054,-7.2385031488665845,8.942554054054199,7.2385031488665845,8.942554054054199,UAM_V4
12,26,38,6928.0,6870.730316061896,6955.0,-57.26968393810421,27.0,57.26968393810421,27.0,FRDM2012
12,27,39,6734.0,6693.039012678491,6775.641025641025,-40.96098732150858,41.64102564102541,40.96098732150858,41.64102564102541,UAM_V4
12,29,41,6425.0,6412.8885,6438.292682926829,-12.111499999999978,13.292682926829002,12.111499999999978,13.292682926829002,UAM_V4
13,8,21,6297.0,6454.695606084679,6370.0,157.69560608467873,73.0,157.69560608467873,73.0,FRDM2012
13,9,22,6782.0,6929.316889440982,6813.181818181818,147.31688944098187,31.181818181818016,147.31688944098187,31.181818181818016,FRDM2012
13,10,23,7335.7275,7338.664441916557,7343.478260869565,2.9369419165568615,7.750760869565056,2.9369419165568615,7.750760869565056,UAM_V4
13,11,24,7649.5806,7626.580174656694,7632.5,-23.000425343306233,-17.08060000000023,23.000425343306233,17.08060000000023,FRDM2012
13,12,25,8021.1366,8008.21095317096,7988.4,-12.925646829039579,-32.73660000000018,12.925646829039579,32.73660000000018,UAM_V4
13,13,26,8149.7653,8135.291605637759,8103.461538461538,-14.473694362241076,-46.30376153846191,14.473694362241076,46.30376153846191,UAM_V4
13,14,27,8331.5533,8323.393784308135,8280.0,-8.159515691864726,-51.55329999999958,8.159515691864726,51.55329999999958,UAM_V4
13,15,28,8309.8969,8318.295160590456,8266.785714285714,8.39826059045663,-43.111185714285966,8.39826059045663,43.111185714285966,UAM_V4
13,16,29,8348.4647,8366.894714517506,8306.206896551725,18.430014517505697,-42.25780344827581,18.430014517505697,42.25780344827581,UAM_V4
13,17,30,8261.1049,8273.582887415527,8203.0,12.477987415526513,-58.10490000000027,12.477987415526513,58.10490000000027,UAM_V4
13,18,31,8225.518,8228.938224677882,8228.064516129032,3.4202246778822882,2.5465161290321703,3.4202246778822882,2.5465161290321703,FRDM2012
13,19,32,8100.3449,8093.957154038263,8092.499999999999,-6.387745961736982,-7.844900000000962,6.387745961736982,7.844900000000962,UAM_V4
13,20,33,8020.6172,8030.939938533417,8043.030303030303,10.322738533417578,22.41310303030332,10.322738533417578,22.41310303030332,UAM_V4
13,21,34,7860.3506,7879.339170410792,7889.117647058823,18.988570410791908,28.767047058823664,18.988570410791908,28.767047058823664,UAM_V4
13,22,35,7787.1243,7789.617695109021,7812.571428571428,2.493395109020639,25.44712857142804,2.493395109020639,25.44712857142804,UAM_V4
13,23,36,7623.5154,7622.837549300543,7653.888888888889,-0.6778506994569398,30.37348888888846,0.6778506994569398,30.37348888888846,UAM_V4
13,24,37,7531.316,7533.6523619650125,7559.459459459459,2.3363619650126566,28.143459459459336,2.3363619650126566,28.143459459459336,UAM_V4
13,25,38,7370.0,7367.317255044822,7395.789473684211,-2.68274495517835,25.78947368421086,2.68274495517835,25.78947368421086,UAM_V4
13,26,39,7260.0,7259.854993826495,7290.51282051282,-0.14500617350495304,30.512820512820326,0.14500617350495304,30.512820512820326,UAM_V4
13,27,40,7097.0,7109.0672412030735,7156.5,12.067241203073536,59.5,12.067241203073536,59.5,UAM_V4
13,28,41,6980.0,6998.718834043284,7053.170731707317,18.718834043284005,73.17073170731692,18.718834043284005,73.17073170731692,UAM_V4
13,29,42,6829.0,6825.009624582735,6841.666666666667,-3.9903754172646586,12.66666666666697,3.9903754172646586,12.66666666666697,UAM_V4
13,30,43,6712.0,6700.0,6704.883720930233,-12.0,-7.116279069767188,12.0,7.116279069767188,FRDM2012
14,8,22,6044.0,6409.7575,6087.727272727273,365.7574999999997,43.727272727272975,365.7574999999997,43.727272727272975,FRDM2012
14,9,23,6554.0,6567.668701588707,6598.260869565217,13.668701588707336,44.260869565217035,13.668701588707336,44.260869565217035,UAM_V4
14,10,24,7167.2329,7026.619456111803,7222.083333333333,-140.61344388819725,54.85043333333306,140.61344388819725,54.85043333333306,FRDM2012
14,11,25,7480.1109,7388.313075113162,7515.2,-91.79782488683759,35.089100000000144,91.79782488683759,35.089100000000144,FRDM2012
14,12,26,7924.7083,7978.453255669086,7927.307692307692,53.74495566908536,2.599392307692142,53.74495566908536,2.599392307692142,FRDM2012
14,13,27,8124.342,8115.113642252961,8092.962962962963,-9.228357747038899,-31.37903703703705,9.228357747038899,31.37903703703705,UAM_V4
14,14,28,8447.7445,8354.293054590986,8382.857142857143,-93.45144540901492,-64.88735714285758,93.45144540901492,64.88735714285758,FRDM2012
14,15,29,8448.6361,8413.172248494739,8348.965517241379,-35.46385150526112,-99.6705827586211,35.46385150526112,99.6705827586211,UAM_V4
14,16,30,8520.6549,8571.758010697718,8469.666666666666,51.103110697718876,-50.98823333333348,51.103110697718876,50.98823333333348,FRDM2012
14,17,31,8458.2916,8487.855313055996,8404.838709677419,29.563713055995322,-53.45289032258188,29.563713055995322,53.45289032258188,UAM_V4
14,18,32,8481.469,8476.012916588526,8445.9375,-5.456083411472719,-35.53149999999914,5.456083411472719,35.53149999999914,UAM_V4
14,19,33,8361.0596,8350.190240337735,8335.454545454546,-10.869359662265197,-25.60505454545455,10.869359662265197,25.60505454545455,UAM_V4
14,20,34,8337.1659,8324.937710499591,8326.470588235294,-12.228189500408917,-10.695311764706275,12.228189500408917,10.695311764706275,FRDM2012
14,21,35,8169.5644,8175.551150662263,8184.285714285715,5.986750662263148,14.72131428571447,5.986750662263148,14.72131428571447,UAM_V4
14,22,36,8112.5199,8127.905983502787,8143.333333333333,15.386083502787187,30.813433333332796,15.386083502787187,30.813433333332796,UAM_V4
14,23,37,7952.9033,7958.153129773138,7971.081081081081,5.249829773138117,18.177781081080866,5.249829773138117,18.177781081080866,UAM_V4
14,24,38,7892.8297,7885.973986637685,7919.736842105263,-6.855713362315328,26.90714210526312,6.855713362315328,26.90714210526312,UAM_V4
14,25,39,7730.9793,7718.947090141436,7758.974358974359,-12.032209858563874,27.99505897435938,12.032209858563874,27.99505897435938,UAM_V4
14,26,40,7655.8247,7656.373989486692,7676.25,0.5492894866920324,20.42529999999988,0.5492894866920324,20.42529999999988,UAM_V4
14,27,41,7482.0,7494.563685845543,7546.829268292683,12.56368584554275,64.82926829268308,12.56368584554275,64.82926829268308,UAM_V4
14,28,42,7410.0,7392.975735287788,7475.952380952381,-17.024264712212243,65.95238095238074,17.024264712212243,65.95238095238074,UAM_V4
14,29,43,7251.0,7235.415682074454,7270.232558139535,-15.584317925546202,19.232558139535286,15.584317925546202,19.232558139535286,UAM_V4
14,30,44,7156.0,7158.393374727984,7158.181818181818,2.3933747279843374,2.1818181818180165,2.3933747279843374,2.1818181818180165,FRDM2012
14,31,45,7004.0,7020.0,6970.888888888889,16.0,-33.11111111111131,16.0,33.11111111111131,UAM_V4
15,9,24,6165.0,6488.5158,6190.416666666667,323.5158000000001,25.41666666666697,323.5158000000001,25.41666666666697,FRDM2012
15,10,25,6794.0,6904.54004349905,6843.2,110.54004349904972,49.19999999999982,110.54004349904972,49.19999999999982,FRDM2012
15,11,26,7198.0,7166.155415880791,7186.538461538462,-31.844584119208776,-11.461538461538112,31.844584119208776,11.461538461538112,FRDM2012
15,12,27,7661.0894,7654.693625698649,7628.148148148148,-6.395774301350684,-32.94125185185203,6.395774301350684,32.94125185185203,UAM_V4
15,13,28,7907.4842,7930.766510280879,7886.428571428572,23.282310280878846,-21.055628571428315,23.282310280878846,21.055628571428315,FRDM2012
15,14,29,8251.2368,8213.90437183123,8166.206896551724,-37.332428168771,-85.02990344827685,37.332428168771,85.02990344827685,UAM_V4
15,15,30,8353.5064,8309.861791611273,8288.333333333334,-43.64460838872765,-65.17306666666627,43.64460838872765,65.17306666666627,UAM_V4
15,16,31,8481.1677,8494.16681193811,8436.451612903225,12.999111938110218,-44.71608709677457,12.999111938110218,44.71608709677457,UAM_V4
15,17,32,8464.1203,8499.346435148282,8400.3125,35.22613514828117,-63.8078000000005,35.22613514828117,63.8078000000005,UAM_V4
15,18,33,8513.8073,8533.271691867021,8463.030303030304,19.464391867020822,-50.776996969696484,19.464391867020822,50.776996969696484,UAM_V4
15,19,34,8448.1856,8432.93944967816,8403.823529411764,-15.246150321840105,-44.36207058823675,15.246150321840105,44.36207058823675,UAM_V4
15,20,35,8446.2496,8426.701790071511,8408.0,-19.547809928488277,-38.24959999999919,19.547809928488277,38.24959999999919,UAM_V4
15,21,36,8307.8692,8323.691797120562,8308.333333333334,15.822597120562932,0.4641333333347575,15.822597120562932,0.4641333333347575,FRDM2012
15,22,37,8267.5561,8293.688543402217,8268.918918918918,26.132443402217177,1.3628189189184923,26.132443402217177,1.3628189189184923,FRDM2012
15,23,38,8147.2749,8158.052351305052,8149.473684210527,10.777451305051727,2.1987842105263553,10.777451305051727,2.1987842105263553,FRDM2012
15,24,39,8097.9701,8096.556904100301,8099.74358974359,-1.4131958996986214,1.7734897435902894,1.4131958996986214,1.7734897435902894,UAM_V4
15,25,40,7981.4177,7966.1166550420885,7978.0,-15.301044957911472,-3.417699999999968,15.301044957911472,3.417699999999968,FRDM2012
15,26,41,7906.5513,7899.522233903724,7909.756097560976,-7.029066096276438,3.2047975609757486,7.029066096276438,3.2047975609757486,FRDM2012
15,27,42,7765.9122,7778.086516161979,7769.761904761905,12.174316161978822,3.8497047619048317,12.174316161978822,3.8497047619048317,FRDM2012
15,28,43,7681.0,7691.148363630529,7693.488372093023,10.148363630529275,12.488372093022917,10.148363630529275,12.488372093022917,UAM_V4
15,29,44,7552.0,7553.174381067338,7549.090909090909,1.1743810673378903,-2.9090909090909918,1.1743810673378903,2.9090909090909918,UAM_V4
15,30,45,7456.0,7458.087982260899,7438.444444444444,2.0879822608985705,-17.555555555555657,2.0879822608985705,17.555555555555657,UAM_V4
15,31,46,7320.0,7337.360307795306,7282.173913043478,17.360307795305744,-37.826086956521976,17.360307795305744,37.826086956521976,UAM_V4
15,32,47,7209.0,7231.0,7165.95744680851,22.0,-43.04255319148979,22.0,43.04255319148979,UAM_V4
16,10,26,6525.0,6834.874100000001,6600.7692307692305,309.8741000000009,75.76923076923049,309.8741000000009,75.76923076923049,FRDM2012
16,11,27,6960.0,6970.694081788016,6970.740740740741,10.694081788015865,10.740740740740875,10.694081788015865,10.740740740740875,UAM_V4
16,12,28,7478.7911,7366.268958099365,7471.785714285715,-112.52214190063569,-7.005385714285694,112.52214190063569,7.005385714285694,FRDM2012
16,13,29,7746.3826,7662.355446274245,7729.310344827586,-84.02715372575494,-17.07225517241386,84.02715372575494,17.07225517241386,FRDM2012
16,14,30,8122.7081,8127.854863090094,8092.666666666667,5.146763090094282,-30.04143333333286,5.146763090094282,30.04143333333286,UAM_V4
16,15,31,8281.8013,8245.680008311083,8226.129032258064,-36.121291688916244,-55.672267741934775,36.121291688916244,55.672267741934775,UAM_V4
16,16,32,8493.1301,8460.21562429279,8463.4375,-32.91447570720993,-29.69260000000031,32.91447570720993,29.69260000000031,FRDM2012
16,17,33,8497.6304,8510.217127174208,8456.363636363636,12.586727174208136,-41.266763636363976,12.586727174208136,41.266763636363976,UAM_V4
16,18,34,8583.4986,8614.535872506596,8554.117647058823,31.0372725065954,-29.380952941177384,31.0372725065954,29.380952941177384,FRDM2012
16,19,35,8537.8511,8533.07594693899,8513.142857142857,-4.775153061009405,-24.708242857142977,4.775153061009405,24.708242857142977,UAM_V4
16,20,36,8575.39,8550.24504282633,8560.555555555555,-25.144957173670264,-14.83444444444467,25.144957173670264,14.83444444444467,FRDM2012
16,21,37,8459.9363,8465.605695488155,8469.45945945946,5.669395488155715,9.523159459460658,5.669395488155715,9.523159459460658,UAM_V4
16,22,38,8448.7829,8471.422837943177,8468.157894736842,22.639937943176847,19.374994736841472,22.639937943176847,19.374994736841472,FRDM2012
16,23,39,8344.2698,8357.883318209062,8355.641025641025,13.613518209062022,11.371225641025376,13.613518209062022,11.371225641025376,FRDM2012
16,24,40,8329.3255,8332.006781829707,8340.5,2.6812818297057674,11.17449999999917,2.6812818297057674,11.17449999999917,UAM_V4
16,25,41,8229.6358,8217.16439927978,8224.390243902439,-12.471400720220117,-5.245556097561348,12.471400720220117,5.245556097561348,FRDM2012
16,26,42,8193.2275,8177.366076915091,8189.761904761905,-15.861423084909802,-3.4655952380962844,15.861423084909802,3.4655952380962844,FRDM2012
16,27,43,8063.8276,8064.490897601469,8061.162790697675,0.6632976014698215,-2.6648093023250112,0.6632976014698215,2.6648093023250112,UAM_V4
16,28,44,7996.0154,8004.493949356028,8000.909090909091,8.478549356027543,4.893690909090765,8.478549356027543,4.893690909090765,FRDM2012
16,29,45,7867.0,7871.773407727408,7854.888888888889,4.773407727408085,-12.111111111111313,4.773407727408085,12.111111111111313,UAM_V4
16,30,46,7785.0,7765.560521607028,7776.086956521739,-19.439478392971978,-8.913043478260988,19.439478392971978,8.913043478260988,FRDM2012
16,31,47,7652.0,7629.305133890737,7618.510638297872,-22.694866109262875,-33.48936170212801,22.694866109262875,33.48936170212801,UAM_V4
16,32,48,7552.0,7568.432775381994,7524.791666666667,16.43277538199436,-27.20833333333303,16.43277538199436,27.20833333333303,UAM_V4
16,33,49,7400.0,7437.0,7372.040816326531,37.0,-27.959183673468942,37.0,27.959183673468942,FRDM2012
17,11,28,6587.0,6683.987718508279,6636.428571428572,96.9877185082787,49.42857142857156,96.9877185082787,49.42857142857156,FRDM2012
17,12,29,7129.0,7258.634065493328,7142.413793103448,129.6340654933283,13.41379310344837,129.6340654933283,13.41379310344837,FRDM2012
17,13,30,7472.1698,7447.824110690532,7465.666666666667,-24.34568930946807,-6.503133333332698,24.34568930946807,6.503133333332698,FRDM2012
17,14,31,7869.2101,7850.764280032903,7837.419354838709,-18.445819967097123,-31.790745161290943,18.445819967097123,31.790745161290943,UAM_V4
17,15,32,8072.4058,8064.608720203246,8032.8125,-7.797079796754588,-39.593300000000454,7.797079796754588,39.593300000000454,UAM_V4
17,16,33,8304.7557,8311.84449828525,8271.515151515152,7.0887982852509595,-33.24054848484775,7.0887982852509595,33.24054848484775,UAM_V4
17,17,34,8398.9706,8401.278728265239,8351.176470588236,2.308128265238338,-47.794129411764516,2.308128265238338,47.794129411764516,UAM_V4
17,18,35,8520.279,8524.667481899372,8490.57142857143,4.388481899371982,-29.7075714285711,4.388481899371982,29.7075714285711,UAM_V4
17,19,36,8521.9322,8520.76224907325,8492.777777777777,-1.1699509267491521,-29.15442222222191,1.1699509267491521,29.15442222222191,UAM_V4
17,20,37,8570.2816,8558.706287449926,8552.702702702703,-11.575312550074159,-17.578897297296862,11.575312550074159,17.578897297296862,UAM_V4
17,21,38,8505.4817,8509.848101948714,8506.842105263158,4.366401948713246,1.3604052631580998,4.366401948713246,1.3604052631580998,FRDM2012
17,22,39,8494.4032,8515.90311169486,8517.692307692309,21.499911694860202,23.28910769230788,21.499911694860202,23.28910769230788,UAM_V4
17,23,40,8427.766,8441.82887865277,8433.25,14.06287865277045,5.484000000000378,14.06287865277045,5.484000000000378,FRDM2012
17,24,41,8412.9593,8420.857304089544,8437.317073170732,7.898004089543974,24.35777317073189,7.898004089543974,24.35777317073189,UAM_V4
17,25,42,8345.8864,8344.322537889455,8351.666666666666,-1.5638621105445054,5.780266666666648,1.5638621105445054,5.780266666666648,UAM_V4
17,26,43,8323.8672,8316.059259504429,8319.302325581395,-7.807940495571529,-4.564874418605541,7.807940495571529,4.564874418605541,FRDM2012
17,27,44,8234.4788,8233.134222899125,8217.5,-1.34457710087554,-16.978800000000774,1.34457710087554,16.978800000000774,UAM_V4
17,28,45,8181.5991,8178.295196947138,8172.666666666667,-3.3039030528625517,-8.932433333333393,3.3039030528625517,8.932433333333393,UAM_V4
17,29,46,8080.7757,8079.323677819182,8055.217391304348,-1.4520221808179485,-25.55830869565216,1.4520221808179485,25.55830869565216,UAM_V4
17,30,47,7992.0,8002.610801872242,7974.04255319149,10.610801872241609,-17.957446808510213,10.610801872241609,17.957446808510213,UAM_V4
17,31,48,7883.0,7884.858671108865,7842.708333333333,1.8586711088646553,-40.29166666666697,1.8586711088646553,40.29166666666697,UAM_V4
17,32,49,7785.0,7775.351979316942,7751.0204081632655,-9.648020683058348,-33.97959183673447,9.648020683058348,33.97959183673447,UAM_V4
17,33,50,7651.0,7643.781207704322,7617.4,-7.218792295678213,-33.600000000000364,7.218792295678213,33.600000000000364,UAM_V4
17,34,51,7530.0,7578.0,7519.21568627451,48.0,-10.784313725490392,48.0,10.784313725490392,FRDM2012
17,35,52,7386.0,7419.0,7378.461538461538,33.0,-7.538461538461888,33.0,7.538461538461888,FRDM2012
18,11,29,6276.0,6575.0441,6357.931034482759,299.04410000000007,81.93103448275906,299.04410000000007,81.93103448275906,FRDM2012
18,12,30,6866.0,6910.475342984017,6933.0,44.475342984016606,67.0,44.475342984016606,67.0,UAM_V4
18,13,31,7252.0,7157.214228550459,7273.870967741936,-94.78577144954124,21.8709677419356,94.78577144954124,21.8709677419356,FRDM2012
18,14,32,7700.0089,7587.336817022138,7691.25,-112.67208297786146,-8.758899999999812,112.67208297786146,8.758899999999812,FRDM2012
18,15,33,7928.9559,7917.7506802131775,7901.515151515152,-11.205219786822454,-27.440748484847973,11.205219786822454,27.440748484847973,UAM_V4
18,16,34,8197.6724,8230.406253401208,8183.823529411765,32.73385340120876,-13.848870588234604,32.73385340120876,13.848870588234604,FRDM2012
18,17,35,8327.4621,8333.40217581164,8300.57142857143,5.9400758116389625,-26.890671428571295,5.9400758116389625,26.890671428571295,UAM_V4
18,18,36,8519.9096,8490.575817866773,8501.666666666666,-29.333782133227942,-18.242933333334804,29.333782133227942,18.242933333334804,FRDM2012
18,19,37,8527.1406,8515.409947401919,8530.0,-11.730652598082088,2.8593999999993684,11.730652598082088,2.8593999999993684,FRDM2012
18,20,38,8614.2807,8616.431792970458,8625.526315789473,2.151092970458194,11.245615789473959,2.151092970458194,11.245615789473959,UAM_V4
18,21,39,8562.5988,8570.539961041959,8591.794871794871,7.941161041959276,29.196071794871386,7.941161041959276,29.196071794871386,UAM_V4
18,22,40,8595.2594,8610.114075099294,8641.75,14.854675099293672,46.490599999999176,14.854675099293672,46.490599999999176,UAM_V4
18,23,41,8534.3733,8542.16508297995,8570.243902439024,7.791782979949858,35.87060243902488,7.791782979949858,35.87060243902488,UAM_V4
18,24,42,8555.6141,8554.268318537266,8600.714285714286,-1.3457814627345215,45.100185714285544,1.3457814627345215,45.100185714285544,UAM_V4
18,25,43,8488.2382,8490.10179527705,8507.67441860465,1.8635952770509903,19.436218604651003,1.8635952770509903,19.436218604651003,UAM_V4
18,26,44,8493.8411,8504.78362920814,8509.318181818182,10.942529208139604,15.477081818182342,10.942529208139604,15.477081818182342,UAM_V4
18,27,45,8419.9526,8421.616500219947,8421.555555555555,1.6639002199462993,1.6029555555542174,1.6639002199462993,1.6029555555542174,FRDM2012
18,28,46,8412.3835,8389.654291378049,8396.739130434782,-22.72920862195133,-15.644369565217858,22.72920862195133,15.644369565217858,FRDM2012
18,29,47,8311.425,8299.214871954679,8278.08510638298,-12.210128045320744,-33.3398936170197,12.210128045320744,33.3398936170197,UAM_V4
18,30,48,8243.6656,8256.642073943302,8215.208333333334,12.976473943301244,-28.457266666666328,12.976473943301244,28.457266666666328,UAM_V4
18,31,49,8132.0,8138.924860131553,8088.163265306122,6.924860131553032,-43.83673469387759,6.924860131553032,43.83673469387759,UAM_V4
18,32,50,8054.0,8048.239280086015,8014.4,-5.760719913984758,-39.600000000000364,5.760719913984758,39.600000000000364,UAM_V4
18,33,51,7922.0,7901.363696607785,7885.686274509804,-20.636303392215268,-36.31372549019579,20.636303392215268,36.31372549019579,UAM_V4
18,34,52,7827.0,7802.139269297241,7808.846153846154,-24.8607307027587,-18.153846153845734,24.8607307027587,18.153846153845734,FRDM2012
18,35,53,7677.0,7706.699470940637,7660.188679245283,29.699470940637184,-16.81132075471669,29.699470940637184,16.81132075471669,FRDM2012
18,36,54,7578.0,7600.0,7573.888888888889,22.0,-4.111111111111313,22.0,4.111111111111313,FRDM2012
19,12,31,6487.0,6818.1591,6573.870967741936,331.15909999999985,86.8709677419356,331.15909999999985,86.8709677419356,FRDM2012
19,13,32,6920.0,7017.718344305576,6962.8125,97.71834430557556,42.8125,97.71834430557556,42.8125,FRDM2012
19,14,33,7392.0,7369.250650492024,7405.454545454545,-22.74934950797615,13.454545454545041,22.74934950797615,13.454545454545041,FRDM2012
19,15,34,7670.0,7649.920916468342,7660.8823529411775,-20.079083531658398,-9.117647058822513,20.079083531658398,9.117647058822513,FRDM2012
19,16,35,7965.8409,7982.100768410955,7961.142857142857,16.259868410955278,-4.698042857143264,16.259868410955278,4.698042857143264,FRDM2012
19,17,36,8142.2233,8163.2585944659,8132.777777777777,21.035294465900733,-9.44552222222228,21.035294465900733,9.44552222222228,FRDM2012
19,18,37,8339.848,8355.626450821715,8346.756756756757,15.778450821715523,6.908756756756702,15.778450821715523,6.908756756756702,FRDM2012
19,19,38,8438.0593,8418.434450314837,8427.894736842105,-19.62484968516401,-10.164563157895827,19.62484968516401,10.164563157895827,FRDM2012
19,20,39,8557.0258,8522.984625818313,8560.25641025641,-34.041174181686074,3.2306102564107277,34.041174181686074,3.2306102564107277,FRDM2012
19,21,40,8538.0907,8545.140244816826,8563.5,7.049544816825801,25.409299999999348,7.049544816825801,25.409299999999348,UAM_V4
19,22,41,8576.0731,8606.760721118277,8622.926829268292,30.687621118277093,46.85372926829223,30.687621118277093,46.85372926829223,UAM_V4
19,23,42,8551.2571,8564.173091891495,8593.57142857143,12.915991891493832,42.31432857142863,12.915991891493832,42.31432857142863,UAM_V4
19,24,43,8576.2204,8575.891208654886,8620.697674418605,-0.32919134511394077,44.47727441860479,0.32919134511394077,44.47727441860479,UAM_V4
19,25,44,8546.7023,8551.198903572265,8574.545454545454,4.496603572264576,27.843154545453217,4.496603572264576,27.843154545453217,UAM_V4
19,26,45,8554.6747,8569.811859686968,8580.888888888889,15.137159686968516,26.21418888888911,15.137159686968516,26.21418888888911,UAM_V4
19,27,46,8518.0428,8514.484266620188,8513.91304347826,-3.5585333798117063,-4.129756521739182,3.5585333798117063,4.129756521739182,UAM_V4
19,28,47,8514.8795,8486.067766032822,8501.27659574468,-28.811733967177133,-13.602904255318208,28.811733967177133,13.602904255318208,FRDM2012
19,29,48,8434.2324,8428.122385468614,8410.625,-6.110014531386696,-23.60740000000078,6.110014531386696,23.60740000000078,UAM_V4
19,30,49,8372.2753,8394.973212980969,8348.775510204081,22.697912980969704,-23.499789795918332,22.697912980969704,23.499789795918332,UAM_V4
19,31,50,8288.5833,8298.44019651556,8237.0,9.856896515559129,-51.583300000000236,9.856896515559129,51.583300000000236,UAM_V4
19,32,51,8221.335,8212.998603072969,8162.549019607844,-8.336396927030364,-58.78598039215558,8.336396927030364,58.78598039215558,UAM_V4
19,33,52,8115.0303,8104.1530237107045,8046.7307692307695,-10.877276289295878,-68.29953076923084,10.877276289295878,68.29953076923084,UAM_V4
19,34,53,8022.8488,8020.281526178498,7974.905660377359,-2.567273821501658,-47.943139622640956,2.567273821501658,47.943139622640956,UAM_V4
19,35,54,7891.0,7898.148639377499,7847.037037037037,7.148639377499421,-43.96296296296259,7.148639377499421,43.96296296296259,UAM_V4
19,36,55,7792.0,7798.518299184485,7764.727272727273,6.518299184484931,-27.272727272727025,6.518299184484931,27.272727272727025,UAM_V4
19,37,56,7663.0,7664.0,7645.0,1.0,-18.0,1.0,18.0,UAM_V4
19,38,57,7563.0,7562.0,7568.245614035088,-1.0,5.245614035087783,1.0,5.245614035087783,UAM_V4
19,39,58,7437.0,7435.0,7437.586206896552,-2.0,0.58620689655163,2.0,0.58620689655163,FRDM2012
19,40,59,7332.0,7334.0,7347.118644067797,2.0,15.118644067796595,2.0,15.118644067796595,UAM_V4
20,13,33,6657.0,6948.5433,6733.030303030303,291.5433000000003,76.030303030303,291.5433000000003,76.030303030303,FRDM2012
20,14,34,7173.0,7183.207357596215,7216.470588235294,10.207357596214933,43.47058823529369,10.207357596214933,43.47058823529369,UAM_V4
20,15,35,7476.0,7380.7129547815175,7487.714285714285,-95.28704521848249,11.714285714285325,95.28704521848249,11.714285714285325,FRDM2012
20,16,36,7815.8799,7727.162180018784,7823.055555555556,-88.71771998121585,7.17565555555575,88.71771998121585,7.17565555555575,FRDM2012
20,17,37,8003.4567,8027.574435458087,8003.513513513513,24.117735458086827,0.05681351351358899,24.117735458086827,0.05681351351358899,FRDM2012
20,18,38,8240.0434,8276.920222265564,8255.78947368421,36.87682226556353,15.746073684209478,36.87682226556353,15.746073684209478,FRDM2012
20,19,39,8369.6711,8352.921473490203,8373.076923076924,-16.749626509796144,3.4058230769242073,16.749626509796144,3.4058230769242073,FRDM2012
20,20,40,8551.3046,8491.831627445998,8565.5,-59.4729725540019,14.195400000000518,59.4729725540019,14.195400000000518,FRDM2012
20,21,41,8546.7075,8540.783527917705,8576.09756097561,-5.923972082295222,29.39006097560923,5.923972082295222,29.39006097560923,UAM_V4
20,22,42,8616.5646,8653.613920428541,8672.380952380952,37.04932042854125,55.816352380952594,37.04932042854125,55.816352380952594,UAM_V4
20,23,43,8600.6653,8615.986663262873,8650.697674418605,15.321363262872183,50.03237441860438,15.321363262872183,50.03237441860438,UAM_V4
20,24,44,8658.1769,8653.354915243614,8710.90909090909,-4.8219847563868825,52.732190909089695,4.8219847563868825,52.732190909089695,UAM_V4
20,25,45,8630.5467,8635.861164896321,8671.333333333334,5.314464896320715,40.78663333333316,5.314464896320715,40.78663333333316,UAM_V4
20,26,46,8668.9848,8687.893031447358,8706.521739130434,18.908231447358048,37.53693913043389,18.908231447358048,37.53693913043389,UAM_V4
20,27,47,8639.3548,8636.842110529667,8646.382978723404,-2.5126894703316793,7.02817872340529,2.5126894703316793,7.02817872340529,UAM_V4
20,28,48,8666.6916,8631.2149477451,8655.833333333334,-35.47665225489982,-10.858266666666168,35.47665225489982,10.858266666666168,FRDM2012
20,29,49,8594.85,8583.507627369427,8566.734693877552,-11.342372630573664,-28.1153061224486,11.342372630573664,28.1153061224486,UAM_V4
20,30,50,8550.1639,8576.966433047288,8529.0,26.802533047288307,-21.163899999999558,26.802533047288307,21.163899999999558,FRDM2012
20,31,51,8476.9135,8488.629258944375,8418.627450980392,11.715758944374102,-58.28604901960898,11.715758944374102,58.28604901960898,UAM_V4
20,32,52,8429.3821,8414.581678928398,8366.538461538461,-14.800421071602614,-62.84363846153974,14.800421071602614,62.84363846153974,UAM_V4
20,33,53,8330.5778,8316.91018264924,8244.33962264151,-13.667617350758519,-86.23817735848934,13.667617350758519,86.23817735848934,UAM_V4
20,34,54,8247.4967,8244.684850007076,8191.2962962962965,-2.8118499929241807,-56.20040370370316,2.8118499929241807,56.20040370370316,UAM_V4
20,35,55,8125.926,8130.256547517375,8072.545454545455,4.330547517374725,-53.38054545454543,4.330547517374725,53.38054545454543,UAM_V4
20,36,56,8033.1654,8040.303296486265,8008.571428571428,7.137896486265163,-24.59397142857142,7.137896486265163,24.59397142857142,UAM_V4
20,37,57,7912.0,7915.618321498288,7886.140350877193,3.6183214982884238,-25.85964912280724,3.6183214982884238,25.85964912280724,UAM_V4
20,38,58,7828.0,7808.935888526809,7818.103448275862,-19.06411147319068,-9.89655172413768,19.06411147319068,9.89655172413768,FRDM2012
20,39,59,7708.0,7689.112701717855,7697.966101694915,-18.88729828214491,-10.033898305085131,18.88729828214491,10.033898305085131,FRDM2012
20,40,60,7627.0,7618.519565495846,7631.333333333333,-8.48043450415389,4.33333333333303,8.48043450415389,4.33333333333303,FRDM2012
20,41,61,7503.0,7504.0,7507.049180327869,1.0,4.0491803278691805,1.0,4.0491803278691805,UAM_V4
21,14,35,6828.0,7036.5425,6889.142857142857,208.54249999999956,61.14285714285688,208.54249999999956,61.14285714285688,FRDM2012
21,15,36,7166.0,7234.088293066834,7204.166666666668,68.08829306683401,38.16666666666788,68.08829306683401,38.16666666666788,FRDM2012
21,16,37,7525.0,7521.992131724432,7547.2972972972975,-3.0078682755683985,22.29729729729752,3.0078682755683985,22.29729729729752,UAM_V4
21,17,38,7751.0,7750.044983871314,7777.631578947368,-0.9550161286861112,26.631578947368325,0.9550161286861112,26.631578947368325,UAM_V4
21,18,39,8013.4575,8037.414595209807,8039.48717948718,23.95709520980654,26.029679487179237,23.95709520980654,26.029679487179237,UAM_V4
21,19,40,8173.6697,8177.284183629155,8195.25,3.6144836291550746,21.580299999999625,3.6144836291550746,21.580299999999625,UAM_V4
21,20,41,8369.1979,8339.977310090799,8392.439024390244,-29.2205899092005,23.241124390244295,29.2205899092005,23.241124390244295,FRDM2012
21,21,42,8444.9303,8425.779200215246,8461.42857142857,-19.15109978475448,16.49827142857066,19.15109978475448,16.49827142857066,FRDM2012
21,22,43,8530.8265,8546.373557579733,8583.255813953489,15.547057579733519,52.42931395348933,15.547057579733519,52.42931395348933,UAM_V4
21,23,44,8557.3805,8573.274711769029,8600.90909090909,15.894211769029425,43.52859090909078,15.894211769029425,43.52859090909078,UAM_V4
21,24,45,8618.941,8622.078144307334,8671.333333333334,3.137144307333074,52.39233333333323,3.137144307333074,52.39233333333323,UAM_V4
21,25,46,8622.0215,8629.74844445809,8657.391304347826,7.726944458088838,35.369804347825266,7.726944458088838,35.369804347825266,UAM_V4
21,26,47,8665.0958,8682.593037796474,8701.489361702128,17.49723779647502,36.39356170212886,17.49723779647502,36.39356170212886,UAM_V4
21,27,48,8656.2097,8655.481833165004,8669.583333333334,-0.7278668349954387,13.37363333333451,0.7278668349954387,13.37363333333451,UAM_V4
21,28,49,8686.2805,8657.19413348556,8683.469387755102,-29.08636651444067,-2.81111224489905,29.08636651444067,2.81111224489905,FRDM2012
21,29,50,8633.4747,8623.410141178732,8619.8,-10.064558821268292,-13.674700000001394,10.064558821268292,13.674700000001394,UAM_V4
21,30,51,8597.2213,8619.984160022139,8587.843137254902,22.762860022139648,-9.378162745097143,22.762860022139648,9.378162745097143,FRDM2012
21,31,52,8534.6695,8544.308990467509,8501.73076923077,9.63949046750895,-32.93873076923046,9.63949046750895,32.93873076923046,UAM_V4
21,32,53,8492.8325,8480.37720687546,8450.188679245282,-12.455293124539821,-42.643820754718035,12.455293124539821,42.643820754718035,UAM_V4
21,33,54,8404.8115,8398.046754762183,8349.444444444445,-6.764745237816896,-55.36705555555454,6.764745237816896,55.36705555555454,UAM_V4
21,34,55,8333.3694,8338.916307010513,8299.09090909091,5.546907010513678,-34.27849090908967,5.546907010513678,34.27849090908967,UAM_V4
21,35,56,8233.5781,8238.96838583729,8199.82142857143,5.390285837289412,-33.75667142857128,5.390285837289412,33.75667142857128,UAM_V4
21,36,57,8158.1666,8159.122857562703,8138.245614035088,0.9562575627032857,-19.92098596491178,0.9562575627032857,19.92098596491178,UAM_V4
21,37,58,8054.9436,8055.966333263962,8036.551724137931,1.0227332639624365,-18.391875862068446,1.0227332639624365,18.391875862068446,UAM_V4
21,38,59,7976.4073,7979.129893777006,7973.389830508475,2.7225937770062956,-3.0174694915249347,2.7225937770062956,3.0174694915249347,UAM_V4
21,39,60,7873.0,7878.533024833507,7869.833333333333,5.533024833506715,-3.16666666666697,5.533024833506715,3.16666666666697,FRDM2012
21,40,61,7794.0,7798.663790044384,7802.295081967213,4.663790044383859,8.295081967213264,4.663790044383859,8.295081967213264,UAM_V4
21,41,62,7688.0,7691.485028904996,7693.870967741936,3.4850289049963976,5.870967741935601,3.4850289049963976,5.870967741935601,UAM_V4
21,42,63,7603.0,7611.5927,7619.3650793650795,8.59270000000015,16.36507936507951,8.59270000000015,16.36507936507951,UAM_V4
22,15,37,6926.0,7097.6111,6990.27027027027,171.61110000000008,64.27027027026998,171.61110000000008,64.27027027026998,FRDM2012
22,16,38,7319.0,7328.539604483092,7374.210526315789,9.539604483092262,55.21052631578914,9.539604483092262,55.21052631578914,UAM_V4
22,17,39,7566.0,7504.396539262143,7599.74358974359,-61.60346073785695,33.74358974358984,61.60346073785695,33.74358974358984,FRDM2012
22,18,40,7865.8632,7793.249983276177,7909.0,-72.61321672382292,43.13680000000022,72.61321672382292,43.13680000000022,FRDM2012
22,19,41,8034.3889,8031.766440048974,8071.707317073171,-2.6224599510260305,37.31841707317108,2.6224599510260305,37.31841707317108,UAM_V4
22,20,42,8259.24,8269.643516766027,8303.333333333334,10.403516766027678,44.09333333333416,10.403516766027678,44.09333333333416,UAM_V4
22,21,43,8352.8054,8355.20960680454,8396.279069767443,2.404206804540081,43.473669767443425,2.404206804540081,43.473669767443425,UAM_V4
22,22,44,8533.5215,8511.65275897178,8566.136363636364,-21.86874102822003,32.614863636363225,21.86874102822003,32.614863636363225,UAM_V4
22,23,45,8555.7321,8551.491178348382,8592.222222222223,-4.2409216516171,36.49012222222336,4.2409216516171,36.49012222222336,UAM_V4
22,24,46,8656.4623,8667.694946812151,8680.217391304348,11.23264681215187,23.755091304348753,11.23264681215187,23.755091304348753,UAM_V4
22,25,47,8661.2325,8667.11649937868,8692.765957446809,5.883999378680528,31.533457446808825,5.883999378680528,31.533457446808825,UAM_V4
22,26,48,8723.0122,8736.467275723162,8757.5,13.455075723162736,34.48780000000079,13.455075723162736,34.48780000000079,UAM_V4
22,27,49,8711.1625,8715.220712521568,8733.673469387755,4.058212521567839,22.510969387754812,4.058212521567839,22.510969387754812,UAM_V4
22,28,50,8755.7227,8733.609350418168,8771.8,-22.113349581832153,16.077299999999013,22.113349581832153,16.077299999999013,FRDM2012
22,29,51,8708.9912,8697.868635718407,8712.156862745098,-11.12256428159344,3.1656627450975066,11.12256428159344,3.1656627450975066,FRDM2012
22,30,52,8691.8193,8704.487444520528,8703.846153846154,12.668144520528585,12.026853846155063,12.668144520528585,12.026853846155063,FRDM2012
22,31,53,8631.1256,8637.4873899915,8622.452830188678,6.3617899915007,-8.672769811320904,6.3617899915007,8.672769811320904,UAM_V4
22,32,54,8599.6917,8595.557601610253,8595.555555555555,-4.134098389746214,-4.136144444444653,4.134098389746214,4.136144444444653,UAM_V4
22,33,55,8518.9696,8514.5374479962,8496.363636363636,-4.432152003801093,-22.605963636364322,4.432152003801093,22.605963636364322,UAM_V4
22,34,56,8467.9495,8463.727648481798,8458.035714285714,-4.221851518203039,-9.91378571428686,4.221851518203039,9.91378571428686,UAM_V4
22,35,57,8372.9008,8376.103204540395,8362.456140350878,3.2024045403959462,-10.444659649121604,3.2024045403959462,10.444659649121604,UAM_V4
22,36,58,8307.629,8315.124196111707,8321.551724137931,7.495196111705809,13.922724137930345,7.495196111705809,13.922724137930345,UAM_V4
22,37,59,8218.0,8218.605874274286,8221.35593220339,0.6058742742861796,3.3559322033906938,0.6058742742861796,3.3559322033906938,UAM_V4
22,38,60,8152.7858,8149.118305337792,8174.0,-3.6674946622079005,21.214200000000346,3.6674946622079005,21.214200000000346,UAM_V4
22,39,61,8058.0,8055.897694144913,8071.475409836065,-2.102305855087252,13.47540983606541,2.102305855087252,13.47540983606541,UAM_V4
22,40,62,7990.0,7983.76183254707,8018.709677419355,-6.2381674529297015,28.709677419355103,6.2381674529297015,28.709677419355103,UAM_V4
22,41,63,7891.0,7887.268191028752,7909.68253968254,-3.7318089712480287,18.682539682539755,3.7318089712480287,18.682539682539755,UAM_V4
22,42,64,7826.0,7824.674691287045,7852.1875,-1.3253087129551204,26.1875,1.3253087129551204,26.1875,UAM_V4
22,43,65,7726.0,7724.0,7743.846153846154,-2.0,17.846153846154266,2.0,17.846153846154266,UAM_V4
23,16,39,7031.0,7180.4871,7088.974358974359,149.48710000000028,57.97435897435935,149.48710000000028,57.97435897435935,FRDM2012
23,17,40,7310.0,7410.578957578251,7361.5,100.57895757825099,51.5,100.57895757825099,51.5,FRDM2012
23,18,41,7625.0,7575.743000022366,7658.292682926829,-49.25699997763422,33.292682926829,49.25699997763422,33.292682926829,FRDM2012
23,19,42,7824.0,7779.7670849031465,7866.428571428572,-44.2329150968535,42.42857142857156,44.2329150968535,42.42857142857156,FRDM2012
23,20,43,8069.5129,8068.416513881541,8105.813953488372,-1.0963861184591224,36.30105348837242,1.0963861184591224,36.30105348837242,UAM_V4
23,21,44,8203.4567,8218.095430094845,8237.5,14.638730094844504,34.04329999999936,14.638730094844504,34.04329999999936,UAM_V4
23,22,45,8380.0394,8383.912647963825,8414.888888888889,3.8732479638256336,34.84948888888903,3.8732479638256336,34.84948888888903,UAM_V4
23,23,46,8486.1423,8464.812844583348,8479.782608695652,-21.3294554166514,-6.359691304347507,21.3294554166514,6.359691304347507,FRDM2012
23,24,47,8582.2348,8574.162387765437,8601.489361702128,-8.072412234563672,19.25456170212783,8.072412234563672,19.25456170212783,UAM_V4
23,25,48,8623.0686,8635.280198166502,8631.25,12.211598166501062,8.181399999999485,12.211598166501062,8.181399999999485,FRDM2012
23,26,49,8682.9135,8701.545917082482,8704.897959183674,18.63241708248097,21.984459183673607,18.63241708248097,21.984459183673607,UAM_V4
23,27,50,8695.9032,8700.690763650611,8710.2,4.787563650610537,14.296800000000076,4.787563650610537,14.296800000000076,UAM_V4
23,28,51,8742.0852,8726.116759755092,8755.686274509804,-15.96844024490747,13.601074509804675,15.96844024490747,13.601074509804675,FRDM2012
23,29,52,8714.569,8706.249801529502,8721.73076923077,-8.319198470497213,7.161769230770005,8.319198470497213,7.161769230770005,FRDM2012
23,30,53,8710.1425,8717.012530812071,8712.641509433963,6.870030812071491,2.499009433962783,6.870030812071491,2.499009433962783,FRDM2012
23,31,54,8662.1382,8667.506151699712,8653.703703703704,5.367951699712648,-8.434496296295038,5.367951699712648,8.434496296295038,UAM_V4
23,32,55,8637.3391,8639.677492130068,8625.272727272728,2.338392130068314,-12.0663727272713,2.338392130068314,12.0663727272713,UAM_V4
23,33,56,8574.7006,8574.3071290642,8555.0,-0.39347093579999637,-19.700600000000122,0.39347093579999637,19.700600000000122,UAM_V4
23,34,57,8535.1967,8531.041593778258,8523.684210526315,-4.155106221742244,-11.512489473685491,4.155106221742244,11.512489473685491,UAM_V4
23,35,58,8458.156,8457.047406829335,8450.172413793103,-1.1085931706656993,-7.9835862068975985,1.1085931706656993,7.9835862068975985,UAM_V4
23,36,59,8403.8034,8409.810703875686,8409.152542372882,6.007303875685466,5.349142372881033,6.007303875685466,5.349142372881033,FRDM2012
23,37,60,8322.8751,8327.621259096453,8325.833333333334,4.746159096453994,2.958233333334647,4.746159096453994,2.958233333334647,FRDM2012
23,38,61,8271.0417,8270.770929948927,8280.0,-0.2707700510727591,8.958300000000236,0.2707700510727591,8.958300000000236,UAM_V4
23,39,62,8187.7565,8186.924550953812,8195.967741935483,-0.8319490461881287,8.211241935482576,0.8319490461881287,8.211241935482576,UAM_V4
23,40,63,8130.7809,8129.616916489455,8144.761904761905,-1.1639835105443126,13.981004761904842,1.1639835105443126,13.981004761904842,UAM_V4
23,41,64,8045.0,8046.614541474415,8051.406249999999,1.6145414744150912,6.4062499999990905,1.6145414744150912,6.4062499999990905,UAM_V4
23,42,65,7981.0,7987.027001205258,7995.538461538463,6.027001205257875,14.538461538462798,6.027001205257875,14.538461538462798,UAM_V4
23,43,66,7894.0,7902.261997764676,7902.424242424241,8.26199776467638,8.424242424241129,8.26199776467638,8.424242424241129,UAM_V4
23,44,67,7829.0,7831.2191,7841.641791044776,2.219100000000253,12.641791044776255,2.219100000000253,12.641791044776255,UAM_V4
24,17,41,7116.0,7272.2714,7177.317073170731,156.27139999999963,61.31707317073142,156.27139999999963,61.31707317073142,FRDM2012
24,19,43,7680.0,7607.885620880914,7715.581395348837,-72.11437911908615,35.58139534883685,72.11437911908615,35.58139534883685,FRDM2012
24,20,44,7949.6265,7884.084424266384,7986.363636363636,-65.542075733616,36.73713636363573,65.542075733616,36.73713636363573,FRDM2012
24,21,45,8087.7286,8102.715834798119,8124.222222222223,14.987234798119061,36.49362222222226,14.987234798119061,36.49362222222226,UAM_V4
24,22,46,8303.8233,8320.939704676624,8323.91304347826,17.11640467662437,20.08974347826006,17.11640467662437,20.08974347826006,UAM_V4
24,23,47,8407.2067,8401.83805270655,8420.0,-5.368647293451431,12.793299999999363,5.368647293451431,12.793299999999363,UAM_V4
24,24,48,8572.2553,8548.54638377665,8581.875,-23.70891622335148,9.619699999999284,23.70891622335148,9.619699999999284,FRDM2012
24,25,49,8613.2777,8604.566049231593,8617.755102040815,-8.711650768407708,4.477402040814923,8.711650768407708,4.477402040814923,FRDM2012
24,26,50,8701.0188,8717.815166019634,8715.4,16.79636601963466,14.381199999999808,16.79636601963466,14.381199999999808,FRDM2012
24,27,51,8711.9923,8725.325353935315,8727.843137254902,13.333053935315547,15.850837254902217,13.333053935315547,15.850837254902217,UAM_V4
24,28,52,8775.9946,8769.67537614422,8796.153846153846,-6.319223855780365,20.159246153845743,6.319223855780365,20.159246153845743,UAM_V4
24,29,53,8760.2103,8749.563777464033,8767.924528301886,-10.64652253596796,7.714228301885669,10.64652253596796,7.714228301885669,FRDM2012
24,30,54,8777.9672,8774.888474707217,8775.925925925925,-3.07872529278211,-2.0412740740739537,3.07872529278211,2.0412740740739537,FRDM2012
24,31,55,8731.9362,8735.234277248648,8721.454545454546,3.298077248648042,-10.481654545454148,3.298077248648042,10.481654545454148,UAM_V4
24,32,56,8723.2609,8728.10326605062,8725.892857142857,4.842366050621422,2.6319571428575728,4.842366050621422,2.6319571428575728,FRDM2012
24,33,57,8663.3998,8663.301866512933,8660.0,-0.09793348706625693,-3.3997999999992317,0.09793348706625693,3.3997999999992317,UAM_V4
24,34,58,8643.9987,8641.01013635184,8645.172413793103,-2.98856364815947,1.1737137931031612,2.98856364815947,1.1737137931031612,FRDM2012
24,35,59,8568.5995,8568.856939357334,8568.64406779661,0.2574393573340785,0.04456779660904431,0.2574393573340785,0.04456779660904431,FRDM2012
24,36,60,8540.1876,8542.646014440641,8545.333333333334,2.458414440641718,5.145733333334647,2.458414440641718,5.145733333334647,UAM_V4
24,37,61,8460.1734,8463.50232205786,8463.606557377048,3.3289220578608365,3.433157377048701,3.3289220578608365,3.433157377048701,UAM_V4
24,38,62,8427.3871,8426.740318106658,8433.064516129032,-0.6467818933415401,5.677416129032281,0.6467818933415401,5.677416129032281,UAM_V4
24,39,63,8347.5398,8343.860334439405,8352.063492063493,-3.6794655605954176,4.52369206349249,3.6794655605954176,4.52369206349249,UAM_V4
24,40,64,8303.5626,8302.176121441411,8314.6875,-1.386478558588351,11.124900000000707,1.386478558588351,11.124900000000707,UAM_V4
24,41,65,8218.0,8217.562417355304,8222.923076923076,-0.43758264469579444,4.9230769230762235,0.43758264469579444,4.9230769230762235,UAM_V4
24,42,66,8168.0,8167.423426822654,8180.151515151515,-0.5765731773462903,12.151515151515014,0.5765731773462903,12.151515151515014,UAM_V4
24,43,67,8079.0,8074.137339246367,8089.104477611941,-4.862660753632554,10.104477611940638,4.862660753632554,10.104477611940638,UAM_V4
24,44,68,8026.0,8014.092035398231,8039.117647058823,-11.907964601768981,13.117647058823422,11.907964601768981,13.117647058823422,UAM_V4
24,45,69,7939.0,7940.0,7949.275362318841,1.0,10.275362318840962,1.0,10.275362318840962,UAM_V4
24,46,70,7884.0,7884.0,7895.285714285715,0.0,11.285714285714675,0.0,11.285714285714675,UAM_V4
25,18,43,7213.0,7358.6883,7262.325581395349,145.6882999999998,49.32558139534922,145.6882999999998,49.32558139534922,FRDM2012
25,19,44,7457.0,7535.509484098366,7496.818181818182,78.50948409836565,39.81818181818198,78.50948409836565,39.81818181818198,FRDM2012
25,20,45,7747.0,7697.649046629745,7777.111111111111,-49.35095337025541,30.111111111111313,49.35095337025541,30.111111111111313,FRDM2012
25,21,46,7916.0805,7883.0092737936575,7942.391304347826,-33.071226206342544,26.31080434782598,33.071226206342544,26.31080434782598,FRDM2012
25,22,47,8135.3117,8150.503489144578,8158.936170212766,15.191789144578252,23.624470212766028,15.191789144578252,23.624470212766028,UAM_V4
25,23,48,8274.1924,8278.16874749969,8276.666666666666,3.976347499690746,2.4742666666661535,3.976347499690746,2.4742666666661535,FRDM2012
25,24,49,8439.915,8433.156350568186,8445.918367346938,-6.758649431814774,6.0033673469370115,6.758649431814774,6.0033673469370115,FRDM2012
25,25,50,8532.6823,8521.14839743714,8523.4,-11.533902562860021,-9.28230000000076,11.533902562860021,9.28230000000076,FRDM2012
25,26,51,8633.7602,8633.21936783018,8634.313725490196,-0.5408321698214422,0.5535254901951703,0.5408321698214422,0.5535254901951703,UAM_V4
25,27,52,8670.4087,8678.55733265492,8672.5,8.14863265492022,2.0913000000000466,8.14863265492022,2.0913000000000466,FRDM2012
25,28,53,8734.1798,8736.83682488572,8748.67924528302,2.6570248857206025,14.499445283019668,2.6570248857206025,14.499445283019668,UAM_V4
25,29,54,8737.9768,8734.680207604271,8740.74074074074,-3.2965923957290215,2.7639407407405088,3.2965923957290215,2.7639407407405088,FRDM2012
25,30,55,8765.0247,8761.96410042015,8756.363636363636,-3.060599579850532,-8.661063636363906,3.060599579850532,8.661063636363906,UAM_V4
25,31,56,8738.3358,8740.309356047403,8733.57142857143,1.9735560474018712,-4.764371428571394,1.9735560474018712,4.764371428571394,UAM_V4
25,32,57,8736.7146,8742.175234693332,8732.982456140351,5.460634693332395,-3.732143859648204,5.460634693332395,3.732143859648204,FRDM2012
25,33,58,8696.6438,8698.545938082127,8688.793103448275,1.9021380821268394,-7.850696551724468,1.9021380821268394,7.850696551724468,UAM_V4
25,34,59,8680.9224,8679.182141295929,8677.457627118643,-1.740258704070584,-3.4647728813561116,1.740258704070584,3.4647728813561116,UAM_V4
25,35,60,8628.1392,8627.747456305728,8620.000000000002,-0.3917436942720087,-8.1391999999978,0.3917436942720087,8.1391999999978,UAM_V4
25,36,61,8598.9157,8601.506056842849,8599.344262295082,2.59035684284936,0.4285622950828838,2.59035684284936,0.4285622950828838,FRDM2012
25,37,62,8538.5002,8539.221135861504,8533.225806451614,0.7209358615036763,-5.274393548386797,0.7209358615036763,5.274393548386797,UAM_V4
25,38,63,8505.102,8506.449760262021,8506.666666666666,1.347760262020529,1.564666666665289,1.347760262020529,1.564666666665289,UAM_V4
25,39,64,8437.4175,8440.938949417425,8440.78125,3.521449417425174,3.3637500000004366,3.521449417425174,3.3637500000004366,FRDM2012
25,40,65,8400.6822,8398.793479699198,8405.692307692309,-1.8887203008016513,5.010107692309248,1.8887203008016513,5.010107692309248,UAM_V4
25,41,66,8331.7986,8327.46869967266,8329.69696969697,-4.329900327340511,-2.101630303030106,4.329900327340511,2.101630303030106,FRDM2012
25,42,67,8281.0,8281.614563598232,8288.507462686568,0.6145635982320528,7.507462686568033,0.6145635982320528,7.507462686568033,UAM_V4
25,43,68,8209.0,8211.981302587948,8210.14705882353,2.9813025879484485,1.1470588235297328,2.9813025879484485,1.1470588235297328,FRDM2012
25,44,69,8155.0,8158.358194376882,8161.304347826087,3.3581943768822384,6.304347826086996,3.3581943768822384,6.304347826086996,UAM_V4
25,45,70,8084.0,8083.751171264967,8084.857142857143,-0.24882873503338487,0.857142857143117,0.24882873503338487,0.857142857143117,UAM_V4
25,46,71,8030.0,8030.078396668403,8029.577464788732,0.07839666840300197,-0.42253521126804117,0.07839666840300197,0.42253521126804117,UAM_V4
25,47,72,7955.0,7959.0,7950.277777777777,4.0,-4.722222222222626,4.0,4.722222222222626,UAM_V4
25,48,73,7895.0,7905.0,7896.8493150684935,10.0,1.8493150684935244,10.0,1.8493150684935244,FRDM2012
26,19,45,7299.0,7418.6879,7330.444444444444,119.6878999999999,31.444444444444343,119.6878999999999,31.444444444444343,FRDM2012
26,20,46,7603.0,7667.811779243471,7637.173913043478,64.81177924347139,34.173913043478024,64.81177924347139,34.173913043478024,FRDM2012
26,21,47,7790.0,7734.3729676814255,7811.063829787234,-55.62703231857449,21.06382978723377,55.62703231857449,21.06382978723377,FRDM2012
26,22,48,8022.7254,7979.330328361475,8049.583333333333,-43.39507163852522,26.857933333332767,43.39507163852522,26.857933333332767,FRDM2012
26,23,49,8161.3121,8175.255849689085,8176.122448979592,13.943749689085053,14.810348979592163,13.943749689085053,14.810348979592163,UAM_V4
26,24,50,8354.0268,8364.393331456404,8365.6,10.366531456404118,11.573200000000725,10.366531456404118,11.573200000000725,UAM_V4
26,25,51,8460.4977,8450.447548854825,8456.862745098038,-10.050151145174823,-3.634954901961464,10.050151145174823,3.634954901961464,FRDM2012
26,26,52,8609.6079,8591.05149021862,8616.346153846154,-18.556409781380353,6.738253846153384,18.556409781380353,6.738253846153384,FRDM2012
26,27,53,8648.7985,8649.183057298871,8655.66037735849,0.384557298870277,6.861877358489437,0.384557298870277,6.861877358489437,UAM_V4
26,28,54,8736.3846,8741.772045546883,8752.222222222223,5.3874455468831,15.837622222223217,5.3874455468831,15.837622222223217,UAM_V4
26,29,55,8746.5981,8743.20176526533,8752.0,-3.396334734668926,5.401900000000751,3.396334734668926,5.401900000000751,UAM_V4
26,30,56,8790.3563,8791.073295876016,8789.107142857143,0.7169958760168811,-1.2491571428563475,0.7169958760168811,1.2491571428563475,UAM_V4
26,31,57,8770.2829,8775.082304232466,8758.070175438597,4.799404232466259,-12.212724561402865,4.799404232466259,12.212724561402865,UAM_V4
26,32,58,8792.2534,8792.136378986861,8785.689655172413,-0.11702101313858293,-6.563744827586561,0.11702101313858293,6.563744827586561,UAM_V4
26,33,59,8754.7746,8752.679848466327,8744.915254237289,-2.0947515336738434,-9.85934576271211,2.0947515336738434,9.85934576271211,UAM_V4
26,34,60,8755.8539,8755.864941204174,8751.833333333334,0.011041204174034647,-4.020566666666127,0.011041204174034647,4.020566666666127,UAM_V4
26,35,61,8703.7686,8704.467217305295,8699.180327868853,0.6986173052955564,-4.588272131146368,0.6986173052955564,4.588272131146368,UAM_V4
26,36,62,8692.8831,8692.765137002107,8695.161290322581,-0.11796299789239129,2.2781903225823044,0.11796299789239129,2.2781903225823044,UAM_V4
26,37,63,8631.5499,8632.36564016732,8633.492063492064,0.8157401673197455,1.942163492063628,0.8157401673197455,1.942163492063628,UAM_V4
26,38,64,8612.3888,8613.707697436677,8622.65625,1.318897436676707,10.267449999999371,1.318897436676707,10.267449999999371,UAM_V4
26,39,65,8546.347,8545.915195091953,8557.384615384615,-0.4318049080466153,11.037615384615492,0.4318049080466153,11.037615384615492,UAM_V4
26,40,66,8521.7245,8519.774241063793,8536.969696969696,-1.9502589362073195,15.245196969695826,1.9502589362073195,15.245196969695826,UAM_V4
26,41,67,8449.9359,8449.554029217534,8462.388059701492,-0.38187078246664896,12.452159701491837,0.38187078246664896,12.452159701491837,UAM_V4
26,42,68,8418.0,8418.244853968663,8434.264705882353,0.2448539686629374,16.264705882353155,0.2448539686629374,16.264705882353155,UAM_V4
26,43,69,8345.0,8345.167077332042,8357.391304347826,0.16707733204202668,12.391304347826008,0.16707733204202668,12.391304347826008,UAM_V4
26,44,70,8308.0,8308.69183295897,8319.42857142857,0.691832958969826,11.428571428570649,0.691832958969826,11.428571428570649,UAM_V4
26,45,71,8235.0,8236.102203151537,8242.394366197183,1.1022031515367416,7.394366197182535,1.1022031515367416,7.394366197182535,UAM_V4
26,46,72,8195.0,8195.520372826997,8202.5,0.520372826997118,7.5,0.520372826997118,7.5,UAM_V4
26,47,73,8121.0,8109.020666319626,8124.7945205479455,-11.979333680374111,3.794520547945467,11.979333680374111,3.794520547945467,FRDM2012
26,48,74,8076.0,8060.944612181156,8079.189189189189,-15.055387818843883,3.1891891891891646,15.055387818843883,3.1891891891891646,FRDM2012
26,49,75,7996.0,8007.0,8004.4,11.0,8.399999999999636,11.0,8.399999999999636,FRDM2012
26,50,76,7943.0,7957.0,7954.210526315789,14.0,11.210526315789139,14.0,11.210526315789139,FRDM2012
27,20,47,7396.0,7464.687317385531,7410.212765957447,68.68731738553106,14.212765957447118,68.68731738553106,14.212765957447118,FRDM2012
27,21,48,7595.0,7657.440538051191,7613.958333333333,62.44053805119074,18.95833333333303,62.44053805119074,18.95833333333303,FRDM2012
27,22,49,7840.0,7818.35065468506,7858.9795918367345,-21.649345314939637,18.97959183673447,21.649345314939637,18.97959183673447,FRDM2012
27,23,50,8000.6387,7974.320490020558,8016.6,-26.318209979442145,15.961299999999937,26.318209979442145,15.961299999999937,FRDM2012
27,24,51,8193.2549,8201.24689050995,8214.117647058823,7.991990509950483,20.862747058823516,7.991990509950483,20.862747058823516,UAM_V4
27,25,52,8325.5606,8331.872209767196,8331.153846153846,6.311609767195478,5.59324615384503,6.311609767195478,5.59324615384503,FRDM2012
27,26,53,8477.6578,8478.790775222373,8490.566037735849,1.132975222371897,12.90823773584816,1.132975222371897,12.90823773584816,UAM_V4
27,27,54,8569.2199,8557.410079662695,8569.444444444445,-11.8098203373047,0.2245444444452005,11.8098203373047,0.2245444444452005,FRDM2012
27,28,55,8669.6204,8653.50418903935,8675.818181818182,-16.116210960650278,6.197781818182193,16.116210960650278,6.197781818182193,FRDM2012
27,29,56,8694.8386,8693.789331724072,8696.964285714286,-1.0492682759268064,2.1256857142871013,1.0492682759268064,2.1256857142871013,UAM_V4
27,30,57,8741.8845,8753.120503706235,8741.052631578947,11.236003706235351,-0.8318684210535139,11.236003706235351,0.8318684210535139,FRDM2012
27,31,58,8738.9719,8746.26124911689,8736.206896551725,7.289349116888843,-2.76500344827582,7.289349116888843,2.76500344827582,FRDM2012
27,32,59,8768.0379,8767.902835621406,8758.474576271186,-0.1350643785935972,-9.563323728812975,0.1350643785935972,9.563323728812975,UAM_V4
27,33,60,8746.7692,8745.513729647142,8735.0,-1.2554703528585378,-11.769200000000637,1.2554703528585378,11.769200000000637,UAM_V4
27,34,61,8756.151,8757.855981979917,8746.557377049181,1.7049819799176475,-9.593622950818826,1.7049819799176475,9.593622950818826,UAM_V4
27,35,62,8721.3347,8724.342764335393,8716.612903225807,3.0080643353940104,-4.721796774192626,3.0080643353940104,4.721796774192626,UAM_V4
27,36,63,8717.7972,8717.486088950509,8716.031746031746,-0.3111110494919558,-1.765453968255315,0.3111110494919558,1.765453968255315,UAM_V4
27,37,64,8675.5223,8674.004581178731,8673.75,-1.5177188212692272,-1.7723000000005413,1.5177188212692272,1.7723000000005413,UAM_V4
27,38,65,8656.8848,8658.18355760771,8664.0,1.2987576077102858,7.115200000000186,1.2987576077102858,7.115200000000186,UAM_V4
27,39,66,8605.9419,8604.898300617946,8613.484848484848,-1.0435993820537988,7.542948484848239,1.0435993820537988,7.542948484848239,UAM_V4
27,40,67,8581.7422,8582.540960494734,8594.626865671642,0.7987604947338696,12.884665671641415,0.7987604947338696,12.884665671641415,UAM_V4
27,41,68,8520.1301,8524.823836086296,8535.14705882353,4.693736086295758,15.016958823529421,4.693736086295758,15.016958823529421,UAM_V4
27,42,69,8495.4062,8494.237908066358,8508.985507246376,-1.1682919336417399,13.57930724637663,1.1682919336417399,13.57930724637663,UAM_V4
27,43,70,8434.198,8431.586580494766,8446.142857142857,-2.611419505234153,11.944857142856563,2.611419505234153,11.944857142856563,UAM_V4
27,44,71,8398.7344,8402.154196518126,8412.957746478873,3.4197965181265317,14.223346478873282,3.4197965181265317,14.223346478873282,UAM_V4
27,45,72,8338.0,8340.51244107857,8344.305555555555,2.512441078570191,6.305555555554747,2.512441078570191,6.305555555554747,UAM_V4
27,46,73,8302.0,8301.26804290734,8306.027397260274,-0.731957092659286,4.027397260273574,0.731957092659286,4.027397260273574,UAM_V4
27,47,74,8239.0,8241.02283336863,8240.54054054054,2.0228333686300175,1.5405405405399506,2.0228333686300175,1.5405405405399506,FRDM2012
27,48,75,8197.0,8198.636274828961,8202.133333333333,1.6362748289611773,5.133333333333212,1.6362748289611773,5.133333333333212,UAM_V4
27,49,76,8131.0,8123.603748047892,8134.473684210527,-7.396251952108287,3.4736842105266987,7.396251952108287,3.4736842105266987,FRDM2012
27,50,77,8082.0,8091.891825937563,8085.194805194805,9.891825937563226,3.1948051948047578,9.891825937563226,3.1948051948047578,FRDM2012
27,51,78,7997.0,8023.0,7994.615384615385,26.0,-2.3846153846152447,26.0,2.3846153846152447,FRDM2012
28,20,48,7236.0,7320.1023,7250.208333333333,84.10229999999956,14.20833333333303,84.10229999999956,14.20833333333303,FRDM2012
28,21,49,7450.0,7522.9251,7458.571428571428,72.92510000000038,8.571428571428442,72.92510000000038,8.571428571428442,FRDM2012
28,22,50,7702.0,7659.948850000001,7725.8,-42.051149999999325,23.800000000000182,42.051149999999325,23.800000000000182,FRDM2012
28,23,51,7870.0,7834.336649541905,7884.509803921569,-35.66335045809501,14.509803921569073,35.66335045809501,14.509803921569073,FRDM2012
28,24,52,8083.8977,8083.061511265634,8104.615384615385,-0.8361887343662602,20.717684615384314,0.8361887343662602,20.717684615384314,UAM_V4
28,25,53,8217.0749,8224.285530011528,8230.566037735849,7.2106300115283375,13.491137735849406,7.2106300115283375,13.491137735849406,UAM_V4
28,26,54,8393.0328,8411.456896398091,8410.74074074074,18.424096398090114,17.707940740740014,18.424096398090114,17.707940740740014,FRDM2012
28,27,55,8497.3225,8490.67158873238,8503.272727272728,-6.650911267619449,5.950227272727716,6.650911267619449,5.950227272727716,FRDM2012
28,28,56,8642.7811,8605.804855767597,8645.17857142857,-36.97624423240268,2.3974714285704977,36.97624423240268,2.3974714285704977,FRDM2012
28,29,57,8670.9364,8658.714056810622,8669.122807017544,-12.22234318937808,-1.813592982456612,12.22234318937808,1.813592982456612,FRDM2012
28,30,58,8732.0621,8750.44986857059,8736.551724137931,18.387768570590197,4.489624137931969,18.387768570590197,4.489624137931969,FRDM2012
28,31,59,8736.5912,8746.705178192693,8735.084745762711,10.11397819269223,-1.5064542372892902,10.11397819269223,1.5064542372892902,FRDM2012
28,32,60,8780.7769,8780.610879685419,8778.333333333334,-0.16602031458205602,-2.443566666666811,0.16602031458205602,2.443566666666811,UAM_V4
28,33,61,8765.0281,8765.194397839978,8753.77049180328,0.1662978399781423,-11.257608196719957,0.1662978399781423,11.257608196719957,UAM_V4
28,34,62,8794.5555,8793.14548555249,8781.774193548386,-1.410014447510548,-12.781306451614,1.410014447510548,12.781306451614,UAM_V4
28,35,63,8763.4955,8761.819693900337,8754.285714285714,-1.6758060996635322,-9.209785714287136,1.6758060996635322,9.209785714287136,UAM_V4
28,36,64,8777.4637,8778.404279985834,8773.59375,0.9405799858341197,-3.8699500000002445,0.9405799858341197,3.8699500000002445,UAM_V4
28,37,65,8736.2424,8741.119970276772,8734.923076923076,4.877570276772531,-1.3193230769229558,4.877570276772531,1.3193230769229558,FRDM2012
28,38,66,8739.5086,8739.703834625027,8738.030303030304,0.19523462502729672,-1.4782969696952932,0.19523462502729672,1.4782969696952932,UAM_V4
28,39,67,8695.7505,8688.131340962944,8692.089552238805,-7.619159037056306,-3.6609477611946204,7.619159037056306,3.6609477611946204,FRDM2012
28,40,68,8682.4667,8679.165363481656,8687.35294117647,-3.301336518345124,4.886241176469412,3.301336518345124,4.886241176469412,UAM_V4
28,41,69,8623.0998,8626.511270429444,8630.0,3.4114704294443072,6.900200000000041,3.4114704294443072,6.900200000000041,UAM_V4
28,42,70,8604.2917,8605.935733264401,8616.42857142857,1.6440332644015143,12.136871428570885,1.6440332644015143,12.136871428570885,UAM_V4
28,43,71,8543.1564,8542.721432082304,8554.084507042253,-0.43496791769575793,10.928107042253032,0.43496791769575793,10.928107042253032,UAM_V4
28,44,72,8520.2118,8521.048821143822,8532.638888888889,0.8370211438232218,12.427088888889557,0.8370211438232218,12.427088888889557,UAM_V4
28,45,73,8457.6529,8458.64851794373,8468.90410958904,0.9956179437303945,11.251209589041537,0.9956179437303945,11.251209589041537,UAM_V4
28,46,74,8433.0,8431.416694497879,8442.162162162162,-1.5833055021212203,9.162162162161621,1.5833055021212203,9.162162162161621,UAM_V4
28,47,75,8369.0,8370.63049015864,8378.533333333333,1.630490158640896,9.533333333332848,1.630490158640896,9.533333333332848,UAM_V4
28,48,76,8338.0,8345.533104943874,8346.973684210527,7.5331049438736954,8.973684210526699,7.5331049438736954,8.973684210526699,UAM_V4
28,49,77,8272.0,8269.491224455469,8280.0,-2.5087755445310904,8.0,2.5087755445310904,8.0,UAM_V4
28,50,78,8238.0,8222.493405432984,8242.948717948719,-15.506594567015782,4.948717948718695,15.506594567015782,4.948717948718695,FRDM2012
28,51,79,8150.0,8130.921603331599,8151.772151898735,-19.078396668401183,1.7721518987345917,19.078396668401183,1.7721518987345917,FRDM2012
28,52,80,8088.0,8086.5,8092.25,-1.5,4.25,1.5,4.25,UAM_V4
28,53,81,8000.0,8028.0,7996.79012345679,28.0,-3.2098765432101573,28.0,3.2098765432101573,FRDM2012
28,54,82,7935.0,7938.0,7931.707317073171,3.0,-3.292682926829002,3.0,3.292682926829002,UAM_V4
29,23,52,7671.0,7734.0093,7682.5,63.00929999999971,11.5,63.00929999999971,11.5,FRDM2012
29,24,53,7891.0,7947.744309405181,7906.981132075472,56.74430940518141,15.981132075471578,56.74430940518141,15.981132075471578,FRDM2012
29,25,54,8045.0,8025.937890025971,8053.148148148148,-19.062109974029227,8.148148148147811,19.062109974029227,8.148148148147811,FRDM2012
29,26,55,8233.997,8211.216297846313,8239.09090909091,-22.780702153686434,5.093909090910529,22.780702153686434,5.093909090910529,FRDM2012
29,27,56,8355.9907,8354.84673886936,8352.67857142857,-1.1439611306395818,-3.312128571429639,1.1439611306395818,3.312128571429639,UAM_V4
29,28,57,8503.2646,8483.592984611496,8496.842105263158,-19.671615388504506,-6.422494736842054,19.671615388504506,6.422494736842054,FRDM2012
29,29,58,8570.9696,8554.32897616123,8554.310344827587,-16.640623838769898,-16.659255172413395,16.640623838769898,16.659255172413395,UAM_V4
29,30,59,8642.0027,8648.512893936553,8631.186440677966,6.51019393655406,-10.816259322033147,6.51019393655406,10.816259322033147,UAM_V4
29,31,60,8665.6047,8676.989645643427,8650.833333333332,11.384945643427272,-14.771366666667745,11.384945643427272,14.771366666667745,UAM_V4
29,32,61,8715.5148,8719.697339499935,8695.245901639344,4.182539499934137,-20.26889836065675,4.182539499934137,20.26889836065675,UAM_V4
29,33,62,8718.0839,8719.627632525582,8698.548387096775,1.5437325255825272,-19.535512903225026,1.5437325255825272,19.535512903225026,UAM_V4
29,34,63,8752.1404,8752.19804254141,8731.42857142857,0.05764254140922276,-20.711828571429578,0.05764254140922276,20.711828571429578,UAM_V4
29,35,64,8739.0736,8738.702613476215,8724.21875,-0.37098652378517727,-14.854849999999715,0.37098652378517727,14.854849999999715,UAM_V4
29,36,65,8757.0967,8758.281538617299,8744.76923076923,1.1848386172987375,-12.327469230769566,1.1848386172987375,12.327469230769566,UAM_V4
29,37,66,8731.473,8733.353848060904,8722.575757575758,1.8808480609040998,-8.897242424241995,1.8808480609040998,8.897242424241995,UAM_V4
29,38,67,8737.4597,8737.345042307526,8731.34328358209,-0.1146576924729743,-6.116416417909932,0.1146576924729743,6.116416417909932,UAM_V4
29,39,68,8701.8913,8698.285354396145,8700.0,-3.605945603854707,-1.891299999999319,3.605945603854707,1.891299999999319,FRDM2012
29,40,69,8695.2044,8694.398200444159,8696.521739130434,-0.8061995558418857,1.3173391304335382,0.8061995558418857,1.3173391304335382,UAM_V4
29,41,70,8646.8655,8650.373743078479,8654.285714285714,3.5082430784786993,7.420214285713882,3.5082430784786993,7.420214285713882,UAM_V4
29,42,71,8635.0233,8637.42217719849,8642.676056338029,2.398877198489572,7.652756338027757,2.398877198489572,7.652756338027757,UAM_V4
29,43,72,8586.5256,8588.30497936791,8595.138888888889,1.7793793679084047,8.613288888887837,1.7793793679084047,8.613288888887837,UAM_V4
29,44,73,8568.5699,8569.333653831492,8576.164383561643,0.7637538314920675,7.594483561642846,0.7637538314920675,7.594483561642846,UAM_V4
29,45,74,8521.5633,8520.056382224499,8522.972972972973,-1.5069177755012788,1.409672972973567,1.5069177755012788,1.409672972973567,FRDM2012
29,46,75,8495.0801,8494.234493760754,8498.133333333333,-0.8456062392451713,3.053233333333992,0.8456062392451713,3.053233333333992,UAM_V4
29,47,76,8443.6018,8445.606084479292,8445.263157894737,2.0042844792915275,1.661357894736284,2.0042844792915275,1.661357894736284,FRDM2012
29,48,77,8411.2501,8418.642157277967,8416.883116883117,7.392057277967979,5.633016883117307,7.392057277967979,5.633016883117307,FRDM2012
29,49,78,8354.6695,8355.040189052796,8362.051282051281,0.3706890527955693,7.381782051281334,0.3706890527955693,7.381782051281334,UAM_V4
29,50,79,8320.938,8308.101651360434,8325.316455696202,-12.836348639566495,4.378455696201854,12.836348639566495,4.378455696201854,FRDM2012
29,51,80,8246.0,8240.627658096482,8246.625,-5.372341903517736,0.625,5.372341903517736,0.625,FRDM2012
29,52,81,8185.0,8186.703244560125,8188.271604938272,1.703244560125313,3.2716049382715937,1.703244560125313,3.2716049382715937,UAM_V4
29,53,82,8108.0,8108.12675689745,8103.048780487805,0.1267568974499227,-4.951219512195166,0.1267568974499227,4.951219512195166,UAM_V4
29,54,83,8044.0,8049.345992971915,8034.819277108434,5.345992971914711,-9.180722891565892,5.345992971914711,9.180722891565892,UAM_V4
29,55,84,7965.0,7970.0,7950.357142857143,5.0,-14.642857142856883,5.0,14.642857142856883,UAM_V4
30,24,54,7742.0,7816.0533,7753.148148148148,74.05329999999958,11.148148148147811,74.05329999999958,11.148148148147811,FRDM2012
30,26,56,8106.0,8069.749067996818,8107.857142857143,-36.25093200318224,1.857142857143117,36.25093200318224,1.857142857143117,FRDM2012
30,27,57,8231.0,8192.423845142765,8230.17543859649,-38.57615485723545,-0.8245614035095059,38.57615485723545,0.8245614035095059,FRDM2012
30,28,58,8395.9467,8388.858626712277,8397.068965517241,-7.088073287723091,1.1222655172405211,7.088073287723091,1.1222655172405211,FRDM2012
30,29,59,8473.7802,8462.360407363914,8461.864406779661,-11.419792636084821,-11.915793220337946,11.419792636084821,11.915793220337946,UAM_V4
30,30,60,8583.0524,8576.191335596995,8565.833333333334,-6.8610644030050025,-17.21906666666655,6.8610644030050025,17.21906666666655,UAM_V4
30,31,61,8610.3098,8613.969719294828,8591.967213114754,3.6599192948269774,-18.34258688524642,3.6599192948269774,18.34258688524642,UAM_V4
30,32,62,8679.3451,8686.265808596232,8657.258064516129,6.920708596231634,-22.08703548387166,6.920708596231634,22.08703548387166,UAM_V4
30,33,63,8686.2866,8688.143813632221,8674.126984126984,1.8572136322218284,-12.159615873015355,1.8572136322218284,12.159615873015355,UAM_V4
30,34,64,8735.9057,8735.85322724195,8715.625,-0.05247275804867968,-20.280699999999342,0.05247275804867968,20.280699999999342,UAM_V4
30,35,65,8724.266,8724.573634442051,8710.923076923076,0.30763444205149426,-13.342923076923398,0.30763444205149426,13.342923076923398,UAM_V4
30,36,66,8759.6335,8759.219356888316,8748.181818181818,-0.4141431116840977,-11.451681818181896,0.4141431116840977,11.451681818181896,UAM_V4
30,37,67,8734.1534,8735.254244568196,8728.208955223881,1.1008445681964076,-5.944444776117962,1.1008445681964076,5.944444776117962,UAM_V4
30,38,68,8755.682,8754.736468932339,8752.64705882353,-0.9455310676621593,-3.0349411764709657,0.9455310676621593,3.0349411764709657,UAM_V4
30,39,69,8722.7311,8719.88590029005,8725.507246376812,-2.8451997099509754,2.7761463768110843,2.8451997099509754,2.7761463768110843,FRDM2012
30,40,70,8729.8086,8730.972899454584,8736.857142857143,1.16429945458367,7.04854285714282,1.16429945458367,7.04854285714282,UAM_V4
30,41,71,8689.0417,8692.656266638072,8698.732394366198,3.6145666380725743,9.690694366197931,3.6145666380725743,9.690694366197931,UAM_V4
30,42,72,8691.8053,8691.732455428853,8700.0,-0.07284457114656107,8.194700000000012,0.07284457114656107,8.194700000000012,UAM_V4
30,43,73,8648.3455,8645.35429900697,8651.643835616438,-2.991200993028542,3.298335616438635,2.991200993028542,3.298335616438635,UAM_V4
30,44,74,8642.7547,8642.8685675598,8644.72972972973,0.11386755980129237,1.9750297297305224,0.11386755980129237,1.9750297297305224,UAM_V4
30,45,75,8592.4981,8595.403410675919,8597.466666666667,2.905310675918372,4.968566666666447,2.905310675918372,4.968566666666447,UAM_V4
30,46,76,8582.2735,8580.566999876964,8583.421052631578,-1.706500123034857,1.1475526315789466,1.706500123034857,1.1475526315789466,FRDM2012
30,47,77,8530.0037,8528.49815047675,8533.246753246753,-1.5055495232500107,3.243053246753334,1.5055495232500107,3.243053246753334,UAM_V4
30,48,78,8507.38,8512.898841248418,8511.410256410256,5.518841248418539,4.030256410256698,5.518841248418539,4.030256410256698,FRDM2012
30,49,79,8450.5825,8451.328179260465,8459.113924050633,0.7456792604643852,8.531424050632268,0.7456792604643852,8.531424050632268,UAM_V4
30,50,80,8423.5457,8413.328155842515,8432.875,-10.217544157485463,9.32929999999942,10.217544157485463,9.32929999999942,FRDM2012
30,51,81,8351.9262,8347.582746454877,8354.691358024691,-4.343453545123339,2.765158024691118,4.343453545123339,2.765158024691118,FRDM2012
30,52,82,8301.1175,8306.157942092806,8301.341463414634,5.040442092806188,0.22396341463354474,5.040442092806188,0.22396341463354474,FRDM2012
30,53,83,8226.0,8218.766752002513,8219.518072289156,-7.233247997486615,-6.481927710843593,7.233247997486615,6.481927710843593,FRDM2012
30,54,84,8171.0,8163.246225316375,8165.714285714285,-7.7537746836251245,-5.2857142857146755,7.7537746836251245,5.2857142857146755,FRDM2012
30,55,85,8090.0,8098.157402733093,8083.411764705882,8.157402733092567,-6.588235294118022,8.157402733092567,6.588235294118022,FRDM2012
30,56,86,8032.0,8040.8825,8028.953488372093,8.882499999999709,-3.046511627907421,8.882499999999709,3.046511627907421,FRDM2012
31,25,56,7707.0,7791.0,7718.035714285715,84.0,11.035714285714675,84.0,11.035714285714675,FRDM2012
31,26,57,7916.0,7991.468521882696,7916.140350877193,75.46852188269622,0.14035087719275907,75.46852188269622,0.14035087719275907,FRDM2012
31,27,58,8059.0,8031.3299747272795,8056.0344827586205,-27.670025272720522,-2.96551724137953,27.670025272720522,2.96551724137953,FRDM2012
31,28,59,8232.0,8198.506159873623,8231.864406779661,-33.49384012637711,-0.13559322033870558,33.49384012637711,0.13559322033870558,FRDM2012
31,29,60,8327.0,8332.264590918354,8312.833333333334,5.264590918353861,-14.16666666666606,5.264590918353861,14.16666666666606,UAM_V4
31,30,61,8446.4313,8447.97212738183,8426.22950819672,1.5408273818302405,-20.201791803279775,1.5408273818302405,20.201791803279775,UAM_V4
31,31,62,8518.6449,8504.624605723624,8487.41935483871,-14.020294276375353,-31.22554516128912,14.020294276375353,31.22554516128912,UAM_V4
31,32,63,8583.9267,8582.903556323025,8566.984126984127,-1.023143676975451,-16.942573015872767,1.023143676975451,16.942573015872767,UAM_V4
31,33,64,8611.6317,8620.740525979358,8595.0,9.108825979357789,-16.63169999999991,9.108825979357789,16.63169999999991,UAM_V4
31,34,65,8662.1601,8666.124903883783,8648.153846153846,3.964803883784043,-14.006253846153413,3.964803883784043,14.006253846153413,UAM_V4
31,35,66,8669.3631,8670.78808170782,8660.60606060606,1.4249817078198248,-8.757039393940431,1.4249817078198248,8.757039393940431,UAM_V4
31,36,67,8707.533,8707.90858199125,8697.313432835821,0.3755819912512379,-10.219567164178443,0.3755819912512379,10.219567164178443,UAM_V4
31,37,68,8701.2195,8702.81721013552,8693.382352941177,1.597710135520174,-7.837147058822666,1.597710135520174,7.837147058822666,UAM_V4
31,38,69,8724.5798,8724.398564615361,8718.115942028986,-0.18123538463805744,-6.463857971013567,0.18123538463805744,6.463857971013567,UAM_V4
31,39,70,8709.2808,8703.682030104135,8704.0,-5.598769895865189,-5.280800000000454,5.598769895865189,5.280800000000454,FRDM2012
31,40,71,8717.605,8717.885077994755,8720.281690140846,0.28007799475562933,2.6766901408464037,0.28007799475562933,2.6766901408464037,UAM_V4
31,41,72,8687.0893,8694.170885120155,8693.194444444445,7.081585120155069,6.105144444445614,7.081585120155069,6.105144444445614,FRDM2012
31,42,73,8693.874,8696.21152168235,8696.712328767124,2.3375216823496885,2.8383287671240396,2.3375216823496885,2.8383287671240396,UAM_V4
31,43,74,8663.1676,8660.292851536733,8661.891891891892,-2.8747484632676787,-1.2757081081090291,2.8747484632676787,1.2757081081090291,FRDM2012
31,44,75,8660.7565,8659.55850899371,8659.066666666668,-1.1979910062891577,-1.6898333333319897,1.1979910062891577,1.6898333333319897,UAM_V4
31,45,76,8624.5272,8627.76834623939,8622.631578947368,3.2411462393902184,-1.8956210526321229,3.2411462393902184,1.8956210526321229,FRDM2012
31,46,77,8613.3907,8615.30788066905,8611.818181818182,1.9171806690501398,-1.5725181818179408,1.9171806690501398,1.5725181818179408,FRDM2012
31,47,78,8577.1043,8574.838624959777,8572.307692307691,-2.2656750402238686,-4.796607692309408,2.2656750402238686,4.796607692309408,UAM_V4
31,48,79,8556.0725,8559.18555440655,8555.189873417721,3.113054406549054,-0.8826265822790447,3.113054406549054,0.8826265822790447,FRDM2012
31,49,80,8508.4545,8510.281385345239,8512.625,1.826885345239134,4.170500000000175,1.826885345239134,4.170500000000175,UAM_V4
31,50,81,8483.3576,8474.950872146674,8487.407407407407,-8.40672785332572,4.04980740740757,8.40672785332572,4.04980740740757,FRDM2012
31,51,82,8421.0494,8417.710039126057,8419.268292682927,-3.3393608739424963,-1.781107317072383,3.3393608739424963,1.781107317072383,FRDM2012
31,52,83,8372.5756,8378.135242001232,8368.192771084337,5.559642001231623,-4.382828915662685,5.559642001231623,4.382828915662685,FRDM2012
31,53,84,8307.525,8309.133912512922,8297.02380952381,1.608912512921961,-10.501190476190459,1.608912512921961,10.501190476190459,UAM_V4
31,54,85,8253.5687,8253.487457354575,8244.0,-0.0812426454249362,-9.568699999999808,0.0812426454249362,9.568699999999808,UAM_V4
31,55,86,8182.0,8182.501803649797,8174.069767441861,0.5018036497967842,-7.930232558139323,0.5018036497967842,7.930232558139323,UAM_V4
31,56,87,8124.0,8134.521285207815,8122.298850574713,10.521285207814799,-1.70114942528744,10.521285207814799,1.70114942528744,FRDM2012
31,57,88,8050.0,8056.475,8043.636363636364,6.475000000000364,-6.363636363636033,6.475000000000364,6.363636363636033,FRDM2012
32,26,58,7770.0,7879.0,7783.9655172413795,109.0,13.96551724137953,109.0,13.96551724137953,FRDM2012
32,28,60,8113.0,8066.380270692348,8107.5,-46.61972930765205,-5.5,46.61972930765205,5.5,FRDM2012
32,29,61,8215.0,8174.213198011642,8198.032786885246,-40.78680198835809,-16.967213114754486,40.78680198835809,16.967213114754486,FRDM2012
32,30,62,8347.0,8361.45707174996,8328.548387096775,14.457071749959141,-18.451612903225396,14.457071749959141,18.451612903225396,UAM_V4
32,31,63,8418.7167,8420.362232633175,8403.968253968254,1.645532633174298,-14.748446031746425,1.645532633174298,14.748446031746425,UAM_V4
32,32,64,8528.8243,8514.488231316893,8509.53125,-14.336068683107442,-19.29305000000022,14.336068683107442,19.29305000000022,UAM_V4
32,33,65,8555.0584,8551.786496988097,8540.307692307691,-3.2719030119023955,-14.750707692308424,3.2719030119023955,14.750707692308424,UAM_V4
32,34,66,8625.4383,8632.7302195037,8611.363636363636,7.291919503699319,-14.074663636363766,7.291919503699319,14.074663636363766,UAM_V4
32,35,67,8633.0884,8636.739968461427,8627.462686567163,3.6515684614259953,-5.625713432837074,3.6515684614259953,5.625713432837074,UAM_V4
32,36,68,8688.1371,8687.643624886712,8682.20588235294,-0.49347511328778637,-5.931217647059384,0.49347511328778637,5.931217647059384,UAM_V4
32,37,69,8680.964,8680.696686405174,8678.695652173914,-0.26731359482619155,-2.2683478260860284,0.26731359482619155,2.2683478260860284,UAM_V4
32,38,70,8721.7028,8721.148137553737,8716.142857142857,-0.5546624462622276,-5.559942857142232,0.5546624462622276,5.559942857142232,UAM_V4
32,39,71,8703.3118,8702.366908565928,8708.87323943662,-0.9448914340719057,5.561439436620276,0.9448914340719057,5.561439436620276,UAM_V4
32,40,72,8731.7459,8732.024643442186,8735.555555555555,0.278743442186169,3.809655555554855,0.278743442186169,3.809655555554855,UAM_V4
32,41,73,8705.05,8707.008624229627,8713.013698630137,1.9586242296281853,7.9636986301375146,1.9586242296281853,7.9636986301375146,UAM_V4
32,42,74,8725.2011,8725.419166059848,8729.18918918919,0.21806605984784255,3.98808918918985,0.21806605984784255,3.98808918918985,UAM_V4
32,43,75,8695.6096,8694.176413597672,8699.333333333334,-1.4331864023279195,3.7237333333341667,1.4331864023279195,3.7237333333341667,UAM_V4
32,44,76,8705.2364,8704.381675972118,8702.894736842105,-0.8547240278821846,-2.3416631578948,0.8547240278821846,2.3416631578948,UAM_V4
32,45,77,8671.0293,8672.214249653918,8669.35064935065,1.1849496539180109,-1.6786506493499473,1.1849496539180109,1.6786506493499473,UAM_V4
32,46,78,8671.6636,8673.377191466629,8670.51282051282,1.7135914666287135,-1.150779487179534,1.7135914666287135,1.150779487179534,FRDM2012
32,47,79,8634.5089,8634.257546486368,8631.898734177215,-0.2513535136331484,-2.6101658227853477,0.2513535136331484,2.6101658227853477,UAM_V4
32,48,80,8627.5707,8628.190986990654,8625.125,0.6202869906537671,-2.4457000000002154,0.6202869906537671,2.4457000000002154,UAM_V4
32,49,81,8580.6587,8580.222767021796,8580.617283950618,-0.43593297820370935,-0.04141604938195087,0.43593297820370935,0.04141604938195087,FRDM2012
32,50,82,8563.7567,8557.497212550305,8567.073170731708,-6.259487449695371,3.3164707317082502,6.259487449695371,3.3164707317082502,FRDM2012
32,51,83,8504.3462,8501.5161364791,8498.313253012047,-2.8300635208997846,-6.032946987952528,2.8300635208997846,6.032946987952528,UAM_V4
32,52,84,8465.5244,8468.026554603575,8460.119047619048,2.502154603575036,-5.405352380952536,2.502154603575036,5.405352380952536,UAM_V4
32,53,85,8401.7689,8402.403791351708,8387.529411764706,0.6348913517085748,-14.23948823529281,0.6348913517085748,14.23948823529281,UAM_V4
32,54,86,8354.63,8355.309382838837,8350.697674418605,0.6793828388381371,-3.9323255813942524,0.6793828388381371,3.9323255813942524,UAM_V4
32,55,87,8285.0,8278.646491093521,8280.344827586207,-6.3535089064789645,-4.65517241379348,6.3535089064789645,4.65517241379348,FRDM2012
32,56,88,8236.0,8228.235698611288,8234.431818181818,-7.764301388711829,-1.5681818181819835,7.764301388711829,1.5681818181819835,FRDM2012
32,57,89,8161.0,8166.5557650254295,8159.775280898876,5.555765025429537,-1.22471910112381,5.555765025429537,1.22471910112381,FRDM2012
32,58,90,8109.0,8117.370000000001,8111.888888888889,8.3700000000008,2.888888888888687,8.3700000000008,2.888888888888687,FRDM2012
33,27,60,7735.0,7812.0,7739.0,77.0,4.0,77.0,4.0,FRDM2012
33,28,61,7930.0,7989.7649,7925.573770491803,59.764900000000125,-4.426229508197139,59.764900000000125,4.426229508197139,FRDM2012
33,29,62,8049.0,8029.938001041124,8040.0,-19.061998958875847,-9.0,19.061998958875847,9.0,FRDM2012
33,30,63,8193.0,8175.160621316118,8182.857142857143,-17.839378683882387,-10.142857142856883,17.839378683882387,10.142857142856883,FRDM2012
33,31,64,8286.0,8296.231198846366,8269.21875,10.23119884636617,-16.78125,10.23119884636617,16.78125,UAM_V4
33,32,65,8396.2351,8392.516092985199,8380.153846153846,-3.719007014800809,-16.08125384615414,3.719007014800809,16.08125384615414,UAM_V4
33,33,66,8468.4034,8451.011596060149,8437.878787878788,-17.391803939850433,-30.52461212121125,17.391803939850433,30.52461212121125,UAM_V4
33,34,67,8530.5685,8529.649480090116,8519.10447761194,-0.9190199098829908,-11.464022388059675,0.9190199098829908,11.464022388059675,UAM_V4
33,35,68,8557.7457,8569.003171383627,8552.79411764706,11.25747138362749,-4.951582352940022,11.25747138362749,4.951582352940022,FRDM2012
33,36,69,8611.8214,8615.696441592825,8608.840579710144,3.8750415928243456,-2.980820289856638,3.8750415928243456,2.980820289856638,FRDM2012
33,37,70,8621.5541,8620.932858898923,8622.857142857143,-0.6212411010765209,1.303042857143737,0.6212411010765209,1.303042857143737,UAM_V4
33,38,71,8663.935,8662.757834818913,8663.098591549297,-1.1771651810868207,-0.8364084507029474,1.1771651810868207,0.8364084507029474,FRDM2012
33,39,72,8660.3786,8661.174448573971,8664.722222222223,0.7958485739709431,4.343622222222621,0.7958485739709431,4.343622222222621,UAM_V4
33,40,73,8689.6099,8692.25217492872,8695.890410958904,2.6422749287212355,6.280510958904415,2.6422749287212355,6.280510958904415,UAM_V4
33,41,74,8680.002,8679.817481707414,8689.594594594595,-0.18451829258629004,9.59259459459463,0.18451829258629004,9.59259459459463,UAM_V4
33,42,75,8700.8748,8700.652070100508,8708.0,-0.22272989949124167,7.1252000000004045,0.22272989949124167,7.1252000000004045,UAM_V4
33,43,76,8682.8172,8684.227488403287,8692.105263157895,1.410288403287268,9.288063157895522,1.410288403287268,9.288063157895522,UAM_V4
33,44,77,8695.9789,8695.710813371314,8696.103896103896,-0.26808662868643296,0.12499610389568261,0.26808662868643296,0.12499610389568261,FRDM2012
33,45,78,8673.876,8674.391222151167,8674.48717948718,0.5152221511671087,0.61117948717947,0.5152221511671087,0.61117948717947,UAM_V4
33,46,79,8676.6172,8679.545824264911,8678.60759493671,2.928624264910468,1.9903949367089808,2.928624264910468,1.9903949367089808,FRDM2012
33,47,80,8651.2824,8651.948694836148,8651.625,0.666294836148154,0.3425999999999476,0.666294836148154,0.3425999999999476,FRDM2012
33,48,81,8648.0571,8649.94536167296,8646.79012345679,1.8882616729606525,-1.266976543209239,1.8882616729606525,1.266976543209239,FRDM2012
33,49,82,8611.4153,8611.259101131775,8613.414634146342,-0.15619886822605622,1.9993341463414254,0.15619886822605622,1.9993341463414254,UAM_V4
33,50,83,8599.654,8591.307819637517,8597.831325301206,-8.34618036248321,-1.822674698794799,8.34618036248321,1.822674698794799,FRDM2012
33,51,84,8547.9385,8545.301605751065,8542.261904761905,-2.6368942489352776,-5.676595238095615,2.6368942489352776,5.676595238095615,UAM_V4
33,52,85,8510.9851,8517.202427909786,8505.882352941177,6.217327909786036,-5.102747058823297,6.217327909786036,5.102747058823297,FRDM2012
33,53,86,8456.7215,8457.595558682839,8443.255813953489,0.8740586828389496,-13.46568604651111,0.8740586828389496,13.46568604651111,UAM_V4
33,54,87,8413.8521,8412.153767284646,8402.298850574713,-1.6983327153538994,-11.553249425287504,1.6983327153538994,11.553249425287504,UAM_V4
33,55,88,8351.0,8353.187776984885,8344.65909090909,2.187776984885204,-6.340909090909918,2.187776984885204,6.340909090909918,UAM_V4
33,56,89,8304.0,8306.54674990672,8300.449438202248,2.546749906719924,-3.55056179775238,2.546749906719924,3.55056179775238,UAM_V4
33,57,90,8240.0,8240.44456131955,8235.0,0.4445613195493934,-5.0,0.4445613195493934,5.0,UAM_V4
33,58,91,8189.0,8194.533872266376,8189.56043956044,5.53387226637642,0.5604395604395904,5.53387226637642,0.5604395604395904,FRDM2012
33,59,92,8121.0,8129.0,8120.652173913043,8.0,-0.3478260869569567,8.0,0.3478260869569567,FRDM2012
34,29,63,7917.0,7970.4655999999995,7916.0317460317465,53.46559999999954,-0.9682539682535207,53.46559999999954,0.9682539682535207,FRDM2012
34,30,64,8075.0,8098.530070838235,8070.625,23.53007083823468,-4.375,23.53007083823468,4.375,FRDM2012
34,31,65,8170.0,8144.565262724744,8161.692307692308,-25.43473727525634,-8.307692307692378,25.43473727525634,8.307692307692378,FRDM2012
34,32,66,8300.0,8274.613668557815,8289.242424242424,-25.38633144218511,-10.757575757575978,25.38633144218511,10.757575757575978,FRDM2012
34,33,67,8369.5344,8365.20717096105,8358.507462686568,-4.327229038950463,-11.026937313432427,4.327229038950463,11.026937313432427,UAM_V4
34,34,68,8477.0482,8463.794159933635,8462.35294117647,-13.254040066363814,-14.695258823529002,13.254040066363814,14.695258823529002,UAM_V4
34,35,69,8503.7082,8501.649155828625,8500.289855072464,-2.0590441713738983,-3.418344927535145,2.0590441713738983,3.418344927535145,UAM_V4
34,36,70,8576.0338,8582.609763937859,8571.57142857143,6.575963937859342,-4.462371428569895,6.575963937859342,4.462371428569895,FRDM2012
34,37,71,8586.0606,8588.498594168652,8587.323943661971,2.43799416865113,1.2633436619707936,2.43799416865113,1.2633436619707936,FRDM2012
34,38,72,8644.4902,8644.043226476184,8641.944444444445,-0.4469735238162684,-2.5457555555549334,0.4469735238162684,2.5457555555549334,UAM_V4
34,39,73,8641.5591,8643.311253029864,8646.712328767124,1.7521530298636208,5.153228767123437,1.7521530298636208,5.153228767123437,UAM_V4
34,40,74,8687.7155,8687.954087949058,8688.918918918918,0.2385879490575462,1.2034189189180324,0.2385879490575462,1.2034189189180324,UAM_V4
34,41,75,8678.9139,8676.992222427016,8685.333333333334,-1.9216775729837536,6.419433333334382,1.9216775729837536,6.419433333334382,UAM_V4
34,42,76,8711.4781,8710.782807268492,8716.052631578947,-0.6952927315087436,4.574531578946335,0.6952927315087436,4.574531578946335,UAM_V4
34,43,77,8694.6908,8694.802698737989,8703.506493506493,0.11189873798866756,8.815693506492607,0.11189873798866756,8.815693506492607,UAM_V4
34,44,78,8717.8072,8717.714268114696,8718.71794871795,-0.0929318853031873,0.9107487179499003,0.0929318853031873,0.9107487179499003,UAM_V4
34,45,79,8695.5923,8697.29490468004,8699.367088607594,1.7026046800401673,3.7747886075940187,1.7026046800401673,3.7747886075940187,UAM_V4
34,46,80,8710.8142,8711.974612834096,8714.25,1.160412834095041,3.43579999999929,1.160412834095041,3.43579999999929,UAM_V4
34,47,81,8685.9998,8685.062652846429,8689.62962962963,-0.9371471535705496,3.629829629629967,0.9371471535705496,3.629829629629967,UAM_V4
34,48,82,8693.1973,8696.165260520165,8695.243902439024,2.967960520165434,2.0466024390243547,2.967960520165434,2.0466024390243547,FRDM2012
34,49,83,8658.556,8659.881239695125,8662.77108433735,1.3252396951247647,4.2150843373492535,1.3252396951247647,4.2150843373492535,UAM_V4
34,50,84,8658.7935,8648.896296918765,8657.02380952381,-9.897203081234693,-1.7696904761905898,9.897203081234693,1.7696904761905898,FRDM2012
34,51,85,8610.3045,8604.717978277711,8602.0,-5.586521722289035,-8.30450000000019,5.586521722289035,8.30450000000019,UAM_V4
34,52,86,8581.8224,8587.359144777965,8574.883720930233,5.536744777966305,-6.938679069766295,5.536744777966305,6.938679069766295,UAM_V4
34,53,87,8529.092,8531.254604940517,8513.67816091954,2.162604940516758,-15.413839080460093,2.162604940516758,15.413839080460093,UAM_V4
34,54,88,8495.0045,8493.348121822832,8481.363636363636,-1.6563781771674257,-13.640863636363065,1.6563781771674257,13.640863636363065,UAM_V4
34,55,89,8435.2799,8436.487165867384,8423.932584269663,1.2072658673841943,-11.34731573033605,1.2072658673841943,11.34731573033605,UAM_V4
34,56,90,8395.7672,8396.092715376371,8389.888888888889,0.325515376371186,-5.878311111111543,0.325515376371186,5.878311111111543,UAM_V4
34,57,91,8334.8382,8333.109916987454,8326.153846153846,-1.728283012545944,-8.684353846154409,1.728283012545944,8.684353846154409,UAM_V4
34,58,92,8290.0,8283.78139009336,8287.282608695652,-6.218609906640268,-2.7173913043479843,6.218609906640268,2.7173913043479843,FRDM2012
34,59,93,8225.0,8216.6178660177,8224.193548387097,-8.38213398230073,-0.8064516129034018,8.38213398230073,0.8064516129034018,FRDM2012
34,60,94,8180.0,8184.2328,8182.446808510638,4.23279999999977,2.4468085106382205,4.23279999999977,2.4468085106382205,FRDM2012
34,61,95,8112.0,8115.1618,8117.789473684211,3.1617999999998574,5.789473684210861,3.1617999999998574,5.789473684210861,UAM_V4
35,30,65,7904.0,7951.097400000001,7902.76923076923,47.09740000000056,-1.23076923077042,47.09740000000056,1.23076923077042,FRDM2012
35,31,66,8014.0,8051.164060613957,8017.424242424242,37.16406061395719,3.4242424242420384,37.16406061395719,3.4242424242420384,FRDM2012
35,32,67,8148.0,8139.353312160333,8148.805970149254,-8.64668783966681,0.8059701492538807,8.64668783966681,0.8059701492538807,FRDM2012
35,33,68,8239.0,8226.610518167621,8233.823529411764,-12.389481832378806,-5.176470588236043,12.389481832378806,5.176470588236043,FRDM2012
35,34,69,8344.9026,8341.415777207192,8343.333333333334,-3.4868227928072884,-1.5692666666654986,3.4868227928072884,1.5692666666654986,FRDM2012
35,35,70,8414.7964,8400.919995524508,8402.142857142857,-13.876404475491654,-12.653542857142384,13.876404475491654,12.653542857142384,FRDM2012
35,36,71,8481.4629,8479.815841285443,8483.38028169014,-1.6470587145577156,1.917381690140246,1.6470587145577156,1.917381690140246,UAM_V4
35,37,72,8511.3126,8519.878639792289,8514.305555555555,8.566039792289303,2.9929555555554543,8.566039792289303,2.9929555555554543,FRDM2012
35,38,73,8568.0803,8571.120533561232,8569.589041095891,3.040233561232526,1.5087410958913097,3.040233561232526,1.5087410958913097,FRDM2012
35,39,74,8583.5615,8585.569385493302,8588.513513513513,2.0078854933017283,4.952013513513521,2.0078854933017283,4.952013513513521,UAM_V4
35,40,75,8627.6497,8628.775319335355,8632.0,1.1256193353547133,4.350300000000061,1.1256193353547133,4.350300000000061,UAM_V4
35,41,76,8635.883,8632.475320737114,8640.263157894737,-3.407679262885722,4.38015789473684,3.407679262885722,4.38015789473684,UAM_V4
35,42,77,8666.8073,8666.52526309094,8674.025974025973,-0.28203690906047996,7.218674025973087,0.28203690906047996,7.218674025973087,UAM_V4
35,43,78,8661.9594,8664.91976499851,8673.461538461539,2.960364998511068,11.502138461539289,2.960364998511068,11.502138461539289,UAM_V4
35,44,79,8687.5956,8688.657277116343,8691.012658227848,1.0616771163422527,3.4170582278475194,1.0616771163422527,3.4170582278475194,UAM_V4
35,45,80,8677.6541,8678.666719171186,8685.0,1.0126191711860884,7.345900000000256,1.0126191711860884,7.345900000000256,UAM_V4
35,46,81,8695.9465,8697.541270004735,8701.975308641975,1.594770004734528,6.028808641975047,1.594770004734528,6.028808641975047,UAM_V4
35,47,82,8682.4953,8683.788084570444,8687.560975609756,1.292784570443473,5.065675609755999,1.292784570443473,5.065675609755999,UAM_V4
35,48,83,8693.3852,8697.65626521515,8696.506024096385,4.271065215149065,3.12082409638424,4.271065215149065,3.12082409638424,FRDM2012
35,49,84,8671.3294,8669.868670774988,8675.47619047619,-1.460729225012983,4.14679047619029,1.460729225012983,4.14679047619029,UAM_V4
35,50,85,8673.5926,8662.128536158187,8673.411764705883,-11.464063841813186,-0.18083529411705968,11.464063841813186,0.18083529411705968,FRDM2012
35,51,86,8632.3659,8630.192987048022,8629.767441860466,-2.172912951979015,-2.5984581395350688,2.172912951979015,2.5984581395350688,UAM_V4
35,52,87,8605.9105,8613.88270643722,8601.83908045977,7.972206437219938,-4.071419540230636,7.972206437219938,4.071419540230636,FRDM2012
35,53,88,8563.7479,8564.52151429386,8548.295454545454,0.773614293859282,-15.45244545454625,0.773614293859282,15.45244545454625,UAM_V4
35,54,89,8530.7802,8528.980365461031,8513.483146067416,-1.7998345389678434,-17.297053932583367,1.7998345389678434,17.297053932583367,UAM_V4
35,55,90,8478.1865,8479.42703264513,8465.888888888889,1.2405326451298606,-12.29761111111111,1.2405326451298606,12.29761111111111,UAM_V4
35,56,91,8441.9242,8442.690292397423,8433.296703296703,0.7660923974235629,-8.627496703296856,0.7660923974235629,8.627496703296856,UAM_V4
35,57,92,8384.9123,8385.740174971981,8378.152173913044,0.8278749719811458,-6.7601260869560065,0.8278749719811458,6.7601260869560065,UAM_V4
35,58,93,8345.5986,8346.403161597047,8341.935483870968,0.8045615970477229,-3.6631161290315504,0.8045615970477229,3.6631161290315504,UAM_V4
35,59,94,8287.0,8286.795857359297,8286.382978723404,-0.20414264070313948,-0.6170212765955512,0.20414264070313948,0.6170212765955512,UAM_V4
35,60,95,8245.0,8247.225122696513,8249.473684210527,2.225122696512699,4.473684210526699,2.225122696512699,4.473684210526699,UAM_V4
35,61,96,8184.0,8185.453262779803,8192.5,1.4532627798025715,8.5,1.4532627798025715,8.5,UAM_V4
35,62,97,8140.0,8144.401400000001,8151.237113402062,4.401400000000649,11.237113402062278,4.401400000000649,11.237113402062278,UAM_V4
35,63,98,8078.0,8081.0,8089.591836734694,3.0,11.59183673469397,3.0,11.59183673469397,UAM_V4
36,31,67,7883.0,7930.869000000001,7898.20895522388,47.8690000000006,15.208955223880366,47.8690000000006,15.208955223880366,FRDM2012
36,32,68,8034.0,8082.680700000001,8043.676470588235,48.6807000000008,9.676470588235134,48.6807000000008,9.676470588235134,FRDM2012
36,33,69,8129.0,8105.0655,8132.028985507246,-23.9345000000003,3.028985507246034,23.9345000000003,3.028985507246034,FRDM2012
36,34,70,8256.0,8231.58667869339,8256.857142857143,-24.41332130661067,0.857142857143117,24.41332130661067,0.857142857143117,FRDM2012
36,35,71,8327.131,8319.937567847011,8325.633802816901,-7.193432152987953,-1.4971971830982511,7.193432152987953,1.4971971830982511,FRDM2012
36,36,72,8429.3193,8418.578037160425,8426.666666666666,-10.74126283957412,-2.652633333333142,10.74126283957412,2.652633333333142,FRDM2012
36,37,73,8460.1847,8462.57523245828,8463.013698630137,2.3905324582810863,2.8289986301369936,2.3905324582810863,2.8289986301369936,UAM_V4
36,38,74,8533.039,8538.814155740487,8533.648648648648,5.775155740486298,0.6096486486476351,5.775155740486298,0.6096486486476351,FRDM2012
36,39,75,8553.4399,8553.74058660142,8557.6,0.30068660142023873,4.160100000000966,0.30068660142023873,4.160100000000966,UAM_V4
36,40,76,8608.8077,8608.794757163361,8610.78947368421,-0.012942836638103472,1.981773684210566,0.012942836638103472,1.981773684210566,UAM_V4
36,41,77,8616.837,8616.295771556846,8620.90909090909,-0.5412284431531589,4.072090909090548,0.5412284431531589,4.072090909090548,UAM_V4
36,42,78,8661.2385,8660.193069192674,8662.692307692309,-1.045430807325829,1.4538076923090557,1.045430807325829,1.4538076923090557,UAM_V4
36,43,79,8657.113,8657.982130842305,8664.430379746835,0.8691308423058217,7.317379746835286,0.8691308423058217,7.317379746835286,UAM_V4
36,44,80,8692.9301,8693.218524061494,8697.75,0.2884240614948794,4.819900000000416,0.2884240614948794,4.819900000000416,UAM_V4
36,45,81,8682.8206,8682.414219096452,8690.987654320988,-0.4063809035469603,8.167054320989337,0.4063809035469603,8.167054320989337,UAM_V4
36,46,82,8710.6754,8711.045552888962,8718.292682926829,0.3701528889614565,7.617282926828921,0.3701528889614565,7.617282926828921,UAM_V4
36,47,83,8695.7295,8698.627478105935,8705.783132530121,2.897978105935181,10.053632530121831,2.897978105935181,10.053632530121831,UAM_V4
36,48,84,8717.4473,8723.164277882455,8725.833333333334,5.716977882455467,8.386033333334126,5.716977882455467,8.386033333334126,UAM_V4
36,49,85,8698.5633,8697.588780783954,8705.764705882353,-0.9745192160462466,7.201405882353356,0.9745192160462466,7.201405882353356,UAM_V4
36,50,86,8712.0295,8699.11667880895,8713.953488372093,-12.91282119105017,1.9239883720929356,12.91282119105017,1.9239883720929356,FRDM2012
36,51,87,8675.284,8669.189675928417,8671.724137931034,-6.094324071582378,-3.5598620689652307,6.094324071582378,3.5598620689652307,FRDM2012
36,52,88,8656.8499,8663.494841795362,8651.704545454546,6.6449417953626835,-5.145354545453301,6.6449417953626835,5.145354545453301,FRDM2012
36,53,89,8614.8158,8618.343257835644,8598.876404494382,3.5274578356438724,-15.93939550561845,3.5274578356438724,15.93939550561845,UAM_V4
36,54,90,8591.2599,8590.037286157189,8573.777777777777,-1.2226138428104605,-17.482122222221733,1.2226138428104605,17.482122222221733,UAM_V4
36,55,91,8541.7519,8541.529961886119,8525.824175824177,-0.22193811388024187,-15.927724175822732,0.22193811388024187,15.927724175822732,UAM_V4
36,56,92,8512.675,8512.187252374177,8501.41304347826,-0.4877476258225215,-11.261956521739194,0.4877476258225215,11.261956521739194,UAM_V4
36,57,93,8458.1085,8457.490648734958,8447.956989247312,-0.6178512650421908,-10.15151075268841,0.6178512650421908,10.15151075268841,UAM_V4
36,58,94,8424.3318,8424.560072889306,8419.04255319149,0.22827288930602663,-5.289246808510143,0.22827288930602663,5.289246808510143,UAM_V4
36,59,95,8365.9963,8365.649816820303,8367.157894736842,-0.3464831796973158,1.1615947368409252,0.3464831796973158,1.1615947368409252,UAM_V4
36,60,96,8330.8721,8330.865121502113,8338.020833333334,-0.00697849788775784,7.148733333333439,0.00697849788775784,7.148733333333439,UAM_V4
36,61,97,8269.8645,8271.647748953545,8282.474226804125,1.7832489535448985,12.609726804124875,1.7832489535448985,12.609726804124875,UAM_V4
36,62,98,8234.0,8227.257643940657,8248.877551020409,-6.742356059343365,14.877551020408646,6.742356059343365,14.877551020408646,UAM_V4
36,63,99,8175.0,8168.517331520043,8190.50505050505,-6.482668479957283,15.505050505050349,6.482668479957283,15.505050505050349,UAM_V4
36,64,100,8134.0,8137.1278999999995,8151.9,3.1278999999994994,17.899999999999636,3.1278999999994994,17.899999999999636,UAM_V4
36,65,101,8075.0,8080.1355,8090.990099009901,5.13550000000032,15.990099009901314,5.13550000000032,15.990099009901314,UAM_V4
37,34,71,8118.0,8161.887999999999,8119.43661971831,43.88799999999901,1.4366197183098848,43.88799999999901,1.4366197183098848,FRDM2012
37,35,72,8202.0,8256.660301301235,8202.361111111111,54.66030130123545,0.3611111111113132,54.66030130123545,0.3611111111113132,FRDM2012
37,36,73,8305.0821,8294.279184493518,8307.534246575342,-10.80291550648144,2.45214657534234,10.80291550648144,2.45214657534234,FRDM2012
37,37,74,8381.7123,8353.431535923195,8367.432432432432,-28.28076407680419,-14.279867567567635,28.28076407680419,14.279867567567635,FRDM2012
37,38,75,8448.2762,8442.16090432661,8451.066666666668,-6.1152956733894825,2.790466666667271,6.1152956733894825,2.790466666667271,FRDM2012
37,39,76,8486.2161,8491.245743923158,8488.552631578947,5.029643923158801,2.3365315789469605,5.029643923158801,2.3365315789469605,FRDM2012
37,40,77,8537.3396,8541.453226448868,8544.675324675325,4.113626448868672,7.335724675325764,4.113626448868672,7.335724675325764,UAM_V4
37,41,78,8558.3512,8560.615029755338,8565.0,2.26382975533852,6.648800000000847,2.26382975533852,6.648800000000847,UAM_V4
37,42,79,8601.1401,8601.660784399557,8607.468354430379,0.5206843995565578,6.328254430378365,0.5206843995565578,6.328254430378365,UAM_V4
37,43,80,8611.676,8610.352752459396,8618.25,-1.3232475406039157,6.574000000000524,1.3232475406039157,6.574000000000524,UAM_V4
37,44,81,8645.5139,8645.458021401886,8654.444444444445,-0.055878598113849876,8.930544444445331,0.055878598113849876,8.930544444445331,UAM_V4
37,45,82,8647.4275,8649.626465595758,8660.975609756097,2.1989655957586365,13.548109756096892,2.1989655957586365,13.548109756096892,UAM_V4
37,46,83,8675.2193,8676.938695564124,8689.87951807229,1.7193955641232606,14.660218072289354,1.7193955641232606,14.660218072289354,UAM_V4
37,47,84,8676.2244,8680.907358028615,8687.619047619048,4.682958028615758,11.394647619048555,4.682958028615758,11.394647619048555,UAM_V4
37,48,85,8697.4416,8706.043186355897,8708.588235294117,8.60158635589687,11.146635294117004,8.60158635589687,11.146635294117004,UAM_V4
37,49,86,8696.9014,8691.945925609201,8699.302325581395,-4.9554743907992815,2.4009255813944037,4.9554743907992815,2.4009255813944037,FRDM2012
37,50,87,8710.9843,8694.39064482906,8709.080459770115,-16.59365517094011,-1.903840229884736,16.59365517094011,1.903840229884736,FRDM2012
37,51,88,8681.1154,8678.260609771802,8676.59090909091,-2.854790228198908,-4.524490909090673,2.854790228198908,4.524490909090673,UAM_V4
37,52,89,8664.1895,8672.798894416037,8658.08988764045,8.609394416036594,-6.09961235955052,8.609394416036594,6.09961235955052,FRDM2012
37,53,90,8631.5262,8635.561131337265,8614.222222222223,4.034931337264425,-17.303977777777618,4.034931337264425,17.303977777777618,UAM_V4
37,54,91,8607.5621,8608.461463390482,8590.65934065934,0.8993633904829039,-16.90275934065903,0.8993633904829039,16.90275934065903,UAM_V4
37,55,92,8569.4225,8568.06838848756,8549.239130434782,-1.3541115124407952,-20.183369565218527,1.3541115124407952,20.183369565218527,UAM_V4
37,56,93,8540.9209,8538.726447126419,8526.989247311827,-2.1944528735803033,-13.931652688172107,2.1944528735803033,13.931652688172107,UAM_V4
37,57,94,8492.7644,8492.072131787112,8482.659574468085,-0.6922682128879387,-10.104825531914685,0.6922682128879387,10.104825531914685,UAM_V4
37,58,95,8460.1967,8461.175367875892,8457.894736842105,0.9786678758919152,-2.301963157895443,0.9786678758919152,2.301963157895443,UAM_V4
37,59,96,8408.8963,8413.506188172521,8414.791666666666,4.609888172521096,5.895366666665723,4.609888172521096,5.895366666665723,UAM_V4
37,60,97,8376.1872,8379.358733923556,8386.701030927836,3.171533923556126,10.513830927835443,3.171533923556126,10.513830927835443,UAM_V4
37,61,98,8330.7294,8328.205480031169,8339.69387755102,-2.523919968831251,8.964477551020536,2.523919968831251,8.964477551020536,UAM_V4
37,62,99,8295.301,8293.093517451185,8306.262626262625,-2.207482548814369,10.961626262625941,2.207482548814369,10.961626262625941,UAM_V4
37,63,100,8244.5085,8244.686027933401,8254.7,0.17752793340150674,10.191500000000815,0.17752793340150674,10.191500000000815,UAM_V4
37,64,101,8206.1753,8204.144767260103,8218.316831683169,-2.0305327398982627,12.141531683168068,2.0305327398982627,12.141531683168068,UAM_V4
37,65,102,8152.7443,8151.181527515437,8165.294117647059,-1.5627724845635385,12.549817647058262,1.5627724845635385,12.549817647058262,UAM_V4
37,66,103,8112.0,8117.049600000002,8126.601941747573,5.049600000002101,14.60194174757271,5.049600000002101,14.60194174757271,UAM_V4
37,67,104,8057.0,8060.980100000001,8072.211538461538,3.980100000000675,15.211538461538112,3.980100000000675,15.211538461538112,UAM_V4
38,35,73,8102.0,8157.1044,8101.643835616438,55.10440000000017,-0.35616438356191793,55.10440000000017,0.35616438356191793,FRDM2012
38,36,74,8221.0,8258.003451795399,8225.405405405405,37.00345179539909,4.405405405404963,37.00345179539909,4.405405405404963,FRDM2012
38,37,75,8296.5116,8271.305440955624,8296.4,-25.206159044375454,-0.11160000000018044,25.206159044375454,0.11160000000018044,FRDM2012
38,38,76,8393.9294,8361.04436639465,8398.157894736842,-32.885033605351055,4.22849473684073,32.885033605351055,4.22849473684073,FRDM2012
38,39,77,8435.9188,8431.88237646458,8439.22077922078,-4.03642353541909,3.3019792207796854,4.03642353541909,3.3019792207796854,FRDM2012
38,40,78,8500.0971,8505.200218214817,8507.051282051281,5.103118214816277,6.954182051280441,5.103118214816277,6.954182051280441,UAM_V4
38,41,79,8523.8558,8526.133997157083,8529.113924050633,2.2781971570839232,5.2581240506333415,2.2781971570839232,5.2581240506333415,UAM_V4
38,42,80,8578.5966,8578.311880658177,8579.5,-0.2847193418238021,0.9033999999992375,0.2847193418238021,0.9033999999992375,UAM_V4
38,43,81,8587.3545,8589.341934952816,8589.382716049382,1.9874349528163293,2.028216049382536,1.9874349528163293,2.028216049382536,UAM_V4
38,44,82,8635.719,8635.63520656081,8638.414634146342,-0.08379343918932136,2.6956341463428544,0.08379343918932136,2.6956341463428544,UAM_V4
38,45,83,8638.4076,8636.95391084837,8646.265060240963,-1.453689151630897,7.8574602409626095,1.453689151630897,7.8574602409626095,UAM_V4
38,46,84,8677.5132,8677.247677999032,8687.261904761905,-0.265522000967394,9.748704761905174,0.265522000967394,9.748704761905174,UAM_V4
38,47,85,8675.7193,8679.94524357231,8688.470588235294,4.225943572309916,12.751288235293032,4.225943572309916,12.751288235293032,UAM_V4
38,48,86,8708.4566,8717.731309411223,8720.348837209302,9.27470941122374,11.892237209302039,9.27470941122374,11.892237209302039,UAM_V4
38,49,87,8705.2363,8703.897869835126,8712.068965517241,-1.3384301648748078,6.832665517240457,1.3384301648748078,6.832665517240457,UAM_V4
38,50,88,8732.5958,8715.211582784907,8732.272727272728,-17.384217215092576,-0.32307272727121017,17.384217215092576,0.32307272727121017,FRDM2012
38,51,89,8705.923,8697.878568075825,8700.561797752809,-8.044431924176024,-5.361202247191613,8.044431924176024,5.361202247191613,FRDM2012
38,52,90,8696.0043,8703.61612882154,8691.222222222223,7.611828821540257,-4.782077777777886,7.611828821540257,4.782077777777886,FRDM2012
38,53,91,8663.8759,8669.829715579435,8650.21978021978,5.9538155794361955,-13.656119780218432,5.9538155794361955,13.656119780218432,UAM_V4
38,54,92,8648.907,8650.662955794169,8632.608695652174,1.7559557941694948,-16.29830434782525,1.7559557941694948,16.29830434782525,UAM_V4
38,55,93,8612.7875,8612.174232439784,8591.182795698925,-0.6132675602166273,-21.60470430107489,0.6132675602166273,21.60470430107489,UAM_V4
38,56,94,8593.8344,8589.58673314764,8576.382978723404,-4.2476668523595436,-17.451421276595283,4.2476668523595436,17.451421276595283,UAM_V4
38,57,95,8549.0875,8545.19509850649,8534.0,-3.892401493509169,-15.087499999999636,3.892401493509169,15.087499999999636,UAM_V4
38,58,96,8521.2041,8522.603836689103,8517.5,1.399736689101701,-3.7041000000008353,1.399736689101701,3.7041000000008353,UAM_V4
38,59,97,8471.8489,8477.869973443412,8475.257731958764,6.0210734434112965,3.4088319587626756,6.0210734434112965,3.4088319587626756,FRDM2012
38,60,98,8445.7385,8447.846133002282,8455.918367346938,2.107633002282455,10.179867346938408,2.107633002282455,10.179867346938408,UAM_V4
38,61,99,8402.5235,8399.077733777043,8408.9898989899,-3.445766222956081,6.466398989899972,3.445766222956081,6.466398989899972,UAM_V4
38,62,100,8372.2012,8370.084943134856,8383.2,-2.1162568651434412,10.99880000000121,2.1162568651434412,10.99880000000121,UAM_V4
38,63,101,8324.7411,8325.68589045211,8332.673267326732,0.9447904521111923,7.932167326733179,0.9447904521111923,7.932167326733179,UAM_V4
38,64,102,8291.2213,8292.154936115165,8302.745098039215,0.9336361151654273,11.523798039215762,0.9336361151654273,11.523798039215762,UAM_V4
38,65,103,8242.0,8241.221261494442,8250.388349514564,-0.7787385055580671,8.388349514563743,0.7787385055580671,8.388349514563743,UAM_V4
38,66,104,8206.0,8201.749522317547,8218.365384615385,-4.250477682453493,12.365384615384755,4.250477682453493,12.365384615384755,UAM_V4
38,67,105,8152.0,8148.755301751489,8164.476190476191,-3.2446982485107583,12.476190476190823,3.2446982485107583,12.476190476190823,UAM_V4
38,68,106,8114.0,8120.778700000001,8131.132075471698,6.778700000000754,17.132075471698045,6.778700000000754,17.132075471698045,UAM_V4
38,69,107,8057.0,8062.0,8075.7009345794395,5.0,18.70093457943949,5.0,18.70093457943949,UAM_V4
39,36,75,8089.0,8139.2212,8097.2,50.22119999999995,8.199999999999818,50.22119999999995,8.199999999999818,FRDM2012
39,37,76,8173.0,8224.709299517432,8181.315789473684,51.709299517431646,8.315789473684163,51.709299517431646,8.315789473684163,FRDM2012
39,38,77,8278.0,8263.631780927244,8287.272727272728,-14.368219072755892,9.272727272727934,14.368219072755892,9.272727272727934,FRDM2012
39,39,78,8349.0,8323.458346338928,8346.02564102564,-25.541653661071905,-2.9743589743593475,25.541653661071905,2.9743589743593475,FRDM2012
39,40,79,8416.7788,8412.54487083793,8421.898734177215,-4.233929162070126,5.1199341772153275,4.233929162070126,5.1199341772153275,UAM_V4
39,41,80,8454.2759,8458.822419029124,8454.75,4.546519029123374,0.47409999999945285,4.546519029123374,0.47409999999945285,FRDM2012
39,42,81,8505.9031,8509.534003847984,8509.012345679012,3.6309038479848823,3.1092456790120195,3.6309038479848823,3.1092456790120195,FRDM2012
39,43,82,8529.2762,8530.309863660548,8530.243902439024,1.0336636605479725,0.9677024390239239,1.0336636605479725,0.9677024390239239,FRDM2012
39,44,83,8573.6571,8574.431460328584,8579.277108433735,0.7743603285834979,5.620008433734256,0.7743603285834979,5.620008433734256,UAM_V4
39,45,84,8587.7812,8589.241778396312,8597.97619047619,1.460578396312485,10.194990476191379,1.460578396312485,10.194990476191379,UAM_V4
39,46,85,8628.1486,8629.331014902467,8641.29411764706,1.1824149024669168,13.145517647059023,1.1824149024669168,13.145517647059023,UAM_V4
39,47,86,8638.4293,8643.277071849474,8652.093023255815,4.847771849474157,13.663723255815057,4.847771849474157,13.663723255815057,UAM_V4
39,48,87,8674.8451,8685.147103743006,8686.896551724138,10.302003743005116,12.051451724137223,10.302003743005116,12.051451724137223,UAM_V4
39,49,88,8682.5396,8679.84592346332,8688.181818181818,-2.6936765366808686,5.642218181817952,2.6936765366808686,5.642218181817952,UAM_V4
39,50,89,8714.011,8694.114286138374,8710.561797752809,-19.896713861626267,-3.4492022471913515,19.896713861626267,3.4492022471913515,FRDM2012
39,51,90,8693.3778,8686.143677749427,8688.111111111111,-7.234122250572909,-5.266688888888893,7.234122250572909,5.266688888888893,FRDM2012
39,52,91,8684.9421,8695.413351928655,8680.54945054945,10.471251928654965,-4.39264945055038,10.471251928654965,4.39264945055038,FRDM2012
39,53,92,8661.5894,8668.888416501586,8648.695652173914,7.299016501585356,-12.893747826086837,7.299016501585356,12.893747826086837,UAM_V4
39,54,93,8648.9054,8650.890515950328,8631.397849462366,1.9851159503286908,-17.507550537633506,1.9851159503286908,17.507550537633506,UAM_V4
39,55,94,8622.8068,8622.35817857969,8598.297872340425,-0.4486214203097916,-24.50892765957542,0.4486214203097916,24.50892765957542,UAM_V4
39,56,95,8604.9644,8600.263526783565,8585.894736842105,-4.700873216435866,-19.069663157895775,4.700873216435866,19.069663157895775,UAM_V4
39,57,96,8569.4269,8563.717881933491,8551.979166666666,-5.709018066509088,-17.447733333334327,5.709018066509088,17.447733333334327,UAM_V4
39,58,97,8541.4616,8544.270014191292,8536.907216494845,2.8084141912913765,-4.5543835051557835,2.8084141912913765,4.5543835051557835,UAM_V4
39,59,98,8497.6162,8506.862329286321,8502.448979591836,9.246129286320866,4.832779591835788,9.246129286320866,4.832779591835788,FRDM2012
39,60,99,8476.6938,8478.764499095716,8484.444444444445,2.0706990957169182,7.750644444446152,2.0706990957169182,7.750644444446152,UAM_V4
39,61,100,8439.4151,8435.143714175045,8445.1,-4.27138582495536,5.684900000000198,4.27138582495536,5.684900000000198,UAM_V4
39,62,101,8413.3305,8412.331349952772,8420.89108910891,-0.9991500472278858,7.56058910891079,0.9991500472278858,7.56058910891079,UAM_V4
39,63,102,8371.9172,8372.856999825219,8377.450980392157,0.93979982521887,5.533780392157496,0.93979982521887,5.533780392157496,UAM_V4
39,64,103,8342.6336,8341.126393191553,8348.73786407767,-1.5072068084464263,6.10426407767045,1.5072068084464263,6.10426407767045,UAM_V4
39,65,104,8298.0,8296.560945985095,8302.98076923077,-1.4390540149051958,4.980769230769511,1.4390540149051958,4.980769230769511,UAM_V4
39,66,105,8262.0,8263.387812958936,8271.809523809523,1.3878129589356831,9.809523809522943,1.3878129589356831,9.809523809522943,UAM_V4
39,67,106,8215.0,8213.717491807145,8224.245283018869,-1.282508192854948,9.245283018868577,1.282508192854948,9.245283018868577,UAM_V4
39,68,107,8178.0,8175.941302665784,8191.401869158878,-2.058697334216049,13.401869158878071,2.058697334216049,13.401869158878071,UAM_V4
39,69,108,8129.0,8131.858950748553,8142.685185185185,2.8589507485530703,13.685185185185219,2.8589507485530703,13.685185185185219,UAM_V4
39,70,109,8089.0,8094.0,8104.954128440367,5.0,15.95412844036673,5.0,15.95412844036673,UAM_V4
40,37,77,8075.0,8138.848099999999,8084.805194805195,63.84809999999925,9.805194805195242,63.84809999999925,9.805194805195242,FRDM2012
40,38,78,8194.0,8234.180532329676,8201.923076923076,40.18053232967577,7.9230769230762235,40.18053232967577,7.9230769230762235,FRDM2012
40,39,79,8267.0,8238.419275068547,8268.60759493671,-28.580724931453005,1.6075949367095745,28.580724931453005,1.6075949367095745,FRDM2012
40,40,80,8365.0,8330.324551276582,8360.625,-34.6754487234175,-4.375,34.6754487234175,4.375,FRDM2012
40,41,81,8395.1519,8396.9495165256,8396.41975308642,1.7976165255986416,1.2678530864195636,1.7976165255986416,1.2678530864195636,FRDM2012
40,42,82,8465.4666,8474.273273431154,8460.853658536585,8.806673431154195,-4.612941463414245,8.806673431154195,4.612941463414245,FRDM2012
40,43,83,8488.3997,8490.816424070023,8488.55421686747,2.4167240700226102,0.15451686746928317,2.4167240700226102,0.15451686746928317,FRDM2012
40,44,84,8549.0301,8547.519683919028,8548.452380952382,-1.5104160809714813,-0.5777190476183023,1.5104160809714813,0.5777190476183023,FRDM2012
40,45,85,8564.0394,8563.049796860247,8568.70588235294,-0.9896031397529441,4.666482352940875,0.9896031397529441,4.666482352940875,UAM_V4
40,46,86,8614.0523,8613.818631870241,8621.860465116279,-0.23366812975837092,7.80816511627927,0.23366812975837092,7.80816511627927,UAM_V4
40,47,87,8623.6545,8627.72075580224,8635.057471264368,4.066255802239539,11.402971264367807,4.066255802239539,11.402971264367807,UAM_V4
40,48,88,8666.0339,8675.36136197844,8678.977272727272,9.327461978438805,12.943372727271708,9.327461978438805,12.943372727271708,UAM_V4
40,49,89,8673.3865,8671.869434416942,8683.483146067416,-1.5170655830588657,10.09664606741535,1.5170655830588657,10.09664606741535,UAM_V4
40,50,90,8709.9699,8692.323543540138,8714.222222222223,-17.646356459861636,4.252322222222574,17.646356459861636,4.252322222222574,FRDM2012
40,51,91,8693.3149,8685.373748659624,8693.516483516483,-7.941151340375654,0.20158351648387907,7.941151340375654,0.20158351648387907,FRDM2012
40,52,92,8692.6783,8700.634223695508,8695.217391304348,7.955923695508318,2.5390913043484034,7.955923695508318,2.5390913043484034,FRDM2012
40,53,93,8671.6207,8678.151378022332,8664.408602150537,6.530678022332722,-7.212097849462225,6.530678022332722,7.212097849462225,UAM_V4
40,54,94,8666.8016,8669.844280801697,8654.148936170213,3.042680801696406,-12.652663829787343,3.042680801696406,12.652663829787343,UAM_V4
40,55,95,8643.5924,8644.592854123977,8624.736842105263,1.000454123977761,-18.855557894736194,1.000454123977761,18.855557894736194,UAM_V4
40,56,96,8635.3283,8629.488644432071,8619.479166666666,-5.839655567928276,-15.849133333333157,5.839655567928276,15.849133333333157,UAM_V4
40,57,97,8603.7182,8595.50482867673,8584.639175257733,-8.213371323268802,-19.079024742266483,8.213371323268802,19.079024742266483,UAM_V4
40,58,98,8581.3984,8582.505463283393,8575.612244897959,1.1070632833925629,-5.786155102041448,1.1070632833925629,5.786155102041448,UAM_V4
40,59,99,8539.225,8547.852238573745,8541.61616161616,8.627238573744762,2.391161616160389,8.627238573744762,2.391161616160389,FRDM2012
40,60,100,8522.1066,8525.491586408532,8530.8,3.384986408533223,8.69340000000011,3.384986408533223,8.69340000000011,UAM_V4
40,61,101,8485.8439,8482.971533153157,8492.970297029702,-2.8723668468428514,7.126397029702275,2.8723668468428514,7.126397029702275,UAM_V4
40,62,102,8466.294,8464.362636529415,8475.588235294117,-1.9313634705849836,9.294235294117243,1.9313634705849836,9.294235294117243,UAM_V4
40,63,103,8425.8337,8425.739449552637,8433.300970873786,-0.09425044736235577,7.467270873787129,0.09425044736235577,7.467270873787129,UAM_V4
40,64,104,8402.3159,8401.658027355379,8411.346153846154,-0.657872644620511,9.030253846154665,0.657872644620511,9.030253846154665,UAM_V4
40,65,105,8358.598,8358.231872868408,8366.380952380952,-0.36612713159229315,7.782952380952338,0.36612713159229315,7.782952380952338,UAM_V4
40,66,106,8330.0,8330.6384269991,8341.132075471698,0.6384269990994653,11.132075471698045,0.6384269990994653,11.132075471698045,UAM_V4
40,67,107,8284.0,8284.40767115053,8294.766355140187,0.4076711505294952,10.766355140187443,0.4076711505294952,10.766355140187443,UAM_V4
40,68,108,8253.0,8253.424736963581,8267.222222222223,0.42473696358138113,14.222222222222626,0.42473696358138113,14.222222222222626,UAM_V4
40,69,109,8204.0,8203.71971657747,8219.266055045871,-0.2802834225294646,15.266055045871326,0.2802834225294646,15.266055045871326,UAM_V4
40,70,110,8171.0,8166.393208834547,8187.181818181818,-4.606791165452705,16.181818181818016,4.606791165452705,16.181818181818016,UAM_V4
40,71,111,8118.0,8115.5,8132.7027027027025,-2.5,14.702702702702481,2.5,14.702702702702481,UAM_V4
40,72,112,8081.0,8089.0,8096.25,8.0,15.25,8.0,15.25,UAM_V4
40,73,113,8027.0,8032.0,8040.0,5.0,13.0,5.0,13.0,UAM_V4
41,38,79,8066.0,8117.0111,8072.53164556962,51.011099999999715,6.531645569620196,51.011099999999715,6.531645569620196,FRDM2012
41,39,80,8151.0,8191.104425107724,8151.375,40.10442510772373,0.375,40.10442510772373,0.375,FRDM2012
41,40,81,8248.0,8233.141171200488,8246.543209876543,-14.858828799511684,-1.4567901234568126,14.858828799511684,1.4567901234568126,FRDM2012
41,41,82,8312.0,8292.380029357695,8300.0,-19.619970642304907,-12.0,19.619970642304907,12.0,FRDM2012
41,42,83,8378.9889,8378.50947052388,8374.216867469879,-0.4794294761195488,-4.772032530121578,0.4794294761195488,4.772032530121578,UAM_V4
41,43,84,8417.9563,8422.35568560298,8415.119047619048,4.399385602981056,-2.8372523809521226,4.399385602981056,2.8372523809521226,FRDM2012
41,44,85,8473.7117,8476.658053231973,8476.941176470587,2.946353231973262,3.2294764705875423,2.946353231973262,3.2294764705875423,UAM_V4
41,45,86,8502.2231,8502.889651499278,8506.627906976744,0.6665514992782846,4.4048069767450215,0.6665514992782846,4.4048069767450215,UAM_V4
41,46,87,8551.7579,8552.345885503291,8560.114942528735,0.5879855032908381,8.357042528734382,0.5879855032908381,8.357042528734382,UAM_V4
41,47,88,8572.4013,8577.184912133942,8583.068181818182,4.78361213394237,10.666881818182446,4.78361213394237,10.666881818182446,UAM_V4
41,48,89,8616.8184,8625.622669147853,8628.876404494382,8.80426914785312,12.058004494381748,8.80426914785312,12.058004494381748,UAM_V4
41,49,90,8633.377,8631.546402778515,8642.444444444445,-1.830597221485732,9.067444444444845,1.830597221485732,9.067444444444845,UAM_V4
41,50,91,8670.8983,8654.59954714028,8675.824175824177,-16.29875285972048,4.925875824175819,16.29875285972048,4.925875824175819,FRDM2012
41,51,92,8662.3731,8654.921837346397,8663.804347826086,-7.451262653603408,1.4312478260853823,7.451262653603408,1.4312478260853823,FRDM2012
41,52,93,8664.1849,8672.23412397438,8668.064516129032,8.049223974379856,3.8796161290320015,8.049223974379856,3.8796161290320015,FRDM2012
41,53,94,8648.9014,8656.02622178,8646.170212765957,7.124821779998456,-2.7311872340433183,7.124821779998456,2.7311872340433183,FRDM2012
41,54,95,8647.2133,8650.113547154386,8640.631578947368,2.9002471543863066,-6.58172105263111,2.9002471543863066,6.58172105263111,UAM_V4
41,55,96,8628.8868,8628.542082120359,8617.291666666666,-0.34471787964139367,-11.59513333333416,0.34471787964139367,11.59513333333416,UAM_V4
41,56,97,8623.1384,8617.930220501134,8612.474226804125,-5.2081794988662296,-10.664173195875264,5.2081794988662296,10.664173195875264,UAM_V4
41,57,98,8596.3016,8592.848778231992,8586.836734693878,-3.4528217680090165,-9.464865306123102,3.4528217680090165,9.464865306123102,UAM_V4
41,58,99,8578.9859,8582.941251323447,8579.69696969697,3.9553513234477577,0.7110696969702985,3.9553513234477577,0.7110696969702985,FRDM2012
41,59,100,8548.4683,8553.748407484223,8548.7,5.2801074842227536,0.23170000000027358,5.2801074842227536,0.23170000000027358,FRDM2012
41,60,101,8534.8355,8535.765471380373,8539.90099009901,0.9299713803738996,5.065490099010276,0.9299713803738996,5.065490099010276,UAM_V4
41,61,102,8504.8675,8502.996849849822,8510.0,-1.870650150178335,5.132499999999709,1.870650150178335,5.132499999999709,UAM_V4
41,62,103,8488.332,8486.69904941876,8493.786407766991,-1.632950581240948,5.454407766990698,1.632950581240948,5.454407766990698,UAM_V4
41,63,104,8453.3832,8453.088137187311,8458.653846153846,-0.2950628126891388,5.270646153845519,0.2950628126891388,5.270646153845519,UAM_V4
41,64,105,8431.6925,8431.644869733862,8437.047619047618,-0.04763026613727561,5.355119047619155,0.04763026613727561,5.355119047619155,UAM_V4
41,65,106,8393.2657,8392.69527389476,8397.358490566037,-0.570426105239676,4.092790566037365,0.570426105239676,4.092790566037365,UAM_V4
41,66,107,8367.0898,8367.350632003265,8373.084112149532,0.26083200326502265,5.994312149532561,0.26083200326502265,5.994312149532561,UAM_V4
41,67,108,8325.6604,8327.137986906322,8333.425925925925,1.4775869063214486,7.765525925924521,1.4775869063214486,7.765525925924521,UAM_V4
41,68,109,8297.1307,8297.634204058962,8307.247706422018,0.5035040589627897,10.117006422018676,0.5035040589627897,10.117006422018676,UAM_V4
41,69,110,8255.2607,8254.079630217639,8265.181818181818,-1.1810697823621013,9.921118181817292,1.1810697823621013,9.921118181817292,UAM_V4
41,70,111,8223.0,8222.095662284737,8234.594594594595,-0.9043377152629546,11.594594594595037,0.9043377152629546,11.594594594595037,UAM_V4
41,71,112,8178.0,8178.581309113965,8186.785714285715,0.5813091139652897,8.785714285714675,0.5813091139652897,8.785714285714675,UAM_V4
41,72,113,8143.0,8142.441302665783,8151.858407079646,-0.5586973342169586,8.858407079645986,0.5586973342169586,8.858407079645986,UAM_V4
41,73,114,8097.0,8095.275814166115,8102.894736842105,-1.7241858338848033,5.894736842104976,1.7241858338848033,5.894736842104976,UAM_V4
41,74,115,8061.0,8063.0,8071.478260869565,2.0,10.47826086956502,2.0,10.47826086956502,UAM_V4
41,75,116,8012.0,8016.0,8026.810344827586,4.0,14.81034482758605,4.0,14.81034482758605,UAM_V4
42,39,81,8054.0,8106.668,8053.580246913581,52.667999999999665,-0.419753086419405,52.667999999999665,0.419753086419405,FRDM2012
42,40,82,8163.0,8192.392397742822,8159.268292682927,29.39239774282214,-3.7317073170734147,29.39239774282214,3.7317073170734147,FRDM2012
42,41,83,8234.0,8209.674572366866,8220.963855421687,-24.325427633133586,-13.036144578312815,24.325427633133586,13.036144578312815,FRDM2012
42,42,84,8325.0,8298.33309971758,8316.666666666666,-26.6669002824201,-8.33333333333394,26.6669002824201,8.33333333333394,FRDM2012
42,43,85,8361.332,8364.291172904392,8360.470588235294,2.95917290439138,-0.861411764706645,2.95917290439138,0.861411764706645,FRDM2012
42,44,86,8434.7175,8438.892144976107,8432.441860465116,4.17464497610672,-2.275639534884249,4.17464497610672,2.275639534884249,FRDM2012
42,45,87,8462.4243,8462.722749939041,8464.252873563219,0.29844993904043804,1.828573563218015,0.29844993904043804,1.828573563218015,UAM_V4
42,46,88,8523.9087,8523.739212943536,8526.818181818182,-0.16948705646427698,2.90948181818203,0.16948705646427698,2.90948181818203,UAM_V4
42,47,89,8544.9851,8548.32071461381,8551.91011235955,3.3356146138103213,6.925012359550237,3.3356146138103213,6.925012359550237,UAM_V4
42,48,90,8597.0285,8604.562257219963,8606.777777777777,7.533757219962354,9.749277777777024,7.533757219962354,9.749277777777024,UAM_V4
42,49,91,8613.6286,8612.230687066534,8622.307692307691,-1.3979129334657046,8.679092307691462,1.3979129334657046,8.679092307691462,UAM_V4
42,50,92,8657.7312,8643.191626088543,8664.782608695652,-14.53957391145741,7.051408695651844,14.53957391145741,7.051408695651844,FRDM2012
42,51,93,8651.4095,8644.761607661589,8655.806451612903,-6.647892338411111,4.396951612903649,6.647892338411111,4.396951612903649,FRDM2012
42,52,94,8662.3341,8668.790189453992,8667.872340425532,6.456089453991808,5.538240425532422,6.456089453991808,5.538240425532422,FRDM2012
42,53,95,8648.7212,8653.819453006936,8648.315789473685,5.09825300693592,-0.4054105263148813,5.09825300693592,0.4054105263148813,FRDM2012
42,54,96,8653.988,8654.35321846833,8649.375,0.3652184683305677,-4.612999999999374,0.3652184683305677,4.612999999999374,UAM_V4
42,55,97,8635.0926,8633.437415181312,8628.659793814433,-1.6551848186882125,-6.432806185566733,1.6551848186882125,6.432806185566733,UAM_V4
42,56,98,8635.1691,8633.765258806397,8630.30612244898,-1.4038411936016928,-4.862977551019867,1.4038411936016928,4.862977551019867,UAM_V4
42,57,99,8607.7982,8607.346444803854,8604.141414141413,-0.4517551961453137,-3.656785858585863,0.4517551961453137,3.656785858585863,UAM_V4
42,58,100,8604.6626,8605.364503615732,8602.1,0.70190361573259,-2.5625999999992928,0.70190361573259,2.5625999999992928,UAM_V4
42,59,101,8572.9159,8575.693126710723,8574.752475247526,2.777226710722971,1.8365752475256159,2.777226710722971,1.8365752475256159,FRDM2012
42,60,102,8568.3994,8569.235024590464,8570.588235294117,0.8356245904633397,2.1888352941168705,0.8356245904633397,2.1888352941168705,UAM_V4
42,61,103,8538.2672,8536.82917906531,8540.970873786408,-1.4380209346909396,2.7036737864073075,1.4380209346909396,2.7036737864073075,UAM_V4
42,62,104,8527.9063,8527.452005453932,8531.25,-0.4542945460689225,3.343699999999444,0.4542945460689225,3.343699999999444,UAM_V4
42,63,105,8494.863,8494.581035855057,8494.952380952382,-0.2819641449423216,0.08938095238227106,0.2819641449423216,0.08938095238227106,FRDM2012
42,64,106,8479.5202,8478.73576331028,8480.471698113208,-0.7844366897206783,0.9514981132069806,0.7844366897206783,0.9514981132069806,UAM_V4
42,65,107,8442.219,8441.906279492756,8443.271028037383,-0.3127205072432844,1.0520280373839341,0.3127205072432844,1.0520280373839341,UAM_V4
42,66,108,8422.1581,8422.698385359456,8425.555555555555,0.5402853594550834,3.3974555555541883,0.5402853594550834,3.3974555555541883,UAM_V4
42,67,109,8381.4163,8381.511981494523,8385.59633027523,0.09568149452206853,4.180030275229001,0.09568149452206853,4.180030275229001,UAM_V4
42,68,110,8359.293,8358.995115264779,8366.636363636364,-0.29788473522057757,7.343363636364302,0.29788473522057757,7.343363636364302,UAM_V4
42,69,111,8315.2932,8315.725159615387,8324.324324324325,0.43195961538731353,9.031124324324992,0.43195961538731353,9.031124324324992,UAM_V4
42,70,112,8291.0,8291.31278679191,8299.464285714286,0.31278679191018455,8.464285714286234,0.31278679191018455,8.464285714286234,UAM_V4
42,71,113,8246.0,8245.943076287454,8253.274336283186,-0.056923712545540184,7.2743362831861305,0.056923712545540184,7.2743362831861305,UAM_V4
42,72,114,8219.0,8218.262821762128,8225.61403508772,-0.7371782378722855,6.614035087719458,0.7371782378722855,6.614035087719458,UAM_V4
42,73,115,8173.0,8172.268431555449,8181.304347826087,-0.7315684445511579,8.304347826086996,0.7315684445511579,8.304347826086996,UAM_V4
42,74,116,8143.0,8142.172557501655,8153.448275862069,-0.8274424983446806,10.44827586206884,0.8274424983446806,10.44827586206884,UAM_V4
42,75,117,8096.0,8095.25530175149,8109.65811965812,-0.7446982485098488,13.658119658120086,0.7446982485098488,13.658119658120086,UAM_V4
42,76,118,8067.0,8067.0,8081.440677966101,0.0,14.440677966101248,0.0,14.440677966101248,UAM_V4
42,77,119,8019.0,8019.0,8033.781512605042,0.0,14.781512605041826,0.0,14.781512605041826,UAM_V4
43,40,83,8043.0,8082.2551,8038.915662650603,39.25510000000031,-4.084337349397174,39.25510000000031,4.084337349397174,FRDM2012
43,41,84,8120.0,8157.15486658326,8114.523809523809,37.15486658325972,-5.476190476190823,37.15486658325972,5.476190476190823,FRDM2012
43,42,85,8215.0,8207.149969854243,8212.0,-7.850030145757046,-3.0,7.850030145757046,3.0,FRDM2012
43,43,86,8280.0,8262.027040328234,8270.581395348838,-17.972959671766148,-9.41860465116224,17.972959671766148,9.41860465116224,FRDM2012
43,44,87,8347.7449,8347.46190966582,8348.850574712644,-0.2829903341789759,1.1056747126440314,0.2829903341789759,1.1056747126440314,UAM_V4
43,45,88,8389.8338,8395.145028478228,8388.295454545454,5.311228478227349,-1.5383454545462882,5.311228478227349,1.5383454545462882,FRDM2012
43,46,89,8450.5758,8452.606361632232,8454.157303370786,2.0305616322311835,3.5815033707858674,2.0305616322311835,3.5815033707858674,UAM_V4
43,47,90,8483.36,8487.617001022687,8488.333333333334,4.2570010226863815,4.973333333333358,4.2570010226863815,4.973333333333358,UAM_V4
43,48,91,8536.6558,8544.533908449892,8545.274725274725,7.878108449891442,8.618925274724461,7.878108449891442,8.618925274724461,UAM_V4
43,49,92,8563.544,8560.826307227717,8570.108695652174,-2.717692772283044,6.564695652174123,2.717692772283044,6.564695652174123,UAM_V4
43,50,93,8608.5782,8594.241257125523,8614.516129032258,-14.336942874477245,5.937929032257671,14.336942874477245,5.937929032257671,FRDM2012
43,51,94,8608.7373,8603.643797023213,8613.191489361701,-5.093502976787931,4.454189361700628,5.093502976787931,4.454189361700628,FRDM2012
43,52,95,8622.6911,8629.984904800358,8627.368421052632,7.293804800357975,4.677321052631669,7.293804800357975,4.677321052631669,FRDM2012
43,53,96,8614.8673,8619.548367889822,8611.041666666666,4.681067889821861,-3.825633333333826,4.681067889821861,3.825633333333826,FRDM2012
43,54,97,8623.7254,8624.15629816219,8621.030927835052,0.4308981621907151,-2.694472164947001,0.4308981621907151,2.694472164947001,UAM_V4
43,55,98,8610.0047,8610.30342487769,8608.673469387755,0.2987248776898923,-1.331230612244326,0.2987248776898923,1.331230612244326,UAM_V4
43,56,99,8613.6105,8613.35319670797,8611.919191919193,-0.2573032920299738,-1.691308080808085,0.2573032920299738,1.691308080808085,UAM_V4
43,57,100,8595.1184,8594.465087366161,8592.9,-0.6533126338381408,-2.218399999999747,0.6533126338381408,2.218399999999747,UAM_V4
43,58,101,8593.1366,8593.45136253944,8592.475247524753,0.31476253943947086,-0.661352475246531,0.31476253943947086,0.661352475246531,UAM_V4
43,59,102,8570.6514,8571.410155726,8570.980392156862,0.7587557259994355,0.3289921568612044,0.7587557259994355,0.3289921568612044,FRDM2012
43,60,103,8566.1045,8567.438170804178,8566.40776699029,1.333670804178837,0.3032669902913767,1.333670804178837,0.3032669902913767,FRDM2012
43,61,104,8541.107,8541.838347182107,8542.307692307691,0.7313471821071289,1.2006923076914973,0.7313471821071289,1.2006923076914973,UAM_V4
43,62,105,8534.6074,8533.143213600379,8533.809523809523,-1.4641863996221218,-0.7978761904778366,1.4641863996221218,0.7978761904778366,FRDM2012
43,63,106,8506.557,8505.653374499989,8506.698113207547,-0.9036255000119127,0.14111320754636836,0.9036255000119127,0.14111320754636836,FRDM2012
43,64,107,8492.8979,8493.18499813979,8493.925233644859,0.2870981397900323,1.0273336448590271,0.2870981397900323,1.0273336448590271,UAM_V4
43,65,108,8462.8172,8462.776041383815,8463.796296296296,-0.04115861618447525,0.9790962962961203,0.04115861618447525,0.9790962962961203,UAM_V4
43,66,109,8444.1796,8444.67189144576,8447.064220183487,0.4922914457602019,2.884620183487641,0.4922914457602019,2.884620183487641,UAM_V4
43,67,110,8411.2603,8411.507696849309,8412.545454545454,0.24739684930864314,1.2851545454541338,0.24739684930864314,1.2851545454541338,UAM_V4
43,68,111,8390.0906,8389.638355662022,8391.621621621622,-0.4522443379773904,1.5310216216221306,0.4522443379773904,1.5310216216221306,UAM_V4
43,69,112,8353.6217,8353.39414864492,8356.517857142857,-0.22755135507941304,2.8961571428571915,0.22755135507941304,2.8961571428571915,UAM_V4
43,70,113,8329.4652,8329.553333649468,8333.274336283186,0.08813364946763613,3.8091362831855804,0.08813364946763613,3.8091362831855804,UAM_V4
43,71,114,8290.2599,8290.388848014223,8295.0,0.1289480142240791,4.7401000000008935,0.1289480142240791,4.7401000000008935,UAM_V4
43,72,115,8264.0,8263.652439961343,8269.652173913044,-0.34756003865732055,5.652173913043953,0.34756003865732055,5.652173913043953,UAM_V4
43,73,116,8223.0,8222.755184967817,8230.086206896553,-0.2448150321833964,7.0862068965525395,0.2448150321833964,7.0862068965525395,UAM_V4
43,74,117,8195.0,8196.109233667656,8203.076923076924,1.1092336676556442,8.076923076923777,1.1092336676556442,8.076923076923777,UAM_V4
43,75,118,8153.0,8153.805323596603,8162.28813559322,0.8053235966026477,9.288135593220431,0.8053235966026477,9.288135593220431,UAM_V4
43,76,119,8126.0,8124.968884082396,8135.546218487395,-1.0311159176044384,9.546218487394981,1.0311159176044384,9.546218487394981,UAM_V4
43,77,120,8083.0,8082.303395582726,8096.166666666667,-0.6966044172741022,13.16666666666697,0.6966044172741022,13.16666666666697,UAM_V4
43,78,121,8054.0,8057.0,8063.471074380165,3.0,9.471074380165192,3.0,9.471074380165192,UAM_V4
43,79,122,8011.0,8013.0,8022.131147540984,2.0,11.131147540983875,2.0,11.131147540983875,UAM_V4
44,41,85,8027.0,8061.624,8027.294117647059,34.623999999999796,0.29411764705855603,34.623999999999796,0.29411764705855603,FRDM2012
44,42,86,8133.0,8186.231599999999,8133.372093023256,53.23159999999916,0.37209302325572935,53.23159999999916,0.37209302325572935,FRDM2012
44,43,87,8201.0,8184.147507339928,8197.241379310344,-16.85249266007213,-3.7586206896557997,16.85249266007213,3.7586206896557997,FRDM2012
44,44,88,8298.0,8270.409544672817,8286.477272727272,-27.590455327183008,-11.522727272727934,27.590455327183008,11.522727272727934,FRDM2012
44,45,89,8340.376,8336.042010490797,8329.775280898877,-4.333989509203093,-10.600719101123104,4.333989509203093,10.600719101123104,UAM_V4
44,46,90,8409.7684,8415.396252904984,8409.444444444445,5.627852904983229,-0.3239555555555853,5.627852904983229,0.3239555555555853,FRDM2012
44,47,91,8442.9287,8449.555824504263,8446.153846153846,6.627124504262611,3.225146153845344,6.627124504262611,3.225146153845344,FRDM2012
44,48,92,8504.774,8510.72874986922,8511.95652173913,5.954749869220905,7.182521739130607,5.954749869220905,7.182521739130607,UAM_V4
44,49,93,8531.4627,8529.345641507494,8538.602150537634,-2.1170584925057483,7.13945053763382,2.1170584925057483,7.13945053763382,UAM_V4
44,50,94,8583.662,8571.037231324923,8591.063829787234,-12.624768675077576,7.40182978723351,12.624768675077576,7.40182978723351,FRDM2012
44,51,95,8587.4706,8581.751592287528,8592.315789473685,-5.719007712472376,4.845189473684513,5.719007712472376,4.845189473684513,FRDM2012
44,52,96,8609.413,8614.99425341971,8614.6875,5.581253419710265,5.274499999999534,5.581253419710265,5.274499999999534,FRDM2012
44,53,97,8604.2799,8608.391790783096,8600.0,4.1118907830968965,-4.279899999999543,4.1118907830968965,4.279899999999543,UAM_V4
44,54,98,8620.314,8620.426423867137,8614.591836734693,0.11242386713638552,-5.722163265307245,0.11242386713638552,5.722163265307245,UAM_V4
44,55,99,8608.7132,8608.255634388077,8602.424242424242,-0.4575656119232008,-6.288957575758104,0.4575656119232008,6.288957575758104,UAM_V4
44,56,100,8619.3593,8618.995940485529,8617.1,-0.3633595144710853,-2.259299999999712,0.3633595144710853,2.259299999999712,UAM_V4
44,57,101,8601.366,8600.998921620867,8598.316831683169,-0.3670783791330905,-3.0491683168311283,0.3670783791330905,3.0491683168311283,UAM_V4
44,58,102,8607.4275,8607.599817795417,8603.333333333334,0.172317795417257,-4.094166666665842,0.172317795417257,4.094166666665842,UAM_V4
44,59,103,8584.3656,8585.1416679245,8582.912621359223,0.7760679245002393,-1.4529786407765641,0.7760679245002393,1.4529786407765641,UAM_V4
44,60,104,8587.3998,8587.785354050358,8584.807692307691,0.3855540503591328,-2.5921076923077635,0.3855540503591328,2.5921076923077635,UAM_V4
44,61,105,8561.9016,8562.200788519467,8561.904761904761,0.2991885194678616,0.0031619047622371,0.2991885194678616,0.0031619047622371,FRDM2012
44,62,106,8560.9406,8560.768995983011,8559.150943396226,-0.1716040169885673,-1.7896566037743469,0.1716040169885673,1.7896566037743469,UAM_V4
44,63,107,8533.3676,8532.51354782819,8532.897196261682,-0.8540521718095988,-0.4704037383180548,0.8540521718095988,0.4704037383180548,FRDM2012
44,64,108,8527.2267,8527.036067774428,8526.574074074075,-0.1906322255708801,-0.6526259259244398,0.1906322255708801,0.6526259259244398,UAM_V4
44,65,109,8496.228,8496.767497996396,8496.605504587156,0.5394979963966762,0.377504587157091,0.5394979963966762,0.377504587157091,FRDM2012
44,66,110,8486.3123,8486.575598372341,8486.545454545454,0.26329837234152365,0.2331545454544539,0.26329837234152365,0.2331545454544539,FRDM2012
44,67,111,8452.9582,8452.562180150904,8453.783783783783,-0.39601984909495513,0.8255837837841682,0.39601984909495513,0.8255837837841682,UAM_V4
44,68,112,8439.2431,8438.724186114756,8439.19642857143,-0.5189138852438191,-0.04667142857033468,0.5189138852438191,0.04667142857033468,FRDM2012
44,69,113,8402.6857,8402.866269334134,8404.690265486726,0.18056933413390652,2.0045654867262783,0.18056933413390652,2.0045654867262783,UAM_V4
44,70,114,8385.3351,8385.843030683545,8387.894736842105,0.5079306835450552,2.5596368421047373,0.5079306835450552,2.5596368421047373,UAM_V4
44,71,115,8346.814,8346.655139790137,8350.434782608696,-0.15886020986363292,3.620782608695663,0.15886020986363292,3.620782608695663,UAM_V4
44,72,116,8326.884,8325.828689713879,8330.344827586207,-1.055310286121312,3.4608275862065057,1.055310286121312,3.4608275862065057,UAM_V4
44,73,117,8285.5625,8284.745477140099,8291.28205128205,-0.8170228599010443,5.719551282050816,0.8170228599010443,5.719551282050816,UAM_V4
44,74,118,8263.0,8264.34438580865,8269.237288135593,1.3443858086502587,6.2372881355931895,1.3443858086502587,6.2372881355931895,UAM_V4
44,75,119,8220.0,8221.722082304075,8230.0,1.7220823040752293,10.0,1.7220823040752293,10.0,UAM_V4
44,76,120,8199.0,8198.00091158583,8206.916666666666,-0.9990884141698189,7.91666666666606,0.9990884141698189,7.91666666666606,UAM_V4
44,77,121,8156.0,8154.5602207266,8165.9504132231405,-1.4397792733998358,9.950413223140458,1.4397792733998358,9.950413223140458,UAM_V4
44,78,122,8132.0,8131.310464584713,8141.639344262295,-0.6895354152866275,9.639344262294799,0.6895354152866275,9.639344262294799,UAM_V4
44,79,123,8089.0,8088.94837166777,8101.626016260163,-0.051628332230393426,12.626016260162942,0.051628332230393426,12.626016260162942,UAM_V4
44,80,124,8065.0,8065.0,8078.064516129032,0.0,13.0645161290322,0.0,13.0645161290322,UAM_V4
44,81,125,8023.0,8022.0,8041.28,-1.0,18.279999999999745,1.0,18.279999999999745,UAM_V4
45,43,88,8090.0,8134.5789,8091.477272727273,44.57890000000043,1.4772727272729753,44.57890000000043,1.4772727272729753,FRDM2012
45,44,89,8189.0,8216.032940041125,8183.70786516854,27.032940041124675,-5.2921348314603165,27.032940041124675,5.2921348314603165,FRDM2012
45,45,90,8254.0,8239.543435555825,8242.888888888889,-14.456564444175456,-11.111111111111313,14.456564444175456,11.111111111111313,FRDM2012
45,46,91,8328.0,8320.111172832692,8326.483516483517,-7.8888271673076815,-1.5164835164832766,7.8888271673076815,1.5164835164832766,FRDM2012
45,47,92,8373.4211,8380.239951752128,8371.95652173913,6.818851752128467,-1.46457826086953,6.818851752128467,1.46457826086953,FRDM2012
45,48,93,8434.8255,8444.230772285342,8441.290322580646,9.405272285341198,6.464822580644977,9.405272285341198,6.464822580644977,FRDM2012
45,49,94,8472.4033,8469.787292199167,8476.702127659575,-2.616007800832449,4.298827659575181,2.616007800832449,4.298827659575181,UAM_V4
45,50,95,8525.3707,8512.147829021666,8530.947368421053,-13.222870978333958,5.57666842105391,13.222870978333958,5.57666842105391,FRDM2012
45,51,96,8534.6735,8530.944116493338,8538.958333333334,-3.729383506662998,4.284833333333154,3.729383506662998,4.284833333333154,UAM_V4
45,52,97,8559.8949,8566.68338703742,8563.60824742268,6.7884870374200545,3.7133474226811813,6.7884870374200545,3.7133474226811813,FRDM2012
45,53,98,8560.8038,8565.15101713545,8559.591836734693,4.347217135449682,-1.211963265306622,4.347217135449682,1.211963265306622,FRDM2012
45,54,99,8580.1959,8580.702882438338,8575.454545454546,0.5069824383372179,-4.741354545454669,0.5069824383372179,4.741354545454669,UAM_V4
45,55,100,8575.1732,8574.611539946316,8571.3,-0.5616600536832266,-3.873199999999997,0.5616600536832266,3.873199999999997,UAM_V4
45,56,101,8588.2172,8587.521977686334,8587.920792079209,-0.6952223136649991,-0.2964079207904433,0.6952223136649991,0.2964079207904433,FRDM2012
45,57,102,8576.9818,8576.982959916902,8578.235294117647,0.0011599169029068435,1.2534941176472785,0.0011599169029068435,1.2534941176472785,UAM_V4
45,58,103,8584.1927,8584.92646836177,8584.563106796117,0.7337683617697621,0.3704067961170949,0.7337683617697621,0.3704067961170949,FRDM2012
45,59,104,8568.9501,8569.324042173754,8567.596153846154,0.3739421737536759,-1.3539461538457545,0.3739421737536759,1.3539461538457545,UAM_V4
45,60,105,8572.7053,8572.832145735025,8570.666666666666,0.12684573502519925,-2.0386333333335642,0.12684573502519925,2.0386333333335642,UAM_V4
45,61,106,8553.9317,8554.224424482056,8553.584905660377,0.2927244820566557,-0.3467943396226474,0.2927244820566557,0.3467943396226474,UAM_V4
45,62,107,8554.104,8553.952826991348,8552.990654205607,-0.15117300865131256,-1.113345794392444,0.15117300865131256,1.113345794392444,UAM_V4
45,63,108,8532.6657,8532.50762996711,8532.407407407407,-0.15807003289046406,-0.2582925925926247,0.15807003289046406,0.2582925925926247,UAM_V4
45,64,109,8528.1404,8528.25781112593,8527.798165137614,0.11741112592972058,-0.342234862386249,0.11741112592972058,0.342234862386249,UAM_V4
45,65,110,8504.2551,8504.278884542766,8504.727272727272,0.023784542765497463,0.4721727272717544,0.023784542765497463,0.4721727272717544,UAM_V4
45,66,111,8495.6267,8495.867425205926,8494.954954954956,0.24072520592562796,-0.6717450450450997,0.24072520592562796,0.6717450450450997,UAM_V4
45,67,112,8468.8666,8468.887257241036,8469.017857142857,0.020657241037042695,0.1512571428575029,0.020657241037042695,0.1512571428575029,UAM_V4
45,68,113,8456.8165,8456.306099673619,8456.017699115044,-0.510400326382296,-0.7988008849570178,0.510400326382296,0.7988008849570178,UAM_V4
45,69,114,8426.6221,8426.48309394619,8426.929824561403,-0.13900605381058995,0.3077245614022104,0.13900605381058995,0.3077245614022104,UAM_V4
45,70,115,8410.6538,8410.912101140102,8411.304347826086,0.2583011401020485,0.65054782608604,0.2583011401020485,0.65054782608604,UAM_V4
45,71,116,8377.6123,8377.18929724191,8379.48275862069,-0.4230027580906608,1.8704586206895328,0.4230027580906608,1.8704586206895328,UAM_V4
45,72,117,8359.2766,8359.044432965129,8360.34188034188,-0.23216703487014456,1.0652803418815893,0.23216703487014456,1.0652803418815893,UAM_V4
45,73,118,8322.8539,8323.31901844501,8326.440677966102,0.4651184450103756,3.5867779661020904,0.4651184450103756,3.5867779661020904,UAM_V4
45,74,119,8303.3953,8303.75473235068,8305.210084033613,0.3594323506804358,1.8147840336132504,0.3594323506804358,1.8147840336132504,UAM_V4
45,75,120,8266.0,8266.315036969845,8270.25,0.3150369698450959,4.25,0.3150369698450959,4.25,UAM_V4
45,76,121,8245.2397,8245.071485667135,8248.01652892562,-0.16821433286531828,2.776828925620066,0.16821433286531828,2.776828925620066,UAM_V4
45,77,122,8208.0,8207.7070072556,8212.377049180328,-0.2929927444001805,4.377049180327958,0.2929927444001805,4.377049180327958,UAM_V4
45,78,123,8185.0,8185.612093710995,8189.268292682927,0.6120937109953957,4.268292682926585,0.6120937109953957,4.268292682926585,UAM_V4
45,79,124,8148.0,8150.676345423627,8153.870967741936,2.6763454236270263,5.870967741935601,2.6763454236270263,5.870967741935601,UAM_V4
45,80,125,8124.0,8122.968884082395,8132.32,-1.031115917605348,8.319999999999709,1.031115917605348,8.319999999999709,UAM_V4
45,81,126,8087.0,8079.689535415287,8098.809523809524,-7.3104645847133725,11.809523809523853,7.3104645847133725,11.809523809523853,UAM_V4
45,82,127,8060.0,8063.0,8076.299212598426,3.0,16.299212598425584,3.0,16.299212598425584,UAM_V4
45,83,128,8010.0,8026.0,8021.09375,16.0,11.09375,16.0,11.09375,FRDM2012
46,44,90,8113.0,8159.4558,8113.111111111111,46.455799999999726,0.11111111111131322,46.455799999999726,0.11111111111131322,FRDM2012
46,45,91,8183.0,8194.649731984446,8177.692307692308,11.64973198444568,-5.307692307692378,11.64973198444568,5.307692307692378,FRDM2012
46,46,92,8275.5695,8251.877882720817,8272.065217391304,-23.691617279182537,-3.5042826086955756,23.691617279182537,3.5042826086955756,FRDM2012
46,47,93,8318.5637,8305.849858900161,8319.462365591398,-12.713841099839556,0.8986655913977302,12.713841099839556,0.8986655913977302,FRDM2012
46,48,94,8391.6832,8402.233451474653,8395.744680851063,10.550251474653123,4.061480851063607,10.550251474653123,4.061480851063607,FRDM2012
46,49,95,8428.9807,8427.032524284214,8432.947368421053,-1.9481757157864195,3.9666684210533276,1.9481757157864195,3.9666684210533276,UAM_V4
46,50,96,8490.0207,8477.1407957395,8495.729166666666,-12.879904260498733,5.708466666666936,12.879904260498733,5.708466666666936,FRDM2012
46,51,97,8502.4303,8497.906948228823,8506.80412371134,-4.523351771176749,4.373823711339355,4.523351771176749,4.373823711339355,FRDM2012
46,52,98,8533.8999,8540.107426457856,8538.775510204081,6.207526457856147,4.875610204080658,6.207526457856147,4.875610204080658,FRDM2012
46,53,99,8537.9332,8541.958964518233,8534.949494949495,4.0257645182337,-2.9837050505047955,4.0257645182337,2.9837050505047955,FRDM2012
46,54,100,8563.5652,8563.619619362711,8558.5,0.054419362711996655,-5.065199999999095,0.054419362711996655,5.065199999999095,UAM_V4
46,55,101,8560.8644,8560.431245232754,8555.643564356436,-0.43315476724637847,-5.220835643563987,0.43315476724637847,5.220835643563987,UAM_V4
46,56,102,8580.2887,8579.932842857486,8574.803921568628,-0.35585714251283207,-5.484778431371524,0.35585714251283207,5.484778431371524,UAM_V4
46,57,103,8571.0173,8571.183115483262,8566.213592233009,0.16581548326212214,-4.803707766990556,0.16581548326212214,4.803707766990556,UAM_V4
46,58,104,8584.8485,8585.061113335034,8582.788461538461,0.21261333503389324,-2.0600384615390794,0.21261333503389324,2.0600384615390794,UAM_V4
46,59,105,8570.6509,8570.296153183852,8568.857142857143,-0.3547468161486904,-1.7937571428574302,0.3547468161486904,1.7937571428574302,UAM_V4
46,60,106,8579.9934,8579.97958368223,8577.547169811322,-0.013816317768942099,-2.4462301886778732,0.013816317768942099,2.4462301886778732,UAM_V4
46,61,107,8560.8946,8561.540225345916,8558.317757009347,0.6456253459164145,-2.576842990652949,0.6456253459164145,2.576842990652949,UAM_V4
46,62,108,8567.0241,8567.150162213777,8563.703703703704,0.12606221377609472,-3.320396296296167,0.12606221377609472,3.320396296296167,UAM_V4
46,63,109,8544.8825,8544.538824559233,8544.311926605504,-0.343675440766674,-0.570573394496023,0.343675440766674,0.570573394496023,UAM_V4
46,64,110,8547.163,8547.138256357315,8545.727272727272,-0.024743642685280065,-1.4357272727283998,0.024743642685280065,1.4357272727283998,UAM_V4
46,65,111,8521.7498,8521.85218081925,8522.432432432432,0.10238081925126608,0.6826324324320012,0.10238081925126608,0.6826324324320012,UAM_V4
46,66,112,8520.7205,8520.706042287307,8519.464285714286,-0.014457712692092173,-1.256214285713213,0.014457712692092173,1.256214285713213,UAM_V4
46,67,113,8492.5795,8492.671448055844,8494.247787610619,0.0919480558441137,1.6682876106187905,0.0919480558441137,1.6682876106187905,UAM_V4
46,68,114,8488.0056,8487.91184337917,8489.035087719298,-0.0937566208303906,1.0294877192973217,0.0937566208303906,1.0294877192973217,UAM_V4
46,69,115,8457.7342,8457.867674232655,8460.434782608696,0.1334742326544074,2.7005826086951856,0.1334742326544074,2.7005826086951856,UAM_V4
46,70,116,8449.2755,8449.161910204824,8450.086206896553,-0.11358979517535772,0.8107068965528015,0.11358979517535772,0.8107068965528015,UAM_V4
46,71,117,8416.9243,8415.542634845717,8418.888888888889,-1.3816651542838372,1.9645888888881018,1.3816651542838372,1.9645888888881018,UAM_V4
46,72,118,8405.2197,8405.220377484462,8405.50847457627,0.0006774844623578247,0.2887745762709528,0.0006774844623578247,0.2887745762709528,UAM_V4
46,73,119,8368.9594,8370.544540535195,8371.680672268907,1.5851405351950234,2.7212722689073416,1.5851405351950234,2.7212722689073416,UAM_V4
46,74,120,8357.0817,8357.229621911129,8356.25,0.14792191112792352,-0.8317000000006374,0.14792191112792352,0.8317000000006374,UAM_V4
46,75,121,8320.8584,8320.657833964746,8322.561983471074,-0.2005660352533596,1.703583471075035,0.2005660352533596,1.703583471075035,UAM_V4
46,76,122,8305.9755,8305.663396796283,8307.04918032787,-0.31210320371792477,1.0736803278687148,0.31210320371792477,1.0736803278687148,UAM_V4
46,77,123,8270.0318,8269.06437667068,8272.682926829268,-0.967423329320809,2.651126829267014,0.967423329320809,2.651126829267014,UAM_V4
46,78,124,8252.0,8252.949894182202,8254.112903225807,0.9498941822021152,2.1129032258068037,0.9498941822021152,2.1129032258068037,UAM_V4
46,79,125,8215.0,8218.858009769994,8220.64,3.858009769994169,5.639999999999418,3.858009769994169,5.639999999999418,UAM_V4
46,80,126,8197.0,8200.646489905315,8205.238095238094,3.6464899053153204,8.238095238093592,3.6464899053153204,8.238095238093592,UAM_V4
46,81,127,8160.0,8156.8179917923635,8170.629921259843,-3.1820082076364997,10.629921259843286,3.1820082076364997,10.629921259843286,UAM_V4
46,82,128,8137.0,8121.637907083057,8151.171874999999,-15.362092916942856,14.17187499999909,15.362092916942856,14.17187499999909,FRDM2012
46,83,129,8086.0,8076.472418583388,8097.906976744187,-9.52758141661161,11.906976744186977,9.52758141661161,11.906976744186977,UAM_V4
46,84,130,8046.0,8077.0,8059.461538461538,31.0,13.461538461538112,31.0,13.461538461538112,FRDM2012
46,85,131,7993.0,8012.0,8003.053435114504,19.0,10.053435114504282,19.0,10.053435114504282,FRDM2012
47,45,92,8080.0,8115.709699999999,8079.021739130435,35.70969999999943,-0.9782608695650197,35.70969999999943,0.9782608695650197,FRDM2012
47,46,93,8175.0,8200.882494712838,8175.591397849463,25.882494712837797,0.5913978494627372,25.882494712837797,0.5913978494627372,FRDM2012
47,47,94,8238.0,8226.687892738295,8235.744680851063,-11.312107261705023,-2.2553191489369055,11.312107261705023,2.2553191489369055,FRDM2012
47,48,95,8315.0,8306.095401675539,8316.526315789473,-8.904598324461404,1.5263157894733013,8.904598324461404,1.5263157894733013,FRDM2012
47,49,96,8360.2903,8359.151303015486,8363.229166666666,-1.1389969845149608,2.93886666666549,1.1389969845149608,2.93886666666549,UAM_V4
47,50,97,8423.2121,8412.254063224644,8427.835051546392,-10.958036775356959,4.62295154639105,10.958036775356959,4.62295154639105,FRDM2012
47,51,98,8441.6866,8437.87778782226,8446.632653061224,-3.8088121777400374,4.9460530612232105,3.8088121777400374,4.9460530612232105,UAM_V4
47,52,99,8474.7744,8481.856054215783,8479.09090909091,7.081654215782692,4.316509090909676,7.081654215782692,4.316509090909676,FRDM2012
47,53,100,8484.9947,8489.837551073118,8486.2,4.842851073119164,1.2053000000014435,4.842851073119164,1.2053000000014435,FRDM2012
47,54,101,8512.5465,8512.713914991167,8511.485148514852,0.1674149911668792,-1.061351485148407,0.1674149911668792,1.061351485148407,UAM_V4
47,55,102,8517.165,8516.42141588243,8515.980392156862,-0.743584117570208,-1.1846078431390197,0.743584117570208,1.1846078431390197,UAM_V4
47,56,103,8537.652,8537.193603620106,8535.533980582524,-0.4583963798941113,-2.118019417475807,0.4583963798941113,2.118019417475807,UAM_V4
47,57,104,8536.185,8536.720019185994,8534.134615384615,0.5350191859943152,-2.050384615384246,0.5350191859943152,2.050384615384246,UAM_V4
47,58,105,8550.3708,8550.985471221282,8548.380952380952,0.6146712212812417,-1.9898476190483052,0.6146712212812417,1.9898476190483052,UAM_V4
47,59,106,8544.6397,8543.949834816369,8541.792452830188,-0.6898651836309,-2.847247169811453,0.6898651836309,2.847247169811453,UAM_V4
47,60,107,8553.9012,8553.478372812879,8550.747663551401,-0.42282718712158385,-3.1535364485989703,0.42282718712158385,3.1535364485989703,UAM_V4
47,61,108,8542.0262,8542.474399197476,8541.851851851852,0.44819919747533277,-0.17434814814805577,0.44819919747533277,0.17434814814805577,FRDM2012
47,62,109,8547.9155,8548.079451886078,8546.788990825688,0.16395188607930322,-1.12650917431165,0.16395188607930322,1.12650917431165,UAM_V4
47,63,110,8532.1089,8532.355815581013,8532.181818181818,0.24691558101403643,0.07291818181874987,0.24691558101403643,0.07291818181874987,FRDM2012
47,64,111,8534.7878,8535.270331824211,8534.324324324325,0.482531824211037,-0.46347567567499937,0.482531824211037,0.46347567567499937,FRDM2012
47,65,112,8516.0807,8515.956191676823,8516.69642857143,-0.12450832317699678,0.6157285714289173,0.12450832317699678,0.6157285714289173,UAM_V4
47,66,113,8516.066,8515.692430594801,8515.398230088496,-0.37356940519930504,-0.6677699115043652,0.37356940519930504,0.6677699115043652,UAM_V4
47,67,114,8493.7786,8493.67839658844,8496.052631578947,-0.10020341155905044,2.2740315789469605,0.10020341155905044,2.2740315789469605,UAM_V4
47,68,115,8490.5553,8490.701659109185,8491.565217391304,0.14635910918514128,1.0099173913040431,0.14635910918514128,1.0099173913040431,UAM_V4
47,69,116,8465.9073,8466.562481627523,8469.310344827587,0.6551816275223246,3.4030448275862,0.6551816275223246,3.4030448275862,UAM_V4
47,70,117,8459.4515,8459.468814210906,8460.08547008547,0.017314210906988592,0.6339700854714465,0.017314210906988592,0.6339700854714465,UAM_V4
47,71,118,8433.89,8433.084539022608,8433.64406779661,-0.8054609773917036,-0.24593220339011168,0.8054609773917036,0.24593220339011168,FRDM2012
47,72,119,8423.2126,8423.122472187475,8421.26050420168,-0.09012781252567947,-1.9520957983204426,0.09012781252567947,1.9520957983204426,UAM_V4
47,73,120,8395.3281,8395.31414462793,8393.416666666666,-0.013955372070995509,-1.9114333333345712,0.013955372070995509,1.9114333333345712,UAM_V4
47,74,121,8382.3306,8382.016717582375,8381.322314049587,-0.3138824176239723,-1.0082859504127555,0.3138824176239723,1.0082859504127555,UAM_V4
47,75,122,8352.7591,8353.682767991382,8352.540983606557,0.9236679913828993,-0.2181163934419601,0.9236679913828993,0.2181163934419601,FRDM2012
47,76,123,8337.9707,8339.248553456486,8337.967479674795,1.2778534564859,-0.0032203252048930153,1.2778534564859,0.0032203252048930153,FRDM2012
47,77,124,8308.8958,8308.134876083432,8308.870967741936,-0.7609239165685722,-0.024832258064634516,0.7609239165685722,0.024832258064634516,FRDM2012
47,78,125,8293.3151,8292.944139535275,8292.8,-0.37096046472470334,-0.5151000000005297,0.37096046472470334,0.5151000000005297,UAM_V4
47,79,126,8261.0,8264.14783407793,8263.809523809523,3.1478340779303835,2.8095238095229433,3.1478340779303835,2.8095238095229433,FRDM2012
47,80,127,8244.0,8247.561083029674,8247.40157480315,3.561083029673682,3.401574803150652,3.561083029673682,3.401574803150652,FRDM2012
47,81,128,8211.0,8208.36687421915,8216.875,-2.6331257808506052,5.875,2.6331257808506052,5.875,UAM_V4
47,82,129,8188.0,8179.643841498532,8198.29457364341,-8.35615850146769,10.294573643410331,8.35615850146769,10.294573643410331,UAM_V4
47,83,130,8142.0,8132.305273496875,8149.615384615385,-9.694726503124912,7.615384615384755,9.694726503124912,7.615384615384755,FRDM2012
47,84,131,8102.0,8100.890059151861,8111.297709923664,-1.109940848138649,9.297709923664115,1.109940848138649,9.297709923664115,UAM_V4
47,85,132,8053.0,8071.49547465124,8059.242424242424,18.49547465124033,6.242424242424022,18.49547465124033,6.242424242424022,FRDM2012
47,86,133,8013.0,8016.0,8018.421052631579,3.0,5.421052631579187,3.0,5.421052631579187,UAM_V4
48,46,94,8102.0,8139.7047,8103.829787234043,37.70470000000023,1.8297872340426693,37.70470000000023,1.8297872340426693,FRDM2012
48,47,95,8171.0,8199.684601912311,8168.631578947368,28.684601912311336,-2.3684210526316747,28.684601912311336,2.3684210526316747,FRDM2012
48,48,96,8259.0,8240.095937912545,8262.604166666666,-18.904062087454804,3.6041666666660603,18.904062087454804,3.6041666666660603,FRDM2012
48,49,97,8310.3013,8286.80293612248,8309.896907216495,-23.498363877519296,-0.4043927835045906,23.498363877519296,0.4043927835045906,FRDM2012
48,50,98,8378.2953,8366.738817205221,8382.448979591836,-11.556482794778276,4.153679591836408,11.556482794778276,4.153679591836408,FRDM2012
48,51,99,8398.3734,8396.833454628855,8403.737373737375,-1.5399453711452225,5.363973737374181,1.5399453711452225,5.363973737374181,UAM_V4
48,52,100,8437.7375,8445.478022178417,8444.8,7.74052217841745,7.0625,7.74052217841745,7.0625,FRDM2012
48,53,101,8450.3657,8454.199210170544,8451.485148514852,3.833510170543377,1.1194485148516833,3.833510170543377,1.1194485148516833,FRDM2012
48,54,102,8484.1322,8483.99061139261,8482.35294117647,-0.1415886073900765,-1.7792588235297444,0.1415886073900765,1.7792588235297444,UAM_V4
48,55,103,8489.7547,8489.504246577337,8487.669902912621,-0.2504534226627584,-2.0847970873783197,0.2504534226627584,2.0847970873783197,UAM_V4
48,56,104,8517.6232,8517.468648933147,8514.038461538461,-0.15455106685294595,-3.5847384615390183,0.15455106685294595,3.5847384615390183,UAM_V4
48,57,105,8516.8532,8517.194915231259,8514.380952380952,0.34171523125951353,-2.472247619047266,0.34171523125951353,2.472247619047266,UAM_V4
48,58,106,8539.0492,8539.166966046923,8535.283018867925,0.11776604692386172,-3.7661811320740526,0.11776604692386172,3.7661811320740526,UAM_V4
48,59,107,8533.3524,8532.587376890187,8530.747663551401,-0.7650231098123186,-2.604736448598487,0.7650231098123186,2.604736448598487,UAM_V4
48,60,108,8550.0196,8549.798273499511,8546.203703703704,-0.2213265004884306,-3.81589629629525,0.2213265004884306,3.81589629629525,UAM_V4
48,61,109,8538.7646,8539.62689762667,8536.697247706423,0.8622976266688056,-2.067352293577642,0.8622976266688056,2.067352293577642,UAM_V4
48,62,110,8551.2755,8551.380147306203,8547.818181818182,0.10464730620333285,-3.4573181818177545,0.10464730620333285,3.4573181818177545,UAM_V4
48,63,111,8537.0801,8536.468190900647,8533.873873873874,-0.6119090993524878,-3.2062261261253298,0.6119090993524878,3.2062261261253298,UAM_V4
48,64,112,8544.7306,8544.771503158385,8541.42857142857,0.04090315838402603,-3.302028571430128,0.04090315838402603,3.302028571430128,UAM_V4
48,65,113,8526.9874,8527.226028620189,8524.336283185841,0.23862862018904707,-2.6511168141587405,0.23862862018904707,2.6511168141587405,UAM_V4
48,66,114,8531.5135,8531.511223843214,8528.421052631578,-0.0022761567852285225,-3.092447368420835,0.0022761567852285225,3.092447368420835,UAM_V4
48,67,115,8510.7252,8510.867106715072,8508.95652173913,0.1419067150709452,-1.768678260870729,0.1419067150709452,1.768678260870729,UAM_V4
48,68,116,8512.3511,8512.415340952708,8509.655172413793,0.06424095270813268,-2.6959275862063805,0.06424095270813268,2.6959275862063805,UAM_V4
48,69,117,8488.974,8488.425032891068,8487.948717948719,-0.5489671089326293,-1.025282051281465,0.5489671089326293,1.025282051281465,UAM_V4
48,70,118,8487.835,8487.59653260972,8483.983050847457,-0.23846739027976582,-3.851949152542147,0.23846739027976582,3.851949152542147,UAM_V4
48,71,119,8461.4381,8462.275797664926,8459.0756302521,0.8376976649269636,-2.362469747899013,0.8376976649269636,2.362469747899013,UAM_V4
48,72,120,8458.024,8458.150270683302,8453.916666666666,0.12627068330220936,-4.107333333333372,0.12627068330220936,4.107333333333372,UAM_V4
48,73,121,8430.9972,8430.09690769079,8427.190082644629,-0.9002923092102719,-3.807117355370792,0.9002923092102719,3.807117355370792,UAM_V4
48,74,122,8424.2667,8424.244012950992,8423.688524590163,-0.022687049007799942,-0.5781754098370584,0.022687049007799942,0.5781754098370584,UAM_V4
48,75,123,8395.3955,8396.04525621794,8395.934959349594,0.6497562179392844,0.5394593495930167,0.6497562179392844,0.5394593495930167,FRDM2012
48,76,124,8387.0179,8387.105770307615,8386.693548387097,0.08787030761413916,-0.32435161290413816,0.08787030761413916,0.32435161290413816,UAM_V4
48,77,125,8357.6815,8358.091237364995,8358.16,0.4097373649947258,0.47849999999925785,0.4097373649947258,0.47849999999925785,UAM_V4
48,78,126,8346.7393,8347.341315278023,8348.333333333334,0.6020152780238277,1.5940333333346643,0.6020152780238277,1.5940333333346643,UAM_V4
48,79,127,8316.8971,8317.873257065492,8319.055118110236,0.9761570654918614,2.1580181102362985,0.9761570654918614,2.1580181102362985,UAM_V4
48,80,128,8303.2367,8306.83467297202,8307.96875,3.597972972020216,4.732050000000527,3.597972972020216,4.732050000000527,UAM_V4
48,81,129,8269.5311,8268.889565349695,8278.062015503876,-0.6415346503054025,8.530915503875804,0.6415346503054025,8.530915503875804,UAM_V4
48,82,130,8252.5868,8242.794814405657,8263.692307692309,-9.791985594341895,11.105507692309402,9.791985594341895,11.105507692309402,UAM_V4
48,83,131,8206.1204,8201.532450768034,8214.885496183206,-4.587949231965467,8.76509618320597,4.587949231965467,8.76509618320597,UAM_V4
48,84,132,8169.1421,8169.128446775928,8180.909090909091,-0.013653224072186276,11.766990909090964,0.013653224072186276,11.766990909090964,UAM_V4
48,85,133,8121.0,8120.935538457272,8128.571428571428,-0.06446154272816784,7.5714285714284415,0.06446154272816784,7.5714285714284415,UAM_V4
48,86,134,8086.0,8084.644476741238,8091.865671641791,-1.3555232587623323,5.865671641790868,1.3555232587623323,5.865671641790868,UAM_V4
48,87,135,8036.0,8035.8796,8039.407407407408,-0.12039999999979045,3.4074074074078453,0.12039999999979045,3.4074074074078453,UAM_V4
49,47,96,8069.0,8130.2505,8079.375,61.2505000000001,10.375,61.2505000000001,10.375,FRDM2012
49,48,97,8165.0,8237.574,8174.329896907217,72.57400000000052,9.329896907216607,72.57400000000052,9.329896907216607,FRDM2012
49,49,98,8230.0,8212.079812738157,8233.877551020409,-17.92018726184324,3.877551020408646,17.92018726184324,3.877551020408646,FRDM2012
49,50,99,8304.0,8284.260745403437,8310.40404040404,-19.739254596563114,6.404040404040643,19.739254596563114,6.404040404040643,FRDM2012
49,51,100,8329.7495,8328.371887105042,8339.4,-1.377612894957565,9.650499999999738,1.377612894957565,9.650499999999738,UAM_V4
49,52,101,8370.426,8380.210059794443,8382.079207920791,9.784059794443237,11.653207920791829,9.784059794443237,11.653207920791829,UAM_V4
49,53,102,8388.5719,8393.321875872945,8398.529411764706,4.74997587294456,9.957511764705487,4.74997587294456,9.957511764705487,UAM_V4
49,54,103,8423.7199,8423.77445650529,8430.873786407767,0.05455650529074774,7.153886407766549,0.05455650529074774,7.153886407766549,UAM_V4
49,55,104,8435.238,8434.985901463324,8441.442307692309,-0.25209853667547577,6.204307692309158,0.25209853667547577,6.204307692309158,UAM_V4
49,56,105,8464.7045,8464.615511844759,8468.57142857143,-0.08898815524116799,3.8669285714295256,0.08898815524116799,3.8669285714295256,UAM_V4
49,57,106,8470.1213,8470.76857609469,8474.905660377359,0.6472760946890048,4.784360377358098,0.6472760946890048,4.784360377358098,UAM_V4
49,58,107,8494.0439,8494.231491198696,8496.168224299065,0.18759119869537244,2.1243242990640283,0.18759119869537244,2.1243242990640283,UAM_V4
49,59,108,8495.2516,8494.391348171475,8498.425925925925,-0.8602518285242695,3.1743259259255865,0.8602518285242695,3.1743259259255865,UAM_V4
49,60,109,8513.1027,8512.972445251089,8514.036697247706,-0.13025474891037447,0.9339972477064293,0.13025474891037447,0.9339972477064293,UAM_V4
49,61,110,8508.9087,8509.61715831237,8510.454545454546,0.708458312370567,1.5458454545459972,0.708458312370567,1.5458454545459972,UAM_V4
49,62,111,8522.2824,8522.283722230623,8522.162162162162,0.001322230622463394,-0.120237837838431,0.001322230622463394,0.120237837838431,UAM_V4
49,63,112,8514.6674,8514.466528746723,8514.375,-0.2008712532770005,-0.29240000000027067,0.2008712532770005,0.29240000000027067,UAM_V4
49,64,113,8522.9297,8523.086259576006,8523.53982300885,0.15655957600574766,0.6101230088497687,0.15655957600574766,0.6101230088497687,UAM_V4
49,65,114,8511.9742,8511.785407107312,8512.719298245614,-0.18879289268807042,0.7450982456139172,0.18879289268807042,0.7450982456139172,UAM_V4
49,66,115,8516.5472,8516.487836038948,8516.521739130434,-0.05936396105244057,-0.025460869566813926,0.05936396105244057,0.025460869566813926,FRDM2012
49,67,116,8501.6177,8501.63060848042,8502.155172413793,0.012908480419355328,0.5374724137927842,0.012908480419355328,0.5374724137927842,UAM_V4
49,68,117,8503.8653,8504.016906430817,8504.700854700855,0.15160643081799208,0.835554700855937,0.15160643081799208,0.835554700855937,UAM_V4
49,69,118,8485.667,8486.259373555138,8488.22033898305,0.5923735551386926,2.5533389830507076,0.5923735551386926,2.5533389830507076,UAM_V4
49,70,119,8486.1387,8486.107697444955,8487.142857142857,-0.031002555044324254,1.0041571428573661,0.031002555044324254,1.0041571428573661,UAM_V4
49,71,120,8466.2575,8465.881175933411,8468.666666666666,-0.37632406658849504,2.4091666666663514,0.37632406658849504,2.4091666666663514,UAM_V4
49,72,121,8463.8767,8464.108047519943,8465.123966942148,0.23134751994257385,1.2472669421476894,0.23134751994257385,1.2472669421476894,UAM_V4
49,73,122,8442.1079,8442.030544018475,8444.098360655738,-0.0773559815261251,1.990460655737479,0.0773559815261251,1.990460655737479,UAM_V4
49,74,123,8437.9362,8437.739651407239,8438.211382113823,-0.19654859276124625,0.275182113822666,0.19654859276124625,0.275182113822666,UAM_V4
49,75,124,8414.3243,8414.880510425595,8415.645161290322,0.5562104255950544,1.3208612903217727,0.5562104255950544,1.3208612903217727,UAM_V4
49,76,125,8407.9365,8408.088875822717,8407.44,0.1523758227176586,-0.49649999999928696,0.1523758227176586,0.49649999999928696,UAM_V4
49,77,126,8384.6067,8384.478125571373,8383.095238095239,-0.1285744286269619,-1.5114619047617452,0.1285744286269619,1.5114619047617452,UAM_V4
49,78,127,8374.8212,8375.170970690328,8374.96062992126,0.34977069032720465,0.13942992125885212,0.34977069032720465,0.13942992125885212,FRDM2012
49,79,128,8351.4361,8354.527970753392,8349.0625,3.091870753391049,-2.373600000000806,3.091870753391049,2.373600000000806,FRDM2012
49,80,129,8338.759,8344.374895675377,8339.84496124031,5.615895675377033,1.0859612403091887,5.615895675377033,1.0859612403091887,FRDM2012
49,81,130,8314.176,8310.520221798903,8313.384615384615,-3.6557782010968367,-0.7913846153842314,3.6557782010968367,0.7913846153842314,FRDM2012
49,82,131,8297.9544,8285.409032218335,8298.24427480916,-12.545367781665846,0.28987480915930064,12.545367781665846,0.28987480915930064,FRDM2012
49,83,132,8253.7162,8251.066579619386,8254.39393939394,-2.6496203806145786,0.6777393939391914,2.6496203806145786,0.6777393939391914,FRDM2012
49,84,133,8217.0,8224.019253784241,8220.827067669174,7.0192537842413,3.82706766917363,7.0192537842413,3.82706766917363,FRDM2012
49,85,134,8173.0,8172.540423959421,8172.910447761194,-0.4595760405791225,-0.08955223880639096,0.4595760405791225,0.08955223880639096,FRDM2012
49,86,135,8136.0,8135.24506148093,8136.37037037037,-0.754938519069583,0.37037037037043774,0.754938519069583,0.37037037037043774,FRDM2012
49,87,136,8091.0,8092.44517915022,8088.308823529412,1.4451791502197011,-2.691176470588289,1.4451791502197011,2.691176470588289,UAM_V4
49,88,137,8053.0,8055.0,8050.875912408759,2.0,-2.124087591240823,2.0,2.124087591240823,UAM_V4
50,49,99,8161.0,8219.205999999998,8166.464646464647,58.20599999999831,5.464646464646648,58.20599999999831,5.464646464646648,FRDM2012
50,50,100,8251.626,8264.9512,8255.2,13.325199999999313,3.574000000000524,13.325199999999313,3.574000000000524,FRDM2012
50,51,101,8281.103,8252.186160771418,8285.049504950495,-28.91683922858101,3.9465049504960916,28.91683922858101,3.9465049504960916,FRDM2012
50,52,102,8324.4313,8317.541376615449,8335.588235294117,-6.889923384551366,11.15693529411692,6.889923384551366,11.15693529411692,UAM_V4
50,53,103,8343.0,8352.099278000036,8353.300970873786,9.099278000036065,10.300970873786355,9.099278000036065,10.300970873786355,UAM_V4
50,54,104,8383.9114,8384.173386327182,8392.692307692309,0.2619863271811482,8.780907692307665,0.2619863271811482,8.780907692307665,UAM_V4
50,55,105,8397.229,8396.369352349395,8404.857142857143,-0.8596476506045292,7.628142857143757,0.8596476506045292,7.628142857143757,UAM_V4
50,56,106,8432.0383,8431.84391453989,8437.830188679245,-0.1943854601104249,5.791888679244948,0.1943854601104249,5.791888679244948,UAM_V4
50,57,107,8439.4946,8439.118862984922,8444.29906542056,-0.37573701507790247,4.804465420560518,0.37573701507790247,4.804465420560518,UAM_V4
50,58,108,8469.0273,8469.133912686306,8470.185185185184,0.10661268630610721,1.1578851851845684,0.10661268630610721,1.1578851851845684,UAM_V4
50,59,109,8470.5183,8471.053759020806,8472.844036697248,0.5354590208062291,2.3257366972484306,0.5354590208062291,2.3257366972484306,UAM_V4
50,60,110,8496.0875,8495.969040354457,8496.272727272728,-0.11845964554231614,0.18522727272829798,0.11845964554231614,0.18522727272829798,UAM_V4
50,61,111,8493.131,8492.604333948906,8494.504504504504,-0.5266660510933434,1.3735045045050356,0.5266660510933434,1.3735045045050356,UAM_V4
50,62,112,8513.6189,8513.717608022065,8513.30357142857,0.09870802206569351,-0.31532857142883586,0.09870802206569351,0.31532857142883586,UAM_V4
50,63,113,8506.8117,8508.086245549812,8506.637168141593,1.2745455498115916,-0.1745318584071356,1.2745455498115916,0.1745318584071356,FRDM2012
50,64,114,8522.5671,8522.357863222509,8521.666666666666,-0.2092367774912418,-0.9004333333341492,0.2092367774912418,0.9004333333341492,UAM_V4
50,65,115,8514.0702,8512.161574647822,8511.217391304348,-1.9086253521782055,-2.8528086956521292,1.9086253521782055,2.8528086956521292,UAM_V4
50,66,116,8523.1166,8523.02019580039,8522.413793103447,-0.09640419960851432,-0.7028068965519196,0.09640419960851432,0.7028068965519196,UAM_V4
50,67,117,8509.612,8510.317770229929,8508.290598290598,0.7057702299298398,-1.3214017094014707,0.7057702299298398,1.3214017094014707,UAM_V4
50,68,118,8516.5341,8516.62952854724,8515.593220338984,0.09542854723986238,-0.9408796610168793,0.09542854723986238,0.9408796610168793,UAM_V4
50,69,119,8499.4494,8499.629076481899,8499.83193277311,0.17967648189915053,0.38253277311014244,0.17967648189915053,0.38253277311014244,UAM_V4
50,70,120,8504.488,8504.505419506417,8504.5,0.01741950641735457,0.012000000000625732,0.01741950641735457,0.012000000000625732,FRDM2012
50,71,121,8485.1964,8485.239462040476,8485.950413223141,0.04306204047497886,0.754013223140646,0.04306204047497886,0.754013223140646,UAM_V4
50,72,122,8487.8968,8487.888081410829,8488.77049180328,-0.008718589171621716,0.8736918032791436,0.008718589171621716,0.8736918032791436,UAM_V4
50,73,123,8467.2313,8467.126403356851,8468.211382113821,-0.10489664314809488,0.9800821138214815,0.10489664314809488,0.9800821138214815,UAM_V4
50,74,124,8467.3997,8467.343212348975,8468.548387096775,-0.05648765102523612,1.1486870967746654,0.05648765102523612,1.1486870967746654,UAM_V4
50,75,125,8445.5285,8445.494340185638,8446.32,-0.034159814362283214,0.7914999999993597,0.034159814362283214,0.7914999999993597,UAM_V4
50,76,126,8443.5227,8443.771405679852,8444.603174603175,0.24870567985271919,1.0804746031753893,0.24870567985271919,1.0804746031753893,UAM_V4
50,77,127,8420.5482,8420.582973507766,8421.023622047243,0.03477350776665844,0.4754220472441375,0.03477350776665844,0.4754220472441375,UAM_V4
50,78,128,8416.9749,8416.489100208244,8417.34375,-0.4857997917551984,0.36885000000074797,0.4857997917551984,0.36885000000074797,FRDM2012
50,79,129,8392.8161,8396.081568693196,8392.713178294574,3.2654686931964534,-0.10292170542561507,3.2654686931964534,0.10292170542561507,FRDM2012
50,80,130,8386.817,8394.745019864786,8387.0,7.92801986478662,0.18300000000090222,7.92801986478662,0.18300000000090222,FRDM2012
50,81,131,8362.5183,8360.046454372812,8359.923664122138,-2.4718456271875766,-2.594635877861947,2.4718456271875766,2.594635877861947,UAM_V4
50,82,132,8354.8726,8338.992071399884,8350.227272727272,-15.880528600117032,-4.645327272728537,15.880528600117032,4.645327272728537,FRDM2012
50,83,133,8310.089,8304.653164503108,8306.24060150376,-5.435835496891741,-3.8483984962404065,5.435835496891741,3.8483984962404065,FRDM2012
50,84,134,8275.1719,8283.741325129726,8276.791044776119,8.569425129726369,1.6191447761193558,8.569425129726369,1.6191447761193558,FRDM2012
50,85,135,8230.6877,8235.445592945054,8228.962962962964,4.757892945053754,-1.7247370370369026,4.757892945053754,1.7247370370369026,FRDM2012
50,86,136,8197.0,8196.611518360094,8196.39705882353,-0.38848163990587636,-0.6029411764702672,0.38848163990587636,0.6029411764702672,UAM_V4
50,87,137,8152.0,8151.619603568633,8148.175182481752,-0.38039643136744417,-3.8248175182479827,0.38039643136744417,3.8248175182479827,UAM_V4
50,88,138,8118.0,8116.451906168763,8114.782608695652,-1.5480938312366561,-3.2173913043479843,1.5480938312366561,3.2173913043479843,UAM_V4
50,89,139,8073.0,8073.3123,8065.5395683453235,0.31229999999959546,-7.46043165467654,0.31229999999959546,7.46043165467654,UAM_V4
50,90,140,8038.0,8039.0,8031.642857142857,1.0,-6.357142857143117,1.0,6.357142857143117,UAM_V4
51,51,102,8181.0,8193.9876,8177.64705882353,12.987600000000384,-3.3529411764702672,12.987600000000384,3.3529411764702672,FRDM2012
51,52,103,8234.0,8242.885564530503,8233.106796116504,8.885564530502961,-0.8932038834955165,8.885564530502961,0.8932038834955165,FRDM2012
51,53,104,8258.0,8251.865542705791,8257.403846153846,-6.134457294208914,-0.5961538461542659,6.134457294208914,0.5961538461542659,FRDM2012
51,54,105,8300.9923,8296.732111866524,8299.42857142857,-4.260188133475822,-1.5637285714292375,4.260188133475822,1.5637285714292375,FRDM2012
51,55,106,8322.0124,8321.516908701098,8320.188679245282,-0.49549129890147015,-1.8237207547172147,0.49549129890147015,1.8237207547172147,UAM_V4
51,56,107,8358.7344,8358.211974797076,8355.88785046729,-0.5224252029238414,-2.846549532709105,0.5224252029238414,2.846549532709105,UAM_V4
51,57,108,8372.6666,8372.87781508174,8371.296296296296,0.21121508173928305,-1.3703037037048489,0.21121508173928305,1.3703037037048489,UAM_V4
51,58,109,8404.8161,8404.883171767164,8401.19266055046,0.06707176716372487,-3.623439449540456,0.06707176716372487,3.623439449540456,UAM_V4
51,59,110,8412.6821,8413.463194451471,8411.727272727272,0.7810944514712901,-0.9548272727279254,0.7810944514712901,0.9548272727279254,UAM_V4
51,60,111,8440.1203,8440.143915014345,8436.036036036036,0.023615014344613883,-4.084263963964986,0.023615014344613883,4.084263963964986,UAM_V4
51,61,112,8443.633,8442.073483159114,8440.982142857143,-1.5595168408854079,-2.650857142856694,1.5595168408854079,2.650857142856694,UAM_V4
51,62,113,8465.2762,8465.261789661405,8461.150442477876,-0.014410338595553185,-4.1257575221243314,0.014410338595553185,4.1257575221243314,UAM_V4
51,63,114,8462.5191,8464.38644317143,8459.473684210527,1.867343171430548,-3.045415789472827,1.867343171430548,3.045415789472827,UAM_V4
51,64,115,8480.9156,8480.800246976503,8476.08695652174,-0.11535302349693666,-4.8286434782603465,0.11535302349693666,4.8286434782603465,UAM_V4
51,65,116,8475.8208,8474.435715160344,8473.362068965518,-1.385084839655974,-2.4587310344813886,1.385084839655974,2.4587310344813886,UAM_V4
51,66,117,8487.8981,8488.026814874924,8485.641025641025,0.1287148749233893,-2.2570743589749327,0.1287148749233893,2.2570743589749327,UAM_V4
51,67,118,8478.9156,8479.181248890149,8479.322033898305,0.26564889014844084,0.40643389830438537,0.26564889014844084,0.40643389830438537,UAM_V4
51,68,119,8487.9218,8487.789199762206,8487.731092436974,-0.13260023779366747,-0.1907075630260806,0.13260023779366747,0.1907075630260806,UAM_V4
51,69,120,8475.63,8476.18382785154,8477.25,0.5538278515414277,1.6200000000008004,0.5538278515414277,1.6200000000008004,UAM_V4
51,70,121,8482.0574,8482.508639120972,8483.305785123966,0.45123912097187713,1.2483851239667274,0.45123912097187713,1.2483851239667274,UAM_V4
51,71,122,8468.3222,8468.004056688069,8470.573770491805,-0.31814331193163525,2.2515704918041592,0.31814331193163525,2.2515704918041592,UAM_V4
51,72,123,8472.3196,8472.213824712717,8473.170731707318,-0.10577528728390462,0.8511317073171085,0.10577528728390462,0.8511317073171085,UAM_V4
51,73,124,8456.1517,8456.37637117248,8458.145161290322,0.2246711724801571,1.9934612903216475,0.2246711724801571,1.9934612903216475,UAM_V4
51,74,125,8458.1612,8458.08948819008,8458.24,-0.07171180992008885,0.07879999999931897,0.07171180992008885,0.07879999999931897,UAM_V4
51,75,126,8440.3136,8440.353741359264,8441.269841269841,0.04014135926445306,0.9562412698414846,0.04014135926445306,0.9562412698414846,UAM_V4
51,76,127,8439.811,8440.022590858716,8440.07874015748,0.21159085871659045,0.2677401574801479,0.21159085871659045,0.2677401574801479,UAM_V4
51,77,128,8420.7724,8420.387351266947,8421.640625,-0.3850487330528267,0.8682250000001659,0.3850487330528267,0.8682250000001659,UAM_V4
51,78,129,8418.0598,8417.781126152762,8418.29457364341,-0.2786738472386787,0.23477364340942586,0.2786738472386787,0.23477364340942586,FRDM2012
51,79,130,8397.3641,8401.048769400302,8398.384615384615,3.6846694003015728,1.020515384614555,3.6846694003015728,1.020515384614555,FRDM2012
51,80,131,8392.5525,8399.902459961375,8393.511450381679,7.349959961375134,0.9589503816787328,7.349959961375134,0.9589503816787328,FRDM2012
51,81,132,8372.3452,8370.051669807064,8370.151515151516,-2.2935301929355774,-2.1936848484838265,2.2935301929355774,2.1936848484838265,FRDM2012
51,82,133,8364.7302,8350.31296708677,8360.827067669174,-14.417232913230691,-3.903132330826338,14.417232913230691,3.903132330826338,FRDM2012
51,83,134,8325.9398,8320.528028284278,8322.462686567163,-5.411771715722352,-3.4771134328366315,5.411771715722352,3.4771134328366315,FRDM2012
51,84,135,8291.9894,8299.388451770905,8292.962962962964,7.399051770904407,0.9735629629631148,7.399051770904407,0.9735629629631148,FRDM2012
51,85,136,8252.2533,8256.744821464119,8249.70588235294,4.491521464118705,-2.547417647059774,4.491521464118705,2.547417647059774,FRDM2012
51,86,137,8218.4764,8218.392158079976,8218.102189781022,-0.08424192002348718,-0.37421021897716855,0.08424192002348718,0.37421021897716855,UAM_V4
51,87,138,8178.0,8178.028333703569,8174.130434782609,0.028333703568932833,-3.8695652173910275,0.028333703568932833,3.8695652173910275,UAM_V4
51,88,139,8144.0,8143.975729632305,8142.230215827338,-0.024270367694953165,-1.7697841726621846,0.024270367694953165,1.7697841726621846,UAM_V4
51,89,140,8103.0,8102.775814166115,8098.0,-0.2241858338848033,-5.0,0.2241858338848033,5.0,UAM_V4
51,90,141,8069.0,8070.085577830894,8065.035460992908,1.0855778308941808,-3.964539007091844,1.0855778308941808,3.964539007091844,UAM_V4
51,91,142,8027.0,8028.0,8020.845070422535,1.0,-6.154929577464827,1.0,6.154929577464827,UAM_V4
52,52,104,8157.3256,8169.8143,8154.711538461538,12.48869999999988,-2.6140615384620105,12.48869999999988,2.6140615384620105,FRDM2012
52,53,105,8186.8368,8193.107395431422,8181.333333333333,6.270595431421498,-5.503466666667009,6.270595431421498,5.503466666667009,FRDM2012
52,54,106,8236.7682,8230.377734248244,8230.283018867925,-6.390465751755983,-6.485181132075013,6.390465751755983,6.485181132075013,UAM_V4
52,55,107,8258.0,8252.999759575894,8254.11214953271,-5.000240424105868,-3.8878504672902636,5.000240424105868,3.8878504672902636,FRDM2012
52,56,108,8303.7221,8303.569400770075,8297.314814814816,-0.1526992299259291,-6.407285185185174,0.1526992299259291,6.407285185185174,UAM_V4
52,57,109,8319.3305,8318.58077203685,8314.311926605504,-0.7497279631497804,-5.018573394496343,0.7497279631497804,5.018573394496343,UAM_V4
52,58,110,8358.116,8357.96717971338,8351.636363636364,-0.14882028662032099,-6.479636363636018,0.14882028662032099,6.479636363636018,UAM_V4
52,59,111,8367.7635,8367.768206182996,8362.612612612613,0.004706182997324504,-5.1508873873863195,0.004706182997324504,5.1508873873863195,UAM_V4
52,60,112,8400.6527,8400.685975454318,8394.017857142857,0.03327545431784529,-6.634842857143667,0.03327545431784529,6.634842857143667,UAM_V4
52,61,113,8404.6366,8404.218197695538,8401.681415929204,-0.41840230446177884,-2.9551840707954398,0.41840230446177884,2.9551840707954398,UAM_V4
52,62,114,8432.7885,8432.873894945042,8428.684210526315,0.08539494504111644,-4.10428947368564,0.08539494504111644,4.10428947368564,UAM_V4
52,63,115,8431.1504,8432.047746165788,8430.869565217392,0.8973461657878943,-0.28083478260850825,0.8973461657878943,0.28083478260850825,FRDM2012
52,64,116,8455.6435,8455.362526971745,8451.896551724138,-0.28097302825517545,-3.746948275862451,0.28097302825517545,3.746948275862451,UAM_V4
52,65,117,8450.9203,8450.219807349336,8450.25641025641,-0.7004926506633637,-0.663889743589607,0.7004926506633637,0.663889743589607,FRDM2012
52,66,118,8469.697,8469.911607490545,8466.440677966102,0.21460749054494954,-3.256322033897959,0.21460749054494954,3.256322033897959,UAM_V4
52,67,119,8462.0785,8462.389605751323,8462.773109243697,0.31110575132333906,0.6946092436974141,0.31110575132333906,0.6946092436974141,UAM_V4
52,68,120,8476.9857,8477.045792757692,8475.416666666666,0.06009275769247324,-1.5690333333332092,0.06009275769247324,1.5690333333332092,UAM_V4
52,69,121,8466.8641,8466.90034681722,8467.768595041322,0.03624681721885281,0.9044950413208426,0.03624681721885281,0.9044950413208426,UAM_V4
52,70,122,8478.1315,8477.994067121266,8476.311475409835,-0.137432878733307,-1.8200245901643939,0.137432878733307,1.8200245901643939,UAM_V4
52,71,123,8465.537,8465.21901454544,8464.390243902439,-0.3179854545596754,-1.1467560975615925,0.3179854545596754,1.1467560975615925,UAM_V4
52,72,124,8473.2705,8473.271380821649,8471.854838709678,0.0008808216480247211,-1.4156612903225323,0.0008808216480247211,1.4156612903225323,UAM_V4
52,73,125,8458.0361,8458.202309976816,8457.68,0.16620997681638983,-0.35609999999905995,0.16620997681638983,0.35609999999905995,UAM_V4
52,74,126,8463.2397,8463.254966619548,8462.777777777777,0.015266619548128801,-0.46192222222271084,0.015266619548128801,0.46192222222271084,UAM_V4
52,75,127,8446.109,8446.153937668756,8446.456692913385,0.04493766875566507,0.34769291338488983,0.04493766875566507,0.34769291338488983,UAM_V4
52,76,128,8448.7536,8448.733395831667,8448.828125,-0.020204168333293637,0.07452499999999418,0.020204168333293637,0.07452499999999418,UAM_V4
52,77,129,8430.4098,8430.370699418816,8430.852713178294,-0.0391005811834475,0.4429131782944751,0.0391005811834475,0.4429131782944751,UAM_V4
52,78,130,8430.3251,8430.329896820987,8433.846153846154,0.004796820987394312,3.5210538461542455,0.004796820987394312,3.5210538461542455,UAM_V4
52,79,131,8411.2339,8414.29723159666,8413.740458015267,3.063331596660646,2.5065580152677285,3.063331596660646,2.5065580152677285,FRDM2012
52,80,132,8408.4859,8414.591966513033,8414.242424242424,6.106066513033511,5.756524242424348,6.106066513033511,5.756524242424348,FRDM2012
52,81,133,8389.0255,8386.199402236101,8391.203007518798,-2.8260977638983604,2.1775075187979382,2.8260977638983604,2.1775075187979382,FRDM2012
52,82,134,8383.6442,8371.4644399454,8386.34328358209,-12.179760054601502,2.6990835820888606,12.179760054601502,2.6990835820888606,FRDM2012
52,83,135,8345.7384,8342.335199105328,8348.148148148148,-3.403200894672409,2.409748148147628,3.403200894672409,2.409748148147628,FRDM2012
52,84,136,8319.4301,8325.48367541484,8323.676470588236,6.053575414840452,4.246370588236459,6.053575414840452,4.246370588236459,FRDM2012
52,85,137,8280.2357,8283.153960420763,8280.7299270073,2.918260420763545,0.49422700730065117,2.918260420763545,0.49422700730065117,FRDM2012
52,86,138,8252.5786,8252.401185853274,8253.04347826087,-0.17741414672673272,0.46487826086922723,0.17741414672673272,0.46487826086922723,UAM_V4
52,87,139,8211.7716,8212.188472017848,8209.496402877698,0.4168720178477088,-2.2751971223024157,0.4168720178477088,2.2751971223024157,UAM_V4
52,88,140,8183.3567,8183.797347127142,8181.642857142857,0.4406471271413466,-1.7138428571433906,0.4406471271413466,1.7138428571433906,UAM_V4
52,89,141,8142.0,8141.464051572952,8138.723404255319,-0.5359484270484245,-3.2765957446808898,0.5359484270484245,3.2765957446808898,UAM_V4
52,90,142,8113.0,8111.524165029209,8111.338028169014,-1.4758349707908565,-1.661971830985749,1.4758349707908565,1.661971830985749,UAM_V4
52,91,143,8070.0,8069.586278750828,8067.832167832168,-0.4137212491723403,-2.1678321678318753,0.4137212491723403,2.1678321678318753,UAM_V4
52,92,144,8040.0,8042.6433,8039.583333333333,2.6432999999997264,-0.41666666666696983,2.6432999999997264,0.41666666666696983,FRDM2012
52,93,145,7998.0,7998.0,7997.310344827586,0.0,-0.6896551724139499,0.0,0.6896551724139499,UAM_V4
53,53,106,8089.0,8107.9233,8079.33962264151,18.92330000000038,-9.660377358490223,18.92330000000038,9.660377358490223,FRDM2012
53,54,107,8146.0,8156.903233420551,8136.1682242990655,10.90323342055126,-9.831775700934486,10.90323342055126,9.831775700934486,FRDM2012
53,55,108,8176.0,8167.4273100899545,8167.777777777777,-8.572689910045483,-8.222222222222626,8.572689910045483,8.222222222222626,FRDM2012
53,56,109,8220.0164,8214.836607180967,8213.669724770642,-5.179792819033537,-6.34667522935888,5.179792819033537,6.34667522935888,UAM_V4
53,57,110,8244.0767,8244.97163929504,8237.818181818182,0.894939295039876,-6.258518181817635,0.894939295039876,6.258518181817635,UAM_V4
53,58,111,8282.9343,8282.443968137988,8277.387387387387,-0.4903318620126811,-5.546912612613596,0.4903318620126811,5.546912612613596,UAM_V4
53,59,112,8299.8801,8299.708464217634,8298.75,-0.1716357823661383,-1.1301000000003114,0.1716357823661383,1.1301000000003114,UAM_V4
53,60,113,8333.7528,8334.282071935828,8331.681415929204,0.5292719358276372,-2.0713840707958298,0.5292719358276372,2.0713840707958298,UAM_V4
53,61,114,8344.779,8345.761208651686,8345.087719298246,0.9822086516851414,0.30871929824570543,0.9822086516851414,0.30871929824570543,FRDM2012
53,62,115,8374.5651,8373.841705488465,8372.608695652174,-0.7233945115349343,-1.95640434782581,0.7233945115349343,1.95640434782581,UAM_V4
53,63,116,8381.2858,8380.024721386893,8381.724137931034,-1.2610786131062923,0.43833793103476637,1.2610786131062923,0.43833793103476637,FRDM2012
53,64,117,8404.4307,8405.133661376814,8404.358974358975,0.7029613768136187,-0.07172564102620527,0.7029613768136187,0.07172564102620527,FRDM2012
53,65,118,8406.1203,8406.359554957558,8408.898305084746,0.23925495755793236,2.7780050847450184,0.23925495755793236,2.7780050847450184,UAM_V4
53,66,119,8426.8924,8426.624947218936,8426.638655462184,-0.26745278106500336,-0.2537445378166012,0.26745278106500336,0.2537445378166012,FRDM2012
53,67,120,8423.6745,8424.980059604892,8426.583333333334,1.3055596048925509,2.908833333334769,1.3055596048925509,2.908833333334769,UAM_V4
53,68,121,8441.4111,8441.62249423472,8440.661157024793,0.21139423472050112,-0.7499429752060678,0.21139423472050112,0.7499429752060678,UAM_V4
53,69,122,8437.0139,8435.779173342562,8438.196721311475,-1.2347266574379319,1.1828213114749815,1.2347266574379319,1.1828213114749815,FRDM2012
53,70,123,8449.1896,8449.093375342347,8447.967479674795,-0.09622465765278321,-1.2221203252047417,0.09622465765278321,1.2221203252047417,UAM_V4
53,71,124,8441.4807,8441.89984832425,8441.129032258064,0.4191483242502727,-0.3516677419356711,0.4191483242502727,0.3516677419356711,FRDM2012
53,72,125,8450.2911,8450.233940803446,8448.0,-0.057159196554493974,-2.2911000000003696,0.057159196554493974,2.2911000000003696,UAM_V4
53,73,126,8439.9379,8439.871395018494,8436.269841269841,-0.06650498150702333,-3.668058730159828,0.06650498150702333,3.668058730159828,UAM_V4
53,74,127,8445.482,8445.625666220983,8440.629921259842,0.1436662209835049,-4.852078740157594,0.1436662209835049,4.852078740157594,UAM_V4
53,75,128,8432.8309,8432.717735504531,8429.765625,-0.11316449546939111,-3.065275000000838,0.11316449546939111,3.065275000000838,UAM_V4
53,76,129,8435.9908,8435.97297026497,8433.798449612403,-0.01782973503031826,-2.192350387596889,0.01782973503031826,2.192350387596889,UAM_V4
53,77,130,8421.1011,8421.375800190926,8420.538461538461,0.27470019092652365,-0.5626384615388815,0.27470019092652365,0.5626384615388815,UAM_V4
53,78,131,8422.2977,8422.36976643886,8422.290076335878,0.07206643886092934,-0.007623664121638285,0.07206643886092934,0.007623664121638285,FRDM2012
53,79,132,8406.4628,8409.43341581351,8408.030303030304,2.970615813510449,1.5675030303045787,2.970615813510449,1.5675030303045787,FRDM2012
53,80,133,8405.0993,8411.046972513142,8407.819548872181,5.9476725131426065,2.7202488721814007,5.9476725131426065,2.7202488721814007,FRDM2012
53,81,134,8389.0722,8386.28399273242,8389.701492537313,-2.788207267580219,0.6292925373127218,2.788207267580219,0.6292925373127218,FRDM2012
53,82,135,8384.7609,8372.781698205605,8385.111111111111,-11.979201794394612,0.350211111112003,11.979201794394612,0.350211111112003,FRDM2012
53,83,136,8351.3242,8348.370791300273,8351.176470588236,-2.953408699726424,-0.1477294117630663,2.953408699726424,0.1477294117630663,FRDM2012
53,84,137,8326.0033,8332.361465335123,8327.664233576643,6.358165335122976,1.660933576642492,6.358165335122976,1.660933576642492,FRDM2012
53,85,138,8292.445,8294.819192342266,8289.710144927536,2.3741923422658147,-2.734855072463688,2.3741923422658147,2.734855072463688,UAM_V4
53,86,139,8265.61,8265.22972866328,8262.01438848921,-0.3802713367203978,-3.595611510791059,0.3802713367203978,3.595611510791059,UAM_V4
53,87,140,8229.474,8230.254462878756,8225.07142857143,0.7804628787562251,-4.402571428570809,0.7804628787562251,4.402571428570809,UAM_V4
53,88,141,8202.2562,8202.588026746427,8198.72340425532,0.33182674642739585,-3.5327957446806977,0.33182674642739585,3.5327957446806977,UAM_V4
53,89,142,8165.2517,8164.421615102833,8160.915492957746,-0.830084897166671,-4.336207042253591,0.830084897166671,4.336207042253591,UAM_V4
53,90,143,8137.0,8136.418772710487,8134.335664335665,-0.5812272895127535,-2.66433566433534,0.5812272895127535,2.66433566433534,UAM_V4
53,91,144,8098.0,8098.258931609143,8096.527777777777,0.2589316091425644,-1.4722222222226264,0.2589316091425644,1.4722222222226264,UAM_V4
53,92,145,8069.0,8069.3424343197985,8070.137931034483,0.3424343197984854,1.13793103448279,0.3424343197984854,1.13793103448279,UAM_V4
53,93,146,8031.0,8031.148099401582,8030.821917808219,0.14809940158193058,-0.17808219178095896,0.14809940158193058,0.17808219178095896,UAM_V4
53,94,147,8001.0,8001.0,8004.557823129252,0.0,3.5578231292520286,0.0,3.5578231292520286,UAM_V4
54,54,108,8074.8886,8088.497000000001,8061.2037037037035,13.608400000000984,-13.684896296296756,13.608400000000984,13.684896296296756,UAM_V4
54,55,109,8107.3071,8116.0723,8096.238532110092,8.765199999999822,-11.068567889908081,8.765199999999822,11.068567889908081,UAM_V4
54,56,110,8159.2808,8152.0646218963575,8149.727272727273,-7.21617810364296,-9.553527272727479,7.21617810364296,9.553527272727479,UAM_V4
54,57,111,8182.0,8177.5206784699585,8179.72972972973,-4.479321530041489,-2.2702702702699753,4.479321530041489,2.2702702702699753,FRDM2012
54,58,112,8230.0646,8230.344835319469,8225.0,0.28023531946928415,-5.0645999999997,0.28023531946928415,5.0645999999997,UAM_V4
54,59,113,8247.9277,8246.695821834106,8245.132743362832,-1.2318781658941589,-2.7949566371680703,1.2318781658941589,2.7949566371680703,UAM_V4
54,60,114,8289.2054,8288.866816412781,8284.298245614034,-0.33858358721954573,-4.907154385966351,0.33858358721954573,4.907154385966351,UAM_V4
54,61,115,8300.9704,8301.390041088054,8300.260869565218,0.41964108805404976,-0.7095304347822093,0.41964108805404976,0.7095304347822093,UAM_V4
54,62,116,8336.8365,8337.085330171592,8334.224137931034,0.24883017159299925,-2.6123620689650124,0.24883017159299925,2.6123620689650124,UAM_V4
54,63,117,8344.2976,8344.297412209142,8344.188034188035,-0.0001877908580354415,-0.1095658119647851,0.0001877908580354415,0.1095658119647851,UAM_V4
54,64,118,8374.9819,8374.910337131483,8372.627118644068,-0.07156286851750338,-2.354781355932573,0.07156286851750338,2.354781355932573,UAM_V4
54,65,119,8378.442,8378.419106415387,8378.823529411764,-0.022893584611665574,0.3815294117648591,0.022893584611665574,0.3815294117648591,UAM_V4
54,66,120,8404.0322,8403.998683705511,8402.5,-0.03351629448843596,-1.5321999999996478,0.03351629448843596,1.5321999999996478,UAM_V4
54,67,121,8403.8326,8403.68436574163,8403.388429752065,-0.14823425836948445,-0.4441702479343803,0.14823425836948445,0.4441702479343803,UAM_V4
54,68,122,8424.6644,8424.65475881261,8422.04918032787,-0.009641187389206607,-2.615219672130479,0.009641187389206607,2.615219672130479,UAM_V4
54,69,123,8420.9239,8421.072821550262,8419.51219512195,0.14892155026245746,-1.4117048780499317,0.14892155026245746,1.4117048780499317,UAM_V4
54,70,124,8437.6138,8437.557963240186,8433.629032258064,-0.05583675981324632,-3.9847677419347747,0.05583675981324632,3.9847677419347747,UAM_V4
54,71,125,8430.939,8430.800554247908,8428.64,-0.13844575209259347,-2.2990000000008877,0.13844575209259347,2.2990000000008877,UAM_V4
54,72,126,8443.5375,8443.523656701982,8440.79365079365,-0.013843298018400674,-2.7438492063502053,0.013843298018400674,2.7438492063502053,UAM_V4
54,73,127,8434.1066,8434.093036095655,8430.787401574804,-0.013563904343754984,-3.3191984251952817,0.013563904343754984,3.3191984251952817,UAM_V4
54,74,128,8443.3008,8443.286526317204,8438.75,-0.014273682796556386,-4.550800000000891,0.014273682796556386,4.550800000000891,UAM_V4
54,75,129,8431.3904,8431.281783970911,8427.829457364342,-0.10861602908880741,-3.560942635658648,0.10861602908880741,3.560942635658648,UAM_V4
54,76,130,8437.7314,8437.723505754431,8432.0,-0.00789424556933227,-5.731400000000576,0.00789424556933227,5.731400000000576,UAM_V4
54,77,131,8423.7367,8423.911601282842,8420.91603053435,0.17490128284225648,-2.820669465649189,0.17490128284225648,2.820669465649189,UAM_V4
54,78,132,8427.6229,8427.687284070502,8424.772727272728,0.06438407050154638,-2.8501727272723656,0.06438407050154638,2.8501727272723656,UAM_V4
54,79,133,8412.6477,8415.510793223139,8412.406015037594,2.8630932231390034,-0.2416849624059978,2.8630932231390034,0.2416849624059978,FRDM2012
54,80,134,8413.6994,8418.780294739292,8416.865671641792,5.080894739292489,3.166271641792264,5.080894739292489,3.166271641792264,FRDM2012
54,81,135,8398.4783,8395.392449432009,8399.185185185184,-3.085850567991656,0.7068851851836371,3.085850567991656,0.7068851851836371,FRDM2012
54,82,136,8396.1889,8385.842733823385,8399.338235294117,-10.346166176614133,3.1493352941179182,10.346166176614133,3.1493352941179182,FRDM2012
54,83,137,8364.2865,8362.034260588714,8366.423357664233,-2.2522394112857,2.1368576642325934,2.2522394112857,2.1368576642325934,FRDM2012
54,84,138,8344.6913,8350.215097086033,8346.449275362318,5.523797086032573,1.7579753623176657,5.523797086032573,1.7579753623176657,FRDM2012
54,85,139,8311.5904,8313.858380983129,8307.98561151079,2.267980983129746,-3.6047884892086586,2.267980983129746,3.6047884892086586,UAM_V4
54,86,140,8290.8875,8290.378982538303,8287.42857142857,-0.5085174616979202,-3.4589285714300786,0.5085174616979202,3.4589285714300786,UAM_V4
54,87,141,8255.3647,8255.742588137206,8251.702127659575,0.3778881372054457,-3.6625723404249584,0.3778881372054457,3.6625723404249584,UAM_V4
54,88,142,8233.1695,8233.314468046656,8230.422535211268,0.14496804665577656,-2.7469647887319297,0.14496804665577656,2.7469647887319297,UAM_V4
54,89,143,8196.8855,8196.358626266467,8194.475524475525,-0.5268737335336482,-2.4099755244751577,0.5268737335336482,2.4099755244751577,UAM_V4
54,90,144,8172.8845,8172.727003801561,8171.944444444444,-0.157496198438821,-0.940055555555773,0.157496198438821,0.940055555555773,UAM_V4
54,91,145,8135.0877,8135.1839556657405,8136.413793103448,0.09625566574050026,1.3260931034483292,0.09625566574050026,1.3260931034483292,UAM_V4
54,92,146,8110.4154,8110.545863799514,8112.602739726028,0.13046379951447307,2.187339726027858,0.13046379951447307,2.187339726027858,UAM_V4
54,93,147,8072.0,8071.914109562438,8076.530612244898,-0.08589043756182946,4.530612244898293,0.08589043756182946,4.530612244898293,UAM_V4
54,94,148,8047.0,8046.172195763921,8052.2972972972975,-0.8278042360789186,5.2972972972975185,0.8278042360789186,5.2972972972975185,UAM_V4
54,95,149,8009.0,8008.9123,8015.167785234899,-0.08770000000004075,6.167785234899384,0.08770000000004075,6.167785234899384,UAM_V4
54,96,150,7983.0,7983.5846,7989.4,0.5846000000001368,6.399999999999636,0.5846000000001368,6.399999999999636,UAM_V4
55,56,111,8070.0,8081.245999999999,8065.585585585585,11.245999999999185,-4.41441441441475,11.245999999999185,4.41441441441475,FRDM2012
55,57,112,8102.0,8111.582244141666,8098.660714285715,9.582244141665797,-3.3392857142853245,9.582244141665797,3.3392857142853245,FRDM2012
55,58,113,8148.623,8143.930903150196,8146.283185840708,-4.69209684980342,-2.3398141592915636,4.69209684980342,2.3398141592915636,FRDM2012
55,59,114,8173.5711,8168.805450274143,8172.982456140351,-4.765649725856747,-0.5886438596489825,4.765649725856747,0.5886438596489825,FRDM2012
55,60,115,8216.0,8215.791569591891,8214.08695652174,-0.20843040810905222,-1.9130434782600787,0.20843040810905222,1.9130434782600787,UAM_V4
55,61,116,8235.0,8234.925254767291,8236.551724137931,-0.07474523270866484,1.55172413793116,0.07474523270866484,1.55172413793116,UAM_V4
55,62,117,8271.8652,8271.98853910304,8271.709401709402,0.12333910304005258,-0.15579829059788608,0.12333910304005258,0.15579829059788608,UAM_V4
55,63,118,8286.4053,8286.88618325789,8288.050847457627,0.48088325788921793,1.6455474576268898,0.48088325788921793,1.6455474576268898,UAM_V4
55,64,119,8317.3347,8317.147121803333,8316.72268907563,-0.18757819666643627,-0.612010924369315,0.18757819666643627,0.612010924369315,UAM_V4
55,65,120,8328.4811,8327.306428792925,8329.0,-1.1746712070762442,0.5188999999991211,1.1746712070762442,0.5188999999991211,FRDM2012
55,66,121,8352.9152,8353.221847647907,8354.380165289256,0.3066476479070843,1.4649652892567246,0.3066476479070843,1.4649652892567246,UAM_V4
55,67,122,8359.1515,8360.400297638229,8361.393442622952,1.2487976382290071,2.241942622951683,1.2487976382290071,2.241942622951683,UAM_V4
55,68,123,8380.3796,8380.352322987097,8380.487804878048,-0.02727701290314144,0.10820487804812728,0.02727701290314144,0.10820487804812728,UAM_V4
55,69,124,8383.5114,8383.13298581252,8383.790322580644,-0.37841418748030264,0.27892258064457565,0.37841418748030264,0.27892258064457565,FRDM2012
55,70,125,8399.8033,8399.821827164398,8398.24,0.01852716439861979,-1.5632999999997992,0.01852716439861979,1.5632999999997992,UAM_V4
55,71,126,8399.2673,8398.697917976351,8397.698412698413,-0.5693820236483589,-1.5688873015860736,0.5693820236483589,1.5688873015860736,UAM_V4
55,72,127,8411.5617,8411.351588169806,8409.685039370079,-0.2101118301943643,-1.876660629921389,0.2101118301943643,1.876660629921389,UAM_V4
55,73,128,8406.4953,8407.199750610727,8406.25,0.7044506107267807,-0.24530000000049768,0.7044506107267807,0.24530000000049768,FRDM2012
55,74,129,8416.0465,8416.118655056944,8413.410852713178,0.07215505694330204,-2.6356472868228593,0.07215505694330204,2.6356472868228593,UAM_V4
55,75,130,8408.7848,8408.419654716048,8406.846153846154,-0.36514528395127854,-1.938646153845184,0.36514528395127854,1.938646153845184,UAM_V4
55,76,131,8415.0317,8415.219836472967,8410.687022900764,0.18813647296701674,-4.344677099235923,0.18813647296701674,4.344677099235923,UAM_V4
55,77,132,8405.5878,8405.592744384381,8402.272727272728,0.0049443843818153255,-3.3150727272713993,0.0049443843818153255,3.3150727272713993,UAM_V4
55,78,133,8409.9786,8410.098679135603,8407.518796992481,0.1200791356022819,-2.45980300751944,0.1200791356022819,2.45980300751944,UAM_V4
55,79,134,8398.647,8402.096375348203,8397.985074626866,3.449375348202011,-0.6619253731350909,3.449375348202011,0.6619253731350909,FRDM2012
55,80,135,8401.3393,8406.405692143599,8402.888888888889,5.066392143598932,1.5495888888890477,5.066392143598932,1.5495888888890477,FRDM2012
55,81,136,8389.7723,8385.895181327485,8389.779411764706,-3.87711867251528,0.007111764705769019,3.87711867251528,0.007111764705769019,FRDM2012
55,82,137,8388.9581,8378.427319383693,8390.583941605839,-10.530780616307311,1.625841605839014,10.530780616307311,1.625841605839014,FRDM2012
55,83,138,8360.1437,8358.825192422906,8362.246376811594,-1.3185075770943513,2.102676811593483,1.3185075770943513,2.102676811593483,UAM_V4
55,84,139,8342.3397,8348.04887253459,8343.093525179856,5.709172534589015,0.7538251798559941,5.709172534589015,0.7538251798559941,FRDM2012
55,85,140,8314.3227,8316.413414314113,8309.92857142857,2.0907143141121196,-4.394128571429974,2.0907143141121196,4.394128571429974,UAM_V4
55,86,141,8294.3554,8294.408330738457,8290.496453900709,0.05293073845678009,-3.858946099291643,0.05293073845678009,3.858946099291643,UAM_V4
55,87,142,8264.8777,8264.889947762167,8260.985915492958,0.012247762168044574,-3.8917845070409385,0.012247762168044574,3.8917845070409385,UAM_V4
55,88,143,8243.6707,8243.052721830943,8241.11888111888,-0.6179781690570962,-2.551818881120198,0.6179781690570962,2.551818881120198,UAM_V4
55,89,144,8211.8894,8211.577140083655,8210.0,-0.3122599163452833,-1.8894000000000233,0.3122599163452833,1.8894000000000233,UAM_V4
55,90,145,8188.7342,8189.10322277279,8188.137931034483,0.3690227727902311,-0.5962689655170834,0.3690227727902311,0.5962689655170834,UAM_V4
55,91,146,8155.4365,8155.656132219715,8157.123287671233,0.21963221971509483,1.6867876712331054,0.21963221971509483,1.6867876712331054,UAM_V4
55,92,147,8131.801,8131.726176310119,8133.469387755102,-0.07482368988166854,1.668387755101321,0.07482368988166854,1.668387755101321,UAM_V4
55,93,148,8097.5469,8097.654649155603,8101.486486486487,0.1077491556025052,3.939586486486405,0.1077491556025052,3.939586486486405,UAM_V4
55,94,149,8073.0,8072.592479030272,8077.583892617449,-0.4075209697275568,4.583892617449237,0.4075209697275568,4.583892617449237,UAM_V4
55,95,150,8039.0,8039.061761305982,8044.6,0.06176130598214513,5.600000000000364,0.06176130598214513,5.600000000000364,UAM_V4
55,96,151,8013.0,8014.744484471758,8019.07284768212,1.7444844717583692,6.072847682119573,1.7444844717583692,6.072847682119573,UAM_V4
55,97,152,7980.0,7980.4531,7985.394736842105,0.45309999999972206,5.394736842104976,0.45309999999972206,5.394736842104976,UAM_V4
56,57,113,8035.0,8044.0454,8029.8230088495575,9.045399999999972,-5.176991150442518,9.045399999999972,5.176991150442518,FRDM2012
56,58,114,8089.6865,8097.0,8084.035087719299,7.313500000000204,-5.651412280701152,7.313500000000204,5.651412280701152,FRDM2012
56,59,115,8116.0,8110.997838444335,8113.130434782609,-5.002161555665225,-2.8695652173910275,5.002161555665225,2.8695652173910275,FRDM2012
56,60,116,8162.0,8157.938175524935,8162.068965517241,-4.0618244750648955,0.06896551724094024,4.0618244750648955,0.06896551724094024,FRDM2012
56,61,117,8187.9546,8186.447962531496,8186.068376068376,-1.5066374685038681,-1.8862239316240448,1.5066374685038681,1.8862239316240448,UAM_V4
56,62,118,8227.0,8225.937407934798,8227.627118644068,-1.0625920652018976,0.6271186440681049,1.0625920652018976,0.6271186440681049,FRDM2012
56,63,119,8245.9287,8246.850623819322,8244.453781512606,0.9219238193218189,-1.4749184873944614,0.9219238193218189,1.4749184873944614,UAM_V4
56,64,120,8280.2949,8280.844215551675,8278.25,0.5493155516742263,-2.04490000000078,0.5493155516742263,2.04490000000078,UAM_V4
56,65,121,8293.9083,8293.050993046782,8291.239669421488,-0.8573069532176305,-2.668630578511511,0.8573069532176305,2.668630578511511,UAM_V4
56,66,122,8323.7567,8322.93536945038,8322.04918032787,-0.8213305496192334,-1.7075196721307293,0.8213305496192334,1.7075196721307293,UAM_V4
56,67,123,8330.2086,8330.640988058045,8330.406504065042,0.432388058045035,0.19790406504216662,0.432388058045035,0.19790406504216662,FRDM2012
56,68,124,8355.8209,8356.246721265199,8354.59677419355,0.42582126519846497,-1.2241258064514113,0.42582126519846497,1.2241258064514113,UAM_V4
56,69,125,8358.1784,8358.261801751805,8358.96,0.08340175180455844,0.7815999999984342,0.08340175180455844,0.7815999999984342,UAM_V4
56,70,126,8379.7187,8379.639284084102,8378.095238095239,-0.07941591589769814,-1.6234619047609158,0.07941591589769814,1.6234619047609158,UAM_V4
56,71,127,8378.456,8378.030818053174,8378.110236220473,-0.425181946826342,-0.34576377952726034,0.425181946826342,0.34576377952726034,FRDM2012
56,72,128,8395.9878,8395.935344344654,8393.59375,-0.052455655346420826,-2.3940500000007887,0.052455655346420826,2.3940500000007887,UAM_V4
56,73,129,8391.0811,8391.59128355381,8390.77519379845,0.5101835538098385,-0.3059062015490781,0.5101835538098385,0.3059062015490781,FRDM2012
56,74,130,8405.513,8405.572822903152,8403.461538461539,0.05982290315114369,-2.0514615384618082,0.05982290315114369,2.0514615384618082,UAM_V4
56,75,131,8398.5511,8398.177378583816,8396.259541984733,-0.3737214161847078,-2.291558015267583,0.3737214161847078,2.291558015267583,UAM_V4
56,76,132,8409.3747,8409.313005475631,8403.863636363636,-0.0616945243691589,-5.51106363636427,0.0616945243691589,5.51106363636427,UAM_V4
56,77,133,8400.2059,8400.222574643592,8395.488721804511,0.016674643591613858,-4.717178195489396,0.016674643591613858,4.717178195489396,UAM_V4
56,78,134,8408.1731,8408.245673433903,8403.65671641791,0.07257343390301685,-4.516383582089475,0.07257343390301685,4.516383582089475,UAM_V4
56,79,135,8397.5345,8400.407803758417,8394.296296296296,2.8733037584170233,-3.23820370370413,2.8733037584170233,3.23820370370413,UAM_V4
56,80,136,8402.7566,8407.284804386212,8403.60294117647,4.528204386211655,0.8463411764696502,4.528204386211655,0.8463411764696502,FRDM2012
56,81,137,8391.8288,8388.645352801948,8391.678832116788,-3.183447198050999,-0.14996788321150234,3.183447198050999,0.14996788321150234,FRDM2012
56,82,138,8393.4222,8384.078036540875,8396.521739130434,-9.344163459125411,3.099539130433186,9.344163459125411,3.099539130433186,FRDM2012
56,83,139,8367.0194,8365.33804494076,8369.06474820144,-1.6813550592396496,2.0453482014399924,1.6813550592396496,2.0453482014399924,UAM_V4
56,84,140,8353.15,8358.20347456754,8354.357142857143,5.053474567539524,1.2071428571434808,5.053474567539524,1.2071428571434808,FRDM2012
56,85,141,8326.0774,8328.217737979903,8322.056737588653,2.1403379799030517,-4.020662411347075,2.1403379799030517,4.020662411347075,UAM_V4
56,86,142,8310.9718,8310.894608944445,8307.18309859155,-0.07719105555406713,-3.788701408449924,0.07719105555406713,3.788701408449924,UAM_V4
56,87,143,8281.9878,8282.194795342533,8279.160839160839,0.2069953425325366,-2.826960839161984,0.2069953425325366,2.826960839161984,UAM_V4
56,88,144,8265.4549,8264.77557929663,8263.680555555555,-0.6793207033697399,-1.7743444444458873,0.6793207033697399,1.7743444444458873,UAM_V4
56,89,145,8234.7991,8233.820198564848,8233.586206896553,-0.9789014351517835,-1.212893103447641,0.9789014351517835,1.212893103447641,UAM_V4
56,90,146,8215.5293,8215.892732186505,8217.808219178081,0.3634321865047241,2.278919178081196,0.3634321865047241,2.278919178081196,UAM_V4
56,91,147,8183.2405,8184.253657047358,8185.918367346939,1.0131570473577085,2.6778673469389105,1.0131570473577085,2.6778673469389105,UAM_V4
56,92,148,8164.1118,8164.487936636032,8167.094594594595,0.3761366360322427,2.9827945945953616,0.3761366360322427,2.9827945945953616,UAM_V4
56,93,149,8131.8495,8131.848017675091,8136.577181208054,-0.0014823249093751656,4.727681208053582,0.0014823249093751656,4.727681208053582,UAM_V4
56,94,150,8111.8405,8111.303258178194,8116.2,-0.5372418218066741,4.359499999999571,0.5372418218066741,4.359499999999571,UAM_V4
56,95,151,8079.0,8077.3068574294175,8083.377483443709,-1.693142570582495,4.377483443709025,1.693142570582495,4.377483443709025,UAM_V4
56,96,152,8057.0,8056.253701719781,8061.644736842105,-0.7462982802189799,4.644736842104976,0.7462982802189799,4.644736842104976,UAM_V4
56,97,153,8023.0,8025.149003298314,8028.300653594772,2.1490032983138008,5.300653594771575,2.1490032983138008,5.300653594771575,UAM_V4
56,98,154,8001.0,8002.1595,8005.454545454545,1.1594999999997526,4.454545454545041,1.1594999999997526,4.454545454545041,UAM_V4
57,59,116,8032.0,8049.0,8036.379310344828,17.0,4.3793103448279,17.0,4.3793103448279,FRDM2012
57,60,117,8086.0,8101.0,8087.350427350428,15.0,1.350427350427708,15.0,1.350427350427708,FRDM2012
57,61,118,8114.0,8106.464097385088,8117.71186440678,-7.53590261491172,3.7118644067795685,7.53590261491172,3.7118644067795685,FRDM2012
57,62,119,8159.0,8151.84146654447,8160.0,-7.1585334555302325,1.0,7.1585334555302325,1.0,FRDM2012
57,63,120,8179.0,8180.9704945678195,8183.083333333333,1.9704945678195145,4.08333333333303,1.9704945678195145,4.08333333333303,UAM_V4
57,64,121,8217.0,8218.912659701984,8217.933884297521,1.912659701984012,0.9338842975212174,1.912659701984012,0.9338842975212174,FRDM2012
57,65,122,8235.0,8233.81199210962,8236.639344262296,-1.1880078903795948,1.6393442622957082,1.1880078903795948,1.6393442622957082,UAM_V4
57,66,123,8267.0,8265.695823095752,8267.886178861789,-1.3041769042483793,0.8861788617887214,1.3041769042483793,0.8861788617887214,FRDM2012
57,67,124,8278.2926,8278.936928620236,8280.887096774193,0.644328620235683,2.594496774192521,0.644328620235683,2.594496774192521,UAM_V4
57,68,125,8304.6438,8304.875291437456,8306.0,0.2314914374564978,1.3562000000001717,0.2314914374564978,1.3562000000001717,UAM_V4
57,69,126,8312.4268,8311.80761187252,8315.079365079366,-0.6191881274789921,2.652565079366468,0.6191881274789921,2.652565079366468,UAM_V4
57,70,127,8333.5412,8334.252253014369,8334.8031496063,0.7110530143690994,1.2619496062998223,0.7110530143690994,1.2619496062998223,UAM_V4
57,71,128,8337.1904,8338.087053413286,8339.375,0.8966534132869128,2.1846000000005006,0.8966534132869128,2.1846000000005006,UAM_V4
57,72,129,8356.0449,8355.379358598857,8354.883720930233,-0.6655414011438552,-1.161179069767968,0.6655414011438552,1.161179069767968,UAM_V4
57,73,130,8356.1919,8355.494480859084,8356.23076923077,-0.6974191409153718,0.03886923076970561,0.6974191409153718,0.03886923076970561,FRDM2012
57,74,131,8370.3676,8370.554333335827,8368.473282442748,0.1867333358277392,-1.89431755725127,0.1867333358277392,1.89431755725127,UAM_V4
57,75,132,8367.7559,8368.261959986436,8365.833333333334,0.5060599864355027,-1.922566666666171,0.5060599864355027,1.922566666666171,UAM_V4
57,76,133,8378.8415,8379.142081864808,8375.864661654135,0.3005818648070999,-2.9768383458649623,0.3005818648070999,2.9768383458649623,UAM_V4
57,77,134,8374.4888,8374.008915344239,8370.820895522387,-0.47988465576054296,-3.6679044776119554,0.47988465576054296,3.6679044776119554,UAM_V4
57,78,135,8382.7972,8382.440145239936,8378.962962962964,-0.3570547600647842,-3.834237037037383,0.3570547600647842,3.834237037037383,UAM_V4
57,79,136,8376.0512,8379.263271796255,8373.382352941177,3.212071796255259,-2.668847058823303,3.212071796255259,2.668847058823303,FRDM2012
57,80,137,8381.8807,8386.867602427583,8381.897810218978,4.986902427583118,0.01711021897790488,4.986902427583118,0.01711021897790488,FRDM2012
57,81,138,8375.0835,8371.515323206904,8375.289855072464,-3.568176793096427,0.20635507246333873,3.568176793096427,0.20635507246333873,FRDM2012
57,82,139,8377.9987,8368.599886019641,8380.431654676258,-9.398813980358682,2.432954676258305,9.398813980358682,2.432954676258305,FRDM2012
57,83,140,8355.0201,8354.37617483905,8357.07142857143,-0.6439251609499479,2.0513285714296217,0.6439251609499479,2.0513285714296217,UAM_V4
57,84,141,8343.205,8348.099018397228,8343.04964539007,4.8940183972281375,-0.15535460992941807,4.8940183972281375,0.15535460992941807,FRDM2012
57,85,142,8320.8263,8321.796453824483,8316.197183098591,0.9701538244826224,-4.629116901409361,0.9701538244826224,4.629116901409361,UAM_V4
57,86,143,8306.1271,8306.286138344736,8302.867132867133,0.15903834473647294,-3.2599671328662225,0.15903834473647294,3.2599671328662225,UAM_V4
57,87,144,8281.4283,8282.438839377002,8279.513888888889,1.010539377002715,-1.9144111111108941,1.010539377002715,1.9144111111108941,UAM_V4
57,88,145,8266.0873,8265.238064044892,8265.172413793103,-0.8492359551073605,-0.9148862068959716,0.8492359551073605,0.9148862068959716,UAM_V4
57,89,146,8239.9988,8238.400426932769,8241.164383561643,-1.5983730672305683,1.1655835616438708,1.5983730672305683,1.1655835616438708,FRDM2012
57,90,147,8221.5536,8222.33925113114,8223.945578231293,0.7856511311401846,2.391978231293251,0.7856511311401846,2.391978231293251,UAM_V4
57,91,148,8193.7165,8195.727054630723,8197.027027027027,2.010554630722254,3.3105270270261826,2.010554630722254,3.3105270270261826,UAM_V4
57,92,149,8176.1915,8175.899542224339,8180.604026845637,-0.29195777566110337,4.4125268456373306,0.29195777566110337,4.4125268456373306,UAM_V4
57,93,150,8149.4339,8148.658081318571,8153.8,-0.7758186814289729,4.366100000000188,0.7758186814289729,4.366100000000188,UAM_V4
57,94,151,8129.0436,8129.884972472748,8133.973509933775,0.8413724727479348,4.929909933774979,0.8413724727479348,4.929909933774979,UAM_V4
57,95,152,8102.0,8101.8497478903855,8104.934210526316,-0.15025210961448465,2.9342105263158373,0.15025210961448465,2.9342105263158373,UAM_V4
57,96,153,8081.0,8080.01359839414,8084.0522875817,-0.98640160586001,3.052287581699602,0.98640160586001,3.052287581699602,UAM_V4
57,97,154,8051.0,8049.656382369082,8054.1558441558445,-1.3436176309178336,3.155844155844534,1.3436176309178336,3.155844155844534,UAM_V4
57,98,155,8028.0,8026.941302665784,8031.612903225807,-1.058697334216049,3.6129032258068037,1.058697334216049,3.6129032258068037,UAM_V4
57,99,156,7997.0,8000.0,8000.0,3.0,3.0,3.0,3.0,TIE
57,100,157,7972.0,7975.0,7976.8152866242035,3.0,4.815286624203509,3.0,4.815286624203509,UAM_V4
58,61,119,8058.0,8071.0,8061.09243697479,13.0,3.092436974789962,13.0,3.092436974789962,FRDM2012
58,62,120,8108.0,8115.4639545489845,8109.166666666667,7.463954548984475,1.1666666666669698,7.463954548984475,1.1666666666669698,FRDM2012
58,63,121,8132.0,8125.1690230006625,8133.801652892562,-6.8309769993375085,1.8016528925618331,6.8309769993375085,1.8016528925618331,FRDM2012
58,64,122,8174.0,8168.334065161266,8174.754098360656,-5.665934838733847,0.7540983606559166,5.665934838733847,0.7540983606559166,FRDM2012
58,65,123,8193.0,8192.848823029077,8194.065040650406,-0.1511769709231885,1.065040650406445,0.1511769709231885,1.065040650406445,UAM_V4
58,66,124,8229.0,8228.99745771173,8229.354838709678,-0.0025422882699785987,0.3548387096780061,0.0025422882699785987,0.3548387096780061,UAM_V4
58,67,125,8242.0,8242.019737991159,8243.44,0.01973799115876318,1.4400000000005093,0.01973799115876318,1.4400000000005093,UAM_V4
58,68,126,8273.2581,8272.726880000177,8273.174603174604,-0.5312199998224969,-0.08349682539483183,0.5312199998224969,0.08349682539483183,FRDM2012
58,69,127,8280.7922,8280.87784336664,8282.677165354331,0.0856433666394878,1.8849653543311433,0.0856433666394878,1.8849653543311433,UAM_V4
58,70,128,8306.9259,8307.406267249276,8306.71875,0.48036724927624164,-0.20715000000018335,0.48036724927624164,0.20715000000018335,FRDM2012
58,71,129,8310.9411,8310.804136565785,8311.70542635659,-0.13696343421543133,0.7643263565896632,0.13696343421543133,0.7643263565896632,UAM_V4
58,72,130,8333.2164,8332.974007072218,8331.307692307691,-0.2423929277811112,-1.9087076923078712,0.2423929277811112,1.9087076923078712,UAM_V4
58,73,131,8333.3969,8333.369244924766,8333.20610687023,-0.0276550752332696,-0.19079312977009977,0.0276550752332696,0.19079312977009977,UAM_V4
58,74,132,8352.3223,8352.52367053608,8350.151515151516,0.20137053608050337,-2.1707848484838905,0.20137053608050337,2.1707848484838905,UAM_V4
58,75,133,8349.8301,8350.540534853155,8348.12030075188,0.7104348531556752,-1.7097992481194524,0.7104348531556752,1.7097992481194524,UAM_V4
58,76,134,8365.7716,8365.660693945583,8361.567164179105,-0.11090605441677326,-4.204435820895014,0.11090605441677326,4.204435820895014,UAM_V4
58,77,135,8361.9861,8360.72903677994,8358.0,-1.257063220060445,-3.9861000000000786,1.257063220060445,3.9861000000000786,UAM_V4
58,78,136,8373.7624,8373.75152725085,8368.60294117647,-0.010872749149712035,-5.159458823529349,0.010872749149712035,5.159458823529349,UAM_V4
58,79,137,8367.2497,8370.74355518374,8363.795620437957,3.4938551837403793,-3.454079562043262,3.4938551837403793,3.454079562043262,FRDM2012
58,80,138,8377.0408,8381.212879224906,8375.869565217392,4.1720792249052465,-1.1712347826087353,4.1720792249052465,1.1712347826087353,FRDM2012
58,81,139,8370.4664,8367.308913005396,8370.21582733813,-3.1574869946034596,-0.2505726618692279,3.1574869946034596,0.2505726618692279,FRDM2012
58,82,140,8376.3045,8367.981896801632,8379.42857142857,-8.322603198368597,3.12407142857046,8.322603198368597,3.12407142857046,FRDM2012
58,83,141,8355.3956,8353.89414838599,8357.09219858156,-1.5014516140090564,1.6965985815604654,1.5014516140090564,1.6965985815604654,UAM_V4
58,84,142,8347.07,8351.428541864854,8347.18309859155,4.358541864854487,0.11309859154971491,4.358541864854487,0.11309859154971491,FRDM2012
58,85,143,8324.6765,8326.333440726428,8320.839160839161,1.6569407264287292,-3.8373391608383827,1.6569407264287292,3.8373391608383827,UAM_V4
58,86,144,8314.7612,8314.253677801875,8311.666666666666,-0.5075221981260256,-3.094533333334766,0.5075221981260256,3.094533333334766,UAM_V4
58,87,145,8289.8762,8289.851121745622,8288.965517241379,-0.025078254378968268,-0.9106827586219879,0.025078254378968268,0.9106827586219879,UAM_V4
58,88,146,8278.5081,8278.717118910105,8280.547945205479,0.20901891010544205,2.0398452054796508,0.20901891010544205,2.0398452054796508,UAM_V4
58,89,147,8252.5274,8252.566493893726,8254.897959183674,0.03909389372529404,2.370559183673322,0.03909389372529404,2.370559183673322,UAM_V4
58,90,148,8240.3876,8240.443972738203,8242.027027027027,0.05637273820320843,1.6394270270266134,0.05637273820320843,1.6394270270266134,UAM_V4
58,91,149,8214.2294,8215.211035690672,8218.322147651006,0.9816356906721921,4.092747651005993,0.9816356906721921,4.092747651005993,UAM_V4
58,92,150,8201.123,8201.825171642366,8205.866666666667,0.7021716423660109,4.743666666667195,0.7021716423660109,4.743666666667195,UAM_V4
58,93,151,8176.2779,8175.554467106948,8179.602649006622,-0.7234328930517222,3.324749006622369,0.7234328930517222,3.324749006622369,UAM_V4
58,94,152,8161.0,8160.002888833261,8164.144736842105,-0.9971111667391597,3.144736842104976,0.9971111667391597,3.144736842104976,UAM_V4
58,95,153,8134.0,8133.633969527914,8135.9477124183,-0.36603047208609496,1.947712418300398,0.36603047208609496,1.947712418300398,UAM_V4
58,96,154,8116.0,8116.63042796738,8118.636363636364,0.6304279673795463,2.636363636363967,0.6304279673795463,2.636363636363967,UAM_V4
58,97,155,8087.0,8087.440386076294,8089.354838709677,0.44038607629408943,2.3548387096770966,0.44038607629408943,2.3548387096770966,UAM_V4
58,98,156,8068.0,8065.354666616245,8070.128205128205,-2.6453333837553146,2.1282051282050816,2.6453333837553146,2.1282051282050816,FRDM2012
58,99,157,8037.0,8034.613860167438,8039.299363057325,-2.386139832561639,2.2993630573246264,2.386139832561639,2.2993630573246264,FRDM2012
58,100,158,8015.0,8018.542491068389,8018.607594936709,3.542491068388699,3.607594936708665,3.542491068388699,3.607594936708665,UAM_V4
58,101,159,7983.0,7987.0,7986.540880503145,4.0,3.5408805031447628,4.0,3.5408805031447628,FRDM2012
59,62,121,8033.0,8041.0,8036.611570247934,8.0,3.6115702479337415,8.0,3.6115702479337415,FRDM2012
59,63,122,8060.0,8072.0,8067.295081967213,12.0,7.295081967213264,12.0,7.295081967213264,FRDM2012
59,64,123,8104.0,8100.7722796651215,8108.373983739837,-3.2277203348785406,4.373983739837058,3.2277203348785406,4.373983739837058,UAM_V4
59,65,124,8128.0,8122.316737218459,8133.629032258064,-5.683262781541089,5.629032258064399,5.683262781541089,5.629032258064399,FRDM2012
59,66,125,8167.0,8165.45888661611,8168.88,-1.5411133838897513,1.8800000000001091,1.5411133838897513,1.8800000000001091,UAM_V4
59,67,126,8184.0,8184.002385632647,8188.015873015873,0.00238563264701952,4.015873015872785,0.00238563264701952,4.015873015872785,UAM_V4
59,68,127,8216.0,8215.917603546699,8218.110236220473,-0.08239645330104395,2.1102362204728706,0.08239645330104395,2.1102362204728706,UAM_V4
59,69,128,8228.9141,8228.598866483379,8232.5,-0.31523351662144705,3.585900000000038,0.31523351662144705,3.585900000000038,UAM_V4
59,70,129,8254.3808,8255.241219672935,8257.209302325582,0.8604196729338582,2.828502325581212,0.8604196729338582,2.828502325581212,UAM_V4
59,71,130,8263.7565,8264.170187646136,8266.461538461539,0.41368764613616804,2.705038461539516,0.41368764613616804,2.705038461539516,UAM_V4
59,72,131,8286.1439,8285.625845187262,8286.030534351145,-0.5180548127373186,-0.11336564885459666,0.5180548127373186,0.11336564885459666,FRDM2012
59,73,132,8291.5377,8291.28742925827,8292.19696969697,-0.25027074173158326,0.6592696969692042,0.25027074173158326,0.6592696969692042,UAM_V4
59,74,133,8310.2588,8310.719544433388,8309.172932330826,0.46074443338875426,-1.0858676691732398,0.46074443338875426,1.0858676691732398,UAM_V4
59,75,134,8312.8817,8313.882252188569,8311.34328358209,1.0005521885686903,-1.5384164179104118,1.0005521885686903,1.5384164179104118,UAM_V4
59,76,135,8328.9284,8328.719965552638,8325.481481481482,-0.2084344473623787,-3.4469185185189417,0.2084344473623787,3.4469185185189417,UAM_V4
59,77,136,8330.0089,8328.409489331765,8326.470588235294,-1.5994106682355778,-3.538311764707032,1.5994106682355778,3.538311764707032,UAM_V4
59,78,137,8341.7074,8341.611280503672,8337.299270072992,-0.09611949632744654,-4.408129927007394,0.09611949632744654,4.408129927007394,UAM_V4
59,79,138,8339.2195,8342.829380807532,8336.521739130434,3.6098808075330453,-2.6977608695651725,3.6098808075330453,2.6977608695651725,FRDM2012
59,80,139,8349.5208,8354.080949393345,8348.20143884892,4.560149393344545,-1.3193611510796472,4.560149393344545,1.3193611510796472,FRDM2012
59,81,140,8346.5163,8343.443214282888,8346.642857142857,-3.0730857171110983,0.12655714285756403,3.0730857171110983,0.12655714285756403,FRDM2012
59,82,141,8353.9852,8345.35598549541,8356.524822695035,-8.629214504589982,2.539622695036087,8.629214504589982,2.539622695036087,FRDM2012
59,83,142,8336.3032,8335.464584549643,8338.521126760563,-0.8386154503568832,2.2179267605624773,0.8386154503568832,2.2179267605624773,UAM_V4
59,84,143,8329.428,8334.076728880951,8329.300699300698,4.648728880951239,-0.12730069930148602,4.648728880951239,0.12730069930148602,FRDM2012
59,85,144,8311.5411,8311.756034671189,8308.333333333334,0.21493467118853005,-3.20776666666643,0.21493467118853005,3.20776666666643,UAM_V4
59,86,145,8302.1285,8301.282512545757,8299.793103448275,-0.8459874542440957,-2.3353965517253528,0.8459874542440957,2.3353965517253528,UAM_V4
59,87,146,8280.325,8281.528882613693,8282.534246575342,1.203882613692258,2.20924657534124,1.203882613692258,2.20924657534124,UAM_V4
59,88,147,8270.54,8270.753709380651,8273.265306122448,0.21370938065047085,2.725306122447364,0.21370938065047085,2.725306122447364,UAM_V4
59,89,148,8249.5409,8249.742090755817,8252.635135135135,0.2011907558171515,3.0942351351350226,0.2011907558171515,3.0942351351350226,UAM_V4
59,90,149,8238.304,8239.9345837755,8242.28187919463,1.6305837755007815,3.977879194630077,1.6305837755007815,3.977879194630077,UAM_V4
59,91,150,8218.9316,8219.835954122995,8222.933333333332,0.904354122994846,4.001733333332595,0.904354122994846,4.001733333332595,UAM_V4
59,92,151,8207.8824,8206.64610592365,8211.125827814569,-1.2362940763505321,3.2434278145683493,1.2362940763505321,3.2434278145683493,UAM_V4
59,93,152,8187.1049,8185.03921103424,8188.815789473684,-2.0656889657602733,1.710889473683892,2.0656889657602733,1.710889473683892,FRDM2012
59,94,153,8172.0371,8171.941876806792,8174.248366013072,-0.09522319320785755,2.211266013072418,0.09522319320785755,2.211266013072418,UAM_V4
59,95,154,8147.2994,8148.581856361691,8150.194805194805,1.282456361691402,2.89540519480488,1.282456361691402,2.89540519480488,UAM_V4
59,96,155,8131.0398,8131.10294374961,8132.903225806452,0.06314374961038993,1.8634258064521418,0.06314374961038993,1.8634258064521418,UAM_V4
59,97,156,8105.2337,8104.861659346672,8106.923076923077,-0.3720406533275309,1.6893769230773614,0.3720406533275309,1.6893769230773614,UAM_V4
59,98,157,8085.817,8085.70221942898,8088.216560509554,-0.11478057101976447,2.3995605095542487,0.11478057101976447,2.3995605095542487,UAM_V4
59,99,158,8059.0,8057.279140465712,8060.949367088608,-1.720859534288138,1.949367088607687,1.720859534288138,1.949367088607687,UAM_V4
59,100,159,8037.0,8036.088298724571,8040.377358490566,-0.9117012754286407,3.3773584905657117,0.9117012754286407,3.3773584905657117,UAM_V4
59,101,160,8009.0,8012.741259056226,8012.0,3.7412590562262267,3.0,3.7412590562262267,3.0,FRDM2012
59,102,161,7986.0,7988.183,7990.0,2.1829999999999927,4.0,2.1829999999999927,4.0,UAM_V4
60,64,124,8054.0,8067.0,8057.6612903225805,13.0,3.6612903225804985,13.0,3.6612903225804985,FRDM2012
60,65,125,8080.0,8089.156472335852,8083.12,9.156472335852413,3.119999999999891,9.156472335852413,3.119999999999891,FRDM2012
60,66,126,8122.0,8115.380885148613,8123.809523809524,-6.619114851387167,1.8095238095238528,6.619114851387167,1.8095238095238528,FRDM2012
60,67,127,8142.0,8135.3862994600395,8143.622047244095,-6.613700539960519,1.6220472440945741,6.613700539960519,1.6220472440945741,FRDM2012
60,68,128,8177.0,8177.8533111488605,8178.437499999999,0.8533111488604845,1.4374999999990905,0.8533111488604845,1.4374999999990905,UAM_V4
60,69,129,8191.0,8191.146640130063,8193.255813953489,0.14664013006313326,2.2558139534885413,0.14664013006313326,2.2558139534885413,UAM_V4
60,70,130,8222.5136,8221.262673248479,8222.23076923077,-1.250926751521547,-0.2828307692307135,1.250926751521547,0.2828307692307135,FRDM2012
60,71,131,8230.3045,8230.446021244516,8231.526717557252,0.1415212445153884,1.222217557251497,0.1415212445153884,1.222217557251497,UAM_V4
60,72,132,8256.8104,8257.762400309417,8255.0,0.9520003094166896,-1.8104000000002998,0.9520003094166896,1.8104000000002998,UAM_V4
60,73,133,8262.232,8262.191601739476,8262.03007518797,-0.04039826052394346,-0.20192481203048374,0.04039826052394346,0.20192481203048374,UAM_V4
60,74,134,8285.5391,8285.527207122546,8283.58208955224,-0.011892877453647088,-1.9570104477606947,0.011892877453647088,1.9570104477606947,UAM_V4
60,75,135,8288.1536,8288.869008840375,8286.37037037037,0.7154088403749483,-1.7832296296292043,0.7154088403749483,1.7832296296292043,UAM_V4
60,76,136,8308.5127,8308.22335514915,8304.191176470587,-0.2893448508493748,-4.321523529411934,0.2893448508493748,4.321523529411934,UAM_V4
60,77,137,8309.5892,8308.240506576509,8305.766423357663,-1.348693423491568,-3.822776642336976,1.348693423491568,3.822776642336976,UAM_V4
60,78,138,8325.4946,8325.636153891677,8320.72463768116,0.14155389167717658,-4.769962318840044,0.14155389167717658,4.769962318840044,UAM_V4
60,79,139,8323.6642,8326.937510659116,8319.496402877698,3.27331065911676,-4.167797122301636,3.27331065911676,4.167797122301636,UAM_V4
60,80,140,8337.864,8341.75351761152,8336.214285714286,3.889517611520205,-1.649714285713344,3.889517611520205,1.649714285713344,FRDM2012
60,81,141,8335.5074,8332.962155293873,8334.964539007093,-2.5452447061270504,-0.5428609929076629,2.5452447061270504,0.5428609929076629,FRDM2012
60,82,142,8346.031,8338.255097704248,8348.94366197183,-7.77590229575253,2.912661971829948,7.77590229575253,2.912661971829948,FRDM2012
60,83,143,8330.4893,8328.572882164446,8331.188811188811,-1.9164178355531476,0.6995111888118117,1.9164178355531476,0.6995111888118117,FRDM2012
60,84,144,8326.9237,8330.885111692094,8326.458333333334,3.961411692094771,-0.4653666666654317,3.961411692094771,0.4653666666654317,FRDM2012
60,85,145,8309.1883,8310.886506426441,8305.448275862069,1.6982064264411747,-3.740024137930959,1.6982064264411747,3.740024137930959,UAM_V4
60,86,146,8304.0927,8303.449274570645,8300.753424657534,-0.6434254293544655,-3.3392753424650437,0.6434254293544655,3.3392753424650437,UAM_V4
60,87,147,8283.6036,8282.94699962696,8283.809523809523,-0.6566003730404191,0.20592380952257372,0.6566003730404191,0.20592380952257372,FRDM2012
60,88,148,8277.1778,8277.274186683764,8278.783783783783,0.0963866837646492,1.6059837837838131,0.0963866837646492,1.6059837837838131,UAM_V4
60,89,149,8255.4437,8256.940863977348,8259.664429530201,1.497163977348464,4.2207295302014245,1.497163977348464,4.2207295302014245,UAM_V4
60,90,150,8249.5789,8251.365419351861,8254.333333333334,1.7865193518609885,4.754433333333509,1.7865193518609885,4.754433333333509,UAM_V4
60,91,151,8230.2741,8231.021377432551,8235.430463576158,0.747277432550618,5.156363576157673,0.747277432550618,5.156363576157673,UAM_V4
60,92,152,8224.0078,8222.356813477058,8228.092105263158,-1.650986522941821,4.084305263158967,1.650986522941821,4.084305263158967,UAM_V4
60,93,153,8204.5832,8202.44248336716,8206.862745098038,-2.1407166328390304,2.279545098039307,2.1407166328390304,2.279545098039307,UAM_V4
60,94,154,8192.3491,8192.78796153448,8195.844155844155,0.43886153447965626,3.4950558441560133,0.43886153447965626,3.4950558441560133,UAM_V4
60,95,155,8170.305,8171.304658046665,8172.129032258064,0.9996580466649903,1.8240322580641077,0.9996580466649903,1.8240322580641077,UAM_V4
60,96,156,8156.3265,8155.860767436537,8158.974358974359,-0.4657325634634617,2.647858974359224,0.4657325634634617,2.647858974359224,UAM_V4
60,97,157,8132.1671,8131.644711782054,8133.630573248408,-0.522388217945263,1.4634732484082633,0.522388217945263,1.4634732484082633,UAM_V4
60,98,158,8114.9529,8115.12419117221,8118.544303797468,0.17129117220974877,3.591403797468047,0.17129117220974877,3.591403797468047,UAM_V4
60,99,159,8088.8224,8089.050199266147,8091.446540880504,0.22779926614657597,2.624140880503546,0.22779926614657597,2.624140880503546,UAM_V4
60,100,160,8069.9662,8068.364258970066,8074.125,-1.6019410299340962,4.158800000000156,1.6019410299340962,4.158800000000156,UAM_V4
60,101,161,8042.0,8040.330980208325,8045.83850931677,-1.6690197916750549,3.838509316769887,1.6690197916750549,3.838509316769887,UAM_V4
60,102,162,8022.0,8023.94706649583,8026.79012345679,1.9470664958298585,4.790123456789843,1.9470664958298585,4.790123456789843,UAM_V4
60,103,163,7992.0,7995.1776,7996.625766871166,3.177599999999984,4.625766871165979,3.177599999999984,4.625766871165979,UAM_V4
61,65,126,8008.0,8019.0,8014.285714285715,11.0,6.2857142857146755,11.0,6.2857142857146755,FRDM2012
61,66,127,8052.0,8064.23129446717,8056.062992125984,12.2312944671703,4.062992125984238,12.2312944671703,4.062992125984238,FRDM2012
61,67,128,8075.0,8069.795079972752,8080.703124999999,-5.204920027247681,5.7031249999990905,5.204920027247681,5.7031249999990905,UAM_V4
61,68,129,8114.0,8107.800494284179,8116.511627906977,-6.199505715821033,2.5116279069770826,6.199505715821033,2.5116279069770826,FRDM2012
61,69,130,8131.0,8131.114875233841,8136.2307692307695,0.11487523384130327,5.230769230769511,0.11487523384130327,5.230769230769511,UAM_V4
61,70,131,8163.0,8164.077346724758,8166.259541984733,1.077346724758172,3.259541984733005,1.077346724758172,3.259541984733005,UAM_V4
61,71,132,8177.0,8176.505924655407,8180.757575757576,-0.49407534459260205,3.757575757575978,0.49407534459260205,3.757575757575978,UAM_V4
61,72,133,8204.2841,8203.60643024555,8205.263157894737,-0.6776697544501076,0.9790578947358881,0.6776697544501076,0.9790578947358881,UAM_V4
61,73,134,8213.4131,8213.936258583019,8214.701492537313,0.5231585830188124,1.2883925373134844,0.5231585830188124,1.2883925373134844,UAM_V4
61,74,135,8236.7933,8237.219041678765,8235.555555555555,0.42574167876591673,-1.2377444444446155,0.42574167876591673,1.2377444444446155,UAM_V4
61,75,136,8243.7207,8243.513896025492,8243.676470588236,-0.2068039745081478,-0.04422941176380846,0.2068039745081478,0.04422941176380846,FRDM2012
61,76,137,8263.6516,8263.544376149654,8262.335766423357,-0.10722385034569015,-1.315833576642035,0.10722385034569015,1.315833576642035,UAM_V4
61,77,138,8268.3558,8268.549724331631,8267.68115942029,0.19392433163193346,-0.6746405797093757,0.19392433163193346,0.6746405797093757,UAM_V4
61,78,139,8285.5473,8285.993348493066,8283.309352517985,0.44604849306597316,-2.237947482015443,0.44604849306597316,2.237947482015443,UAM_V4
61,79,140,8289.0958,8291.85008052639,8286.142857142857,2.754280526391085,-2.9529428571422613,2.754280526391085,2.9529428571422613,UAM_V4
61,80,141,8303.9405,8307.815456650831,8303.333333333334,3.874956650830427,-0.6071666666666715,3.874956650830427,0.6071666666666715,FRDM2012
61,81,142,8306.6587,8303.444453536104,8305.070422535211,-3.2142464638964157,-1.5882774647889164,3.2142464638964157,1.5882774647889164,FRDM2012
61,82,143,8317.7341,8309.441603695346,8319.720279720279,-8.292496304653469,1.986179720279324,8.292496304653469,1.986179720279324,FRDM2012
61,83,144,8305.2969,8304.00583454771,8306.388888888889,-1.291065452289331,1.0919888888893183,1.291065452289331,1.0919888888893183,FRDM2012
61,84,145,8302.6583,8307.170255548981,8302.275862068966,4.5119555489818595,-0.3824379310335644,4.5119555489818595,0.3824379310335644,FRDM2012
61,85,146,8288.655,8290.61704644285,8285.684931506848,1.9620464428498963,-2.970068493152212,1.9620464428498963,2.970068493152212,UAM_V4
61,86,147,8284.3712,8282.975982076825,8282.312925170068,-1.3952179231746413,-2.058274829931179,1.3952179231746413,2.058274829931179,UAM_V4
61,87,148,8268.2283,8266.423795190927,8269.45945945946,-1.804504809073478,1.231159459459377,1.804504809073478,1.231159459459377,FRDM2012
61,88,149,8261.5277,8263.143132595504,8265.503355704697,1.61543259550308,3.975655704696692,1.61543259550308,3.975655704696692,UAM_V4
61,89,150,8243.8125,8247.352136654014,8250.666666666666,3.5396366540135205,6.85416666666606,3.5396366540135205,6.85416666666606,UAM_V4
61,90,151,8241.2723,8241.856390862895,8246.15894039735,0.5840908628942998,4.886640397349765,0.5840908628942998,4.886640397349765,UAM_V4
61,91,152,8226.1293,8224.872677211313,8231.118421052632,-1.2566227886873094,4.9891210526311625,1.2566227886873094,4.9891210526311625,UAM_V4
61,92,153,8221.1536,8220.115170255956,8224.967320261438,-1.038429744043242,3.813720261437993,1.038429744043242,3.813720261437993,UAM_V4
61,93,154,8204.717,8204.052719800955,8207.142857142857,-0.6642801990456064,2.42585714285633,0.6642801990456064,2.42585714285633,UAM_V4
61,94,155,8195.2977,8195.521638687618,8197.290322580646,0.22393868761901103,1.992622580646639,0.22393868761901103,1.992622580646639,UAM_V4
61,95,156,8176.7263,8177.099630704683,8177.115384615385,0.3733307046823029,0.38908461538449046,0.3733307046823029,0.38908461538449046,UAM_V4
61,96,157,8164.1458,8163.590948784244,8164.713375796178,-0.554851215756571,0.5675757961780619,0.554851215756571,0.5675757961780619,UAM_V4
61,97,158,8143.3622,8142.633657318156,8143.227848101265,-0.7285426818434644,-0.13435189873416675,0.7285426818434644,0.13435189873416675,FRDM2012
61,98,159,8126.8601,8127.222444035185,8128.553459119496,0.36234403518483305,1.693359119496563,0.36234403518483305,1.693359119496563,UAM_V4
61,99,160,8103.6398,8104.460567474433,8104.75,0.8207674744335236,1.1102000000000771,0.8207674744335236,1.1102000000000771,UAM_V4
61,100,161,8085.9977,8086.558258765742,8088.012422360249,0.5605587657419164,2.014722360248925,0.5605587657419164,2.014722360248925,UAM_V4
61,101,162,8061.0,8058.948146629039,8063.518518518518,-2.0518533709609983,2.518518518518249,2.0518533709609983,2.518518518518249,UAM_V4
61,102,163,8042.0,8039.158775765196,8044.478527607362,-2.841224234804031,2.478527607361684,2.841224234804031,2.478527607361684,FRDM2012
61,103,164,8014.0,8018.185280121639,8017.378048780488,4.185280121639153,3.378048780487916,4.185280121639153,3.378048780487916,FRDM2012
61,104,165,7992.0,7998.0023,7996.363636363636,6.002300000000105,4.363636363636033,6.002300000000105,4.363636363636033,FRDM2012
62,66,128,7998.0,8008.0,8000.703124999999,10.0,2.7031249999990905,10.0,2.7031249999990905,FRDM2012
62,67,129,8023.0,8029.848307315399,8026.511627906978,6.848307315399325,3.511627906977992,6.848307315399325,3.511627906977992,FRDM2012
62,68,130,8065.0,8059.724185833885,8067.384615384615,-5.275814166115197,2.3846153846152447,5.275814166115197,2.3846153846152447,FRDM2012
62,69,131,8085.0,8079.889006615753,8088.396946564885,-5.110993384247195,3.3969465648851838,5.110993384247195,3.3969465648851838,FRDM2012
62,70,132,8122.0,8120.661565277614,8123.181818181818,-1.3384347223864097,1.1818181818180165,1.3384347223864097,1.1818181818180165,FRDM2012
62,71,133,8137.0,8135.643667792002,8138.571428571428,-1.3563322079980935,1.5714285714284415,1.3563322079980935,1.5714285714284415,UAM_V4
62,72,134,8167.0,8168.102475064364,8167.537313432836,1.1024750643637162,0.5373134328356173,1.1024750643637162,0.5373134328356173,FRDM2012
62,73,135,8177.627,8179.003955399475,8177.777777777777,1.3769553994743546,0.1507777777769661,1.3769553994743546,0.1507777777769661,FRDM2012
62,74,136,8205.9165,8205.629050592444,8203.382352941177,-0.2874494075549592,-2.534147058822782,0.2874494075549592,2.534147058822782,UAM_V4
62,75,137,8213.5527,8213.311793663575,8212.262773722628,-0.24090633642481407,-1.2899262773717055,0.24090633642481407,1.2899262773717055,UAM_V4
62,76,138,8237.9286,8237.647469916592,8235.144927536232,-0.2811300834073336,-2.7836724637672887,0.2811300834073336,2.7836724637672887,UAM_V4
62,77,139,8243.0786,8241.949304533224,8240.791366906475,-1.1292954667769664,-2.2872330935260834,1.1292954667769664,2.2872330935260834,UAM_V4
62,78,140,8263.8211,8264.291986920893,8260.714285714286,0.47088692089346296,-3.1068142857129715,0.47088692089346296,3.1068142857129715,UAM_V4
62,79,141,8265.846,8269.727306988067,8263.54609929078,3.881306988067081,-2.29990070922031,3.881306988067081,2.29990070922031,FRDM2012
62,80,142,8285.9407,8289.678998197922,8284.647887323943,3.7382981979226315,-1.2928126760562009,3.7382981979226315,1.2928126760562009,FRDM2012
62,81,143,8288.1825,8285.289969869875,8286.853146853147,-2.8925301301260333,-1.3293531468534638,2.8925301301260333,1.3293531468534638,FRDM2012
62,82,144,8303.68,8295.951291929647,8305.625,-7.728708070353605,1.944999999999709,7.728708070353605,1.944999999999709,FRDM2012
62,83,145,8293.0139,8290.939302307366,8292.896551724138,-2.074597692633688,-0.11734827586224128,2.074597692633688,0.11734827586224128,FRDM2012
62,84,146,8293.8581,8297.59110065291,8292.739726027397,3.73300065291005,-1.1183739726020576,3.73300065291005,1.1183739726020576,FRDM2012
62,85,147,8280.5734,8282.277908264283,8276.122448979591,1.704508264283504,-4.450951020407956,1.704508264283504,4.450951020407956,UAM_V4
62,86,148,8279.6326,8279.013578200178,8277.5,-0.6190217998228036,-2.1326000000008207,0.6190217998228036,2.1326000000008207,UAM_V4
62,87,149,8263.4683,8262.759914061708,8264.295302013423,-0.7083859382928495,0.8270020134223159,0.7083859382928495,0.8270020134223159,UAM_V4
62,88,150,8261.6235,8262.32904567701,8264.066666666668,0.7055456770103774,2.443166666667821,0.7055456770103774,2.443166666667821,UAM_V4
62,89,151,8243.9735,8246.020142110336,8249.867549668874,2.046642110335597,5.894049668873777,2.046642110335597,5.894049668873777,UAM_V4
62,90,152,8244.0645,8244.85252172764,8248.815789473685,0.7880217276397161,4.751289473684665,0.7880217276397161,4.751289473684665,UAM_V4
62,91,153,8228.5373,8228.367559931577,8234.313725490196,-0.16974006842247036,5.776425490195834,0.16974006842247036,5.776425490195834,UAM_V4
62,92,154,8226.8379,8226.213790157775,8231.558441558442,-0.6241098422251525,4.720541558441255,0.6241098422251525,4.720541558441255,UAM_V4
62,93,155,8211.2258,8210.148367322276,8214.451612903225,-1.0774326777245733,3.2258129032252327,1.0774326777245733,3.2258129032252327,UAM_V4
62,94,156,8205.0054,8204.64011173483,8207.948717948719,-0.36528826516951085,2.9433179487186862,0.36528826516951085,2.9433179487186862,UAM_V4
62,95,157,8187.0642,8187.376463105138,8188.789808917198,0.3122631051382996,1.7256089171978601,0.3122631051382996,1.7256089171978601,UAM_V4
62,96,158,8177.3075,8177.335778618096,8179.93670886076,0.028278618096010177,2.629208860759718,0.028278618096010177,2.629208860759718,UAM_V4
62,97,159,8157.4963,8156.8323966019925,8158.993710691824,-0.6639033980072782,1.4974106918243706,0.6639033980072782,1.4974106918243706,UAM_V4
62,98,160,8144.6159,8144.448008081049,8148.0,-0.16789191895077238,3.384100000000217,0.16789191895077238,3.384100000000217,UAM_V4
62,99,161,8122.0418,8123.088476295909,8124.72049689441,1.0466762959085827,2.678696894409768,1.0466762959085827,2.678696894409768,UAM_V4
62,100,162,8107.5745,8108.202918641694,8111.543209876543,0.6284186416942248,3.968709876543471,0.6284186416942248,3.968709876543471,UAM_V4
62,101,163,8084.1653,8083.771311543804,8087.055214723926,-0.3939884561959843,2.8899147239262675,0.3939884561959843,2.8899147239262675,UAM_V4
62,102,164,8067.7803,8067.771228618453,8071.768292682927,-0.009071381547073543,3.987992682926233,0.009071381547073543,3.987992682926233,UAM_V4
62,103,165,8041.0,8038.03923074166,8045.090909090909,-2.960769258340406,4.090909090909008,2.960769258340406,4.090909090909008,UAM_V4
62,104,166,8023.0,8019.147976887726,8026.686746987952,-3.852023112273855,3.6867469879516648,3.852023112273855,3.6867469879516648,FRDM2012
62,105,167,7992.0,7997.8347,7997.724550898203,5.834700000000339,5.724550898203233,5.834700000000339,5.724550898203233,FRDM2012
62,106,168,7971.0,7978.2197,7978.571428571428,7.219699999999648,7.5714285714284415,7.219699999999648,7.5714285714284415,UAM_V4
63,67,130,7950.0,7961.0,7956.2307692307695,11.0,6.230769230769511,11.0,6.230769230769511,FRDM2012
63,68,131,7996.0,8005.0,7998.396946564885,9.0,2.3969465648851838,9.0,2.3969465648851838,FRDM2012
63,69,132,8018.0,8013.217116831898,8024.621212121212,-4.782883168101762,6.621212121212011,4.782883168101762,6.621212121212011,UAM_V4
63,70,133,8056.0,8051.795079972752,8060.6766917293235,-4.204920027247681,4.6766917293234656,4.204920027247681,4.6766917293234656,UAM_V4
63,71,134,8075.0,8074.747630685019,8080.298507462687,-0.25236931498056947,5.298507462686757,0.25236931498056947,5.298507462686757,UAM_V4
63,72,135,8107.0,8107.198202988747,8110.0,0.19820298874674336,3.0,0.19820298874674336,3.0,UAM_V4
63,73,136,8122.0,8121.808195034236,8125.661764705882,-0.19180496576427686,3.6617647058819784,0.19180496576427686,3.6617647058819784,UAM_V4
63,74,137,8150.5738,8150.5508641915,8152.481751824817,-0.022935808499823906,1.9079518248172462,0.022935808499823906,1.9079518248172462,UAM_V4
63,75,138,8161.6211,8162.939188522571,8164.347826086957,1.318088522571088,2.72672608695666,1.318088522571088,2.72672608695666,UAM_V4
63,76,139,8187.2187,8186.724959395014,8187.338129496403,-0.4937406049866695,0.11942949640251754,0.4937406049866695,0.11942949640251754,FRDM2012
63,77,140,8197.733,8196.000479212065,8197.42857142857,-1.7325207879348454,-0.3044285714295256,1.7325207879348454,0.3044285714295256,FRDM2012
63,78,141,8217.6853,8218.735651266894,8217.234042553191,1.0503512668947224,-0.45125744680808566,1.0503512668947224,0.45125744680808566,FRDM2012
63,79,142,8226.396,8230.687091375155,8224.577464788732,4.291091375154792,-1.8185352112686815,4.291091375154792,1.8185352112686815,FRDM2012
63,80,143,8245.8177,8249.52577178581,8242.797202797203,3.708071785809807,-3.0204972027968324,3.708071785809807,3.0204972027968324,FRDM2012
63,81,144,8254.1744,8250.31203535349,8251.805555555555,-3.862364646509377,-2.3688444444451306,3.862364646509377,2.3688444444451306,FRDM2012
63,82,145,8269.2744,8261.061751113155,8269.931034482759,-8.212648886845273,0.6566344827588182,8.212648886845273,0.6566344827588182,FRDM2012
63,83,146,8261.9327,8260.71990078306,8261.506849315068,-1.2127992169389472,-0.42585068493099243,1.2127992169389472,0.42585068493099243,FRDM2012
63,84,147,8263.5409,8267.712809339795,8262.176870748299,4.171909339795093,-1.3640292517011403,4.171909339795093,1.3640292517011403,FRDM2012
63,85,148,8253.8155,8255.406694832765,8250.337837837838,1.5911948327648133,-3.4776621621622326,1.5911948327648133,3.4776621621622326,UAM_V4
63,86,149,8253.556,8252.251140097509,8252.818791946309,-1.3048599024914438,-0.7372080536915746,1.3048599024914438,0.7372080536915746,FRDM2012
63,87,150,8241.3481,8240.444170789357,8243.466666666667,-0.9039292106426728,2.1185666666679026,0.9039292106426728,2.1185666666679026,UAM_V4
63,88,151,8239.2998,8241.484243852461,8244.238410596026,2.18444385246039,4.938610596025683,2.18444385246039,4.938610596025683,UAM_V4
63,89,152,8226.5854,8229.236781978969,8233.75,2.651381978968857,7.164600000000064,2.651381978968857,7.164600000000064,UAM_V4
63,90,153,8228.7011,8228.439641651357,8233.26797385621,-0.2614583486429183,4.566873856208986,0.2614583486429183,4.566873856208986,UAM_V4
63,91,154,8217.1006,8216.401344846263,8222.142857142857,-0.6992551537368854,5.042257142857125,0.6992551537368854,5.042257142857125,UAM_V4
63,92,155,8216.676,8216.345077935286,8219.870967741936,-0.33092206471337704,3.194967741936125,0.33092206471337704,3.194967741936125,UAM_V4
63,93,156,8204.6192,8203.717360480206,8206.153846153846,-0.901839519792702,1.534646153846552,0.901839519792702,1.534646153846552,UAM_V4
63,94,157,8199.7975,8199.314251765047,8200.382165605095,-0.48324823495386227,0.5846656050944148,0.48324823495386227,0.5846656050944148,UAM_V4
63,95,158,8185.132,8185.379300091031,8184.620253164557,0.24730009103132033,-0.5117468354428638,0.24730009103132033,0.5117468354428638,UAM_V4
63,96,159,8176.6987,8177.0798728002965,8176.2893081761,0.38117280029655376,-0.4093918238995684,0.38117280029655376,0.4093918238995684,UAM_V4
63,97,160,8160.103,8159.80410746186,8159.4375,-0.2988925381396257,-0.6655000000000655,0.2988925381396257,0.6655000000000655,UAM_V4
63,98,161,8148.981,8148.512146689149,8149.192546583851,-0.46885331085104553,0.2115465838514865,0.46885331085104553,0.2115465838514865,FRDM2012
63,99,162,8129.5593,8130.132234215628,8129.382716049383,0.5729342156282655,-0.17658395061698684,0.5729342156282655,0.17658395061698684,FRDM2012
63,100,163,8116.0172,8116.914020934538,8116.993865030675,0.8968209345375726,0.9766650306746669,0.8968209345375726,0.9766650306746669,UAM_V4
63,101,164,8095.3686,8095.030611806147,8095.670731707317,-0.33798819385265233,0.30213170731713035,0.33798819385265233,0.30213170731713035,FRDM2012
63,102,165,8080.0529,8079.357765537002,8081.030303030303,-0.6951344629978848,0.9774030303033214,0.6951344629978848,0.9774030303033214,UAM_V4
63,103,166,8056.0,8056.1603705182,8057.590361445783,0.1603705181996702,1.5903614457829462,0.1603705181996702,1.5903614457829462,UAM_V4
63,104,167,8038.0,8035.68303540576,8039.880239520958,-2.3169645942398347,1.8802395209577298,2.3169645942398347,1.8802395209577298,FRDM2012
63,105,168,8012.0,8009.720651332892,8014.047619047619,-2.2793486671080245,2.047619047619264,2.2793486671080245,2.047619047619264,FRDM2012
63,106,169,7991.0,7995.764008668339,7995.325443786982,4.764008668338647,4.32544378698185,4.764008668338647,4.32544378698185,FRDM2012
63,107,170,7963.0,7968.0,7968.117647058823,5.0,5.117647058823422,5.0,5.117647058823422,UAM_V4
64,69,133,7966.0,7976.0,7969.774436090225,10.0,3.7744360902252083,10.0,3.7744360902252083,FRDM2012
64,70,134,8008.0,8013.1557895285305,8010.895522388059,5.155789528530477,2.895522388059362,5.155789528530477,2.895522388059362,FRDM2012
64,71,135,8028.0,8022.724185833885,8031.777777777777,-5.275814166115197,3.7777777777773736,5.275814166115197,3.7777777777773736,FRDM2012
64,72,136,8064.0,8059.856520747193,8066.10294117647,-4.143479252807083,2.1029411764702672,4.143479252807083,2.1029411764702672,FRDM2012
64,73,137,8080.0,8080.881557819876,8082.992700729927,0.8815578198764342,2.9927007299265824,0.8815578198764342,2.9927007299265824,UAM_V4
64,74,138,8112.0,8112.921319196389,8113.768115942029,0.9213191963890495,1.7681159420289987,0.9213191963890495,1.7681159420289987,UAM_V4
64,75,139,8126.0,8125.335567654971,8126.474820143885,-0.6644323450291267,0.4748201438851538,0.6644323450291267,0.4748201438851538,FRDM2012
64,76,140,8154.9757,8153.8280921304595,8153.857142857143,-1.1476078695404794,-1.1185571428568437,1.1476078695404794,1.1185571428568437,FRDM2012
64,77,141,8164.609,8164.704301278259,8164.397163120568,0.09530127825837553,-0.21183687943266705,0.09530127825837553,0.21183687943266705,UAM_V4
64,78,142,8190.2569,8191.002484750508,8188.169014084507,0.7455847505079873,-2.0878859154936436,0.7455847505079873,2.0878859154936436,UAM_V4
64,79,143,8198.3188,8200.796960950192,8196.503496503496,2.4781609501933417,-1.815303496503475,2.4781609501933417,1.815303496503475,FRDM2012
64,80,144,8221.9382,8225.93495119324,8218.819444444445,3.996751193239106,-3.1187555555552535,3.996751193239106,3.1187555555552535,FRDM2012
64,81,145,8228.9485,8227.077624591835,8227.931034482759,-1.8708754081653751,-1.0174655172413622,1.8708754081653751,1.0174655172413622,FRDM2012
64,82,146,8249.5072,8241.367050854531,8250.13698630137,-8.140149145468968,0.629786301369677,8.140149145468968,0.629786301369677,FRDM2012
64,83,147,8243.3366,8240.716379071828,8242.176870748299,-2.6202209281727846,-1.1597292517017195,2.6202209281727846,1.1597292517017195,FRDM2012
64,84,148,8248.3398,8252.163080608358,8246.824324324325,3.8232806083578907,-1.5154756756746792,3.8232806083578907,1.5154756756746792,FRDM2012
64,85,149,8239.4856,8241.341621068668,8234.630872483222,1.8560210686682694,-4.854727516778439,1.8560210686682694,4.854727516778439,UAM_V4
64,86,150,8242.6103,8242.093265236097,8239.8,-0.5170347639032116,-2.810300000001007,0.5170347639032116,2.810300000001007,UAM_V4
64,87,151,8231.0446,8230.491647382049,8231.986754966887,-0.5529526179507229,0.942154966887756,0.5529526179507229,0.942154966887756,UAM_V4
64,88,152,8233.4042,8234.308920619422,8235.855263157895,0.9047206194209139,2.4510631578941684,0.9047206194209139,2.4510631578941684,UAM_V4
64,89,153,8220.4209,8222.350180231955,8225.816993464052,1.9292802319559996,5.396093464052683,1.9292802319559996,5.396093464052683,UAM_V4
64,90,154,8224.7996,8225.066157903879,8228.57142857143,0.26655790387849265,3.7718285714290687,0.26655790387849265,3.7718285714290687,UAM_V4
64,91,155,8213.2541,8212.831218733894,8217.612903225807,-0.42288126610583276,4.358803225806696,0.42288126610583276,4.358803225806696,UAM_V4
64,92,156,8215.3253,8214.999892112373,8218.589743589744,-0.3254078876270796,3.264443589743678,0.3254078876270796,3.264443589743678,UAM_V4
64,93,157,8203.5072,8202.637357121579,8205.414012738853,-0.8698428784209682,1.90681273885275,0.8698428784209682,1.90681273885275,UAM_V4
64,94,158,8201.8229,8201.578090557201,8203.291139240506,-0.24480944279821415,1.4682392405065912,0.24480944279821415,1.4682392405065912,UAM_V4
64,95,159,8187.6177,8188.122669493934,8187.987421383647,0.5049694939343681,0.3697213836476294,0.5049694939343681,0.3697213836476294,FRDM2012
64,96,160,8183.0171,8183.008930762452,8183.375,-0.008169237547917874,0.35789999999997235,0.008169237547917874,0.35789999999997235,UAM_V4
64,97,161,8167.1934,8166.585451543099,8166.770186335404,-0.6079484569008855,-0.4232136645960054,0.6079484569008855,0.4232136645960054,FRDM2012
64,98,162,8159.0373,8158.825949262632,8159.938271604939,-0.2113507373678658,0.9009716049386043,0.2113507373678658,0.9009716049386043,UAM_V4
64,99,163,8140.756,8141.222156870797,8141.104294478528,0.46615687079702184,0.3482944785273503,0.46615687079702184,0.3482944785273503,FRDM2012
64,100,164,8129.9978,8130.329304055195,8131.951219512195,0.33150405519518245,1.9534195121950688,0.33150405519518245,1.9534195121950688,UAM_V4
64,101,165,8110.4428,8110.492150752804,8111.212121212121,0.04935075280445744,0.7693212121212127,0.04935075280445744,0.7693212121212127,UAM_V4
64,102,166,8097.226,8097.316385518034,8099.939759036145,0.09038551803405426,2.7137590361453476,0.09038551803405426,2.7137590361453476,UAM_V4
64,103,167,8075.5428,8075.161558669772,8076.706586826347,-0.3812413302284767,1.16378682634695,0.3812413302284767,1.16378682634695,UAM_V4
64,104,168,8060.0,8059.142829086601,8062.797619047619,-0.8571709133993863,2.797619047619264,0.8571709133993863,2.797619047619264,UAM_V4
64,105,169,8035.0,8032.731798643363,8037.751479289941,-2.2682013566372916,2.7514792899410168,2.2682013566372916,2.7514792899410168,UAM_V4
64,106,170,8017.0,8015.913371017173,8021.941176470588,-1.0866289828272784,4.941176470588289,1.0866289828272784,4.941176470588289,UAM_V4
64,107,171,7990.0,7993.520896262333,7995.847953216375,3.520896262332826,5.847953216374663,3.520896262332826,5.847953216374663,UAM_V4
64,108,172,7972.0,7974.0,7978.313953488372,2.0,6.313953488372135,2.0,6.313953488372135,UAM_V4
65,70,135,7939.0,7946.0,7943.259259259259,7.0,4.2592592592591245,7.0,4.2592592592591245,FRDM2012
65,71,136,7961.0,7969.3268,7968.60294117647,8.326799999999821,7.602941176470267,8.326799999999821,7.602941176470267,FRDM2012
65,72,137,7999.0,7996.134372582064,8003.868613138686,-2.865627417935684,4.86861313868576,2.865627417935684,4.86861313868576,UAM_V4
65,73,138,8019.0,8015.072069486808,8024.565217391304,-3.927930513192223,5.5652173913040315,3.927930513192223,5.5652173913040315,UAM_V4
65,74,139,8052.0,8051.466610518973,8056.187050359712,-0.5333894810273705,4.187050359711975,0.5333894810273705,4.187050359711975,UAM_V4
65,75,140,8068.6732,8068.309017889446,8073.285714285715,-0.36418211055388383,4.6125142857144965,0.36418211055388383,4.6125142857144965,UAM_V4
65,76,141,8097.4761,8097.24461392401,8100.63829787234,-0.23148607598977833,3.1621978723405846,0.23148607598977833,3.1621978723405846,UAM_V4
65,77,142,8111.508,8112.299666836756,8115.070422535211,0.7916668367561215,3.562422535211226,0.7916668367561215,3.562422535211226,UAM_V4
65,78,143,8138.2176,8140.923712378364,8138.461538461538,2.706112378364196,0.24393846153816412,2.706112378364196,0.24393846153816412,FRDM2012
65,79,144,8151.2877,8153.616609251463,8151.180555555556,2.328909251463301,-0.10714444444420224,2.328909251463301,0.10714444444420224,FRDM2012
65,80,145,8178.5397,8178.694416606808,8173.862068965517,0.1547166068075967,-4.677631034483056,0.1547166068075967,4.677631034483056,UAM_V4
65,81,146,8187.1474,8184.115844799857,8186.369863013699,-3.031555200142975,-0.7775369863011292,3.031555200142975,0.7775369863011292,FRDM2012
65,82,147,8206.625,8201.082012102112,8208.367346938776,-5.542987897888452,1.7423469387758814,5.542987897888452,1.7423469387758814,FRDM2012
65,83,148,8204.3207,8203.45967940452,8205.135135135135,-0.8610205954810226,0.8144351351347723,0.8610205954810226,0.8144351351347723,FRDM2012
65,84,149,8209.8153,8213.082968823295,8209.93288590604,3.2676688232950255,0.11758590604040364,3.2676688232950255,0.11758590604040364,FRDM2012
65,85,150,8206.3396,8206.929403991822,8202.866666666667,0.5898039918229188,-3.4729333333325485,0.5898039918229188,3.4729333333325485,UAM_V4
65,86,151,8208.8743,8208.340649699805,8209.072847682119,-0.5336503001944948,0.19854768211916962,0.5336503001944948,0.19854768211916962,FRDM2012
65,87,152,8202.0072,8202.194187710318,8205.0,0.18698771031813521,2.9927999999999884,0.18698771031813521,2.9927999999999884,UAM_V4
65,88,153,8205.0504,8206.55147314832,8209.869281045752,1.501073148319847,4.818881045752278,1.501073148319847,4.818881045752278,UAM_V4
65,89,154,8196.6697,8198.527730231748,8203.506493506493,1.8580302317477617,6.8367935064925405,1.8580302317477617,6.8367935064925405,UAM_V4
65,90,155,8202.9173,8202.530205751218,8206.709677419354,-0.387094248781068,3.7923774193550344,0.387094248781068,3.7923774193550344,UAM_V4
65,91,156,8194.6415,8193.983681305173,8199.102564102564,-0.6578186948263465,4.4610641025647055,0.6578186948263465,4.4610641025647055,UAM_V4
65,92,157,8198.1416,8197.904065985076,8200.509554140128,-0.23753401492467674,2.36795414012704,0.23753401492467674,2.36795414012704,UAM_V4
65,93,158,8189.1556,8187.960200293621,8190.822784810127,-1.1953997063792485,1.6671848101268552,1.1953997063792485,1.6671848101268552,UAM_V4
65,94,159,8188.8025,8188.668521933336,8189.182389937107,-0.13397806666398537,0.37988993710678187,0.13397806666398537,0.37988993710678187,UAM_V4
65,95,160,8177.4676,8179.7326183912655,8177.1875,2.265018391265585,-0.2800999999999476,2.265018391265585,0.2800999999999476,FRDM2012
65,96,161,8174.4809,8174.88894338798,8173.416149068323,0.408043387980797,-1.0647509316768264,0.408043387980797,1.0647509316768264,UAM_V4
65,97,162,8164.0773,8161.21207416108,8160.123456790124,-2.865225838920196,-3.9538432098761405,2.865225838920196,3.9538432098761405,UAM_V4
65,98,163,8155.6322,8154.841765868777,8154.294478527608,-0.7904341312232646,-1.3377214723923316,0.7904341312232646,1.3377214723923316,UAM_V4
65,99,164,8139.9304,8141.495235798052,8138.658536585366,1.5648357980517176,-1.2718634146340264,1.5648357980517176,1.2718634146340264,FRDM2012
65,100,165,8130.3259,8130.811155431564,8129.939393939394,0.48525543156392814,-0.38650606060582504,0.48525543156392814,0.38650606060582504,FRDM2012
65,101,166,8113.223,8113.314101032009,8112.469879518072,0.09110103200873709,-0.7531204819279083,0.09110103200873709,0.7531204819279083,UAM_V4
65,102,167,8101.441,8101.954484942552,8101.676646706587,0.5134849425521679,0.23564670658743125,0.5134849425521679,0.23564670658743125,FRDM2012
65,103,168,8082.798,8082.502418751011,8082.261904761905,-0.2955812489890377,-0.5360952380951858,0.2955812489890377,0.5360952380951858,UAM_V4
65,104,169,8069.0,8067.9177128122765,8068.934911242603,-1.082287187723523,-0.06508875739655196,1.082287187723523,0.06508875739655196,FRDM2012
65,105,170,8047.0,8046.5023418710125,8047.294117647059,-0.49765812898749573,0.29411764705855603,0.49765812898749573,0.29411764705855603,FRDM2012
65,106,171,8030.0,8028.62994347424,8031.520467836257,-1.3700565257604467,1.520467836257012,1.3700565257604467,1.520467836257012,UAM_V4
65,107,172,8006.0,8005.100164761392,8008.837209302325,-0.8998352386079205,2.837209302325391,0.8998352386079205,2.837209302325391,UAM_V4
65,108,173,7988.0,7991.0470164171475,7991.791907514451,3.0470164171474607,3.7919075144509407,3.0470164171474607,3.7919075144509407,UAM_V4
65,109,174,7963.0,7965.0,7966.954022988506,2.0,3.95402298850604,2.0,3.95402298850604,UAM_V4
66,72,138,7950.0,7955.0,7954.855072463768,5.0,4.8550724637680105,5.0,4.8550724637680105,FRDM2012
66,73,139,7971.0,7976.418673897979,7976.546762589928,5.418673897978806,5.546762589928221,5.418673897978806,5.546762589928221,UAM_V4
66,74,140,8008.0,8005.342984968625,8011.714285714285,-2.6570150313746126,3.7142857142853245,2.6570150313746126,3.7142857142853245,UAM_V4
66,75,141,8027.0,8022.900561197634,8029.929078014185,-4.099438802366421,2.929078014184597,4.099438802366421,2.929078014184597,FRDM2012
66,76,142,8061.0,8059.687839318626,8060.985915492958,-1.3121606813738254,-0.014084507041843608,1.3121606813738254,0.014084507041843608,FRDM2012
66,77,143,8075.0527,8074.613276425403,8075.664335664335,-0.43942357459764025,0.6116356643351537,0.43942357459764025,0.6116356643351537,UAM_V4
66,78,144,8105.5902,8106.56217496768,8102.916666666667,0.9719749676805804,-2.6735333333326707,0.9719749676805804,2.6735333333326707,UAM_V4
66,79,145,8116.8884,8120.176340803909,8117.724137931034,3.2879408039088958,0.8357379310346005,3.2879408039088958,0.8357379310346005,FRDM2012
66,80,146,8146.1128,8149.309425459616,8144.109589041096,3.196625459616371,-2.0032109589037645,3.196625459616371,2.0032109589037645,FRDM2012
66,81,147,8156.768,8154.024581867053,8157.278911564626,-2.7434181329472267,0.5109115646255304,2.7434181329472267,0.5109115646255304,FRDM2012
66,82,148,8180.943,8173.7485808898555,8183.243243243243,-7.194419110144736,2.3002432432431306,7.194419110144736,2.3002432432431306,FRDM2012
66,83,149,8179.0972,8177.178063162601,8180.335570469799,-1.919136837399492,1.2383704697986104,1.919136837399492,1.2383704697986104,FRDM2012
66,84,150,8189.1495,8192.674710641695,8189.533333333334,3.5252106416946845,0.38383333333331393,3.5252106416946845,0.38383333333331393,FRDM2012
66,85,151,8184.6789,8186.360924134746,8181.6556291390725,1.682024134745916,-3.0232708609273686,1.682024134745916,3.0232708609273686,UAM_V4
66,86,152,8192.9171,8192.603873930524,8190.723684210527,-0.31322606947651366,-2.1934157894738746,0.31322606947651366,2.1934157894738746,UAM_V4
66,87,153,8185.7514,8185.387912139504,8187.254901960784,-0.36348786049620685,1.5035019607839786,0.36348786049620685,1.5035019607839786,UAM_V4
66,88,154,8193.1305,8193.669789770269,8195.0,0.5392897702695336,1.8695000000006985,0.5392897702695336,1.8695000000006985,UAM_V4
66,89,155,8184.357,8185.86081217486,8189.032258064516,1.5038121748602862,4.675258064516129,1.5038121748602862,4.675258064516129,UAM_V4
66,90,156,8192.4366,8192.662957052808,8195.51282051282,0.22635705280663387,3.076220512819418,0.22635705280663387,3.076220512819418,UAM_V4
66,91,157,8184.6287,8184.105667062834,8188.025477707007,-0.5230329371661355,3.3967777070065495,0.5230329371661355,3.3967777070065495,UAM_V4
66,92,158,8190.1298,8189.882206143567,8192.658227848102,-0.24759385643301357,2.528427848102183,0.24759385643301357,2.528427848102183,UAM_V4
66,93,159,8181.5842,8180.924530438672,8183.207547169812,-0.6596695613279735,1.6233471698114954,0.6596695613279735,1.6233471698114954,UAM_V4
66,94,160,8184.0526,8183.853246129466,8184.9375,-0.19935387053374143,0.884900000000016,0.19935387053374143,0.884900000000016,UAM_V4
66,95,161,8173.3093,8174.1448910231065,8173.726708074534,0.8355910231066446,0.4174080745342508,0.8355910231066446,0.4174080745342508,FRDM2012
66,96,162,8173.4555,8173.930076355612,8173.333333333333,0.4745763556120437,-0.12216666666699894,0.4745763556120437,0.12216666666699894,FRDM2012
66,97,163,8161.784,8161.061821710674,8160.368098159509,-0.7221782893257114,-1.4159018404907329,0.7221782893257114,1.4159018404907329,UAM_V4
66,98,164,8158.7129,8157.717269309171,8157.865853658536,-0.9956306908297847,-0.8470463414641927,0.9956306908297847,0.8470463414641927,FRDM2012
66,99,165,8143.9083,8143.755739913358,8143.090909090909,-0.15256008664164256,-0.8173909090910456,0.15256008664164256,0.8173909090910456,UAM_V4
66,100,166,8137.2793,8137.908163045336,8137.951807228916,0.6288630453354926,0.6725072289154923,0.6288630453354926,0.6725072289154923,UAM_V4
66,101,167,8120.8782,8121.803354415805,8121.017964071856,0.925154415805082,0.13976407185600692,0.925154415805082,0.13976407185600692,FRDM2012
66,102,168,8112.5293,8112.889932014936,8113.511904761905,0.3606320149356179,0.9826047619044402,0.3606320149356179,0.9826047619044402,UAM_V4
66,103,169,8094.7566,8093.593845440949,8094.556213017751,-1.1627545590508817,-0.2003869822483466,1.1627545590508817,0.2003869822483466,FRDM2012
66,104,170,8084.0,8082.9638285116835,8084.35294117647,-1.0361714883165405,0.35294117647026724,1.0361714883165405,0.35294117647026724,FRDM2012
66,105,171,8062.0,8062.683345832378,8062.923976608187,0.6833458323781088,0.9239766081873313,0.6833458323781088,0.9239766081873313,UAM_V4
66,106,172,8049.0,8049.734598108161,8051.220930232558,0.7345981081607533,2.220930232558203,0.7345981081607533,2.220930232558203,UAM_V4
66,107,173,8026.0,8023.948564041446,8028.959537572255,-2.051435958554066,2.9595375722547033,2.051435958554066,2.9595375722547033,UAM_V4
66,108,174,8011.0,8008.913371017173,8015.172413793103,-2.0866289828272784,4.17241379310326,2.0866289828272784,4.17241379310326,UAM_V4
66,109,175,7986.0,7989.059671657025,7990.914285714286,3.0596716570253193,4.914285714286052,3.0596716570253193,4.914285714286052,UAM_V4
66,110,176,7969.0,7973.0,7974.772727272727,4.0,5.772727272727025,4.0,5.772727272727025,UAM_V4
67,73,140,7906.0,7912.9023,7913.357142857143,6.902299999999741,7.357142857143117,6.902299999999741,7.357142857143117,UAM_V4
67,74,141,7943.0,7949.586717402206,7949.50354609929,6.586717402205977,6.503546099290361,6.586717402205977,6.503546099290361,FRDM2012
67,75,142,7965.0,7961.78717093392,7971.760563380281,-3.212829066080303,6.760563380281383,3.212829066080303,6.760563380281383,UAM_V4
67,76,143,7999.0,7996.07868714215,8002.867132867133,-2.921312857850353,3.867132867132568,2.921312857850353,3.867132867132568,UAM_V4
67,77,144,8017.0977,8016.35034527763,8020.555555555556,-0.7473547223698915,3.4578555555553976,0.7473547223698915,3.4578555555553976,UAM_V4
67,78,145,8048.5792,8049.3359486709005,8048.551724137931,0.7567486709003788,-0.027475862068968127,0.7567486709003788,0.027475862068968127,FRDM2012
67,79,146,8063.2426,8067.423121900683,8067.191780821918,4.180521900683743,3.949180821918162,4.180521900683743,3.949180821918162,FRDM2012
67,80,147,8094.0381,8097.14901965027,8094.013605442177,3.1109196502702616,-0.024494557822436036,3.1109196502702616,0.024494557822436036,FRDM2012
67,81,148,8108.9797,8105.0751628171665,8109.72972972973,-3.9045371828333373,0.7500297297301586,3.9045371828333373,0.7500297297301586,FRDM2012
67,82,149,8133.255,8126.036128808255,8135.436241610738,-7.218871191745166,2.181241610737743,7.218871191745166,2.181241610737743,FRDM2012
67,83,150,8134.8423,8133.6295887276065,8137.2,-1.2127112723937898,2.357699999999568,1.2127112723937898,2.357699999999568,UAM_V4
67,84,151,8145.5267,8149.0683780239215,8146.953642384106,3.541678023921122,1.4269423841060416,3.541678023921122,1.4269423841060416,FRDM2012
67,85,152,8144.9193,8146.295403312781,8143.881578947368,1.376103312781197,-1.037721052631241,1.376103312781197,1.037721052631241,FRDM2012
67,86,153,8153.6372,8153.77579150862,8153.921568627451,0.1385915086202658,0.28436862745093094,0.1385915086202658,0.28436862745093094,UAM_V4
67,87,154,8150.6825,8151.360783526957,8154.415584415585,0.678283526956875,3.7330844155849263,0.678283526956875,3.7330844155849263,UAM_V4
67,88,155,8159.2055,8159.429466237894,8162.8387096774195,0.22396623789427395,3.6332096774194724,0.22396623789427395,3.6332096774194724,UAM_V4
67,89,156,8155.428,8155.528224592649,8160.384615384615,0.1002245926492833,4.956615384615361,0.1002245926492833,4.956615384615361,UAM_V4
67,90,157,8163.1373,8163.432096796023,8167.388535031847,0.29479679602263786,4.251235031846591,0.29479679602263786,4.251235031846591,UAM_V4
67,91,158,8158.4709,8158.349516670638,8163.037974683544,-0.12138332936228835,4.567074683543979,0.12138332936228835,4.567074683543979,UAM_V4
67,92,159,8165.1066,8164.819554464197,8167.798742138365,-0.28704553580337233,2.692142138364943,0.28704553580337233,2.692142138364943,UAM_V4
67,93,160,8158.6004,8158.709407265383,8162.0625,0.10900726538238814,3.4620999999997366,0.10900726538238814,3.4620999999997366,UAM_V4
67,94,161,8163.1134,8163.04602182381,8164.472049689441,-0.06737817618977715,1.3586496894404263,0.06737817618977715,1.3586496894404263,UAM_V4
67,95,162,8155.4126,8155.365558360863,8156.543209876543,-0.047041639136296,1.1306098765435308,0.047041639136296,1.1306098765435308,UAM_V4
67,96,163,8156.967,8157.479269399233,8156.993865030675,0.5122693992334462,0.026865030675253365,0.5122693992334462,0.026865030675253365,FRDM2012
67,97,164,8147.9234,8148.044808339825,8147.134146341464,0.12140833982539334,-0.7892536585359267,0.12140833982539334,0.7892536585359267,UAM_V4
67,98,165,8146.9591,8146.2089647196035,8145.818181818182,-0.7501352803965347,-1.1409181818180514,0.7501352803965347,1.1409181818180514,UAM_V4
67,99,166,8135.4933,8134.961722538766,8134.036144578313,-0.5315774612345194,-1.4571554216872755,0.5315774612345194,1.4571554216872755,UAM_V4
67,100,167,8130.3732,8130.595493089214,8129.760479041916,0.22229308921396296,-0.6127209580836279,0.22229308921396296,0.6127209580836279,UAM_V4
67,101,168,8116.8061,8117.208927978943,8115.952380952381,0.40282797894360556,-0.8537190476190517,0.40282797894360556,0.8537190476190517,UAM_V4
67,102,169,8109.0622,8109.166611363623,8109.289940828402,0.10441136362260295,0.22774082840169285,0.10441136362260295,0.22774082840169285,UAM_V4
67,103,170,8093.7902,8093.630179102696,8093.294117647059,-0.16002089730409352,-0.49608235294181213,0.16002089730409352,0.49608235294181213,UAM_V4
67,104,171,8083.6021,8083.822588936924,8083.976608187135,0.22048893692408456,0.3745081871347793,0.22048893692408456,0.3745081871347793,UAM_V4
67,105,172,8066.0,8066.232800940263,8066.220930232558,0.2328009402626776,0.220930232558203,0.2328009402626776,0.220930232558203,FRDM2012
67,106,173,8054.0,8053.567109324565,8054.739884393063,-0.43289067543537385,0.7398843930632211,0.43289067543537385,0.7398843930632211,UAM_V4
67,107,174,8034.0,8033.542629532128,8035.402298850575,-0.4573704678723516,1.40229885057488,0.4573704678723516,1.40229885057488,UAM_V4
67,108,175,8019.0,8017.148893564233,8022.342857142857,-1.8511064357671785,3.342857142856701,1.8511064357671785,3.342857142856701,UAM_V4
67,109,176,7997.0,7995.616407695673,8000.511363636364,-1.3835923043270668,3.511363636363967,1.3835923043270668,3.511363636363967,UAM_V4
67,110,177,7980.0,7983.999999999999,7985.0847457627115,3.9999999999990905,5.084745762711464,3.9999999999990905,5.084745762711464,UAM_V4
67,111,178,7957.0,7960.0,7962.0224719101125,3.0,5.022471910112472,3.0,5.022471910112472,UAM_V4
68,74,142,7893.0,7901.4873,7898.098591549296,8.487299999999777,5.098591549295634,8.487299999999777,5.098591549295634,FRDM2012
68,75,143,7917.0,7921.060452508389,7921.888111888112,4.060452508389062,4.88811188811178,4.060452508389062,4.88811188811178,UAM_V4
68,76,144,7956.0,7951.32848775853,7957.916666666667,-4.671512241469827,1.9166666666669698,4.671512241469827,1.9166666666669698,FRDM2012
68,77,145,7975.0,7971.396588950758,7975.862068965517,-3.603411049241913,0.86206896551721,3.603411049241913,0.86206896551721,FRDM2012
68,78,146,8010.5127,8011.240558821782,8008.835616438356,0.7278588217814104,-1.6770835616443946,0.7278588217814104,1.6770835616443946,UAM_V4
68,79,147,8026.476,8029.6355290723395,8028.0952380952385,3.159529072339865,1.6192380952388703,3.159529072339865,1.6192380952388703,FRDM2012
68,80,148,8059.6924,8062.558329973381,8058.581081081081,2.865929973380844,-1.1113189189190962,2.865929973380844,1.1113189189190962,FRDM2012
68,81,149,8074.9558,8071.917006765756,8074.295302013423,-3.0387932342437125,-0.6604979865769565,3.0387932342437125,0.6604979865769565,FRDM2012
68,82,150,8102.1962,8095.5343617320805,8103.533333333334,-6.661838267919848,1.3371333333334405,6.661838267919848,1.3371333333334405,FRDM2012
68,83,151,8104.8723,8103.180725080922,8106.225165562914,-1.6915749190784481,1.3528655629143032,1.6915749190784481,1.3528655629143032,FRDM2012
68,84,152,8119.3485,8122.768049524521,8119.605263157895,3.419549524521244,0.25676315789496584,3.419549524521244,0.25676315789496584,FRDM2012
68,85,153,8118.8154,8120.970361383441,8116.993464052288,2.1549613834404227,-1.821935947712518,2.1549613834404227,1.821935947712518,FRDM2012
68,86,154,8132.3919,8132.464351183918,8130.064935064935,0.07245118391801952,-2.326964935065007,0.07245118391801952,2.326964935065007,UAM_V4
68,87,155,8129.4444,8128.838348665657,8129.096774193548,-0.6060513343436469,-0.34762580645201524,0.6060513343436469,0.34762580645201524,FRDM2012
68,88,156,8141.9084,8141.681542534469,8142.051282051282,-0.22685746553088393,0.1428820512819584,0.22685746553088393,0.1428820512819584,FRDM2012
68,89,157,8136.3757,8137.351494291775,8139.554140127389,0.9757942917758555,3.178440127388967,0.9757942917758555,3.178440127388967,UAM_V4
68,90,158,8147.927,8148.2715477224865,8149.2405063291135,0.34454772248682275,1.3135063291138067,0.34454772248682275,1.3135063291138067,UAM_V4
68,91,159,8142.7742,8142.448810118376,8145.2830188679245,-0.3253898816237779,2.508818867924674,0.3253898816237779,2.508818867924674,UAM_V4
68,92,160,8151.7217,8151.712677391596,8153.25,-0.009022608403938648,1.5282999999999447,0.009022608403938648,1.5282999999999447,UAM_V4
68,93,161,8145.8628,8145.612559945893,8147.826086956522,-0.25024005410705286,1.9632869565220972,0.25024005410705286,1.9632869565220972,UAM_V4
68,94,162,8152.3959,8152.16827040822,8153.580246913581,-0.2276295917799871,1.184346913580157,0.2276295917799871,1.184346913580157,UAM_V4
68,95,163,8144.7403,8144.768899093356,8146.257668711656,0.028599093355296645,1.517368711655763,0.028599093355296645,1.517368711655763,UAM_V4
68,96,164,8149.0191,8149.3314048983675,8149.9390243902435,0.3123048983670742,0.919924390243068,0.3123048983670742,0.919924390243068,UAM_V4
68,97,165,8139.9348,8140.494688085655,8140.484848484848,0.559888085655075,0.5500484848480482,0.559888085655075,0.5500484848480482,FRDM2012
68,98,166,8141.9479,8141.670778269003,8142.650602409639,-0.2771217309973508,0.7027024096387322,0.2771217309973508,0.7027024096387322,UAM_V4
68,99,167,8131.7352,8130.8738884212025,8131.437125748503,-0.8613115787975403,-0.29807425149738265,0.8613115787975403,0.29807425149738265,FRDM2012
68,100,168,8129.5897,8129.353303147226,8130.178571428572,-0.23639685277430544,0.5888714285711103,0.23639685277430544,0.5888714285711103,UAM_V4
68,101,169,8117.0078,8117.319840343911,8117.15976331361,0.3120403439106667,0.15196331360948534,0.3120403439106667,0.15196331360948534,FRDM2012
68,102,170,8111.9529,8112.328896944367,8113.470588235294,0.3759969443672162,1.5176882352934626,0.3759969443672162,1.5176882352934626,UAM_V4
68,103,171,8097.7404,8097.875365835109,8098.538011695907,0.13496583510914206,0.7976116959071078,0.13496583510914206,0.7976116959071078,UAM_V4
68,104,172,8090.4052,8090.0283188133135,8092.093023255814,-0.37688118668665993,1.6878232558137825,0.37688118668665993,1.6878232558137825,UAM_V4
68,105,173,8074.0,8073.485692723968,8074.913294797688,-0.5143072760320138,0.9132947976877404,0.5143072760320138,0.9132947976877404,UAM_V4
68,106,174,8064.0,8064.435773611992,8066.724137931034,0.4357736119918627,2.72413793103442,0.4357736119918627,2.72413793103442,UAM_V4
68,107,175,8045.0,8045.701767341888,8048.457142857143,0.7017673418877166,3.4571428571425713,0.7017673418877166,3.4571428571425713,UAM_V4
68,108,176,8034.0,8033.5896158728565,8038.011363636364,-0.4103841271435158,4.011363636363967,0.4103841271435158,4.011363636363967,UAM_V4
68,109,177,8013.0,8010.448564041446,8017.175141242938,-2.551435958554066,4.1751412429375705,2.551435958554066,4.1751412429375705,UAM_V4
68,110,178,7999.0,7996.916078172886,8004.213483146067,-2.0839218271139544,5.213483146067119,2.0839218271139544,5.213483146067119,UAM_V4
68,111,179,7976.0,7979.965638822728,7981.843575418994,3.9656388227276693,5.843575418994078,3.9656388227276693,5.843575418994078,UAM_V4
68,112,180,7960.0,7964.0,7967.388888888889,4.0,7.388888888888687,4.0,7.388888888888687,UAM_V4
69,75,144,7850.0,7859.4989,7858.472222222223,9.498899999999594,8.472222222222626,9.498899999999594,8.472222222222626,FRDM2012
69,76,145,7889.0,7893.6356,7895.172413793103,4.635599999999613,6.17241379310326,4.635599999999613,6.17241379310326,UAM_V4
69,77,146,7914.0,7909.250550000001,7916.780821917808,-4.749449999999342,2.7808219178077707,4.749449999999342,2.7808219178077707,FRDM2012
69,78,147,7948.8178,7947.1485135743615,7949.931972789115,-1.6692864256383473,1.1141727891154005,1.6692864256383473,1.1141727891154005,FRDM2012
69,79,148,7968.5011,7972.27258130288,7972.2972972972975,3.7714813028796925,3.7961972972971125,3.7714813028796925,3.7961972972971125,UAM_V4
69,80,149,8004.0,8005.889929152262,8003.6912751677855,1.8899291522620842,-0.308724832214466,1.8899291522620842,0.308724832214466,FRDM2012
69,81,150,8021.0,8018.613069654904,8021.866666666667,-2.3869303450956068,0.8666666666667879,2.3869303450956068,0.8666666666667879,FRDM2012
69,82,151,8050.0576,8044.000103786428,8051.920529801325,-6.057496213572449,1.8629298013247535,6.057496213572449,1.8629298013247535,FRDM2012
69,83,152,8056.4387,8053.808437599472,8058.618421052632,-2.6302624005274993,2.179721052631976,2.6302624005274993,2.179721052631976,FRDM2012
69,84,153,8071.2571,8074.731172505908,8072.81045751634,3.474072505908225,1.5533575163399291,3.474072505908225,1.5533575163399291,FRDM2012
69,85,154,8074.209,8077.006385284263,8074.545454545455,2.7973852842633278,0.3364545454551262,2.7973852842633278,0.3364545454551262,FRDM2012
69,86,155,8088.376,8088.0080445140275,8088.193548387097,-0.3679554859727432,-0.18245161290360556,0.3679554859727432,0.18245161290360556,FRDM2012
69,87,156,8089.6032,8089.079517783949,8090.961538461538,-0.5236822160504744,1.3583384615385512,0.5236822160504744,1.3583384615385512,UAM_V4
69,88,157,8101.4285,8102.148154165175,8104.649681528663,0.7196541651746884,3.2211815286627825,0.7196541651746884,3.2211815286627825,UAM_V4
69,89,158,8101.1994,8101.657509503365,8104.93670886076,0.4581095033645397,3.7373088607591853,0.4581095033645397,3.7373088607591853,UAM_V4
69,90,159,8112.7549,8112.40451854857,8115.094339622641,-0.3503814514297119,2.3394396226412937,0.3503814514297119,2.3394396226412937,UAM_V4
69,91,160,8110.8124,8110.994365842187,8114.1875,0.18196584218731005,3.3751000000002023,0.18196584218731005,3.3751000000002023,UAM_V4
69,92,161,8120.4906,8120.673460414696,8122.546583850932,0.18286041469582415,2.055983850931625,0.18286041469582415,2.055983850931625,UAM_V4
69,93,162,8117.5868,8116.967688195124,8120.061728395061,-0.619111804876411,2.474928395061397,0.619111804876411,2.474928395061397,UAM_V4
69,94,163,8124.9774,8124.817587165355,8126.625766871166,-0.1598128346449812,1.6483668711662176,0.1598128346449812,1.6483668711662176,UAM_V4
69,95,164,8119.6534,8120.0660462262495,8122.5609756097565,0.4126462262493078,2.90757560975635,0.4126462262493078,2.90757560975635,UAM_V4
69,96,165,8125.5489,8125.892084742302,8126.909090909091,0.3431847423025829,1.3601909090912159,0.3431847423025829,1.3601909090912159,UAM_V4
69,97,166,8118.9357,8119.229697109718,8120.903614457831,0.29399710971756576,1.9679144578312844,0.29399710971756576,1.9679144578312844,UAM_V4
69,98,167,8122.5826,8122.212803829831,8123.293413173653,-0.36979617016913835,0.7108131736531504,0.36979617016913835,0.7108131736531504,UAM_V4
69,99,168,8114.9516,8114.528243808957,8115.416666666667,-0.42335619104323996,0.46506666666664387,0.42335619104323996,0.46506666666664387,UAM_V4
69,100,169,8114.4702,8114.658565370678,8115.029585798817,0.18836537067818426,0.5593857988169475,0.18836537067818426,0.5593857988169475,UAM_V4
69,101,170,8105.5144,8105.736344830729,8105.176470588235,0.22194483072871662,-0.33792941176488966,0.22194483072871662,0.33792941176488966,UAM_V4
69,102,171,8101.8931,8101.906557425693,8102.339181286549,0.01345742569264985,0.44608128654908796,0.01345742569264985,0.44608128654908796,UAM_V4
69,103,172,8091.0367,8090.767036344139,8090.290697674419,-0.26966365586031316,-0.7460023255807755,0.26966365586031316,0.7460023255807755,UAM_V4
69,104,173,8084.4633,8084.204693955309,8084.739884393063,-0.25860604469107784,0.2765843930628762,0.25860604469107784,0.2765843930628762,UAM_V4
69,105,174,8070.6432,8070.360879064694,8070.689655172414,-0.2823209353064158,0.046455172413516266,0.2823209353064158,0.046455172413516266,FRDM2012
69,106,175,8061.7673,8062.001318423819,8063.4857142857145,0.2340184238182701,1.7184142857140614,0.2340184238182701,1.7184142857140614,UAM_V4
69,107,176,8045.1214,8046.095956937273,8047.954545454545,0.9745569372726095,2.833145454545047,0.9745569372726095,2.833145454545047,UAM_V4
69,108,177,8035.0,8034.944787654081,8038.418079096045,-0.0552123459192444,3.4180790960454033,0.0552123459192444,3.4180790960454033,UAM_V4
69,109,178,8017.0,8015.65083326446,8020.2808988764045,-1.349166735540166,3.2808988764045353,1.349166735540166,3.2808988764045353,UAM_V4
69,110,179,8004.0,8002.1517899501305,8008.0446927374305,-1.8482100498695218,4.044692737430523,1.8482100498695218,4.044692737430523,UAM_V4
69,111,180,7983.0,7982.556200145183,7987.777777777777,-0.44379985481737094,4.777777777777374,0.44379985481737094,4.777777777777374,UAM_V4
69,112,181,7969.0,7972.966509228225,7974.254143646409,3.9665092282248224,5.25414364640892,3.9665092282248224,5.25414364640892,UAM_V4
69,113,182,7948.0,7949.0,7953.736263736264,1.0,5.736263736263936,1.0,5.736263736263936,UAM_V4
70,78,148,7906.0,7914.5629,7903.581081081081,8.5628999999999,-2.4189189189191893,8.5628999999999,2.4189189189191893,FRDM2012
70,79,149,7927.0,7941.16637639673,7927.248322147651,14.166376396729902,0.24832214765137905,14.166376396729902,0.24832214765137905,FRDM2012
70,80,150,7965.0,7960.347935746849,7962.533333333334,-4.652064253151366,-2.4666666666662422,4.652064253151366,2.4666666666662422,FRDM2012
70,81,151,7983.7556,7974.4568051648685,7981.258278145695,-9.298794835131957,-2.4973218543054827,9.298794835131957,2.4973218543054827,FRDM2012
70,82,152,8015.4371,8008.666387304733,8015.723684210527,-6.770712695267321,0.2865842105265983,6.770712695267321,0.2865842105265983,FRDM2012
70,83,153,8022.0,8020.079768921869,8022.549019607844,-1.9202310781311098,0.5490196078435474,1.9202310781311098,0.5490196078435474,FRDM2012
70,84,154,8039.9402,8044.04062502616,8040.194805194805,4.100425026160337,0.2546051948047534,4.100425026160337,0.2546051948047534,FRDM2012
70,85,155,8043.8234,8046.184865536087,8042.258064516129,2.361465536087053,-1.5653354838714222,2.361465536087053,1.5653354838714222,FRDM2012
70,86,156,8061.7107,8061.408720728791,8058.846153846154,-0.30197927120843815,-2.8645461538453674,0.30197927120843815,2.8645461538453674,UAM_V4
70,87,157,8062.7551,8062.498986334819,8061.783439490446,-0.25611366518114664,-0.9716605095545674,0.25611366518114664,0.9716605095545674,UAM_V4
70,88,158,8079.1999,8079.083419860046,8078.037974683544,-0.11648013995363726,-1.161925316455381,0.11648013995363726,1.161925316455381,UAM_V4
70,89,159,8078.0428,8078.258628720847,8078.930817610063,0.21582872084673,0.8880176100628887,0.21582872084673,0.8880176100628887,UAM_V4
70,90,160,8092.5614,8092.617909269753,8091.875,0.05650926975340553,-0.686399999999594,0.05650926975340553,0.686399999999594,UAM_V4
70,91,161,8090.3861,8090.155129640632,8090.931677018633,-0.23097035936734756,0.545577018633594,0.23097035936734756,0.545577018633594,UAM_V4
70,92,162,8102.5333,8102.692436479286,8102.222222222223,0.15913647928573482,-0.3110777777774274,0.15913647928573482,0.3110777777774274,UAM_V4
70,93,163,8099.1069,8099.43065865388,8099.938650306748,0.3237586538798496,0.8317503067482903,0.3237586538798496,0.8317503067482903,UAM_V4
70,94,164,8109.4149,8109.239629290822,8109.329268292683,-0.1752707091773118,-0.08563170731667924,0.1752707091773118,0.08563170731667924,FRDM2012
70,95,165,8104.8399,8104.376066507478,8105.636363636364,-0.4638334925220988,0.7964636363640238,0.4638334925220988,0.7964636363640238,UAM_V4
70,96,166,8112.4591,8112.6638762942275,8113.192771084337,0.20477629422748578,0.7336710843374021,0.20477629422748578,0.7336710843374021,UAM_V4
70,97,167,8106.202,8106.731239931545,8107.604790419162,0.5292399315449074,1.4027904191616472,0.5292399315449074,1.4027904191616472,UAM_V4
70,98,168,8111.887,8111.560782954028,8113.035714285715,-0.3262170459720437,1.1487142857149593,0.3262170459720437,1.1487142857149593,UAM_V4
70,99,169,8104.5206,8104.003252418568,8105.443786982249,-0.5173475814317499,0.9231869822488079,0.5173475814317499,0.9231869822488079,UAM_V4
70,100,170,8106.6101,8106.815393394402,8108.0,0.20529339440236072,1.3899000000001251,0.20529339440236072,1.3899000000001251,UAM_V4
70,101,171,8097.8826,8098.434886165593,8098.771929824561,0.5522861655927045,0.8893298245611732,0.5522861655927045,0.8893298245611732,UAM_V4
70,102,172,8097.4295,8097.633096619467,8098.953488372093,0.2035966194671346,1.52398837209239,0.2035966194671346,1.52398837209239,UAM_V4
70,103,173,8087.4276,8086.782399209144,8087.687861271676,-0.645200790855597,0.260261271676427,0.645200790855597,0.260261271676427,FRDM2012
70,104,174,8083.8481,8082.776842331521,8085.057471264367,-1.0712576684791202,1.2093712643672916,1.0712576684791202,1.2093712643672916,UAM_V4
70,105,175,8070.9253,8070.946071515265,8072.171428571429,0.020771515265550988,1.246128571428926,0.020771515265550988,1.246128571428926,UAM_V4
70,106,176,8064.0853,8065.475208556632,8067.954545454545,1.3899085566326903,3.8692454545453074,1.3899085566326903,3.8692454545453074,UAM_V4
70,107,177,8049.9741,8050.702802342565,8053.276836158192,0.7287023425642474,3.302736158191692,0.7287023425642474,3.302736158191692,UAM_V4
70,108,178,8042.7386,8042.072231780607,8046.6292134831465,-0.6663682193930072,3.890613483146808,0.6663682193930072,3.890613483146808,UAM_V4
70,109,179,8026.0,8024.988210635834,8029.385474860335,-1.0117893641663613,3.3854748603353073,1.0117893641663613,3.3854748603353073,UAM_V4
70,110,180,8016.0,8015.299921848761,8019.666666666667,-0.700078151238813,3.66666666666697,0.700078151238813,3.66666666666697,UAM_V4
70,111,181,7996.0,7996.160749788382,8000.773480662983,0.16074978838241805,4.773480662983275,0.16074978838241805,4.773480662983275,UAM_V4
70,112,182,7984.0,7983.4487555836195,7989.67032967033,-0.5512444163805412,5.67032967032992,0.5512444163805412,5.67032967032992,UAM_V4
70,113,183,7963.0,7962.420886970732,7969.508196721312,-0.5791130292682283,6.508196721311833,0.5791130292682283,6.508196721311833,UAM_V4
70,114,184,7951.0,7952.0,7957.119565217391,1.0,6.1195652173910275,1.0,6.1195652173910275,UAM_V4
70,115,185,7929.0,7930.0,7935.2972972972975,1.0,6.2972972972975185,1.0,6.2972972972975185,UAM_V4
71,79,150,7866.0,7884.0,7867.733333333334,18.0,1.7333333333335759,18.0,1.7333333333335759,FRDM2012
71,80,151,7904.0,7930.739500000001,7903.245033112583,26.73950000000059,-0.7549668874171402,26.73950000000059,0.7549668874171402,FRDM2012
71,81,152,7926.0,7917.875864433348,7926.315789473684,-8.124135566651603,0.31578947368416266,8.124135566651603,0.31578947368416266,FRDM2012
71,82,153,7959.0882,7946.128259502599,7960.392156862745,-12.959940497401476,1.3039568627445988,12.959940497401476,1.3039568627445988,FRDM2012
71,83,154,7968.0,7966.840107898831,7971.233766233766,-1.1598921011691345,3.2337662337658912,1.1598921011691345,3.2337662337658912,UAM_V4
71,84,155,7987.4369,7991.846459049025,7988.387096774193,4.40955904902512,0.9501967741935005,4.40955904902512,0.9501967741935005,FRDM2012
71,85,156,7995.3752,7997.001835176677,7995.51282051282,1.6266351766762455,0.13762051281992171,1.6266351766762455,0.13762051281992171,FRDM2012
71,86,157,8013.3128,8012.732493791226,8012.484076433121,-0.5803062087734361,-0.8287235668785797,0.5803062087734361,0.8287235668785797,UAM_V4
71,87,158,8018.5685,8018.729815167323,8019.113924050633,0.16131516732275486,0.5454240506323913,0.16131516732275486,0.5454240506323913,UAM_V4
71,88,159,8034.6009,8035.060690522405,8034.654088050314,0.4597905224045462,0.053188050314020074,0.4597905224045462,0.053188050314020074,FRDM2012
71,89,160,8038.3387,8038.568015799193,8039.875,0.22931579919259093,1.5362999999997555,0.22931579919259093,1.5362999999997555,UAM_V4
71,90,161,8052.7821,8052.530692129438,8053.229813664596,-0.25140787056261615,0.44771366459553974,0.25140787056261615,0.44771366459553974,UAM_V4
71,91,162,8054.5596,8053.983883346932,8055.555555555556,-0.5757166530675022,0.9959555555560655,0.5757166530675022,0.9959555555560655,UAM_V4
71,92,163,8066.6848,8066.738099062125,8066.871165644172,0.05329906212500646,0.18636564417192858,0.05329906212500646,0.18636564417192858,UAM_V4
71,93,164,8065.8043,8066.04514545847,8067.621951219512,0.2408454584701758,1.8176512195122996,0.2408454584701758,1.8176512195122996,UAM_V4
71,94,165,8076.746,8076.734770621201,8077.090909090909,-0.01122937879881647,0.34490909090891364,0.01122937879881647,0.34490909090891364,UAM_V4
71,95,166,8074.1756,8074.778282342228,8076.265060240964,0.6026823422280358,2.0894602409643994,0.6026823422280358,2.0894602409643994,UAM_V4
71,96,167,8083.1722,8083.501598199954,8084.191616766467,0.3293981999540847,1.0194167664667475,0.3293981999540847,1.0194167664667475,UAM_V4
71,97,168,8080.4026,8079.9003401029595,8081.488095238095,-0.502259897040858,1.0854952380950635,0.502259897040858,1.0854952380950635,UAM_V4
71,98,169,8086.3233,8085.9395197655485,8086.745562130178,-0.38378023445147846,0.42226213017784175,0.38378023445147846,0.42226213017784175,UAM_V4
71,99,170,8081.6686,8081.495602181081,8082.235294117647,-0.17299781891870225,0.5666941176468754,0.17299781891870225,0.5666941176468754,UAM_V4
71,100,171,8084.6621,8084.861843084527,8085.555555555556,0.199743084527654,0.8934555555561019,0.199743084527654,0.8934555555561019,UAM_V4
71,101,172,8078.2334,8078.853330176936,8079.069767441861,0.619930176935668,0.8363674418606024,0.619930176935668,0.8363674418606024,UAM_V4
71,102,173,8079.0312,8079.2502475817355,8080.0,0.21904758173513983,0.9687999999996464,0.21904758173513983,0.9687999999996464,UAM_V4
71,103,174,8071.454,8070.891336722375,8071.724137931034,-0.5626632776247789,0.2701379310346965,0.5626632776247789,0.2701379310346965,FRDM2012
71,104,175,8069.1412,8068.375357954867,8070.285714285715,-0.7658420451334678,1.1445142857146493,0.7658420451334678,1.1445142857146493,UAM_V4
71,105,176,8059.0209,8058.968455703181,8060.340909090909,-0.052444296819885494,1.3200090909085702,0.052444296819885494,1.3200090909085702,UAM_V4
71,106,177,8053.4495,8054.324801365008,8057.2316384180795,0.875301365008454,3.7821384180797395,0.875301365008454,3.7821384180797395,UAM_V4
71,107,178,8042.0554,8042.804228271649,8045.561797752809,0.7488282716485628,3.50639775280888,0.7488282716485628,3.50639775280888,UAM_V4
71,108,179,8035.0744,8034.604935653788,8039.776536312849,-0.4694643462125896,4.702136312848779,0.4694643462125896,4.702136312848779,UAM_V4
71,109,180,8022.0394,8021.0434407228395,8025.055555555556,-0.995959277160182,3.016155555555997,0.995959277160182,3.016155555555997,UAM_V4
71,110,181,8011.9301,8011.861147668531,8016.574585635359,-0.06895233146860846,4.64448563535916,0.06895233146860846,4.64448563535916,UAM_V4
71,111,182,7996.0,7996.358449773705,7999.725274725275,0.3584497737047059,3.725274725275085,0.3584497737047059,3.725274725275085,UAM_V4
71,112,183,7984.8125,7984.950357115367,7989.617486338798,0.1378571153672965,4.804986338797789,0.1378571153672965,4.804986338797789,UAM_V4
71,113,184,7967.0,7967.167028176263,7972.717391304348,0.16702817626264732,5.717391304347984,0.16702817626264732,5.717391304347984,UAM_V4
71,114,185,7955.0,7953.965511196834,7960.486486486487,-1.0344888031659139,5.486486486486683,1.0344888031659139,5.486486486486683,UAM_V4
71,115,186,7936.0,7935.047467817561,7941.5053763440865,-0.9525321824394268,5.505376344086471,0.9525321824394268,5.505376344086471,UAM_V4
71,116,187,7923.0,7925.1875,7927.967914438503,2.1875,4.967914438502703,2.1875,4.967914438502703,UAM_V4
71,117,188,7903.0,7905.0,7908.085106382979,2.0,5.085106382978665,2.0,5.085106382978665,UAM_V4
72,81,153,7882.0,7898.0,7881.176470588235,16.0,-0.8235294117648664,16.0,0.8235294117648664,FRDM2012
72,82,154,7918.0,7921.673552853963,7918.506493506494,3.673552853962974,0.5064935064938254,3.673552853962974,0.5064935064938254,FRDM2012
72,83,155,7929.0,7920.956685508586,7930.322580645161,-8.043314491414094,1.322580645160997,8.043314491414094,1.322580645160997,FRDM2012
72,84,156,7952.6676,7949.479077177188,7952.75641025641,-3.188522822812047,0.08881025641039741,3.188522822812047,0.08881025641039741,FRDM2012
72,85,157,7960.0,7961.835721263008,7957.898089171975,1.835721263008054,-2.1019108280252112,1.835721263008054,2.1019108280252112,UAM_V4
72,86,158,7981.2764,7981.826217903155,7978.037974683544,0.5498179031555992,-3.238425316455505,0.5498179031555992,3.238425316455505,UAM_V4
72,87,159,7986.561,7986.568276284243,7984.96855345912,0.007276284243744158,-1.5924465408797914,0.007276284243744158,1.5924465408797914,UAM_V4
72,88,160,8006.3791,8006.164633372203,8003.4375,-0.21446662779726466,-2.9416000000001077,0.21446662779726466,2.9416000000001077,UAM_V4
72,89,161,8009.1245,8009.220504261964,8009.130434782609,0.09600426196448097,0.005934782609074318,0.09600426196448097,0.005934782609074318,FRDM2012
72,90,162,8027.1171,8027.159820662262,8025.308641975309,0.04272066226167226,-1.8084580246913902,0.04272066226167226,1.8084580246913902,UAM_V4
72,91,163,8028.0072,8027.862404574537,8027.60736196319,-0.1447954254626893,-0.39983803681025165,0.1447954254626893,0.39983803681025165,UAM_V4
72,92,164,8043.8142,8043.700314513858,8041.890243902439,-0.11388548614195315,-1.9239560975611312,0.11388548614195315,1.9239560975611312,UAM_V4
72,93,165,8042.8728,8042.965296045364,8042.606060606061,0.09249604536398692,-0.26673939393913315,0.09249604536398692,0.26673939393913315,UAM_V4
72,94,166,8056.4386,8056.56503606906,8054.939759036145,0.12643606905930938,-1.4988409638554003,0.12643606905930938,1.4988409638554003,UAM_V4
72,95,167,8054.185,8054.076641019695,8054.251497005988,-0.1083589803056384,0.06649700598791242,0.1083589803056384,0.06649700598791242,FRDM2012
72,96,168,8065.5536,8065.602673331104,8064.702380952381,0.049073331103500095,-0.8512190476194519,0.049073331103500095,0.8512190476194519,UAM_V4
72,97,169,8061.7791,8062.010372115707,8062.426035502958,0.23127211570681538,0.6469355029585131,0.23127211570681538,0.6469355029585131,UAM_V4
72,98,170,8070.8762,8070.690344213327,8070.823529411765,-0.1858557866726187,-0.052670588234832394,0.1858557866726187,0.052670588234832394,FRDM2012
72,99,171,8066.0687,8066.029019361845,8066.374269005848,-0.039680638155005,0.30556900584815594,0.039680638155005,0.30556900584815594,UAM_V4
72,100,172,8071.7439,8071.775844174509,8072.325581395349,0.03194417450868059,0.5816813953488236,0.03194417450868059,0.5816813953488236,UAM_V4
72,101,173,8066.0164,8065.60828895287,8066.242774566474,-0.40811104713066015,0.22637456647316867,0.40811104713066015,0.22637456647316867,FRDM2012
72,102,174,8068.5341,8068.67180079865,8069.885057471264,0.13770079865025764,1.350957471264337,0.13770079865025764,1.350957471264337,UAM_V4
72,103,175,8060.7625,8061.123204472657,8062.114285714286,0.3607044726568347,1.351785714286052,0.3607044726568347,1.351785714286052,UAM_V4
72,104,176,8061.3604,8060.863326748772,8063.806818181818,-0.49707325122744805,2.4464181818184443,0.49707325122744805,2.4464181818184443,UAM_V4
72,105,177,8051.8365,8051.53008360174,8054.406779661017,-0.3064163982598984,2.5702796610166843,0.3064163982598984,2.5702796610166843,UAM_V4
72,106,178,8049.4438,8050.2890517576625,8054.213483146067,0.8452517576624814,4.769683146067109,0.8452517576624814,4.769683146067109,UAM_V4
72,107,179,8038.5474,8039.086566642062,8043.072625698324,0.5391666420619003,4.525225698323993,0.5391666420619003,4.525225698323993,UAM_V4
72,108,180,8034.9319,8034.165181415442,8039.888888888889,-0.7667185845575659,4.9569888888891,0.7667185845575659,4.9569888888891,UAM_V4
72,109,181,8022.003,8021.41133336908,8025.85635359116,-0.5916666309194625,3.8533535911601575,0.5916666309194625,3.8533535911601575,UAM_V4
72,110,182,8014.8381,8014.802226967708,8020.054945054945,-0.0358730322923293,5.2168450549452245,0.0358730322923293,5.2168450549452245,UAM_V4
72,111,183,8000.0315,7999.717033836334,8004.371584699454,-0.31446616366611124,4.340084699453655,0.31446616366611124,4.340084699453655,UAM_V4
72,112,184,7990.7228,7990.92962115967,7997.173913043478,0.2068211596706533,6.451113043478472,0.2068211596706533,6.451113043478472,UAM_V4
72,113,185,7973.9711,7974.845024852887,7980.4324324324325,0.8739248528872849,6.461332432432755,0.8739248528872849,6.461332432432755,UAM_V4
72,114,186,7964.3032,7964.499389768772,7971.344086021505,0.19618976877154637,7.040886021504775,0.19618976877154637,7.040886021504775,UAM_V4
72,115,187,7947.0,7945.457571741223,7953.048128342246,-1.5424282587773632,6.0481283422459455,1.5424282587773632,6.0481283422459455,UAM_V4
72,116,188,7936.0,7934.585910869539,7942.393617021276,-1.4140891304614343,6.393617021276441,1.4140891304614343,6.393617021276441,UAM_V4
72,117,189,7917.0,7919.776751328385,7923.333333333333,2.7767513283852168,6.33333333333303,2.7767513283852168,6.33333333333303,UAM_V4
72,118,190,7905.0,7907.6968,7911.473684210527,2.696799999999712,6.473684210526699,2.696799999999712,6.473684210526699,UAM_V4
73,82,155,7858.0,7863.3958,7859.677419354839,5.395800000000236,1.677419354839003,5.395800000000236,1.677419354839003,FRDM2012
73,83,156,7872.0,7876.155524361629,7875.7692307692305,4.155524361629432,3.7692307692304894,4.155524361629432,3.7692307692304894,FRDM2012
73,84,157,7896.0608,7893.601281574209,7897.133757961784,-2.4595184257914298,1.0729579617836862,2.4595184257914298,1.0729579617836862,FRDM2012
73,85,158,7907.0,7905.329610597535,7907.53164556962,-1.6703894024649344,0.5316455696201956,1.6703894024649344,0.5316455696201956,FRDM2012
73,86,159,7928.7258,7929.0429850281835,7927.861635220126,0.3171850281833031,-0.864164779874045,0.3171850281833031,0.864164779874045,UAM_V4
73,87,160,7938.2704,7937.743031606997,7937.8125,-0.5273683930035986,-0.45790000000033615,0.5273683930035986,0.45790000000033615,FRDM2012
73,88,161,7957.45,7957.242368350768,7956.708074534162,-0.20763164923209843,-0.7419254658379941,0.20763164923209843,0.7419254658379941,UAM_V4
73,89,162,7964.3432,7964.862143721287,7964.382716049383,0.5189437212866324,0.03951604938265518,0.5189437212866324,0.03951604938265518,FRDM2012
73,90,163,7981.8905,7982.421125455128,7982.638036809816,0.5306254551278471,0.747536809815756,0.5306254551278471,0.747536809815756,UAM_V4
73,91,164,7986.9978,7986.605835902583,7987.743902439024,-0.391964097417258,0.7461024390240709,0.391964097417258,0.7461024390240709,UAM_V4
73,92,165,8003.0547,8002.448936365634,8002.30303030303,-0.6057636343657578,-0.7516696969696568,0.6057636343657578,0.7516696969696568,UAM_V4
73,93,166,8004.9714,8005.188924134897,8006.325301204819,0.2175241348968484,1.3539012048186123,0.2175241348968484,1.3539012048186123,UAM_V4
73,94,167,8018.8614,8019.075553499021,8018.862275449102,0.21415349902144953,0.0008754491018407862,0.21415349902144953,0.0008754491018407862,FRDM2012
73,95,168,8019.4287,8019.406637924016,8020.6547619047615,-0.02206207598464971,1.2260619047610817,0.02206207598464971,1.2260619047610817,UAM_V4
73,96,169,8030.9577,8031.262600689889,8031.656804733728,0.30490068988910934,0.699104733727836,0.30490068988910934,0.699104733727836,UAM_V4
73,97,170,8030.2965,8030.529532715216,8031.941176470588,0.23303271521581337,1.6446764705879104,0.23303271521581337,1.6446764705879104,UAM_V4
73,98,171,8039.7914,8039.477805764715,8040.4678362573095,-0.31359423528465413,0.6764362573094331,0.31359423528465413,0.6764362573094331,UAM_V4
73,99,172,8037.7056,8037.494101490832,8038.662790697675,-0.21149850916845025,0.9571906976743776,0.21149850916845025,0.9571906976743776,UAM_V4
73,100,173,8044.065,8044.205995182679,8044.971098265896,0.14099518267903477,0.9060982658966168,0.14099518267903477,0.9060982658966168,UAM_V4
73,101,174,8040.4528,8040.0463566301505,8041.781609195402,-0.40644336984951224,1.3288091954018455,0.40644336984951224,1.3288091954018455,UAM_V4
73,102,175,8044.4456,8044.377864421549,8046.0,-0.06773557845099276,1.554399999999987,0.06773557845099276,1.554399999999987,UAM_V4
73,103,176,8038.6706,8039.711756698666,8041.079545454545,1.0411566986658727,2.4089454545446642,1.0411566986658727,2.4089454545446642,UAM_V4
73,104,177,8040.8289,8040.787532861926,8043.220338983051,-0.041367138074747345,2.391438983050648,0.041367138074747345,2.391438983050648,UAM_V4
73,105,178,8035.0,8034.199121475276,8036.685393258427,-0.8008785247238848,1.6853932584272115,0.8008785247238848,1.6853932584272115,UAM_V4
73,106,179,8033.5869,8034.300427369333,8037.206703910614,0.7135273693329509,3.619803910613882,0.7135273693329509,3.619803910613882,UAM_V4
73,107,180,8025.8864,8026.358960474344,8028.777777777777,0.4725604743434815,2.891377777777052,0.4725604743434815,2.891377777777052,UAM_V4
73,108,181,8023.405,8022.364676194218,8026.298342541437,-1.0403238057815543,2.8933425414370504,1.0403238057815543,2.8933425414370504,UAM_V4
73,109,182,8012.6332,8011.963590892658,8015.32967032967,-0.6696091073417847,2.6964703296698644,0.6696091073417847,2.6964703296698644,UAM_V4
73,110,183,8006.74,8007.053981880133,8010.163934426229,0.3139818801328147,3.423934426229607,0.3139818801328147,3.423934426229607,UAM_V4
73,111,184,7993.7535,7994.006622334469,7997.228260869565,0.25312233446948085,3.474760869565216,0.25312233446948085,3.474760869565216,UAM_V4
73,112,185,7986.3615,7986.4106782683,7990.540540540541,0.049178268300238415,4.179040540540882,0.049178268300238415,4.179040540540882,UAM_V4
73,113,186,7971.8357,7972.071812782664,7976.397849462365,0.23611278266434965,4.562149462365596,0.23611278266434965,4.562149462365596,UAM_V4
73,114,187,7963.2123,7963.29452592466,7968.235294117647,0.08222592465972411,5.022994117646704,0.08222592465972411,5.022994117646704,UAM_V4
73,115,188,7948.0,7947.9400099190125,7953.404255319149,-0.05999008098751801,5.4042553191493425,0.05999008098751801,5.4042553191493425,UAM_V4
73,116,189,7938.0,7937.925542943636,7943.227513227514,-0.07445705636382627,5.227513227513555,0.07445705636382627,5.227513227513555,UAM_V4
73,117,190,7922.0,7921.868819132092,7925.8421052631575,-0.1311808679083697,3.842105263157464,0.1311808679083697,3.842105263157464,UAM_V4
73,118,191,7911.0,7910.563290423414,7915.811518324607,-0.4367095765855993,4.8115183246072775,0.4367095765855993,4.8115183246072775,UAM_V4
73,119,192,7894.0,7893.5,7896.614583333333,-0.5,2.61458333333303,0.5,2.61458333333303,UAM_V4
73,120,193,7883.0,7884.0,7884.974093264249,1.0,1.9740932642489497,1.0,1.9740932642489497,UAM_V4
73,121,194,7865.0,7866.0,7867.268041237114,1.0,2.268041237113721,1.0,2.268041237113721,UAM_V4
74,83,157,7828.0,7833.0,7830.1910828025475,5.0,2.1910828025474984,5.0,2.1910828025474984,FRDM2012
74,84,158,7855.0,7859.2624738119775,7854.7468354430375,4.262473811977543,-0.2531645569624743,4.262473811977543,0.2531645569624743,FRDM2012
74,85,159,7867.0,7864.380885148613,7865.345911949686,-2.6191148513871667,-1.6540880503143853,2.6191148513871667,1.6540880503143853,FRDM2012
74,86,160,7892.7893,7889.271225713355,7888.5625,-3.51807428664506,-4.226800000000367,3.51807428664506,4.226800000000367,UAM_V4
74,87,161,7901.0,7900.8614665958585,7898.88198757764,-0.13853340414152626,-2.1180124223601524,0.13853340414152626,2.1180124223601524,UAM_V4
74,88,162,7923.8214,7924.493566929472,7920.864197530864,0.6721669294720414,-2.957202469136064,0.6721669294720414,2.957202469136064,UAM_V4
74,89,163,7930.3043,7930.682942890598,7928.773006134969,0.37864289059780276,-1.5312938650304204,0.37864289059780276,1.5312938650304204,UAM_V4
74,90,164,7951.4515,7951.340890141523,7948.59756097561,-0.11060985847689153,-2.8539390243904563,0.11060985847689153,2.8539390243904563,UAM_V4
74,91,165,7955.9704,7955.404590118244,7955.69696969697,-0.5658098817557402,-0.2734303030301817,0.5658098817557402,0.2734303030301817,FRDM2012
74,92,166,7974.8951,7974.779941784519,7973.012048192771,-0.1151582154807329,-1.8830518072290943,0.1151582154807329,1.8830518072290943,UAM_V4
74,93,167,7976.7045,7977.25751301426,7976.88622754491,0.553013014260614,0.18172754491024534,0.553013014260614,0.18172754491024534,FRDM2012
74,94,168,7993.9327,7993.943080876713,7992.440476190476,0.01038087671258836,-1.4922238095241482,0.01038087671258836,1.4922238095241482,UAM_V4
74,95,169,7994.5381,7994.151821975923,7994.497041420118,-0.38627802407700074,-0.04105857988179196,0.38627802407700074,0.04105857988179196,FRDM2012
74,96,170,8008.9482,8009.032240753273,8007.823529411765,0.084040753273257,-1.1246705882349488,0.084040753273257,1.1246705882349488,UAM_V4
74,97,171,8008.1158,8008.4333565671395,8008.245614035088,0.3175565671399454,0.12981403508820222,0.3175565671399454,0.12981403508820222,FRDM2012
74,98,172,8020.1757,8020.115672068229,8019.53488372093,-0.060027931770491705,-0.6408162790694405,0.060027931770491705,0.6408162790694405,UAM_V4
74,99,173,8018.3337,8018.212659419265,8018.0346820809245,-0.12104058073509805,-0.2990179190755953,0.12104058073509805,0.2990179190755953,UAM_V4
74,100,174,8027.2572,8027.145509534185,8026.954022988506,-0.11169046581471775,-0.3031770114939718,0.11169046581471775,0.3031770114939718,UAM_V4
74,101,175,8024.113,8023.669717384627,8023.942857142857,-0.4432826153733913,-0.17014285714321886,0.4432826153733913,0.17014285714321886,FRDM2012
74,102,176,8030.1131,8030.062216511296,8030.909090909091,-0.05088348870322079,0.7959909090914152,0.05088348870322079,0.7959909090914152,UAM_V4
74,103,177,8025.0359,8025.538363437885,8026.271186440678,0.502463437885126,1.2352864406784647,0.502463437885126,1.2352864406784647,UAM_V4
74,104,178,8029.2584,8029.431814224868,8031.460674157303,0.1734142248678836,2.202274157303691,0.1734142248678836,2.202274157303691,UAM_V4
74,105,179,8023.2821,8023.242379771806,8025.195530726257,-0.039720228194710216,1.9134307262565926,0.039720228194710216,1.9134307262565926,UAM_V4
74,106,180,8025.4434,8025.834900228478,8028.777777777777,0.3915002284775255,3.334377777777263,0.3915002284775255,3.334377777777263,UAM_V4
74,107,181,8017.9494,8018.070248878734,8020.6629834254145,0.12084887873334083,2.713583425414072,0.12084887873334083,2.713583425414072,UAM_V4
74,108,182,8018.3096,8017.362234358364,8020.989010989011,-0.9473656416357699,2.679410989011558,0.9473656416357699,2.679410989011558,UAM_V4
74,109,183,8008.3234,8007.49791574257,8009.836065573771,-0.8254842574306167,1.5126655737703913,0.8254842574306167,1.5126655737703913,UAM_V4
74,110,184,8005.0777,8005.514369583842,8007.717391304348,0.4366695838425585,2.639691304348162,0.4366695838425585,2.639691304348162,UAM_V4
74,111,185,7992.9083,7993.625422938981,7995.621621621622,0.7171229389805376,2.713321621621617,0.7171229389805376,2.713321621621617,UAM_V4
74,112,186,7988.6026,7988.441310198834,7991.881720430108,-0.16128980116627645,3.2791204301074686,0.16128980116627645,3.2791204301074686,UAM_V4
74,113,187,7975.1168,7974.637223799376,7978.770053475936,-0.4795762006233417,3.6532534759362534,0.4795762006233417,3.6532534759362534,UAM_V4
74,114,188,7969.0532,7969.212678265439,7973.031914893617,0.15947826543833798,3.9787148936165977,0.15947826543833798,3.9787148936165977,UAM_V4
74,115,189,7954.0,7954.374701099984,7958.8359788359785,0.37470109998412227,4.835978835978494,0.37470109998412227,4.835978835978494,UAM_V4
74,116,190,7947.5031,7947.4236279017605,7950.736842105263,-0.07947209823942103,3.2337421052634454,0.07947209823942103,3.2337421052634454,UAM_V4
74,117,191,7931.4359,7931.3049747325185,7935.497382198952,-0.13092526748187083,4.061482198952035,0.13092526748187083,4.061482198952035,UAM_V4
74,118,192,7924.0,7924.148204356751,7928.229166666667,0.1482043567511937,4.22916666666697,0.1482043567511937,4.22916666666697,UAM_V4
74,119,193,7907.0,7907.1063378517065,7909.896373056995,0.1063378517064848,2.8963730569948893,0.1063378517064848,2.8963730569948893,UAM_V4
74,120,194,7899.0,7897.905064364879,7899.948453608247,-1.0949356351211463,0.9484536082472914,1.0949356351211463,0.9484536082472914,FRDM2012
74,121,195,7881.0,7879.928798273659,7883.333333333333,-1.0712017263413145,2.33333333333303,1.0712017263413145,2.33333333333303,UAM_V4
74,122,196,7872.0,7874.0,7874.489795918367,2.0,2.4897959183672356,2.0,2.4897959183672356,UAM_V4
74,123,197,7853.0,7855.0,7858.375634517766,2.0,5.37563451776623,2.0,5.37563451776623,UAM_V4
75,84,159,7795.0,7801.7929,7797.924528301887,6.7929000000003725,2.9245283018872215,6.7929000000003725,2.9245283018872215,FRDM2012
75,85,160,7810.0,7815.109481766439,7811.125,5.109481766438876,1.125,5.109481766438876,1.125,FRDM2012
75,86,161,7836.3292,7833.167825595651,7834.844720496894,-3.1613744043488623,-1.484479503105831,3.1613744043488623,1.484479503105831,FRDM2012
75,87,162,7848.0,7845.717201288009,7848.024691358025,-2.2827987119908357,0.02469135802493838,2.2827987119908357,0.02469135802493838,FRDM2012
75,88,163,7870.8655,7871.249240800544,7870.184049079755,0.3837408005438192,-0.6814509202449699,0.3837408005438192,0.6814509202449699,UAM_V4
75,89,164,7881.0523,7880.919172304286,7881.280487804878,-0.13312769571439276,0.22818780487796175,0.13312769571439276,0.22818780487796175,UAM_V4
75,90,165,7901.5201,7901.971739206655,7901.393939393939,0.4516392066552726,-0.12616060606069368,0.4516392066552726,0.12616060606069368,FRDM2012
75,91,166,7909.6392,7910.291481623248,7910.180722891566,0.6522816232482,0.5415228915662738,0.6522816232482,0.5415228915662738,FRDM2012
75,92,167,7929.0,7928.579818447659,7929.520958083833,-0.42018155234109145,0.5209580838327383,0.42018155234109145,0.5209580838327383,UAM_V4
75,93,168,7935.1208,7934.296100111966,7936.309523809524,-0.824699888034047,1.1887238095241628,0.824699888034047,1.1887238095241628,UAM_V4
75,94,169,7951.3963,7951.385351951949,7951.834319526627,-0.010948048051432124,0.43801952662670374,0.010948048051432124,0.43801952662670374,UAM_V4
75,95,170,7955.012,7955.532437588418,7957.117647058823,0.5204375884186447,2.105647058823706,0.5204375884186447,2.105647058823706,UAM_V4
75,96,171,7969.4131,7969.579972830047,7970.526315789473,0.16687283004739584,1.1132157894735428,0.16687283004739584,1.1132157894735428,UAM_V4
75,97,172,7971.846,7971.899888644984,7973.662790697675,0.053888644983999257,1.81679069767506,0.053888644983999257,1.81679069767506,UAM_V4
75,98,173,7983.9068,7984.063749283413,7985.086705202312,0.15694928341326886,1.1799052023125114,0.15694928341326886,1.1799052023125114,UAM_V4
75,99,174,7985.0944,7985.0275477134155,7986.379310344828,-0.0668522865844352,1.2849103448279493,0.0668522865844352,1.2849103448279493,UAM_V4
75,100,175,7994.8168,7994.569695334734,7995.714285714285,-0.24710466526539676,0.8974857142857218,0.24710466526539676,0.8974857142857218,UAM_V4
75,101,176,7993.9707,7993.539918089495,7995.568181818182,-0.4307819105051749,1.597481818182132,0.4307819105051749,1.597481818182132,UAM_V4
75,102,177,8001.2229,8001.059295435802,8002.881355932203,-0.16360456419806724,1.6584559322036512,0.16360456419806724,1.6584559322036512,UAM_V4
75,103,178,7998.1576,7998.698059790825,8001.123595505618,0.54045979082548,2.9659955056185936,0.54045979082548,2.9659955056185936,UAM_V4
75,104,179,8003.7666,8004.283626606851,8006.871508379888,0.5170266068507772,3.104908379888002,0.5170266068507772,3.104908379888002,UAM_V4
75,105,180,7999.9922,8000.079019909186,8003.555555555556,0.08681990918648808,3.5633555555559724,0.08681990918648808,3.5633555555559724,UAM_V4
75,106,181,8004.1434,8004.489573764977,8007.016574585636,0.34617376497681107,2.873174585635752,0.34617376497681107,2.873174585635752,UAM_V4
75,107,182,7998.6264,7998.600837311008,8001.923076923077,-0.025562688992067706,3.2966769230770296,0.025562688992067706,3.2966769230770296,UAM_V4
75,108,183,8001.0101,7999.827494832494,8002.786885245901,-1.1826051675061535,1.77678524590101,1.1826051675061535,1.77678524590101,UAM_V4
75,109,184,7992.7517,7992.1514102494875,7994.782608695652,-0.6002897505122746,2.030908695652215,0.6002897505122746,2.030908695652215,UAM_V4
75,110,185,7991.0101,7991.658498990205,7993.135135135135,0.6483989902044414,2.125035135134567,0.6483989902044414,2.125035135134567,UAM_V4
75,111,186,7981.2713,7981.607369515036,7983.655913978495,0.3360695150358879,2.384613978494599,0.3360695150358879,2.384613978494599,UAM_V4
75,112,187,7977.9519,7977.7302876894655,7980.374331550802,-0.22161231053451047,2.4224315508017753,0.22161231053451047,2.4224315508017753,UAM_V4
75,113,188,7966.7481,7966.875132674645,7969.468085106383,0.12703267464530654,2.7199851063833194,0.12703267464530654,2.7199851063833194,UAM_V4
75,114,189,7961.8105,7962.127031275906,7964.708994708994,0.3165312759065273,2.8984947089948037,0.3165312759065273,2.8984947089948037,UAM_V4
75,115,190,7949.7759,7949.622061606768,7953.1578947368425,-0.15383839323203574,3.3819947368428984,0.15383839323203574,3.3819947368428984,UAM_V4
75,116,191,7943.9588,7944.019017673082,7945.968586387435,0.060217673081751855,2.00978638743436,0.060217673081751855,2.00978638743436,UAM_V4
75,117,192,7930.2389,7930.403073314779,7933.958333333333,0.16417331477896369,3.719433333332745,0.16417331477896369,3.719433333332745,UAM_V4
75,118,193,7923.9378,7923.517137902231,7927.098445595855,-0.4206620977683997,3.160645595855385,0.4206620977683997,3.160645595855385,UAM_V4
75,119,194,7909.0,7909.0400713712415,7911.237113402062,0.040071371241538145,2.2371134020622776,0.040071371241538145,2.2371134020622776,UAM_V4
75,120,195,7901.0,7901.643976548539,7901.076923076923,0.6439765485392854,0.07692307692286704,0.6439765485392854,0.07692307692286704,FRDM2012
75,121,196,7886.0,7885.0562001451835,7887.142857142857,-0.9437998548164614,1.142857142856883,0.9437998548164614,1.142857142856883,UAM_V4
75,122,197,7877.0,7875.587024332195,7878.883248730965,-1.412975667804858,1.883248730964624,1.412975667804858,1.883248730964624,UAM_V4
75,123,198,7861.0,7863.016745385887,7864.79797979798,2.0167453858866793,3.7979797979796786,2.0167453858866793,3.7979797979796786,UAM_V4
75,124,199,7850.0,7853.0,7855.477386934674,3.0,5.477386934673632,3.0,5.477386934673632,UAM_V4
76,85,161,7765.0,7771.0,7765.27950310559,6.0,0.2795031055902655,6.0,0.2795031055902655,FRDM2012
76,86,162,7794.0,7797.955210793031,7791.419753086419,3.955210793031256,-2.580246913580595,3.955210793031256,2.580246913580595,FRDM2012
76,87,163,7807.0,7803.90254239432,7804.662576687117,-3.097457605679665,-2.337423312883402,3.097457605679665,2.337423312883402,FRDM2012
76,88,164,7833.308,7830.03218867171,7829.634146341464,-3.2758113282898194,-3.6738536585362453,3.2758113282898194,3.6738536585362453,UAM_V4
76,89,165,7843.0,7842.909789461923,7840.909090909091,-0.0902105380773719,-2.0909090909090082,0.0902105380773719,2.0909090909090082,UAM_V4
76,90,166,7866.3371,7866.961401829796,7863.915662650603,0.6243018297964227,-2.4214373493969106,0.6243018297964227,2.4214373493969106,UAM_V4
76,91,167,7873.9557,7874.315406296795,7872.994011976048,0.359706296794684,-0.9616880239527745,0.359706296794684,0.9616880239527745,UAM_V4
76,92,168,7895.9408,7895.7158578343415,7893.511904761905,-0.22494216565883107,-2.42889523809572,0.22494216565883107,2.42889523809572,UAM_V4
76,93,169,7901.2862,7900.904842168818,7902.426035502958,-0.3813578311819583,1.1398355029587037,0.3813578311819583,1.1398355029587037,UAM_V4
76,94,170,7921.1258,7921.0878713239335,7920.705882352941,-0.03792867606625805,-0.4199176470583552,0.03792867606625805,0.4199176470583552,UAM_V4
76,95,171,7924.1769,7924.421693830709,7925.6140350877195,0.2447938307086588,1.4371350877190707,0.2447938307086588,1.4371350877190707,UAM_V4
76,96,172,7942.1626,7942.24271802699,7941.918604651163,0.08011802699002146,-0.2439953488365063,0.08011802699002146,0.2439953488365063,UAM_V4
76,97,173,7944.0341,7944.30536773612,7945.086705202312,0.2712677361205351,1.0526052023124066,0.2712677361205351,1.0526052023124066,UAM_V4
76,98,174,7959.4618,7959.499761691633,7959.425287356322,0.037961691632517613,-0.0365126436781793,0.037961691632517613,0.0365126436781793,FRDM2012
76,99,175,7960.7294,7960.359341360336,7960.8,-0.3700586396644212,0.0706000000000131,0.3700586396644212,0.0706000000000131,FRDM2012
76,100,176,7972.8681,7972.640139752285,7972.954545454545,-0.22796024771469092,0.08644545454535546,0.22796024771469092,0.08644545454535546,FRDM2012
76,101,177,7972.4371,7972.22132426388,7972.7683615819205,-0.21577573612012202,0.33126158192044386,0.21577573612012202,0.33126158192044386,UAM_V4
76,102,178,7981.9128,7981.979460771285,7982.9775280898875,0.06666077128465986,1.064728089887467,0.06666077128465986,1.064728089887467,UAM_V4
76,103,179,7979.4844,7979.608672739833,7981.284916201117,0.12427273983303166,1.8005162011168068,0.12427273983303166,1.8005162011168068,UAM_V4
76,104,180,7987.4171,7987.4901306792535,7989.833333333333,0.07303067925386131,2.4162333333333663,0.07303067925386131,2.4162333333333663,UAM_V4
76,105,181,7983.4263,7984.0270267143,7986.408839779006,0.6007267142995261,2.982539779005492,0.6007267142995261,2.982539779005492,UAM_V4
76,106,182,7989.7287,7989.926971485536,7993.076923076923,0.1982714855366794,3.3482230769232046,0.1982714855366794,3.3482230769232046,UAM_V4
76,107,183,7985.0087,7984.267506793983,7988.087431693989,-0.7411932060176696,3.0787316939886296,0.7411932060176696,3.0787316939886296,UAM_V4
76,108,184,7988.6778,7988.150576551917,7991.684782608696,-0.5272234480835323,3.00698260869558,0.5272234480835323,3.00698260869558,UAM_V4
76,109,185,7981.3047,7981.445526743667,7984.0,0.14082674366727588,2.6953000000003158,0.14082674366727588,2.6953000000003158,UAM_V4
76,110,186,7982.8324,7983.044382597839,7985.0,0.21198259783886897,2.1675999999997657,0.21198259783886897,2.1675999999997657,UAM_V4
76,111,187,7973.7814,7973.600141168904,7975.508021390375,-0.18125883109587448,1.7266213903749303,0.18125883109587448,1.7266213903749303,UAM_V4
76,112,188,7973.8656,7973.745904433359,7974.787234042553,-0.11969556664098491,0.921634042552796,0.11969556664098491,0.921634042552796,UAM_V4
76,113,189,7963.0029,7963.2941111373,7964.708994708994,0.291211137299797,1.7060947089939873,0.291211137299797,1.7060947089939873,UAM_V4
76,114,190,7962.1047,7962.438943186457,7961.421052631579,0.3342431864575701,-0.6836473684206794,0.3342431864575701,0.6836473684206794,UAM_V4
76,115,191,7950.5687,7950.918052123671,7950.366492146597,0.3493521236714514,-0.2022078534027969,0.3493521236714514,0.2022078534027969,FRDM2012
76,116,192,7948.526,7948.390088477804,7948.541666666667,-0.13591152219578362,0.015666666667129903,0.13591152219578362,0.015666666667129903,FRDM2012
76,117,193,7936.2716,7935.531883775128,7936.78756476684,-0.7397162248716995,0.5159647668397156,0.7397162248716995,0.5159647668397156,FRDM2012
76,118,194,7932.0232,7931.807237476863,7932.783505154639,-0.2159625231370228,0.7603051546393544,0.2159625231370228,0.7603051546393544,UAM_V4
76,119,195,7917.7449,7918.075542521315,7917.794871794872,0.33064252131498506,0.04997179487236281,0.33064252131498506,0.04997179487236281,FRDM2012
76,120,196,7912.2301,7912.081841794771,7911.071428571428,-0.14825820522855793,-1.1586714285713242,0.14825820522855793,1.1586714285713242,UAM_V4
76,121,197,7897.0,7896.942217742153,7897.868020304569,-0.05778225784706592,0.8680203045687449,0.05778225784706592,0.8680203045687449,UAM_V4
76,122,198,7890.0,7890.970641499905,7892.171717171717,0.9706414999045592,2.1717171717173187,0.9706414999045592,2.1717171717173187,UAM_V4
76,123,199,7874.0,7875.366160091586,7878.040201005025,1.366160091585698,4.040201005024755,1.366160091585698,4.040201005024755,UAM_V4
76,124,200,7867.0,7864.42879827366,7871.0,-2.571201726340405,4.0,2.571201726340405,4.0,UAM_V4
76,125,201,7849.0,7844.0,7854.427860696517,-5.0,5.4278606965172,5.0,5.4278606965172,UAM_V4
76,126,202,7839.0,7844.0,7845.19801980198,5.0,6.198019801980081,5.0,6.198019801980081,UAM_V4
76,127,203,7814.0,7824.0,7820.147783251232,10.0,6.1477832512318855,10.0,6.1477832512318855,FRDM2012
77,86,163,7734.0,7739.1746,7736.625766871166,5.174600000000282,2.625766871165979,5.174600000000282,2.625766871165979,FRDM2012
77,87,164,7750.0,7754.279918307577,7750.243902439024,4.279918307576736,0.24390243902416842,4.279918307576736,0.24390243902416842,FRDM2012
77,88,165,7776.0,7773.950057707274,7775.454545454545,-2.049942292725973,-0.5454545454549589,2.049942292725973,0.5454545454549589,FRDM2012
77,89,166,7789.0,7787.102484447873,7789.3975903614455,-1.897515552126606,0.3975903614455092,1.897515552126606,0.3975903614455092,FRDM2012
77,90,167,7812.8254,7813.163364029611,7812.45508982036,0.3379640296116122,-0.37031017964000057,0.3379640296116122,0.37031017964000057,UAM_V4
77,91,168,7823.8509,7822.969224554598,7824.4047619047615,-0.8816754454019247,0.5538619047611064,0.8816754454019247,0.5538619047611064,FRDM2012
77,92,169,7845.5944,7845.213701449926,7844.970414201183,-0.38069855007415754,-0.6239857988166477,0.38069855007415754,0.6239857988166477,UAM_V4
77,93,170,7853.0,7854.247635978333,7854.470588235294,1.2476359783331645,1.4705882352936896,1.2476359783331645,1.4705882352936896,UAM_V4
77,94,171,7873.4895,7873.999520429562,7873.099415204679,0.5100204295622461,-0.390084795320945,0.5100204295622461,0.390084795320945,FRDM2012
77,95,172,7880.2637,7879.137075719155,7880.7558139534885,-1.1266242808451352,0.49211395348811493,1.1266242808451352,0.49211395348811493,FRDM2012
77,96,173,7898.068,7897.57729356291,7897.28323699422,-0.4907064370900116,-0.7847630057804054,0.4907064370900116,0.7847630057804054,UAM_V4
77,97,174,7902.0377,7902.959607563948,7905.0,0.92190756394848,2.962300000000141,0.92190756394848,2.962300000000141,UAM_V4
77,98,175,7917.9112,7918.311763849179,7919.314285714286,0.4005638491798891,1.403085714286135,0.4005638491798891,1.403085714286135,UAM_V4
77,99,176,7921.5522,7921.096787068261,7923.409090909091,-0.45541293173937447,1.8568909090909074,0.45541293173937447,1.8568909090909074,UAM_V4
77,100,177,7934.6328,7934.539062805248,7935.536723163842,-0.09373719475206599,0.9039231638416823,0.09373719475206599,0.9039231638416823,UAM_V4
77,101,178,7936.563,7936.646882724385,7937.865168539326,0.08388272438514832,1.3021685393259759,0.08388272438514832,1.3021685393259759,UAM_V4
77,102,179,7947.5248,7947.495783739075,7948.6033519553075,-0.029016260925345705,1.0785519553073755,0.029016260925345705,1.0785519553073755,UAM_V4
77,103,180,7947.6337,7947.525440939827,7949.277777777777,-0.10825906017362286,1.6440777777770563,0.10825906017362286,1.6440777777770563,UAM_V4
77,104,181,7956.5242,7956.515439681086,7958.397790055249,-0.008760318914028176,1.873590055249224,0.008760318914028176,1.873590055249224,UAM_V4
77,105,182,7954.8948,7955.462983250994,7957.307692307692,0.5681832509935703,2.4128923076923456,0.5681832509935703,2.4128923076923456,UAM_V4
77,106,183,7961.8176,7962.144018502553,7964.644808743169,0.3264185025527695,2.8272087431687396,0.3264185025527695,2.8272087431687396,UAM_V4
77,107,184,7959.1992,7958.225431068562,7962.282608695652,-0.9737689314379168,3.083408695651997,0.9737689314379168,3.083408695651997,UAM_V4
77,108,185,7963.7226,7962.91299868627,7966.216216216216,-0.809601313730127,2.4936162162157416,0.809601313730127,2.4936162162157416,UAM_V4
77,109,186,7958.0473,7958.942133223737,7960.860215053764,0.8948332237368959,2.8129150537633905,0.8948332237368959,2.8129150537633905,UAM_V4
77,110,187,7960.6692,7961.518627668197,7962.727272727273,0.8494276681967676,2.0580727272727017,0.8494276681967676,2.0580727272727017,UAM_V4
77,111,188,7954.8512,7954.142714270415,7956.329787234043,-0.708485729584936,1.4785872340426067,0.708485729584936,1.4785872340426067,UAM_V4
77,112,189,7956.0214,7955.558772678812,7954.391534391534,-0.4626273211879379,-1.6298656084654795,0.4626273211879379,1.6298656084654795,UAM_V4
77,113,190,7947.7017,7948.1533835515465,7947.0,0.4516835515469211,-0.7016999999996187,0.4516835515469211,0.7016999999996187,UAM_V4
77,114,191,7948.1144,7948.517892229856,7946.701570680629,0.40349222985605593,-1.4128293193716672,0.40349222985605593,1.4128293193716672,UAM_V4
77,115,192,7938.9999,7939.302627782596,7938.697916666667,0.3027277825958663,-0.3019833333328279,0.3027277825958663,0.3019833333328279,FRDM2012
77,116,193,7938.1346,7937.862530523142,7937.150259067357,-0.2720694768586327,-0.9843409326431356,0.2720694768586327,0.9843409326431356,UAM_V4
77,117,194,7928.4885,7927.992696536203,7928.041237113402,-0.4958034637975288,-0.44726288659876445,0.4958034637975288,0.44726288659876445,FRDM2012
77,118,195,7924.916,7924.882304163474,7925.025641025641,-0.033695836526021594,0.10964102564048517,0.033695836526021594,0.10964102564048517,UAM_V4
77,119,196,7914.1487,7914.167948477437,7913.469387755102,0.019248477437031397,-0.6793122448980284,0.019248477437031397,0.6793122448980284,UAM_V4
77,120,197,7909.0003,7909.404019572211,7908.375634517766,0.4037195722112301,-0.6246654822334676,0.4037195722112301,0.6246654822334676,UAM_V4
77,121,198,7897.0,7897.525340336488,7897.272727272727,0.5253403364877158,0.2727272727270247,0.5253403364877158,0.2727272727270247,FRDM2012
77,122,199,7891.2066,7891.024841313775,7892.060301507538,-0.1817586862252938,0.8537015075371528,0.1817586862252938,0.8537015075371528,UAM_V4
77,123,200,7878.0,7878.481174272488,7880.0,0.48117427248780587,2.0,0.48117427248780587,2.0,UAM_V4
77,124,201,7870.0,7871.813339499318,7873.2835820895525,1.8133394993183174,3.2835820895525103,1.8133394993183174,3.2835820895525103,UAM_V4
77,125,202,7855.0,7850.618669543902,7858.861386138614,-4.381330456098112,3.8613861386138524,4.381330456098112,3.8613861386138524,FRDM2012
77,126,203,7845.0,7837.681959967316,7849.753694581281,-7.318040032683712,4.753694581280797,7.318040032683712,4.753694581280797,FRDM2012
77,127,204,7823.0,7831.7655645975765,7826.617647058823,8.765564597576486,3.6176470588234224,8.765564597576486,3.6176470588234224,FRDM2012
77,128,205,7805.0,7820.0,7809.90243902439,15.0,4.902439024390333,15.0,4.902439024390333,FRDM2012
78,87,165,7703.0,7708.0,7704.424242424242,5.0,1.4242424242420384,5.0,1.4242424242420384,FRDM2012
78,88,166,7733.0,7739.006899999999,7731.9277108433735,6.006899999999405,-1.072289156626539,6.006899999999405,1.072289156626539,FRDM2012
78,89,167,7746.0,7743.224185833886,7744.131736526946,-2.775814166114287,-1.8682634730539576,2.775814166114287,1.8682634730539576,FRDM2012
78,90,168,7773.6217,7770.4944111618925,7769.880952380952,-3.1272888381072335,-3.740747619047397,3.1272888381072335,3.740747619047397,UAM_V4
78,91,169,7784.0,7783.658930708709,7782.011834319526,-0.34106929129120545,-1.988165680473685,0.34106929129120545,1.988165680473685,UAM_V4
78,92,170,7808.2365,7808.71081545718,7805.235294117647,0.4743154571797277,-3.0012058823531333,0.4743154571797277,3.0012058823531333,UAM_V4
78,93,171,7816.6017,7816.99096360003,7814.970760233919,0.38926360003006266,-1.6309397660816103,0.38926360003006266,1.6309397660816103,UAM_V4
78,94,172,7839.246,7839.117121791723,7836.162790697675,-0.128878208277456,-3.0832093023254856,0.128878208277456,3.0832093023254856,UAM_V4
78,95,173,7845.3856,7844.657021920194,7844.1040462427745,-0.7285780798056294,-1.2815537572250832,0.7285780798056294,1.2815537572250832,UAM_V4
78,96,174,7866.1143,7866.063825890982,7863.218390804598,-0.0504741090180687,-2.895909195402055,0.0504741090180687,2.895909195402055,UAM_V4
78,97,175,7869.5216,7870.692139304006,7869.142857142857,1.1705393040056151,-0.3787428571431519,1.1705393040056151,0.3787428571431519,FRDM2012
78,98,176,7888.9934,7889.093392069482,7887.215909090909,0.09999206948214123,-1.7774909090912843,0.09999206948214123,1.7774909090912843,UAM_V4
78,99,177,7892.4896,7891.86878659314,7892.090395480226,-0.6208134068601794,-0.39920451977377525,0.6208134068601794,0.39920451977377525,FRDM2012
78,100,178,7908.253,7908.222397975817,7907.078651685393,-0.03060202418237168,-1.1743483146065046,0.03060202418237168,1.1743483146065046,UAM_V4
78,101,179,7910.6759,7910.589105869656,7910.167597765363,-0.08679413034406025,-0.5083022346370853,0.08679413034406025,0.5083022346370853,UAM_V4
78,102,180,7923.5781,7923.396795131817,7922.666666666667,-0.18130486818245117,-0.9114333333327522,0.18130486818245117,0.9114333333327522,UAM_V4
78,103,181,7924.1271,7923.954497920254,7924.03314917127,-0.17260207974595687,-0.09395082872924831,0.17260207974595687,0.09395082872924831,FRDM2012
78,104,182,7934.7541,7934.904205546037,7935.32967032967,0.15010554603668425,0.5755703296699721,0.15010554603668425,0.5755703296699721,UAM_V4
78,105,183,7933.3406,7933.950938977089,7934.808743169399,0.6103389770887588,1.4681431693988998,0.6103389770887588,1.4681431693988998,UAM_V4
78,106,184,7942.5649,7942.449019727413,7944.347826086957,-0.11588027258767397,1.7829260869566497,0.11588027258767397,1.7829260869566497,UAM_V4
78,107,185,7939.7779,7938.743573206978,7942.27027027027,-1.0343267930220463,2.49237027026993,1.0343267930220463,2.49237027026993,UAM_V4
78,108,186,7946.8094,7946.758294765309,7948.655913978495,-0.051105234691021906,1.8465139784948406,0.051105234691021906,1.8465139784948406,UAM_V4
78,109,187,7941.1699,7942.099225271052,7943.475935828877,0.9293252710522211,2.306035828876702,0.9293252710522211,2.306035828876702,UAM_V4
78,110,188,7947.9027,7948.013049327991,7947.606382978724,0.11034932799157104,-0.2963170212760815,0.11034932799157104,0.2963170212760815,UAM_V4
78,111,189,7941.4045,7940.9963289285915,7941.322751322751,-0.4081710714081055,-0.0817486772484699,0.4081710714081055,0.0817486772484699,FRDM2012
78,112,190,7946.4941,7946.459849340659,7943.684210526316,-0.03425065934061422,-2.809889473684052,0.03425065934061422,2.809889473684052,UAM_V4
78,113,191,7938.7279,7938.831791876442,7937.120418848168,0.10389187644250342,-1.607481151831962,0.10389187644250342,1.607481151831962,UAM_V4
78,114,192,7942.4923,7942.540153743979,7939.791666666667,0.047853743979430874,-2.7006333333329167,0.047853743979430874,2.7006333333329167,UAM_V4
78,115,193,7933.7875,7933.948942633526,7931.917098445596,0.1614426335254393,-1.8704015544044523,0.1614426335254393,1.8704015544044523,UAM_V4
78,116,194,7935.942,7935.89599067521,7933.144329896907,-0.046009324790247774,-2.797670103092969,0.046009324790247774,2.797670103092969,UAM_V4
78,117,195,7926.553,7926.326274863902,7924.0,-0.22672513609813905,-2.5529999999998836,0.22672513609813905,2.5529999999998836,UAM_V4
78,118,196,7926.5297,7926.435944054195,7923.928571428572,-0.09375594580524194,-2.6011285714284895,0.09375594580524194,2.6011285714284895,UAM_V4
78,119,197,7915.9714,7915.958146867681,7914.568527918782,-0.013253132319732686,-1.4028720812184474,0.013253132319732686,1.4028720812184474,UAM_V4
78,120,198,7914.1512,7914.224063714792,7913.484848484848,0.07286371479131049,-0.6663515151522006,0.07286371479131049,0.6663515151522006,UAM_V4
78,121,199,7902.3011,7902.270647619078,7902.613065326633,-0.030452380921815347,0.3119653266330715,0.030452380921815347,0.3119653266330715,UAM_V4
78,122,200,7899.1986,7899.542445528272,7900.0,0.34384552827214065,0.8014000000002852,0.34384552827214065,0.8014000000002852,UAM_V4
78,123,201,7885.8337,7887.530251630456,7888.20895522388,1.6965516304562698,2.375255223880231,1.6965516304562698,2.375255223880231,UAM_V4
78,124,202,7881.5609,7883.094019534105,7883.465346534654,1.533119534105026,1.9044465346532888,1.533119534105026,1.9044465346532888,UAM_V4
78,125,203,7867.0,7864.666824820427,7869.1133004926105,-2.333175179573118,2.113300492610506,2.333175179573118,2.113300492610506,FRDM2012
78,126,204,7859.0,7854.503297683497,7862.009803921569,-4.496702316502706,3.0098039215690733,4.496702316502706,3.0098039215690733,FRDM2012
78,127,205,7836.0,7831.996331254523,7839.219512195122,-4.003668745476716,3.2195121951217516,4.003668745476716,3.2195121951217516,FRDM2012
78,128,206,7820.0,7819.420886970733,7824.368932038835,-0.5791130292673188,4.368932038834828,0.5791130292673188,4.368932038834828,UAM_V4
78,129,207,7797.0,7805.0,7799.710144927536,8.0,2.710144927536021,8.0,2.710144927536021,FRDM2012
78,130,208,7780.0,7781.0,7783.028846153846,1.0,3.028846153845734,1.0,3.028846153845734,UAM_V4
79,89,168,7688.0,7693.8413,7691.785714285715,5.841300000000047,3.7857142857146755,5.841300000000047,3.7857142857146755,FRDM2012
79,90,169,7716.0,7720.337501199346,7717.218934911242,4.337501199345752,1.218934911242286,4.337501199345752,1.218934911242286,FRDM2012
79,91,170,7730.0,7727.516275494968,7730.470588235294,-2.4837245050321144,0.47058823529368965,2.4837245050321144,0.47058823529368965,FRDM2012
79,92,171,7754.1069,7752.603056341837,7753.976608187135,-1.5038436581626229,-0.1302918128649253,1.5038436581626229,0.1302918128649253,FRDM2012
79,93,172,7766.1587,7765.795118226159,7766.511627906977,-0.3635817738413607,0.35292790697712917,0.3635817738413607,0.35292790697712917,FRDM2012
79,94,173,7788.2348,7787.857711845586,7787.9190751445085,-0.37708815441419574,-0.3157248554916805,0.37708815441419574,0.3157248554916805,FRDM2012
79,95,174,7797.0,7797.806339382046,7798.448275862069,0.806339382045735,1.44827586206884,0.806339382045735,1.44827586206884,UAM_V4
79,96,175,7817.5939,7818.1209572676225,7817.6,0.5270572676226948,0.006100000000515138,0.5270572676226948,0.006100000000515138,FRDM2012
79,97,176,7825.3837,7824.8610661675975,7826.25,-0.5226338324027893,0.8662999999996828,0.5226338324027893,0.8662999999996828,UAM_V4
79,98,177,7843.8623,7843.490064034654,7843.446327683616,-0.3722359653456806,-0.4159723163838862,0.3722359653456806,0.4159723163838862,UAM_V4
79,99,178,7849.3946,7849.771882490924,7850.224719101124,0.37728249092469923,0.8301191011241826,0.37728249092469923,0.8301191011241826,UAM_V4
79,100,179,7865.6374,7865.786032451597,7865.474860335195,0.14863245159722283,-0.16253966480417148,0.14863245159722283,0.16253966480417148,UAM_V4
79,101,180,7870.3194,7870.175923799117,7870.333333333333,-0.14347620088301483,0.013933333332715847,0.14347620088301483,0.013933333332715847,FRDM2012
79,102,181,7883.8359,7883.932643207242,7883.591160220994,0.09674320724207064,-0.24473977900561295,0.09674320724207064,0.24473977900561295,UAM_V4
79,103,182,7887.2442,7887.199142822906,7887.692307692308,-0.045057177094349754,0.44810769230753067,0.045057177094349754,0.44810769230753067,UAM_V4
79,104,183,7898.5644,7898.354634192605,7898.579234972678,-0.20976580739534256,0.01483497267781786,0.20976580739534256,0.01483497267781786,FRDM2012
79,105,184,7900.1947,7900.354778905565,7901.304347826087,0.1600789055646601,1.1096478260869844,0.1600789055646601,1.1096478260869844,UAM_V4
79,106,185,7909.441,7909.707927332423,7910.540540540541,0.2669273324236201,1.0995405405410565,0.2669273324236201,1.0995405405410565,UAM_V4
79,107,186,7909.5409,7908.963834859668,7911.075268817204,-0.577065140331797,1.5343688172042675,0.577065140331797,1.5343688172042675,UAM_V4
79,108,187,7917.4323,7917.092076351299,7917.326203208556,-0.34022364870179445,-0.10609679144454276,0.34022364870179445,0.10609679144454276,FRDM2012
79,109,188,7914.7537,7915.543618326207,7915.212765957447,0.7899183262070437,0.45906595744691003,0.7899183262070437,0.45906595744691003,FRDM2012
79,110,189,7921.9876,7922.488150234842,7921.1640211640215,0.5005502348412847,-0.8235788359788785,0.5005502348412847,0.8235788359788785,UAM_V4
79,111,190,7918.8345,7918.5295086531205,7918.315789473684,-0.30499134687943297,-0.5187105263157719,0.30499134687943297,0.5187105263157719,UAM_V4
79,112,191,7924.6819,7924.312917273535,7923.455497382199,-0.36898272646430996,-1.2264026178008862,0.36898272646430996,1.2264026178008862,UAM_V4
79,113,192,7920.1033,7920.1473641739885,7919.479166666667,0.04406417398877238,-0.624133333332793,0.04406417398877238,0.624133333332793,UAM_V4
79,114,193,7924.1648,7924.444585499044,7922.79792746114,0.27978549904401007,-1.3668725388597522,0.27978549904401007,1.3668725388597522,UAM_V4
79,115,194,7918.7744,7918.7478518517455,7917.371134020618,-0.02654814825473295,-1.403265979382013,0.02654814825473295,1.403265979382013,UAM_V4
79,116,195,7921.3778,7921.287999293158,7918.7692307692305,-0.08980070684265229,-2.6085692307697173,0.08980070684265229,2.6085692307697173,UAM_V4
79,117,196,7914.8553,7915.137418873188,7913.265306122449,0.2821188731877555,-1.5899938775510236,0.2821188731877555,1.5899938775510236,UAM_V4
79,118,197,7915.6548,7915.6647399742005,7914.0609137055835,0.009939974200278812,-1.593886294416734,0.009939974200278812,1.593886294416734,UAM_V4
79,119,198,7908.5675,7908.126093974567,7906.515151515152,-0.4414060254330252,-2.052348484848153,0.4414060254330252,2.052348484848153,UAM_V4
79,120,199,7906.9379,7906.856925264556,7905.678391959799,-0.08097473544421518,-1.2595080402006715,0.08097473544421518,1.2595080402006715,UAM_V4
79,121,200,7898.4915,7899.181630035756,7897.55,0.6901300357558284,-0.9414999999999054,0.6901300357558284,0.9414999999999054,UAM_V4
79,122,201,7895.1752,7895.93479904222,7894.925373134329,0.7595990422205432,-0.2498268656709115,0.7595990422205432,0.2498268656709115,FRDM2012
79,123,202,7885.91,7886.238010940397,7885.0990099009905,0.3280109403967799,-0.8109900990093593,0.3280109403967799,0.8109900990093593,UAM_V4
79,124,203,7880.865,7881.635508653382,7880.738916256158,0.7705086533824215,-0.12608374384217313,0.7705086533824215,0.12608374384217313,FRDM2012
79,125,204,7868.0,7867.035260306372,7868.8725490196075,-0.964739693627962,0.8725490196075043,0.964739693627962,0.8725490196075043,FRDM2012
79,126,205,7860.0,7856.398089028154,7861.951219512195,-3.601910971846337,1.9512195121951663,3.601910971846337,1.9512195121951663,FRDM2012
79,127,206,7840.0,7839.024436537224,7841.26213592233,-0.9755634627763357,1.2621359223303443,0.9755634627763357,1.2621359223303443,UAM_V4
79,128,207,7824.0,7823.056716765018,7826.618357487922,-0.9432832349821183,2.618357487922367,0.9432832349821183,2.618357487922367,UAM_V4
79,129,208,7803.0,7802.0474678175615,7803.461538461538,-0.9525321824385173,0.46153846153811173,0.9525321824385173,0.46153846153811173,FRDM2012
79,130,209,7786.0,7788.050236157662,7787.464114832536,2.050236157661857,1.4641148325363247,2.050236157661857,1.4641148325363247,FRDM2012
79,131,210,7764.0,7766.0,7764.142857142857,2.0,0.142857142856883,2.0,0.142857142856883,FRDM2012
80,90,170,7671.0,7677.427699999999,7671.588235294118,6.427699999999277,0.5882352941180216,6.427699999999277,0.5882352941180216,FRDM2012
80,91,171,7686.0,7690.7866,7685.9064327485385,4.786600000000362,-0.09356725146153622,4.786600000000362,0.09356725146153622,FRDM2012
80,92,172,7713.6064,7710.3925500000005,7711.860465116279,-3.2138499999991836,-1.74593488372102,3.2138499999991836,1.74593488372102,FRDM2012
80,93,173,7725.0,7722.6067,7723.9884393063585,-2.3932999999997264,-1.0115606936415134,2.3932999999997264,1.0115606936415134,FRDM2012
80,94,174,7749.7851,7750.453483333333,7747.931034482759,0.6683833333327129,-1.854065517240997,0.6683833333327129,1.854065517240997,UAM_V4
80,95,175,7759.2134,7759.516386225808,7758.228571428572,0.3029862258081266,-0.9848285714278973,0.3029862258081266,0.9848285714278973,UAM_V4
80,96,176,7782.664,7782.464845958203,7780.0,-0.1991540417966462,-2.66399999999976,0.1991540417966462,2.66399999999976,UAM_V4
80,97,177,7789.8947,7789.527473589017,7788.926553672316,-0.36722641098276654,-0.9681463276838258,0.36722641098276654,0.9681463276838258,UAM_V4
80,98,178,7811.3607,7811.377478191163,7808.70786516854,0.016778191163211886,-2.6528348314604955,0.016778191163211886,2.6528348314604955,UAM_V4
80,99,179,7816.2631,7816.60522378682,7815.698324022346,0.34212378681968403,-0.5647759776538805,0.34212378681968403,0.5647759776538805,UAM_V4
80,100,180,7836.1111,7836.039970193659,7833.611111111111,-0.07112980634065025,-2.4999888888887654,0.07112980634065025,2.4999888888887654,UAM_V4
80,101,181,7839.6792,7839.683193778954,7838.8950276243095,0.003993778954281879,-0.7841723756901047,0.003993778954281879,0.7841723756901047,UAM_V4
80,102,182,7856.9726,7857.020196040104,7855.32967032967,0.04759604010359908,-1.642929670329977,0.04759604010359908,1.642929670329977,UAM_V4
80,103,183,7859.3885,7858.925274349284,7858.852459016393,-0.46322565071568533,-0.5360409836066538,0.46322565071568533,0.5360409836066538,UAM_V4
80,104,184,7874.3454,7874.284262484841,7873.532608695652,-0.061137515159316536,-0.8127913043481385,0.061137515159316536,0.8127913043481385,UAM_V4
80,105,185,7874.5391,7874.808604656945,7875.5675675675675,0.26950465694517334,1.0284675675675317,0.26950465694517334,1.0284675675675317,UAM_V4
80,106,186,7888.2605,7888.240988485506,7888.064516129032,-0.019511514494297444,-0.19598387096812075,0.019511514494297444,0.19598387096812075,UAM_V4
80,107,187,7886.9905,7887.096827849744,7888.288770053476,0.10632784974404785,1.2982700534757896,0.10632784974404785,1.2982700534757896,UAM_V4
80,108,188,7899.034,7899.103392222488,7898.936170212766,0.06939222248820442,-0.0978297872334224,0.06939222248820442,0.0978297872334224,UAM_V4
80,109,189,7896.9192,7896.763974962053,7897.5661375661375,-0.15522503794727527,0.6469375661372396,0.15522503794727527,0.6469375661372396,UAM_V4
80,110,190,7907.0174,7906.910947521522,7906.736842105263,-0.10645247847787687,-0.2805578947363756,0.10645247847787687,0.2805578947363756,UAM_V4
80,111,191,7903.8002,7903.852536174452,7903.926701570681,0.052336174452648265,0.12650157068128465,0.052336174452648265,0.12650157068128465,UAM_V4
80,112,192,7912.0666,7912.163477906343,7911.40625,0.09687790634325211,-0.6603500000001077,0.09687790634325211,0.6603500000001077,UAM_V4
80,113,193,7907.973,7907.8624220276715,7907.5129533678755,-0.11057797232842859,-0.4600466321244312,0.11057797232842859,0.4600466321244312,UAM_V4
80,114,194,7914.5974,7914.517306885346,7913.453608247422,-0.08009311465320934,-1.1437917525772718,0.08009311465320934,1.1437917525772718,UAM_V4
80,115,195,7909.398,7909.552759596621,7908.51282051282,0.15475959662126115,-0.885179487179812,0.15475959662126115,0.885179487179812,UAM_V4
80,116,196,7914.37,7914.428503770591,7913.214285714285,0.05850377059141465,-1.1557142857145664,0.05850377059141465,1.1557142857145664,UAM_V4
80,117,197,7908.6402,7908.853028826289,7907.055837563452,0.21282882628929656,-1.5843624365479627,0.21282882628929656,1.5843624365479627,UAM_V4
80,118,198,7911.5532,7911.591418589687,7910.252525252526,0.03821858968694869,-1.300674747474659,0.03821858968694869,1.300674747474659,UAM_V4
80,119,199,7905.2794,7904.645877807831,7902.914572864322,-0.633522192169039,-2.364827135678752,0.633522192169039,2.364827135678752,UAM_V4
80,120,200,7905.8956,7905.606287403662,7904.55,-0.2893125963382772,-1.3455999999996493,0.2893125963382772,1.3455999999996493,UAM_V4
80,121,201,7897.5607,7897.9381391561965,7896.865671641791,0.3774391561964876,-0.6950283582091288,0.3774391561964876,0.6950283582091288,UAM_V4
80,122,202,7896.8505,7897.495642277453,7896.633663366337,0.6451422774534876,-0.2168366336627514,0.6451422774534876,0.2168366336627514,FRDM2012
80,123,203,7887.4828,7889.204942608022,7887.142857142857,1.7221426080222955,-0.3399428571428871,1.7221426080222955,0.3399428571428871,FRDM2012
80,124,204,7885.5455,7887.321913298354,7884.705882352941,1.776413298353873,-0.8396176470587307,1.776413298353873,0.8396176470587307,FRDM2012
80,125,205,7874.7325,7872.299293013473,7873.756097560976,-2.433206986526784,-0.9764024390242412,2.433206986526784,0.9764024390242412,FRDM2012
80,126,206,7869.1723,7863.8488653577315,7868.883495145631,-5.323434642268694,-0.2888048543691184,5.323434642268694,0.2888048543691184,FRDM2012
80,127,207,7848.6112,7847.73502464684,7848.260869565217,-0.8761753531598515,-0.35033043478324544,0.8761753531598515,0.35033043478324544,FRDM2012
80,128,208,7834.1914,7837.509723187038,7835.961538461538,3.318323187038004,1.7701384615384086,3.318323187038004,1.7701384615384086,FRDM2012
80,129,209,7813.0,7814.775341218256,7812.8708133971295,1.7753412182555621,-0.12918660287050443,1.7753412182555621,0.12918660287050443,FRDM2012
80,130,210,7799.0,7798.589839956393,7799.0,-0.410160043606993,0.0,0.410160043606993,0.0,FRDM2012
80,131,211,7777.0,7776.384372986319,7775.876777251185,-0.6156270136807507,-1.1232227488153512,0.6156270136807507,1.1232227488153512,UAM_V4
80,132,212,7762.0,7762.134766666666,7761.367924528302,0.1347666666661098,-0.6320754716980446,0.1347666666661098,0.6320754716980446,UAM_V4
80,133,213,7739.0,7739.0,7737.934272300469,0.0,-1.0657276995307257,0.0,1.0657276995307257,UAM_V4
80,134,214,7724.0,7723.5,7723.598130841122,-0.5,-0.4018691588780712,0.5,0.4018691588780712,FRDM2012
80,135,215,7701.0,7701.0,7699.720930232558,0.0,-1.279069767441797,0.0,1.279069767441797,UAM_V4
80,136,216,7685.0,7686.0,7685.0,1.0,0.0,1.0,0.0,FRDM2012
81,95,176,7707.9383,7710.569,7708.238636363636,2.6307000000006155,0.3003363636362337,2.6307000000006155,0.3003363636362337,FRDM2012
81,96,177,7732.1655,7735.328361997865,7730.5084745762715,3.1628619978646384,-1.6570254237285553,3.1628619978646384,1.6570254237285553,FRDM2012
81,97,178,7741.0,7740.015307054905,7741.91011235955,-0.9846929450950483,0.9101123595501122,0.9846929450950483,0.9101123595501122,FRDM2012
81,98,179,7763.4942,7762.399801978234,7762.346368715083,-1.0943980217662101,-1.1478312849167196,1.0943980217662101,1.1478312849167196,UAM_V4
81,99,180,7771.431,7770.48426264511,7771.888888888889,-0.9467373548895921,0.4578888888891015,0.9467373548895921,0.4578888888891015,FRDM2012
81,100,181,7791.9183,7791.503487199055,7789.944751381216,-0.41481280094558315,-1.9735486187846618,0.41481280094558315,1.9735486187846618,UAM_V4
81,101,182,7796.3571,7796.995050573928,7797.747252747253,0.6379505739278102,1.390152747252614,0.6379505739278102,1.390152747252614,UAM_V4
81,102,183,7815.6741,7815.682915992865,7813.879781420765,0.008815992864583677,-1.7943185792355507,0.008815992864583677,1.7943185792355507,UAM_V4
81,103,184,7818.6727,7818.514582244748,7820.054347826087,-0.15811775525162375,1.381647826086919,0.15811775525162375,1.381647826086919,UAM_V4
81,104,185,7835.5756,7835.741097465506,7834.918918918919,0.16549746550572308,-0.6566810810809329,0.16549746550572308,0.6566810810809329,UAM_V4
81,105,186,7837.5161,7837.430836314478,7839.462365591397,-0.08526368552156782,1.946265591397605,0.08526368552156782,1.946265591397605,UAM_V4
81,106,187,7852.465,7852.440634296085,7852.406417112299,-0.02436570391546411,-0.05858288770104991,0.02436570391546411,0.05858288770104991,UAM_V4
81,107,188,7853.0537,7853.262876963681,7854.68085106383,0.2091769636808749,1.6271510638298423,0.2091769636808749,1.6271510638298423,UAM_V4
81,108,189,7866.2704,7866.265421884203,7866.455026455026,-0.004978115797712235,0.18462645502586383,0.004978115797712235,0.18462645502586383,UAM_V4
81,109,190,7866.0345,7865.8853290781435,7867.631578947368,-0.14917092185623915,1.5970789473685727,0.14917092185623915,1.5970789473685727,UAM_V4
81,110,191,7877.1445,7877.223099746019,7877.486910994764,0.07859974601888098,0.342410994763668,0.07859974601888098,0.342410994763668,UAM_V4
81,111,192,7876.0167,7876.156582003165,7877.291666666667,0.13988200316453003,1.2749666666668418,0.13988200316453003,1.2749666666668418,UAM_V4
81,112,193,7885.3445,7885.287215615966,7885.59585492228,-0.05728438403457403,0.2513549222794609,0.05728438403457403,0.2513549222794609,UAM_V4
81,113,194,7883.5211,7883.491602582318,7884.1752577319585,-0.02949741768225067,0.6541577319585485,0.02949741768225067,0.6541577319585485,UAM_V4
81,114,195,7890.7293,7890.78576999947,7890.820512820513,0.056469999470209586,0.09121282051273738,0.056469999470209586,0.09121282051273738,UAM_V4
81,115,196,7888.29,7888.270558836878,7888.265306122449,-0.01944116312188271,-0.02469387755081698,0.01944116312188271,0.02469387755081698,UAM_V4
81,116,197,7893.5725,7893.646258105035,7893.502538071066,0.07375810503435787,-0.06996192893439002,0.07375810503435787,0.06996192893439002,FRDM2012
81,117,198,7890.3011,7890.38099869001,7889.545454545455,0.07989869000994076,-0.7556454545447195,0.07989869000994076,0.7556454545447195,UAM_V4
81,118,199,7893.8773,7893.776888004151,7893.417085427136,-0.10041199584884453,-0.46021457286406076,0.10041199584884453,0.46021457286406076,UAM_V4
81,119,200,7889.7037,7889.638140879078,7888.65,-0.06555912092244398,-1.05370000000039,0.06555912092244398,1.05370000000039,UAM_V4
81,120,201,7891.2717,7891.303400629063,7890.5970149253735,0.0317006290624704,-0.6746850746267228,0.0317006290624704,0.6746850746267228,UAM_V4
81,121,202,7886.2206,7886.15618328787,7884.851485148515,-0.0644167121299688,-1.3691148514844826,0.0644167121299688,1.3691148514844826,UAM_V4
81,122,203,7886.053,7886.341786436216,7885.2709359605915,0.28878643621646916,-0.7820640394083966,0.28878643621646916,0.7820640394083966,UAM_V4
81,123,204,7880.0238,7882.4840949697045,7877.892156862745,2.4602949697045915,-2.131643137255196,2.4602949697045915,2.131643137255196,FRDM2012
81,124,205,7878.3946,7881.128277739,7876.390243902439,2.733677739000086,-2.004356097560958,2.733677739000086,2.004356097560958,FRDM2012
81,125,206,7871.7219,7868.184161499448,7868.495145631068,-3.5377385005513133,-3.2267543689313243,3.5377385005513133,3.2267543689313243,FRDM2012
81,126,207,7866.7979,7860.242232653605,7863.768115942029,-6.55566734639433,-3.0297840579705735,6.55566734639433,3.0297840579705735,FRDM2012
81,127,208,7847.1835,7846.879708768164,7845.192307692308,-0.3037912318359304,-1.9911923076924722,0.3037912318359304,1.9911923076924722,UAM_V4
81,128,209,7833.3979,7837.092604965468,7833.205741626794,3.6947049654681905,-0.19215837320552964,3.6947049654681905,0.19215837320552964,FRDM2012
81,129,210,7813.589,7815.3413440581335,7812.238095238095,1.7523440581335308,-1.3509047619045305,1.7523440581335308,1.3509047619045305,FRDM2012
81,130,211,7799.7915,7799.763439100872,7798.4834123222745,-0.028060899127922312,-1.30808767772578,0.028060899127922312,1.30808767772578,UAM_V4
81,131,212,7780.0,7779.704536593465,7777.311320754717,-0.29546340653541847,-2.6886792452833106,0.29546340653541847,2.6886792452833106,UAM_V4
81,132,213,7765.4311,7765.466782638063,7763.051643192488,0.0356826380630082,-2.379456807511815,0.0356826380630082,2.379456807511815,UAM_V4
81,133,214,7745.0,7745.071004663903,7741.588785046729,0.0710046639032953,-3.4112149532711555,0.0710046639032953,3.4112149532711555,UAM_V4
81,134,215,7730.0,7729.2596072548695,7726.883720930233,-0.7403927451305208,-3.116279069767188,0.7403927451305208,3.116279069767188,UAM_V4
81,135,216,7709.0,7708.523733908781,7705.231481481482,-0.47626609121925867,-3.768518518518249,0.47626609121925867,3.768518518518249,UAM_V4
81,136,217,7693.0,7694.583337871712,7690.414746543779,1.583337871711592,-2.5852534562209257,1.583337871711592,2.5852534562209257,UAM_V4
81,137,218,7672.0,7673.0,7669.082568807339,1.0,-2.9174311926608425,1.0,2.9174311926608425,UAM_V4
82,96,178,7690.8359,7695.069,7688.876404494382,4.233100000000377,-1.9594955056181789,4.233100000000377,1.9594955056181789,FRDM2012
82,97,179,7701.463,7705.961799999999,7700.558659217877,4.498799999999392,-0.9043407821227447,4.498799999999392,0.9043407821227447,FRDM2012
82,98,180,7725.6993,7723.58275,7724.055555555556,-2.116550000000643,-1.6437444444445646,2.116550000000643,1.6437444444445646,FRDM2012
82,99,181,7734.0704,7731.821,7733.591160220994,-2.249399999999696,-0.47923977900518366,2.249399999999696,0.47923977900518366,FRDM2012
82,100,182,7756.3296,7756.254149999999,7755.10989010989,-0.07545000000118307,-1.2197098901096979,0.07545000000118307,1.2197098901096979,UAM_V4
82,101,183,7762.179,7762.332674959619,7762.732240437159,0.1536749596189111,0.55324043715882,0.1536749596189111,0.55324043715882,UAM_V4
82,102,184,7782.7264,7782.678208431878,7782.119565217391,-0.04819156812118308,-0.6068347826085301,0.04819156812118308,0.6068347826085301,UAM_V4
82,103,185,7786.933,7786.976437509419,7788.27027027027,0.04343750941916369,1.3372702702699826,0.04343750941916369,1.3372702702699826,UAM_V4
82,104,186,7805.342,7805.439537682359,7805.4838709677415,0.09753768235896132,0.14187096774185193,0.09753768235896132,0.14187096774185193,UAM_V4
82,105,187,7808.401,7808.165833482995,7810.053475935829,-0.23516651700447255,1.6524759358289884,0.23516651700447255,1.6524759358289884,UAM_V4
82,106,188,7824.8211,7824.737372673262,7825.372340425532,-0.08372732673797145,0.5512404255314323,0.08372732673797145,0.5512404255314323,UAM_V4
82,107,189,7826.2999,7826.534544594843,7828.571428571428,0.2346445948433029,2.271528571428462,0.2346445948433029,2.271528571428462,UAM_V4
82,108,190,7841.1294,7841.172519653373,7842.1578947368425,0.043119653372741595,1.028494736842731,0.043119653372741595,1.028494736842731,UAM_V4
82,109,191,7841.6782,7841.510475583629,7843.717277486911,-0.16772441637112934,2.039077486911083,0.16772441637112934,2.039077486911083,UAM_V4
82,110,192,7854.6482,7854.658915783642,7855.989583333333,0.010715783642808674,1.3413833333333969,0.010715783642808674,1.3413833333333969,UAM_V4
82,111,193,7854.0994,7854.22063206444,7855.647668393783,0.12123206443993695,1.548268393782564,0.12123206443993695,1.548268393782564,UAM_V4
82,112,194,7865.4181,7865.2950315713915,7866.907216494846,-0.12306842860834877,1.4891164948458027,0.12306842860834877,1.4891164948458027,UAM_V4
82,113,195,7864.0647,7864.00862802801,7865.025641025641,-0.05607197198969516,0.96094102564075,0.05607197198969516,0.96094102564075,UAM_V4
82,114,196,7873.3374,7873.503256061563,7874.897959183673,0.16585606156240829,1.5605591836729218,0.16585606156240829,1.5605591836729218,UAM_V4
82,115,197,7871.2822,7871.194582628311,7872.284263959391,-0.08761737168879336,1.0020639593913074,0.08761737168879336,1.0020639593913074,UAM_V4
82,116,198,7878.9695,7878.825177460922,7880.10101010101,-0.1443225390785301,1.1315101010095532,0.1443225390785301,1.1315101010095532,UAM_V4
82,117,199,7875.7366,7875.853598811481,7876.281407035176,0.11699881148069835,0.5448070351758361,0.11699881148069835,0.5448070351758361,UAM_V4
82,118,200,7881.8101,7881.8565763302495,7882.45,0.04647633024978859,0.6399000000001251,0.04647633024978859,0.6399000000001251,UAM_V4
82,119,201,7877.8782,7877.8102344462495,7877.860696517413,-0.06796555375058233,-0.01750348258701706,0.06796555375058233,0.01750348258701706,FRDM2012
82,120,202,7882.1505,7882.094778774992,7882.227722772277,-0.05572122500780097,0.07722277227730956,0.05572122500780097,0.07722277227730956,UAM_V4
82,121,203,7877.397,7877.196094131452,7876.453201970443,-0.20090586854803405,-0.9437980295570014,0.20090586854803405,0.9437980295570014,UAM_V4
82,122,204,7879.9326,7880.118796117912,7879.411764705882,0.1861961179120044,-0.5208352941181147,0.1861961179120044,0.5208352941181147,UAM_V4
82,123,205,7874.3313,7877.073050978483,7872.682926829269,2.7417509784827416,-1.6483731707312472,2.7417509784827416,1.6483731707312472,FRDM2012
82,124,206,7875.362,7878.553174835228,7874.174757281553,3.1911748352276845,-1.1872427184471235,3.1911748352276845,1.1872427184471235,FRDM2012
82,125,207,7869.8664,7866.24674682099,7866.183574879227,-3.619653179010129,-3.682825120772577,3.619653179010129,3.682825120772577,UAM_V4
82,126,208,7867.453,7860.174748606562,7863.461538461538,-7.27825139343804,-3.9914615384623175,7.27825139343804,3.9914615384623175,FRDM2012
82,127,209,7848.6488,7847.988707996944,7845.071770334928,-0.6600920030559791,-3.5770296650716773,0.6600920030559791,3.5770296650716773,UAM_V4
82,128,210,7835.9656,7839.869653956243,7835.190476190476,3.904053956242933,-0.7751238095243025,3.904053956242933,0.7751238095243025,FRDM2012
82,129,211,7817.0079,7818.766196958656,7814.407582938388,1.7582969586565014,-2.6003170616113493,1.7582969586565014,2.6003170616113493,UAM_V4
82,130,212,7804.3203,7804.318960837369,7802.735849056604,-0.0013391626316661132,-1.584450943396405,0.0013391626316661132,1.584450943396405,UAM_V4
82,131,213,7785.1732,7785.210788508635,7781.69014084507,0.037588508635053586,-3.4830591549298333,0.037588508635053586,3.4830591549298333,UAM_V4
82,132,214,7772.3955,7772.705861908587,7769.392523364486,0.31036190858776536,-3.0029766355137326,0.31036190858776536,3.0029766355137326,UAM_V4
82,133,215,7752.7381,7752.602538309091,7748.139534883721,-0.13556169090861658,-4.598565116278223,0.13556169090861658,4.598565116278223,UAM_V4
82,134,216,7740.0,7739.1982995526805,7735.37037037037,-0.8017004473194902,-4.629629629629562,0.8017004473194902,4.629629629629562,UAM_V4
82,135,217,7719.0,7718.316732863348,7714.42396313364,-0.6832671366519207,-4.576036866359573,0.6832671366519207,4.576036866359573,UAM_V4
82,136,218,7705.0,7704.935054550225,7701.422018348624,-0.0649454497752231,-3.5779816513759215,0.0649454497752231,3.5779816513759215,UAM_V4
82,137,219,7684.0,7684.968457206787,7679.908675799087,0.9684572067872068,-4.091324200912823,0.9684572067872068,4.091324200912823,UAM_V4
82,138,220,7670.0,7670.0,7666.818181818182,0.0,-3.1818181818180165,0.0,3.1818181818180165,UAM_V4
83,101,184,7712.0,7714.0446,7712.989130434783,2.044600000000173,0.9891304347829646,2.044600000000173,0.9891304347829646,FRDM2012
83,102,185,7732.0,7735.491262253962,7731.2972972972975,3.4912622539623044,-0.7027027027024815,3.4912622539623044,0.7027027027024815,FRDM2012
83,103,186,7739.1175,7738.218074401407,7741.182795698925,-0.8994255985935524,2.065295698924274,0.8994255985935524,2.065295698924274,UAM_V4
83,104,187,7758.2083,7756.634414460195,7756.844919786096,-1.5738855398049054,-1.363380213903838,1.5738855398049054,1.363380213903838,FRDM2012
83,105,188,7764.1904,7763.711869271632,7765.0,-0.4785307283682414,0.8095999999995911,0.4785307283682414,0.8095999999995911,UAM_V4
83,106,189,7780.9999,7781.066398897571,7780.6349206349205,0.06649889757136407,-0.36497936507930717,0.06649889757136407,0.36497936507930717,UAM_V4
83,107,190,7785.3239,7785.4927062716,7786.578947368421,0.16880627159935102,1.2550473684204917,0.16880627159935102,1.2550473684204917,UAM_V4
83,108,191,7800.6613,7800.634358791582,7799.947643979058,-0.0269412084180658,-0.7136560209419258,0.0269412084180658,0.7136560209419258,UAM_V4
83,109,192,7803.6084,7803.676055142943,7804.270833333333,0.06765514294329478,0.662433333332956,0.06765514294329478,0.662433333332956,UAM_V4
83,110,193,7817.1718,7817.18679887545,7816.5284974093265,0.014998875450146443,-0.6433025906735566,0.014998875450146443,0.6433025906735566,UAM_V4
83,111,194,7819.1955,7819.260699672888,7819.226804123711,0.06519967288841144,0.03130412371137936,0.06519967288841144,0.03130412371137936,FRDM2012
83,112,195,7830.7579,7830.85253553712,7831.948717948718,0.09463553712066641,1.190817948718177,0.09463553712066641,1.190817948718177,UAM_V4
83,113,196,7831.9009,7831.597790812475,7831.275510204082,-0.3031091875245693,-0.6253897959177266,0.3031091875245693,0.6253897959177266,UAM_V4
83,114,197,7841.6348,7841.525229956149,7842.53807106599,-0.1095700438509084,0.9032710659903387,0.1095700438509084,0.9032710659903387,UAM_V4
83,115,198,7841.2123,7841.6443620309055,7842.575757575758,0.4320620309053993,1.3634575757578205,0.4320620309053993,1.3634575757578205,UAM_V4
83,116,199,7849.5232,7849.642797175578,7850.301507537689,0.11959717557874683,0.7783075376892157,0.11959717557874683,0.7783075376892157,UAM_V4
83,117,200,7848.4969,7848.188968807137,7848.95,-0.3079311928631796,0.45309999999972206,0.3079311928631796,0.45309999999972206,UAM_V4
83,118,201,7854.8713,7854.851183715417,7855.273631840796,-0.020116284582400112,0.4023318407962506,0.020116284582400112,0.4023318407962506,UAM_V4
83,119,202,7852.5857,7852.728089239861,7853.217821782178,0.14238923986158625,0.6321217821787286,0.14238923986158625,0.6321217821787286,UAM_V4
83,120,203,7857.4762,7857.467988964908,7857.487684729064,-0.008211035092244856,0.011484729064250132,0.008211035092244856,0.011484729064250132,UAM_V4
83,121,204,7854.2157,7854.22475361968,7854.411764705882,0.009053619680344127,0.196064705882236,0.009053619680344127,0.196064705882236,UAM_V4
83,122,205,7857.3218,7857.521526944871,7856.926829268293,0.19972694487114495,-0.3949707317069624,0.19972694487114495,0.3949707317069624,UAM_V4
83,123,206,7853.3249,7855.197261627759,7851.747572815534,1.8723616277593464,-1.5773271844655028,1.8723616277593464,1.5773271844655028,FRDM2012
83,124,207,7854.5053,7857.336679462623,7853.285024154589,2.8313794626228628,-1.2202758454104696,2.8313794626228628,1.2202758454104696,FRDM2012
83,125,208,7849.8534,7847.670637688195,7847.259615384615,-2.1827623118051633,-2.5937846153847204,2.1827623118051633,2.5937846153847204,UAM_V4
83,126,209,7847.9869,7841.484783179954,7844.784688995215,-6.502116820045558,-3.202211004784658,6.502116820045558,3.202211004784658,FRDM2012
83,127,210,7832.5424,7830.985459736357,7829.0952380952385,-1.5569402636429004,-3.4471619047617423,1.5569402636429004,3.4471619047617423,UAM_V4
83,128,211,7819.7745,7823.307871744902,7819.1469194312795,3.53337174490116,-0.6275805687209868,3.53337174490116,0.6275805687209868,FRDM2012
83,129,212,7803.314,7805.13955559412,7801.037735849057,1.825555594119578,-2.2762641509434616,1.825555594119578,2.2762641509434616,UAM_V4
83,130,213,7791.0217,7791.034272892392,7789.389671361502,0.01257289239219972,-1.6320286384980136,0.01257289239219972,1.6320286384980136,UAM_V4
83,131,214,7773.4955,7773.65796901357,7770.467289719626,0.16246901357044408,-3.028210280373969,0.16246901357044408,3.028210280373969,UAM_V4
83,132,215,7761.7177,7761.963354165488,7758.883720930233,0.245654165488304,-2.833979069767338,0.245654165488304,2.833979069767338,UAM_V4
83,133,216,7743.4996,7743.508071960164,7740.092592592592,0.008471960163660697,-3.4070074074079457,0.008471960163660697,3.4070074074079457,UAM_V4
83,134,217,7731.8491,7731.321459127548,7728.064516129032,-0.5276408724521389,-3.784583870968163,0.5276408724521389,3.784583870968163,UAM_V4
83,135,218,7712.828,7712.761565333476,7709.40366972477,-0.06643466652440111,-3.4243302752302043,0.06643466652440111,3.4243302752302043,UAM_V4
83,136,219,7700.0,7700.291863270769,7696.803652968037,0.29186327076877205,-3.1963470319633416,0.29186327076877205,3.1963470319633416,UAM_V4
83,137,220,7681.0,7680.646646477398,7678.363636363636,-0.3533535226024469,-2.636363636363967,0.3533535226024469,2.636363636363967,UAM_V4
83,138,221,7668.0,7668.063333144451,7665.339366515837,0.06333314445055294,-2.660633484162645,0.06333314445055294,2.660633484162645,UAM_V4
83,139,222,7648.0,7648.5,7645.945945945946,0.5,-2.054054054054177,0.5,2.054054054054177,UAM_V4
83,140,223,7636.0,7636.0,7632.556053811659,0.0,-3.443946188341215,0.0,3.443946188341215,UAM_V4
83,141,224,7616.0,7615.0,7614.330357142857,-1.0,-1.669642857143117,1.0,1.669642857143117,UAM_V4
84,102,186,7695.9488,7699.856200000001,7695.0,3.907400000000962,-0.9488000000001193,3.907400000000962,0.9488000000001193,FRDM2012
84,103,187,7704.7889,7708.4771,7704.598930481284,3.6882000000005064,-0.1899695187157704,3.6882000000005064,0.1899695187157704,FRDM2012
84,104,188,7724.6544,7722.700699999999,7722.925531914893,-1.9537000000009357,-1.728868085107024,1.9537000000009357,1.728868085107024,FRDM2012
84,105,189,7731.1321,7729.288,7730.8994708994705,-1.8441000000002532,-0.232629100529266,1.8441000000002532,0.232629100529266,FRDM2012
84,106,190,7749.4526,7749.574589977489,7747.421052631579,0.12198997748964757,-2.0315473684204335,0.12198997748964757,2.0315473684204335,UAM_V4
84,107,191,7753.7871,7754.02524939524,7753.717277486911,0.23814939524072543,-0.06982251308818377,0.23814939524072543,0.06982251308818377,FRDM2012
84,108,192,7771.0542,7770.917734719354,7769.427083333333,-0.13646528064600716,-1.6271166666665522,0.13646528064600716,1.6271166666665522,UAM_V4
84,109,193,7773.951,7773.915776478236,7773.834196891192,-0.035223521764237375,-0.11680310880819889,0.035223521764237375,0.11680310880819889,UAM_V4
84,110,194,7789.2947,7789.3503323898485,7787.474226804124,0.05563238984814234,-1.8204731958767297,0.05563238984814234,1.8204731958767297,UAM_V4
84,111,195,7791.3155,7791.191510234246,7790.102564102564,-0.12398976575332199,-1.2129358974352726,0.12398976575332199,1.2129358974352726,UAM_V4
84,112,196,7804.7445,7804.808964776006,7802.2959183673465,0.064464776006389,-2.4485816326532586,0.064464776006389,2.4485816326532586,UAM_V4
84,113,197,7805.7136,7805.887173960748,7804.010152284264,0.17357396074839926,-1.7034477157358197,0.17357396074839926,1.7034477157358197,UAM_V4
84,114,198,7817.5611,7817.428977572487,7815.30303030303,-0.13212242751251324,-2.2580696969698693,0.13212242751251324,2.2580696969698693,UAM_V4
84,115,199,7817.6582,7817.478011546397,7815.728643216081,-0.1801884536025682,-1.929556783918997,0.1801884536025682,1.929556783918997,UAM_V4
84,116,200,7827.4407,7827.595640633558,7827.6,0.1549406335579988,0.15930000000025757,0.1549406335579988,0.15930000000025757,UAM_V4
84,117,201,7826.5619,7826.683146006731,7824.875621890547,0.12124600673087116,-1.6862781094523598,0.12124600673087116,1.6862781094523598,UAM_V4
84,118,202,7834.8053,7834.645592735544,7835.19801980198,-0.15970726445630135,0.3927198019800926,0.15970726445630135,0.3927198019800926,UAM_V4
84,119,203,7832.8632,7832.788685512979,7833.300492610838,-0.07451448702067864,0.43729261083808524,0.07451448702067864,0.43729261083808524,UAM_V4
84,120,204,7839.0823,7839.125811678694,7839.656862745098,0.04351167869390338,0.5745627450978645,0.04351167869390338,0.5745627450978645,UAM_V4
84,121,205,7836.2168,7836.057940023189,7836.731707317073,-0.15885997681107256,0.5149073170732663,0.15885997681107256,0.5149073170732663,UAM_V4
84,122,206,7840.5973,7840.758188849666,7840.728155339806,0.1608888496657528,0.13085533980574837,0.1608888496657528,0.13085533980574837,FRDM2012
84,123,207,7836.6734,7838.984128090389,7836.135265700483,2.3107280903896026,-0.5381342995169689,2.3107280903896026,0.5381342995169689,FRDM2012
84,124,208,7839.3568,7841.728801372634,7840.432692307692,2.3720013726342586,1.0758923076928113,2.3720013726342586,1.0758923076928113,FRDM2012
84,125,209,7835.1882,7831.929023926105,7834.928229665072,-3.2591760738941957,-0.25997033492785704,3.2591760738941957,0.25997033492785704,FRDM2012
84,126,210,7834.3462,7828.782137030221,7834.476190476191,-5.5640629697791155,0.12999047619086923,5.5640629697791155,0.12999047619086923,FRDM2012
84,127,211,7818.7842,7818.661103508138,7818.672985781991,-0.12309649186227034,-0.11121421800908138,0.12309649186227034,0.11121421800908138,FRDM2012
84,128,212,7810.2438,7813.263973697598,7811.226415094339,3.0201736975977838,0.982615094339053,3.0201736975977838,0.982615094339053,FRDM2012
84,129,213,7794.024,7795.206507059676,7792.910798122066,1.182507059676027,-1.1132018779344435,1.182507059676027,1.1132018779344435,FRDM2012
84,130,214,7785.1163,7785.053056136252,7783.691588785046,-0.0632438637476298,-1.4247112149532768,0.0632438637476298,1.4247112149532768,UAM_V4
84,131,215,7768.1768,7768.228117852613,7765.069767441861,0.051317852612555725,-3.107032558139508,0.051317852612555725,3.107032558139508,UAM_V4
84,132,216,7758.8205,7758.8420838776965,7755.185185185185,0.021583877696684795,-3.635314814814592,0.021583877696684795,3.635314814814592,UAM_V4
84,133,217,7741.3614,7741.24702512326,7738.018433179724,-0.11437487673993019,-3.3429668202761604,0.11437487673993019,3.3429668202761604,UAM_V4
84,134,218,7731.53,7731.499120611395,7728.027522935779,-0.030879388605171698,-3.5024770642203293,0.030879388605171698,3.5024770642203293,UAM_V4
84,135,219,7713.334,7713.356216159174,7710.365296803653,0.0222161591746044,-2.9687031963467234,0.0222161591746044,2.9687031963467234,UAM_V4
84,136,220,7703.2244,7703.208883503005,7700.0,-0.015516496994678164,-3.2244000000000597,0.015516496994678164,3.2244000000000597,UAM_V4
84,137,221,7684.4814,7684.319546345913,7682.081447963801,-0.16185365408637153,-2.399952036198556,0.16185365408637153,2.399952036198556,UAM_V4
84,138,222,7674.0054,7673.883582509404,7670.855855855856,-0.12181749059618596,-3.1495441441438743,0.12181749059618596,3.1495441441438743,UAM_V4
84,139,223,7655.0,7655.412960294383,7652.286995515695,0.41296029438308324,-2.713004484305202,0.41296029438308324,2.713004484305202,UAM_V4
84,140,224,7644.0,7643.91563294677,7641.473214285715,-0.0843670532303804,-2.5267857142853245,0.0843670532303804,2.5267857142853245,UAM_V4
84,141,225,7626.0,7625.412975667806,7623.6,-0.5870243321942326,-2.399999999999636,0.5870243321942326,2.399999999999636,UAM_V4
84,142,226,7614.0,7613.9946,7612.079646017699,-0.005400000000008731,-1.9203539823010942,0.005400000000008731,1.9203539823010942,UAM_V4
84,143,227,7596.0,7597.0,7593.568281938326,1.0,-2.431718061673564,1.0,2.431718061673564,UAM_V4
85,106,191,7702.9233,7706.1284000000005,7702.82722513089,3.2051000000001295,-0.09607486911045271,3.2051000000001295,0.09607486911045271,FRDM2012
85,107,192,7709.7283,7712.50556685554,7711.875,2.7772668555398923,2.146700000000237,2.7772668555398923,2.146700000000237,FRDM2012
85,108,193,7727.1099,7725.626301186286,7727.823834196891,-1.483598813714707,0.7139341968904773,1.483598813714707,0.7139341968904773,FRDM2012
85,109,194,7732.2304,7730.963935422607,7734.639175257732,-1.2664645773929806,2.408775257731577,1.2664645773929806,2.408775257731577,UAM_V4
85,110,195,7748.0914,7748.030076956724,7748.461538461538,-0.06132304327638849,0.3701384615378629,0.06132304327638849,0.3701384615378629,UAM_V4
85,111,196,7752.0001,7752.147015247056,7753.469387755102,0.1469152470554036,1.4692877551015044,0.1469152470554036,1.4692877551015044,UAM_V4
85,112,197,7766.0174,7766.188808135962,7765.380710659899,0.17140813596233784,-0.6366893401009293,0.17140813596233784,0.6366893401009293,UAM_V4
85,113,198,7769.3446,7769.385110865472,7768.989898989899,0.04051086547133309,-0.3547010101010528,0.04051086547133309,0.3547010101010528,UAM_V4
85,114,199,7781.4883,7781.502931502155,7778.994974874372,0.014631502154770715,-2.493325125627962,0.014631502154770715,2.493325125627962,UAM_V4
85,115,200,7783.7601,7783.3574200645135,7781.15,-0.40267993548695813,-2.6101000000007843,0.40267993548695813,2.6101000000007843,UAM_V4
85,116,201,7794.1536,7794.054987202296,7792.437810945274,-0.09861279770393594,-1.715789054725974,0.09861279770393594,1.715789054725974,UAM_V4
85,117,202,7794.5637,7795.178261899067,7792.3267326732675,0.6145618990676667,-2.236967326732156,0.6145618990676667,2.236967326732156,UAM_V4
85,118,203,7803.6487,7803.717093147859,7803.596059113301,0.06839314785884198,-0.05264088669900957,0.06839314785884198,0.05264088669900957,FRDM2012
85,119,204,7803.5522,7803.09267424792,7803.823529411765,-0.45952575208048074,0.271329411764782,0.45952575208048074,0.271329411764782,FRDM2012
85,120,205,7810.2694,7810.263431761417,7810.4390243902435,-0.005968238582681806,0.16962439024337073,0.005968238582681806,0.16962439024337073,UAM_V4
85,121,206,7808.8904,7809.045855723586,7809.660194174758,0.15545572358587378,0.7697941747574077,0.15545572358587378,0.7697941747574077,UAM_V4
85,122,207,7813.9653,7814.21056325534,7814.347826086957,0.2452632553404328,0.3825260869571139,0.2452632553404328,0.3825260869571139,UAM_V4
85,123,208,7811.5604,7813.392575815734,7811.826923076923,1.8321758157335353,0.26652307692256727,1.8321758157335353,0.26652307692256727,FRDM2012
85,124,209,7814.7835,7816.839949283129,7814.784688995215,2.056449283129041,0.0011889952156707295,2.056449283129041,0.0011889952156707295,FRDM2012
85,125,210,7811.6638,7809.070556910424,7810.619047619048,-2.59324308957639,-1.0447523809525592,2.59324308957639,1.0447523809525592,FRDM2012
85,126,211,7811.3545,7806.23741145029,7810.568720379147,-5.117088549710388,-0.7857796208536456,5.117088549710388,0.7857796208536456,FRDM2012
85,127,212,7798.34,7797.931390909069,7797.452830188679,-0.4086090909313498,-0.8871698113207458,0.4086090909313498,0.8871698113207458,UAM_V4
85,128,213,7790.0036,7792.916564089102,7790.046948356808,2.9129640891023882,0.043348356807655364,2.9129640891023882,0.043348356807655364,FRDM2012
85,129,214,7776.3632,7777.437184774135,7774.719626168225,1.0739847741351696,-1.6435738317750292,1.0739847741351696,1.6435738317750292,UAM_V4
85,130,215,7767.8627,7767.832818864576,7765.441860465116,-0.029881135423238447,-2.420839534883271,0.029881135423238447,2.420839534883271,UAM_V4
85,131,216,7753.0024,7753.3215988775355,7750.185185185185,0.31919887753520015,-2.817214814815088,0.31919887753520015,2.817214814815088,UAM_V4
85,132,217,7744.6172,7744.637579907613,7741.705069124424,0.02037990761346009,-2.9121308755757127,0.02037990761346009,2.9121308755757127,UAM_V4
85,133,218,7729.1175,7728.854756834534,7727.155963302752,-0.26274316546641785,-1.961536697248448,0.26274316546641785,1.961536697248448,UAM_V4
85,134,219,7720.197,7720.086264194457,7718.082191780822,-0.11073580554329965,-2.114808219178485,0.11073580554329965,2.114808219178485,UAM_V4
85,135,220,7703.7033,7703.7229726492515,7703.181818181818,0.019672649251333496,-0.5214818181821101,0.019672649251333496,0.5214818181821101,UAM_V4
85,136,221,7694.4754,7694.576600562365,7693.257918552036,0.10120056236428354,-1.217481447964019,0.10120056236428354,1.217481447964019,UAM_V4
85,137,222,7677.3878,7677.449107216472,7677.207207207207,0.061307216471504944,-0.1805927927935045,0.061307216471504944,0.1805927927935045,UAM_V4
85,138,223,7668.0557,7668.12830865991,7666.278026905829,0.07260865990974708,-1.7776730941704955,0.07260865990974708,1.7776730941704955,UAM_V4
85,139,224,7650.7354,7650.98437274311,7650.133928571428,0.24897274311024375,-0.6014714285711307,0.24897274311024375,0.6014714285711307,UAM_V4
85,140,225,7641.0,7640.802329085941,7639.377777777778,-0.19767091405901738,-1.6222222222222626,0.19767091405901738,1.6222222222222626,UAM_V4
85,141,226,7624.0,7623.426187631592,7623.495575221239,-0.5738123684077436,-0.5044247787609493,0.5738123684077436,0.5044247787609493,FRDM2012
85,142,227,7613.0,7613.076310054641,7612.15859030837,0.07631005464099871,-0.8414096916303606,0.07631005464099871,0.8414096916303606,UAM_V4
85,143,228,7596.0,7597.383383394791,7596.491228070176,1.3833833947910534,0.49122807017556624,1.3833833947910534,0.49122807017556624,FRDM2012
85,144,229,7585.0,7585.0,7585.240174672489,0.0,0.24017467248904723,0.0,0.24017467248904723,UAM_V4
86,107,193,7675.853,7678.649200000001,7675.647668393783,2.796200000000681,-0.20533160621744173,2.796200000000681,0.20533160621744173,FRDM2012
86,108,194,7694.9961,7698.2075,7693.556701030928,3.2114000000001397,-1.4393989690724993,3.2114000000001397,1.4393989690724993,FRDM2012
86,109,195,7700.3841,7698.986,7700.820512820513,-1.3981000000003405,0.4364128205124871,1.3981000000003405,0.4364128205124871,FRDM2012
86,110,196,7717.966,7716.274342111441,7716.785714285715,-1.691657888559348,-1.1802857142856737,1.691657888559348,1.1802857142856737,FRDM2012
86,111,197,7722.119,7722.1283576549495,7722.081218274112,0.009357654949781136,-0.03778172588772577,0.009357654949781136,0.03778172588772577,UAM_V4
86,112,198,7737.7245,7737.845797048155,7736.111111111111,0.12129704815470177,-1.6133888888889487,0.12129704815470177,1.6133888888889487,UAM_V4
86,113,199,7741.0568,7740.957966660186,7740.0,-0.0988333398145187,-1.056800000000294,0.0988333398145187,1.056800000000294,UAM_V4
86,114,200,7754.9111,7754.914395185684,7752.3,0.00329518568378262,-2.6111000000000786,0.00329518568378262,2.6111000000000786,UAM_V4
86,115,201,7757.0174,7757.115927514689,7754.776119402985,0.09852751468952192,-2.241280597014338,0.09852751468952192,2.241280597014338,UAM_V4
86,116,202,7769.3018,7769.1839456573525,7766.683168316832,-0.11785434264766081,-2.6186316831681324,0.11785434264766081,2.6186316831681324,UAM_V4
86,117,203,7770.3437,7770.306754641349,7768.226600985222,-0.03694535865179205,-2.1170990147784323,0.03694535865179205,2.1170990147784323,UAM_V4
86,118,204,7780.5743,7780.687733882831,7779.117647058823,0.1134338828305772,-1.4566529411767988,0.1134338828305772,1.4566529411767988,UAM_V4
86,119,205,7780.7226,7780.685972706038,7779.658536585366,-0.0366272939618284,-1.0640634146338925,0.0366272939618284,1.0640634146338925,UAM_V4
86,120,206,7789.0417,7788.889626689899,7788.543689320389,-0.15207331010060443,-0.4980106796110704,0.15207331010060443,0.4980106796110704,UAM_V4
86,121,207,7787.9987,7787.875363549292,7788.212560386473,-0.12333645070793864,0.21386038647324312,0.12333645070793864,0.21386038647324312,UAM_V4
86,122,208,7794.2678,7794.565582575094,7794.8557692307695,0.29778257509406103,0.587969230769886,0.29778257509406103,0.587969230769886,UAM_V4
86,123,209,7792.1755,7794.130316280817,7792.488038277512,1.9548162808168854,0.3125382775115213,1.9548162808168854,0.3125382775115213,FRDM2012
86,124,210,7796.6653,7798.339806041745,7797.0,1.6745060417451896,0.33470000000033906,1.6745060417451896,0.33470000000033906,FRDM2012
86,125,211,7793.9412,7790.93242702829,7793.8388625592415,-3.0087729717106413,-0.10233744075867435,3.0087729717106413,0.10233744075867435,FRDM2012
86,126,212,7794.7963,7790.356107608627,7795.707547169812,-4.440192391372875,0.9112471698117588,4.440192391372875,0.9112471698117588,FRDM2012
86,127,213,7782.1824,7782.400733891566,7782.394366197183,0.21833389156654448,0.21196619718375587,0.21833389156654448,0.21196619718375587,FRDM2012
86,128,214,7777.1023,7779.716785715523,7777.429906542056,2.6144857155231875,0.3276065420568557,2.6144857155231875,0.3276065420568557,FRDM2012
86,129,215,7763.8164,7764.76132709331,7761.767441860465,0.9449270933100706,-2.0489581395349887,0.9449270933100706,2.0489581395349887,UAM_V4
86,130,216,7758.6553,7758.5506582360285,7754.814814814815,-0.1046417639718129,-3.840485185185571,0.1046417639718129,3.840485185185571,UAM_V4
86,131,217,7744.4037,7744.458785462979,7741.566820276497,0.05508546297915018,-2.836879723502534,0.05508546297915018,2.836879723502534,UAM_V4
86,132,218,7738.7527,7738.662559332296,7735.366972477064,-0.09014066770396312,-3.3857275229356674,0.09014066770396312,3.3857275229356674,UAM_V4
86,133,219,7723.7784,7723.525996609231,7722.009132420091,-0.25240339076935925,-1.7692675799089557,0.25240339076935925,1.7692675799089557,UAM_V4
86,134,220,7717.2552,7717.256254274553,7715.0,0.0010542745530983666,-2.255199999999604,0.0010542745530983666,2.255199999999604,UAM_V4
86,135,221,7701.3941,7701.498602474611,7700.723981900453,0.10450247461085382,-0.6701180995478353,0.10450247461085382,0.6701180995478353,UAM_V4
86,136,222,7694.4991,7694.466808782651,7692.7027027027025,-0.03229121734875662,-1.796397297297517,0.03229121734875662,1.796397297297517,UAM_V4
86,137,223,7678.172,7678.188253414542,7677.219730941704,0.016253414542006794,-0.9522690582953146,0.016253414542006794,0.9522690582953146,UAM_V4
86,138,224,7670.7514,7670.779642935088,7668.571428571428,0.028242935088201193,-2.179971428571662,0.028242935088201193,2.179971428571662,UAM_V4
86,139,225,7654.3581,7654.303361372907,7652.844444444445,-0.054738627093684045,-1.5136555555554878,0.054738627093684045,1.5136555555554878,UAM_V4
86,140,226,7646.4108,7646.670599559567,7644.115044247787,0.25979955956699996,-2.2957557522122443,0.25979955956699996,2.2957557522122443,UAM_V4
86,141,227,7630.0508,7630.448657573357,7628.458149779735,0.3978575733572143,-1.5926502202646589,0.3978575733572143,1.5926502202646589,UAM_V4
86,142,228,7621.6457,7620.65651317971,7620.30701754386,-0.9891868202903424,-1.3386824561403046,0.9891868202903424,1.3386824561403046,UAM_V4
86,143,229,7605.6227,7604.480196256224,7603.9737991266375,-1.1425037437757055,-1.648900873362436,1.1425037437757055,1.648900873362436,UAM_V4
86,144,230,7595.0,7596.641805773631,7594.391304347826,1.6418057736309493,-0.6086956521739921,1.6418057736309493,0.6086956521739921,FRDM2012
86,145,231,7579.0,7581.1946,7578.181818181818,2.1945999999998094,-0.8181818181819835,2.1945999999998094,0.8181818181819835,FRDM2012
87,110,197,7673.764,7675.6831,7673.4517766497465,1.9191000000000713,-0.31222335025358916,1.9191000000000713,0.31222335025358916,FRDM2012
87,111,198,7679.1873,7681.6459,7680.959595959596,2.4586000000008426,1.772295959596704,2.4586000000008426,1.772295959596704,FRDM2012
87,112,199,7695.2599,7694.3003499999995,7695.226130653266,-0.9595500000004904,-0.03376934673360665,0.9595500000004904,0.03376934673360665,FRDM2012
87,113,200,7700.3292,7699.196954282044,7701.15,-1.1322457179558114,0.8207999999995081,1.1322457179558114,0.8207999999995081,FRDM2012
87,114,201,7714.8367,7714.754781231635,7713.681592039801,-0.08191876836463052,-1.1551079601986203,0.08191876836463052,1.1551079601986203,UAM_V4
87,115,202,7719.0125,7719.003793810976,7718.415841584158,-0.00870618902354181,-0.5966584158413752,0.00870618902354181,0.5966584158413752,UAM_V4
87,116,203,7731.7092,7731.773739227218,7729.704433497537,0.06453922721811978,-2.0047665024630987,0.06453922721811978,2.0047665024630987,UAM_V4
87,117,204,7734.6931,7734.456429531457,7732.549019607844,-0.2366704685437071,-2.144080392156866,0.2366704685437071,2.144080392156866,UAM_V4
87,118,205,7745.687,7745.566527359296,7744.585365853659,-0.12047264070406527,-1.1016341463409844,0.12047264070406527,1.1016341463409844,UAM_V4
87,119,206,7746.9621,7747.381895265344,7746.941747572816,0.4197952653439643,-0.020352427183752297,0.4197952653439643,0.020352427183752297,FRDM2012
87,120,207,7756.2689,7756.2897540893355,7755.942028985507,0.02085408933544386,-0.32687101449300826,0.02085408933544386,0.32687101449300826,UAM_V4
87,121,208,7756.8985,7756.478423834795,7757.451923076923,-0.42007616520550073,0.5534230769226269,0.42007616520550073,0.5534230769226269,UAM_V4
87,122,209,7763.7485,7764.07339401586,7764.162679425837,0.3248940158600817,0.41417942583757394,0.3248940158600817,0.41417942583757394,UAM_V4
87,123,210,7763.1243,7765.052055767612,7763.809523809524,1.9277557676114156,0.6852238095234497,1.9277557676114156,0.6852238095234497,FRDM2012
87,124,211,7768.3613,7769.887732901157,7768.199052132702,1.5264329011570226,-0.16224786729799234,1.5264329011570226,0.16224786729799234,FRDM2012
87,125,212,7766.8455,7764.031240861852,7766.745283018868,-2.8142591381483726,-0.1002169811326894,2.8142591381483726,0.1002169811326894,FRDM2012
87,126,213,7768.4543,7764.177357922214,7768.920187793427,-4.276942077786771,0.4658877934271004,4.276942077786771,0.4658877934271004,FRDM2012
87,127,214,7757.7393,7757.899471813904,7757.710280373832,0.16017181390361657,-0.029019626168519608,0.16017181390361657,0.029019626168519608,FRDM2012
87,128,215,7753.2607,7755.902759725969,7753.162790697675,2.642059725969375,-0.09790930232520623,2.642059725969375,0.09790930232520623,FRDM2012
87,129,216,7742.4513,7743.544051329884,7740.092592592592,1.0927513298838676,-2.3587074074075645,1.0927513298838676,2.3587074074075645,UAM_V4
87,130,217,7737.775,7737.683604354022,7735.023041474655,-0.09139564597808203,-2.7519585253448895,0.09139564597808203,2.7519585253448895,UAM_V4
87,131,218,7726.7143,7726.689591223849,7724.633027522936,-0.024708776150873746,-2.081272477063976,0.024708776150873746,2.081272477063976,UAM_V4
87,132,219,7721.1759,7721.211324483526,7719.315068493151,0.03542448352618521,-1.8608315068495358,0.03542448352618521,1.8608315068495358,UAM_V4
87,133,220,7709.743,7709.6461758494215,7708.590909090909,-0.09682415057886828,-1.1520909090913847,0.09682415057886828,1.1520909090913847,UAM_V4
87,134,221,7703.2572,7703.118671646388,7702.171945701358,-0.13852835361194593,-1.0852542986422122,0.13852835361194593,1.0852542986422122,UAM_V4
87,135,222,7690.9474,7690.89977648659,7690.045045045045,-0.04762351341014437,-0.902354954954717,0.04762351341014437,0.902354954954717,UAM_V4
87,136,223,7683.6655,7683.826478025448,7682.600896860987,0.16097802544754813,-1.064603139013343,0.16097802544754813,1.064603139013343,UAM_V4
87,137,224,7670.368,7670.205436261428,7669.553571428572,-0.16256373857231665,-0.8144285714288344,0.16256373857231665,0.8144285714288344,UAM_V4
87,138,225,7662.9412,7662.6652535785815,7661.022222222222,-0.27594642141866643,-1.9189777777783092,0.27594642141866643,1.9189777777783092,UAM_V4
87,139,226,7648.3768,7648.723682703724,7647.300884955752,0.34688270372407715,-1.0759150442481769,0.34688270372407715,1.0759150442481769,UAM_V4
87,140,227,7640.7162,7641.16783446607,7638.678414096917,0.45163446607057267,-2.037785903083204,0.45163446607057267,2.037785903083204,UAM_V4
87,141,228,7626.3689,7626.443622188043,7626.008771929824,0.07472218804286967,-0.3601280701759606,0.07472218804286967,0.3601280701759606,UAM_V4
87,142,229,7618.338,7618.1249158648625,7616.986899563319,-0.213084135137251,-1.3511004366810084,0.213084135137251,1.3511004366810084,UAM_V4
87,143,230,7603.7052,7602.912287051449,7602.739130434783,-0.7929129485510202,-0.9660695652173672,0.7929129485510202,0.9660695652173672,UAM_V4
87,144,231,7594.5009,7593.841042916201,7593.073593073593,-0.6598570837986699,-1.4273069264072547,0.6598570837986699,1.4273069264072547,UAM_V4
87,145,232,7579.3481,7581.08305200054,7578.922413793103,1.7349520005400336,-0.4256862068968985,1.7349520005400336,0.4256862068968985,FRDM2012
87,146,233,7569.2398,7570.6638,7568.454935622318,1.4239999999999782,-0.7848643776824247,1.4239999999999782,0.7848643776824247,FRDM2012
88,113,201,7669.4108,7672.4331999999995,7667.860696517413,3.022399999999834,-1.5501034825865645,3.022399999999834,1.5501034825865645,FRDM2012
88,114,202,7685.5684,7688.4448,7682.574257425743,2.8764000000001033,-2.994142574257239,2.8764000000001033,2.994142574257239,UAM_V4
88,115,203,7689.8015,7688.2903,7687.487684729064,-1.511199999999917,-2.3138152709352653,1.511199999999917,2.3138152709352653,UAM_V4
88,116,204,7704.1238,7702.600078024232,7701.176470588235,-1.5237219757682396,-2.9473294117651676,1.5237219757682396,2.9473294117651676,UAM_V4
88,117,205,7707.1698,7707.277605966908,7705.024390243902,0.10780596690801758,-2.1454097560972514,0.10780596690801758,2.1454097560972514,UAM_V4
88,118,206,7719.8028,7719.592769066853,7717.9126213592235,-0.210030933147209,-1.8901786407768668,0.210030933147209,1.8901786407768668,UAM_V4
88,119,207,7721.7503,7721.632414455728,7720.628019323672,-0.11788554427130293,-1.122280676328046,0.11788554427130293,1.122280676328046,UAM_V4
88,120,208,7732.0177,7732.163937447784,7731.298076923077,0.14623744778327818,-0.7196230769231988,0.14623744778327818,0.7196230769231988,UAM_V4
88,121,209,7733.0177,7732.941801511454,7733.062200956938,-0.07589848854604497,0.04450095693755429,0.07589848854604497,0.04450095693755429,FRDM2012
88,122,210,7741.3687,7741.510007055813,7741.9047619047615,0.1413070558128311,0.5360619047614819,0.1413070558128311,0.5360619047614819,UAM_V4
88,123,211,7741.0887,7742.801459122097,7741.753554502369,1.7127591220969407,0.6648545023690531,1.7127591220969407,0.6648545023690531,FRDM2012
88,124,212,7747.5078,7748.78712101653,7748.396226415094,1.279321016530048,0.8884264150938179,1.279321016530048,0.8884264150938179,FRDM2012
88,125,213,7746.4726,7743.615845313708,7746.525821596244,-2.8567546862923336,0.053221596243929525,2.8567546862923336,0.053221596243929525,FRDM2012
88,126,214,7749.1719,7745.4997317468515,7750.654205607477,-3.6721682531488113,1.482305607476519,3.6721682531488113,1.482305607476519,FRDM2012
88,127,215,7739.3249,7739.722672135015,7740.0,0.3977721350156571,0.6751000000003842,0.3977721350156571,0.6751000000003842,UAM_V4
88,128,216,7737.3458,7739.583725566639,7737.268518518518,2.2379255666392055,-0.0772814814818048,2.2379255666392055,0.0772814814818048,FRDM2012
88,129,217,7726.9122,7727.642936880074,7724.8387096774195,0.7307368800738914,-2.0734903225802555,0.7307368800738914,2.0734903225802555,UAM_V4
88,130,218,7725.0241,7725.033885743523,7722.431192660551,0.009785743523025303,-2.5929073394490842,0.009785743523025303,2.5929073394490842,UAM_V4
88,131,219,7714.056,7714.5836629345085,7712.785388127854,0.5276629345089532,-1.2706118721453095,0.5276629345089532,1.2706118721453095,UAM_V4
88,132,220,7711.6879,7711.589325487848,7709.772727272727,-0.09857451215157198,-1.915172727272875,0.09857451215157198,1.915172727272875,UAM_V4
88,133,221,7701.1352,7700.487305213861,7699.502262443439,-0.6478947861387496,-1.6329375565610462,0.6478947861387496,1.6329375565610462,UAM_V4
88,134,222,7696.6931,7696.56677060993,7695.315315315315,-0.1263293900701683,-1.377784684685139,0.1263293900701683,1.377784684685139,UAM_V4
88,135,223,7685.3101,7685.413119344493,7683.856502242153,0.10301934449307737,-1.453597757847092,0.10301934449307737,1.453597757847092,UAM_V4
88,136,224,7679.9236,7680.07541630037,7678.571428571428,0.15181630037022842,-1.352171428571637,0.15181630037022842,1.352171428571637,UAM_V4
88,137,225,7667.5866,7667.4657577554835,7666.0,-0.12084224451609771,-1.5865999999996347,0.12084224451609771,1.5865999999996347,UAM_V4
88,138,226,7661.9636,7661.791569745601,7659.646017699115,-0.17203025439903286,-2.3175823008850784,0.17203025439903286,2.3175823008850784,UAM_V4
88,139,227,7648.3048,7648.514972920915,7646.255506607929,0.2101729209152836,-2.0492933920704672,0.2101729209152836,2.0492933920704672,UAM_V4
88,140,228,7642.4289,7642.586159344868,7640.6140350877195,0.15725934486818005,-1.8148649122804272,0.15725934486818005,1.8148649122804272,UAM_V4
88,141,229,7628.4862,7628.564202573052,7627.379912663755,0.07800257305189007,-1.1062873362452592,0.07800257305189007,1.1062873362452592,UAM_V4
88,142,230,7621.9144,7621.865153425361,7620.478260869565,-0.04924657463834592,-1.4361391304346398,0.04924657463834592,1.4361391304346398,UAM_V4
88,143,231,7607.8418,7607.807734837183,7606.839826839827,-0.03406516281756922,-1.0019731601732929,0.03406516281756922,1.0019731601732929,UAM_V4
88,144,232,7600.0099,7599.189175679733,7598.922413793103,-0.8207243202668906,-1.087486206896756,0.8207243202668906,1.087486206896756,UAM_V4
88,145,233,7585.5644,7584.387179350889,7584.721030042919,-1.1772206491114048,-0.8433699570814497,1.1772206491114048,0.8433699570814497,FRDM2012
88,146,234,7576.5439,7577.87990830818,7575.940170940171,1.3360083081806806,-0.6037290598287655,1.3360083081806806,0.6037290598287655,FRDM2012
88,147,235,7561.0,7563.287,7560.978723404255,2.287000000000262,-0.02127659574489371,2.287000000000262,0.02127659574489371,FRDM2012
89,116,205,7662.8519,7666.354699999999,7661.121951219512,3.502799999999297,-1.7299487804875753,3.502799999999297,1.7299487804875753,FRDM2012
89,117,206,7667.8538,7671.6396,7667.378640776699,3.785800000000563,-0.47515922330057947,3.785800000000563,0.47515922330057947,FRDM2012
89,118,207,7681.1001,7679.456902890131,7679.855072463768,-1.6431971098691065,-1.245027536231646,1.6431971098691065,1.245027536231646,FRDM2012
89,119,208,7684.8289,7683.029972829555,7684.759615384615,-1.798927170445495,-0.06928461538518604,1.798927170445495,0.06928461538518604,FRDM2012
89,120,209,7695.8455,7695.983458973684,7695.789473684211,0.13795897368345322,-0.05602631578949513,0.13795897368345322,0.05602631578949513,FRDM2012
89,121,210,7698.0182,7698.238596782175,7699.190476190476,0.22039678217424807,1.1722761904757135,0.22039678217424807,1.1722761904757135,UAM_V4
89,122,211,7707.468,7707.549597191726,7707.867298578199,0.0815971917263596,0.39929857819879544,0.0815971917263596,0.39929857819879544,UAM_V4
89,123,212,7708.4479,7709.935039333528,7709.764150943396,1.4871393335279208,1.3162509433959713,1.4871393335279208,1.3162509433959713,FRDM2012
89,124,213,7715.5908,7716.898316913047,7716.338028169014,1.3075169130470385,0.7472281690143063,1.3075169130470385,0.7472281690143063,FRDM2012
89,125,214,7715.8874,7713.107411820469,7716.308411214954,-2.7799881795308465,0.4210112149539782,2.7799881795308465,0.4210112149539782,FRDM2012
89,126,215,7719.4137,7715.970407984691,7720.7441860465115,-3.443292015309453,1.3304860465113961,3.443292015309453,1.3304860465113961,FRDM2012
89,127,216,7711.2319,7711.897041930478,7712.12962962963,0.6651419304780575,0.8977296296297936,0.6651419304780575,0.8977296296297936,UAM_V4
89,128,217,7710.3448,7712.300182979325,7709.907834101383,1.9553829793248951,-0.43696589861701796,1.9553829793248951,0.43696589861701796,FRDM2012
89,129,218,7702.145,7702.615480113107,7701.467889908256,0.47048011310653237,-0.677110091743998,0.47048011310653237,0.677110091743998,UAM_V4
89,130,219,7700.5489,7700.816163297182,7699.954337899543,0.2672632971825806,-0.5945621004566419,0.2672632971825806,0.5945621004566419,UAM_V4
89,131,220,7692.3515,7693.075043640329,7692.636363636364,0.7235436403288986,0.2848636363642072,0.7235436403288986,0.2848636363642072,FRDM2012
89,132,221,7690.5039,7690.4690070539955,7690.27149321267,-0.034892946004219993,-0.23240678732963715,0.034892946004219993,0.23240678732963715,UAM_V4
89,133,222,7682.8015,7682.037249126074,7682.1621621621625,-0.7642508739254481,-0.6393378378370471,0.7642508739254481,0.6393378378370471,FRDM2012
89,134,223,7679.1479,7678.929563587277,7678.654708520179,-0.21833641272314708,-0.49319147982077993,0.21833641272314708,0.49319147982077993,UAM_V4
89,135,224,7670.1438,7670.391296655083,7669.375,0.24749665508352336,-0.7687999999998283,0.24749665508352336,0.7687999999998283,UAM_V4
89,136,225,7665.6906,7665.954217834168,7664.488888888889,0.2636178341681443,-1.2017111111108534,0.2636178341681443,1.2017111111108534,UAM_V4
89,137,226,7655.6628,7655.5238504014205,7653.982300884956,-0.13894959857952927,-1.6804991150438582,0.13894959857952927,1.6804991150438582,UAM_V4
89,138,227,7650.7084,7650.262029678699,7648.105726872247,-0.4463703213014014,-2.6026731277534054,0.4463703213014014,2.6026731277534054,UAM_V4
89,139,228,7639.1973,7639.327826747053,7637.587719298245,0.13052674705340905,-1.6095807017545667,0.13052674705340905,1.6095807017545667,UAM_V4
89,140,229,7633.2446,7633.718304760719,7631.441048034934,0.47370476071864687,-1.803551965065708,0.47370476071864687,1.803551965065708,UAM_V4
89,141,230,7621.4604,7621.457359639189,7620.304347826087,-0.003040360810700804,-1.15605217391294,0.003040360810700804,1.15605217391294,UAM_V4
89,142,231,7615.0768,7614.933094976617,7613.679653679654,-0.1437050233826085,-1.3971463203461099,0.1437050233826085,1.3971463203461099,UAM_V4
89,143,232,7602.4245,7602.661373587526,7601.810344827586,0.23687358752613363,-0.61415517241403,0.23687358752613363,0.61415517241403,UAM_V4
89,144,233,7595.1939,7595.189741379275,7594.034334763948,-0.004158620725320361,-1.1595652360520035,0.004158620725320361,1.1595652360520035,UAM_V4
89,145,234,7582.1297,7580.886644860549,7581.538461538462,-1.243055139451826,-0.5912384615385236,1.243055139451826,0.5912384615385236,FRDM2012
89,146,235,7573.5051,7572.65152680399,7573.063829787234,-0.8535731960100748,-0.44127021276653977,0.8535731960100748,0.44127021276653977,FRDM2012
89,147,236,7559.2423,7561.847852555984,7559.703389830508,2.6055525559841044,0.46108983050817187,2.6055525559841044,0.46108983050817187,FRDM2012
89,148,237,7550.0,7551.8163,7550.2531645569625,1.8163000000004104,0.2531645569624743,1.8163000000004104,0.2531645569624743,FRDM2012
90,118,208,7652.5716,7656.09,7650.096153846154,3.5183999999999287,-2.475446153845951,3.5183999999999287,2.475446153845951,FRDM2012
90,119,209,7656.0,7659.8542,7655.502392344498,3.8541999999997643,-0.4976076555021791,3.8541999999997643,0.4976076555021791,FRDM2012
90,120,210,7669.0764,7667.242880429176,7668.428571428572,-1.8335195708241372,-0.6478285714283629,1.8335195708241372,0.6478285714283629,FRDM2012
90,121,211,7671.8506,7669.858628107131,7672.037914691943,-1.9919718928686052,0.1873146919433566,1.9919718928686052,0.1873146919433566,FRDM2012
90,122,212,7682.0628,7682.53682564645,7682.735849056604,0.47402564645017264,0.6730490566042135,0.47402564645017264,0.6730490566042135,UAM_V4
90,123,213,7683.847,7685.471859623754,7684.835680751174,1.6248596237546735,0.988680751173888,1.6248596237546735,0.988680751173888,FRDM2012
90,124,214,7692.3173,7693.02402403028,7693.411214953271,0.7067240302803839,1.093914953271451,0.7067240302803839,1.093914953271451,UAM_V4
90,125,215,7693.0266,7690.352166581589,7693.2558139534885,-2.674433418411354,0.22921395348839724,2.674433418411354,0.22921395348839724,FRDM2012
90,126,216,7697.6617,7694.847108827902,7699.62962962963,-2.8145911720976073,1.9679296296299071,2.8145911720976073,1.9679296296299071,FRDM2012
90,127,217,7690.5945,7691.198198129254,7691.382488479263,0.6036981292536439,0.7879884792628218,0.6036981292536439,0.7879884792628218,UAM_V4
90,128,218,7691.6026,7693.262145455502,7691.146788990825,1.6595454555017568,-0.4558110091747949,1.6595454555017568,0.4558110091747949,FRDM2012
90,129,219,7683.7655,7684.150903666558,7683.607305936073,0.385403666557977,-0.15819406392711244,0.385403666557977,0.15819406392711244,FRDM2012
90,130,220,7684.4964,7684.600410145618,7684.090909090909,0.1040101456183038,-0.40549090909098595,0.1040101456183038,0.40549090909098595,UAM_V4
90,131,221,7676.064,7676.627196095911,7677.194570135746,0.5631960959108255,1.1305701357459839,0.5631960959108255,1.1305701357459839,UAM_V4
90,132,222,7676.6592,7676.677751669348,7676.801801801802,0.01855166934819863,0.14260180180190218,0.01855166934819863,0.14260180180190218,UAM_V4
90,133,223,7668.6426,7668.314485616939,7669.192825112108,-0.3281143830608926,0.5502251121079098,0.3281143830608926,0.5502251121079098,UAM_V4
90,134,224,7667.7162,7667.581068544101,7667.8125,-0.1351314558987724,0.0963000000001557,0.1351314558987724,0.0963000000001557,FRDM2012
90,135,225,7659.2229,7658.943032573559,7659.066666666667,-0.2798674264404326,-0.15623333333314804,0.2798674264404326,0.15623333333314804,FRDM2012
90,136,226,7657.1195,7657.246829442825,7656.194690265486,0.1273294428256122,-0.9248097345134738,0.1273294428256122,0.9248097345134738,UAM_V4
90,137,227,7647.4591,7647.782526871666,7646.255506607929,0.32342687166601536,-1.2035933920706157,0.32342687166601536,1.2035933920706157,UAM_V4
90,138,228,7645.0807,7644.944574293335,7642.80701754386,-0.13612570666555257,-2.2736824561407047,0.13612570666555257,2.2736824561407047,UAM_V4
90,139,229,7634.651,7634.692120517464,7632.576419213974,0.04112051746415091,-2.074580786025763,0.04112051746415091,2.074580786025763,UAM_V4
90,140,230,7630.9974,7631.071042942983,7628.826086956522,0.07364294298258756,-2.1713130434782215,0.07364294298258756,2.1713130434782215,UAM_V4
90,141,231,7620.1188,7619.714819610283,7618.138528138528,-0.40398038971761707,-1.9802718614719197,0.40398038971761707,1.9802718614719197,UAM_V4
90,142,232,7615.0338,7614.884920065516,7613.706896551724,-0.1488799344842846,-1.3269034482764255,0.1488799344842846,1.3269034482764255,UAM_V4
90,143,233,7602.8937,7603.312596400232,7601.974248927038,0.41889640023237007,-0.9194510729612375,0.41889640023237007,0.9194510729612375,UAM_V4
90,144,234,7596.8557,7596.992756143138,7595.854700854701,0.13705614313767,-1.0009991452989198,0.13705614313767,1.0009991452989198,UAM_V4
90,145,235,7584.3862,7584.197093431903,7583.574468085107,-0.18910656809657667,-0.8117319148932438,0.18910656809657667,0.8117319148932438,UAM_V4
90,146,236,7576.9688,7575.890367313171,7576.525423728814,-1.078432686828819,-0.4433762711860254,1.078432686828819,0.4433762711860254,FRDM2012
90,147,237,7563.4433,7562.1616669777995,7563.502109704641,-1.2816330222003671,0.058809704641134886,1.2816330222003671,0.058809704641134886,FRDM2012
90,148,238,7555.0,7556.844721703367,7555.546218487395,1.8447217033672132,0.5462184873949809,1.8447217033672132,0.5462184873949809,FRDM2012
90,149,239,7540.0,7542.5004,7541.589958158996,2.5003999999998996,1.5899581589956142,2.5003999999998996,1.5899581589956142,FRDM2012
91,120,211,7629.3948,7632.2321,7629.905213270142,2.837300000000141,0.5104132701417257,2.837300000000141,0.5104132701417257,FRDM2012
91,121,212,7633.6289,7636.2068,7635.047169811321,2.577900000000227,1.4182698113208971,2.577900000000227,1.4182698113208971,FRDM2012
91,122,213,7644.8027,7643.384050000001,7645.962441314554,-1.4186499999996158,1.1597413145536848,1.4186499999996158,1.1597413145536848,FRDM2012
91,123,214,7647.7037,7646.508100210016,7649.953271028037,-1.195599789984044,2.2495710280372805,1.195599789984044,2.2495710280372805,UAM_V4
91,124,215,7657.3733,7657.847925359342,7658.325581395349,0.4746253593420988,0.9522813953490186,0.4746253593420988,0.9522813953490186,UAM_V4
91,125,216,7659.2006,7656.426159644382,7660.138888888889,-2.774440355618026,0.9382888888885645,2.774440355618026,0.9382888888885645,FRDM2012
91,126,217,7664.6438,7662.219323576372,7666.820276497696,-2.424476423628221,2.1764764976960578,2.424476423628221,2.1764764976960578,FRDM2012
91,127,218,7659.1935,7660.010613918664,7660.688073394495,0.8171139186633809,1.4945733944950916,0.8171139186633809,1.4945733944950916,UAM_V4
91,128,219,7661.3783,7662.880424913161,7661.141552511415,1.5021249131605146,-0.23674748858502426,1.5021249131605146,0.23674748858502426,FRDM2012
91,129,220,7655.5364,7655.936121855196,7657.090909090909,0.39972185519582126,1.5545090909090504,0.39972185519582126,1.5545090909090504,UAM_V4
91,130,221,7656.9809,7656.977772540542,7658.14479638009,-0.0031274594575734227,1.1638963800905913,0.0031274594575734227,1.1638963800905913,UAM_V4
91,131,222,7651.2373,7651.621713199364,7653.468468468468,0.38441319936464424,2.2311684684682405,0.38441319936464424,2.2311684684682405,UAM_V4
91,132,223,7651.8957,7652.2851631996555,7653.542600896861,0.3894631996554381,1.6469008968606431,0.3894631996554381,1.6469008968606431,UAM_V4
91,133,224,7646.9612,7646.947315417954,7648.214285714285,-0.01388458204564813,1.2530857142855893,0.01388458204564813,1.2530857142855893,UAM_V4
91,134,225,7646.6504,7646.460007287298,7647.377777777778,-0.1903927127023053,0.7273777777772921,0.1903927127023053,0.7273777777772921,UAM_V4
91,135,226,7641.1093,7640.597080671006,7640.575221238938,-0.5122193289944335,-0.5340787610621192,0.5122193289944335,0.5340787610621192,UAM_V4
91,136,227,7639.4945,7639.305205482844,7638.193832599119,-0.1892945171557585,-1.3006674008811387,0.1892945171557585,1.3006674008811387,UAM_V4
91,137,228,7632.2076,7632.597449537906,7630.570175438596,0.38984953790622967,-1.6374245614033498,0.38984953790622967,1.6374245614033498,UAM_V4
91,138,229,7629.8752,7630.036379149233,7627.772925764192,0.16117914923233911,-2.1022742358081814,0.16117914923233911,2.1022742358081814,UAM_V4
91,139,230,7621.8958,7621.851240716768,7619.782608695652,-0.044559283232047164,-2.11319130434822,0.044559283232047164,2.11319130434822,UAM_V4
91,140,231,7618.4267,7618.518986894571,7616.190476190476,0.09228689457086148,-2.2362238095238354,0.09228689457086148,2.2362238095238354,UAM_V4
91,141,232,7609.5072,7609.433429331526,7607.370689655172,-0.07377066847402602,-2.1365103448279115,0.07377066847402602,2.1365103448279115,UAM_V4
91,142,233,7604.8675,7604.526407061695,7603.304721030043,-0.34109293830533716,-1.562778969957435,0.34109293830533716,1.562778969957435,UAM_V4
91,143,234,7594.6837,7594.676613629743,7593.247863247863,-0.007086370256729424,-1.4358367521363107,0.007086370256729424,1.4358367521363107,UAM_V4
91,144,235,7588.4139,7588.772133338422,7587.744680851064,0.35823333842199645,-0.6692191489355537,0.35823333842199645,0.6692191489355537,UAM_V4
91,145,236,7577.5573,7577.608931286989,7576.822033898305,0.05163128698859509,-0.7352661016957427,0.05163128698859509,0.7352661016957427,UAM_V4
91,146,237,7570.3847,7570.140606346815,7570.210970464135,-0.24409365318479104,-0.1737295358643678,0.24409365318479104,0.1737295358643678,FRDM2012
91,147,238,7558.3449,7557.327732818297,7558.6134453781515,-1.0171671817033712,0.26854537815142976,1.0171671817033712,0.26854537815142976,FRDM2012
91,148,239,7550.0,7549.245578984007,7550.794979079498,-0.7544210159931026,0.7949790794982619,0.7544210159931026,0.7949790794982619,UAM_V4
91,149,240,7537.0,7539.144807858626,7538.416666666667,2.1448078586263364,1.4166666666669698,2.1448078586263364,1.4166666666669698,FRDM2012
91,150,241,7528.0,7529.6153,7529.834024896266,1.6153000000003885,1.8340248962658734,1.6153000000003885,1.8340248962658734,UAM_V4
92,123,215,7620.7821,7631.7133,7622.232558139535,10.93119999999999,1.4504581395349305,10.93119999999999,1.4504581395349305,FRDM2012
92,124,216,7631.3072,7641.4382000000005,7632.824074074074,10.131000000000313,1.516874074073712,10.131000000000313,1.516874074073712,FRDM2012
92,125,217,7634.0,7628.5344000000005,7634.377880184332,-5.46559999999954,0.37788018433184334,5.46559999999954,0.37788018433184334,FRDM2012
92,126,218,7640.7191,7635.637854924915,7642.981651376147,-5.081245075085462,2.262551376146803,5.081245075085462,2.262551376146803,FRDM2012
92,127,219,7636.2867,7637.0206616252835,7637.16894977169,0.7339616252838823,0.8822497716901125,0.7339616252838823,0.8822497716901125,UAM_V4
92,128,220,7640.0,7641.2460760367485,7639.954545454545,1.2460760367484909,-0.04545454545495886,1.2460760367484909,0.04545454545495886,FRDM2012
92,129,221,7634.6849,7634.725748656608,7635.972850678733,0.04084865660752257,1.2879506787330683,0.04084865660752257,1.2879506787330683,UAM_V4
92,130,222,7637.7651,7637.93247816076,7638.828828828829,0.16737816076056333,1.063728828828971,0.16737816076056333,1.063728828828971,UAM_V4
92,131,223,7631.7611,7632.531554654475,7634.4843049327355,0.7704546544755431,2.7232049327358254,0.7704546544755431,2.7232049327358254,UAM_V4
92,132,224,7635.0742,7635.1977475994245,7636.428571428572,0.12354759942445526,1.3543714285715396,0.12354759942445526,1.3543714285715396,UAM_V4
92,133,225,7629.7717,7629.4603262255,7631.377777777778,-0.31137377450068016,1.6060777777775002,0.31137377450068016,1.6060777777775002,UAM_V4
92,134,226,7631.9166,7631.909665006119,7632.477876106194,-0.0069349938803497935,0.5612761061947822,0.0069349938803497935,0.5612761061947822,UAM_V4
92,135,227,7626.2918,7626.131288166912,7626.211453744493,-0.16051183308809414,-0.08034625550681085,0.16051183308809414,0.08034625550681085,FRDM2012
92,136,228,7627.4763,7627.38899426394,7626.140350877193,-0.08730573606044345,-1.3359491228075058,0.08730573606044345,1.3359491228075058,UAM_V4
92,137,229,7620.7218,7620.825088278381,7619.650655021834,0.10328827838111465,-1.0711449781665578,0.10328827838111465,1.0711449781665578,UAM_V4
92,138,230,7620.9227,7620.8024997364655,7619.217391304348,-0.1202002635345707,-1.7053086956520929,0.1202002635345707,1.7053086956520929,UAM_V4
92,139,231,7613.3879,7613.578252220483,7611.601731601731,0.19035222048296419,-1.7861683982682734,0.19035222048296419,1.7861683982682734,UAM_V4
92,140,232,7611.8984,7612.090630721483,7610.2155172413795,0.19223072148270148,-1.682882758620508,0.19223072148270148,1.682882758620508,UAM_V4
92,141,233,7603.9574,7603.391635726849,7601.759656652361,-0.5657642731512169,-2.1977433476395163,0.5657642731512169,2.1977433476395163,UAM_V4
92,142,234,7600.716,7600.406722576046,7599.444444444444,-0.3092774239539722,-1.2715555555560059,0.3092774239539722,1.2715555555560059,UAM_V4
92,143,235,7590.9151,7591.374340205126,7589.659574468085,0.45924020512575225,-1.2555255319148273,0.45924020512575225,1.2555255319148273,UAM_V4
92,144,236,7586.4854,7586.608005527345,7585.720338983051,0.12260552734551311,-0.7650610169484935,0.12260552734551311,0.7650610169484935,UAM_V4
92,145,237,7576.1026,7575.818656434169,7574.894514767932,-0.28394356583157787,-1.2080852320677877,0.28394356583157787,1.2080852320677877,UAM_V4
92,146,238,7570.1262,7570.043117669312,7569.915966386555,-0.08308233068783011,-0.21023361344487057,0.08308233068783011,0.21023361344487057,UAM_V4
92,147,239,7558.5624,7558.57501063996,7558.744769874477,0.012610639960257686,0.18236987447744468,0.012610639960257686,0.18236987447744468,UAM_V4
92,148,240,7551.7705,7551.025815980683,7552.583333333333,-0.7446840193169919,0.8128333333334012,0.7446840193169919,0.8128333333334012,UAM_V4
92,149,241,7539.0,7538.2543937952505,7540.3734439834025,-0.7456062047494925,1.373443983402467,0.7456062047494925,1.373443983402467,UAM_V4
92,150,242,7532.0,7533.199963397219,7533.099173553719,1.1999633972191077,1.0991735537190834,1.1999633972191077,1.0991735537190834,FRDM2012
92,151,243,7518.0,7519.4376,7520.082304526749,1.4376000000002023,2.082304526748885,1.4376000000002023,2.082304526748885,UAM_V4
93,126,219,7604.6732,7606.4346,7607.214611872146,1.761399999999412,2.541411872145545,1.761399999999412,2.541411872145545,UAM_V4
93,127,220,7602.0758,7601.980105572113,7604.318181818182,-0.0956944278868832,2.2423818181823663,0.0956944278868832,2.2423818181823663,UAM_V4
93,128,221,7607.0,7606.179582945231,7607.918552036199,-0.8204170547687681,0.9185520361988893,0.8204170547687681,0.9185520361988893,UAM_V4
93,129,222,7602.7013,7602.846355157875,7606.126126126126,0.14505515787550394,3.4248261261263906,0.14505515787550394,3.4248261261263906,UAM_V4
93,130,223,7607.5654,7607.634546509139,7609.461883408072,0.06914650913859077,1.8964834080716173,0.06914650913859077,1.8964834080716173,UAM_V4
93,131,224,7603.5032,7603.578664178668,7606.875,0.07546417866797128,3.3717999999998938,0.07546417866797128,3.3717999999998938,UAM_V4
93,132,225,7607.4231,7607.739597946603,7609.111111111111,0.3164979466027944,1.6880111111113365,0.3164979466027944,1.6880111111113365,UAM_V4
93,133,226,7604.1714,7604.264237839177,7606.150442477876,0.09283783917726396,1.979042477875737,0.09283783917726396,1.979042477875737,UAM_V4
93,134,227,7607.2771,7607.337185435273,7607.797356828194,0.060085435272412724,0.5202568281938511,0.060085435272412724,0.5202568281938511,UAM_V4
93,135,228,7604.0,7603.887731916359,7603.640350877193,-0.1122680836406289,-0.35964912280724093,0.1122680836406289,0.35964912280724093,UAM_V4
93,136,229,7605.9921,7605.681512217977,7605.152838427947,-0.3105877820235037,-0.8392615720531467,0.3105877820235037,0.8392615720531467,UAM_V4
93,137,230,7601.7751,7601.705297992645,7600.608695652174,-0.06980200735506514,-1.1664043478258463,0.06980200735506514,1.1664043478258463,UAM_V4
93,138,231,7602.1321,7602.4012735077995,7600.69264069264,0.2691735077996782,-1.439459307359357,0.2691735077996782,1.439459307359357,UAM_V4
93,139,232,7597.0,7597.078701476212,7595.086206896552,0.07870147621179058,-1.91379310344837,0.07870147621179058,1.91379310344837,UAM_V4
93,140,233,7596.1816,7595.9698950159645,7594.163090128755,-0.2117049840353502,-2.0185098712445324,0.2117049840353502,2.0185098712445324,UAM_V4
93,141,234,7589.6382,7589.483638809195,7587.863247863248,-0.15456119080499775,-1.7749521367522902,0.15456119080499775,1.7749521367522902,UAM_V4
93,142,235,7587.0571,7587.0047536043485,7585.702127659574,-0.05234639565151156,-1.3549723404257747,0.05234639565151156,1.3549723404257747,UAM_V4
93,143,236,7579.2148,7579.383318504999,7577.542372881356,0.168518504999156,-1.6724271186440092,0.168518504999156,1.6724271186440092,UAM_V4
93,144,237,7574.9895,7575.053491366055,7573.881856540084,0.06399136605523381,-1.10764345991538,0.06399136605523381,1.10764345991538,UAM_V4
93,145,238,7566.222,7565.759679109498,7564.747899159664,-0.4623208905013598,-1.4741008403361775,0.4623208905013598,1.4741008403361775,UAM_V4
93,146,239,7560.568,7560.519599763244,7560.0,-0.04840023675660632,-0.568000000000211,0.04840023675660632,0.568000000000211,UAM_V4
93,147,240,7550.1743,7550.887571112865,7550.375,0.7132711128651863,0.2007000000003245,0.7132711128651863,0.2007000000003245,FRDM2012
93,148,241,7544.0426,7544.221189281872,7544.398340248963,0.17858928187251877,0.35574024896322953,0.17858928187251877,0.35574024896322953,UAM_V4
93,149,242,7533.4042,7532.1281794779925,7533.760330578512,-1.2760205220074567,0.35613057851242047,1.2760205220074567,0.35613057851242047,FRDM2012
93,150,243,7526.0,7525.068830570288,7526.707818930041,-0.9311694297120994,0.7078189300409576,0.9311694297120994,0.7078189300409576,FRDM2012
93,151,244,7514.0,7516.6008436636275,7515.450819672131,2.600843663627529,1.4508196721308195,2.600843663627529,1.4508196721308195,FRDM2012
93,152,245,7506.0,7507.9574,7507.183673469388,1.9574000000002343,1.1836734693879407,1.9574000000002343,1.1836734693879407,FRDM2012
94,127,221,7576.0,7577.0,7578.41628959276,1.0,2.416289592760222,1.0,2.416289592760222,UAM_V4
94,128,222,7582.0,7583.866883680347,7583.783783783784,1.8668836803472004,1.7837837837842017,1.8668836803472004,1.7837837837842017,FRDM2012
94,129,223,7580.0,7579.418523864548,7581.973094170404,-0.5814761354522489,1.9730941704037832,0.5814761354522489,1.9730941704037832,UAM_V4
94,130,224,7586.0,7584.925360021408,7587.098214285715,-1.0746399785921312,1.0982142857146755,1.0746399785921312,1.0982142857146755,UAM_V4
94,131,225,7583.0,7582.836806754087,7584.666666666667,-0.1631932459131349,1.6666666666669698,0.1631932459131349,1.6666666666669698,UAM_V4
94,132,226,7588.0,7588.750048183921,7588.849557522124,0.7500481839206259,0.849557522124087,0.7500481839206259,0.849557522124087,UAM_V4
94,133,227,7585.0,7585.386798427576,7586.255506607929,0.3867984275757408,1.2555066079294193,0.3867984275757408,1.2555066079294193,UAM_V4
94,134,228,7590.4039,7590.154000436268,7589.517543859649,-0.2498995637324697,-0.8863561403513813,0.2498995637324697,0.8863561403513813,UAM_V4
94,135,229,7586.8834,7586.941624251779,7586.069868995633,0.058224251779392944,-0.8135310043662685,0.058224251779392944,0.8135310043662685,UAM_V4
94,136,230,7591.0016,7590.815221311328,7589.652173913043,-0.18637868867153884,-1.349426086956555,0.18637868867153884,1.349426086956555,UAM_V4
94,137,231,7587.1224,7586.46727972963,7585.497835497836,-0.6551202703703893,-1.6245645021645032,0.6551202703703893,1.6245645021645032,UAM_V4
94,138,232,7588.9839,7589.009889399504,7587.5,0.02598939950348722,-1.483900000000176,0.02598939950348722,1.483900000000176,UAM_V4
94,139,233,7583.7968,7584.388033116416,7582.403433476395,0.5912331164163334,-1.3933665236054367,0.5912331164163334,1.3933665236054367,UAM_V4
94,140,234,7584.6061,7584.701352450762,7583.6324786324785,0.09525245076201827,-0.9736213675214458,0.09525245076201827,0.9736213675214458,UAM_V4
94,141,235,7578.8799,7578.459087663694,7577.191489361702,-0.42081233630597126,-1.6884106382976825,0.42081233630597126,1.6884106382976825,UAM_V4
94,142,236,7577.9192,7577.80049182306,7577.033898305085,-0.11870817694034486,-0.8853016949151424,0.11870817694034486,0.8853016949151424,UAM_V4
94,143,237,7570.7599,7571.087123901777,7569.4092827004215,0.3272239017769607,-1.3506172995785164,0.3272239017769607,1.3506172995785164,UAM_V4
94,144,238,7568.3611,7568.312470919222,7567.394957983193,-0.0486290807784826,-0.9661420168067707,0.0486290807784826,0.9661420168067707,UAM_V4
94,145,239,7560.3187,7559.812942387486,7558.870292887029,-0.505757612513662,-1.4484071129709264,0.505757612513662,1.4484071129709264,UAM_V4
94,146,240,7556.0433,7555.996923358731,7555.916666666667,-0.04637664126948948,-0.1266333333333023,0.04637664126948948,0.1266333333333023,UAM_V4
94,147,241,7546.4395,7546.870711259519,7546.4315352697095,0.4312112595189319,-0.007964730290950683,0.4312112595189319,0.007964730290950683,FRDM2012
94,148,242,7541.3284,7541.41470292224,7542.024793388429,0.08630292224006553,0.6963933884289872,0.08630292224006553,0.6963933884289872,UAM_V4
94,149,243,7531.0087,7530.922084605079,7531.6872427983535,-0.08661539492095471,0.6785427983531918,0.08661539492095471,0.6785427983531918,UAM_V4
94,150,244,7524.8154,7523.903536761159,7526.516393442623,-0.9118632388417609,1.700993442622348,0.9118632388417609,1.700993442622348,UAM_V4
94,151,245,7513.2822,7511.98192909258,7515.34693877551,-1.300270907419872,2.0647387755107047,1.300270907419872,2.0647387755107047,UAM_V4
94,152,246,7506.5401,7508.108073145855,7508.658536585366,1.5679731458549213,2.1184365853659983,1.5679731458549213,2.1184365853659983,UAM_V4
94,153,247,7493.0,7495.555699999999,7495.141700404858,2.5556999999989785,2.1417004048580566,2.5556999999989785,2.1417004048580566,FRDM2012
95,128,223,7547.0,7548.0,7548.878923766816,1.0,1.878923766816115,1.0,1.878923766816115,UAM_V4
95,129,224,7546.0,7547.0,7549.0625,1.0,3.0625,1.0,3.0625,UAM_V4
95,130,225,7553.0,7552.5,7554.488888888889,-0.5,1.4888888888890506,0.5,1.4888888888890506,UAM_V4
95,131,226,7552.0,7551.5,7554.203539823009,-0.5,2.203539823009123,0.5,2.203539823009123,UAM_V4
95,132,227,7558.0,7558.213133333334,7558.8105726872245,0.21313333333364426,0.8105726872245214,0.21313333333364426,0.8105726872245214,UAM_V4
95,133,228,7557.0,7557.666666666667,7557.763157894737,0.6666666666669698,0.7631578947366506,0.6666666666669698,0.7631578947366506,UAM_V4
95,134,229,7562.5697,7562.666666666666,7562.31441048035,0.0969666666660487,-0.25528951965043234,0.0969666666660487,0.25528951965043234,UAM_V4
95,135,230,7562.0,7561.343058414575,7561.217391304348,-0.6569415854246472,-0.7826086956520157,0.6569415854246472,0.7826086956520157,UAM_V4
95,136,231,7566.0,7565.863345518006,7565.108225108225,-0.13665448199390084,-0.8917748917747303,0.13665448199390084,0.8917748917747303,UAM_V4
95,137,232,7564.0,7564.340436701622,7562.7155172413795,0.3404367016219112,-1.2844827586204701,0.3404367016219112,1.2844827586204701,UAM_V4
95,138,233,7567.0,7566.852545423046,7565.665236051502,-0.14745457695426012,-1.334763948498221,0.14745457695426012,1.334763948498221,UAM_V4
95,139,234,7564.0,7563.741519739893,7562.179487179487,-0.2584802601068077,-1.820512820512704,0.2584802601068077,1.820512820512704,UAM_V4
95,140,235,7565.1582,7565.3918240594585,7563.744680851064,0.2336240594586343,-1.4135191489358476,0.2336240594586343,1.4135191489358476,UAM_V4
95,141,236,7561.0,7561.2268036072755,7559.152542372882,0.22680360727554216,-1.847457627118274,0.22680360727554216,1.847457627118274,UAM_V4
95,142,237,7561.0,7560.858381442676,7559.2405063291135,-0.1416185573243638,-1.7594936708865134,0.1416185573243638,1.7594936708865134,UAM_V4
95,143,238,7555.5853,7555.51598017484,7553.529411764706,-0.06931982516016433,-2.0558882352934233,0.06931982516016433,2.0558882352934233,UAM_V4
95,144,239,7553.6891,7553.637593088022,7551.9246861924685,-0.05150691197741253,-1.7644138075311275,0.05150691197741253,1.7644138075311275,UAM_V4
95,145,240,7547.0136,7546.672892337174,7545.291666666667,-0.3407076628263894,-1.7219333333332543,0.3407076628263894,1.7219333333332543,UAM_V4
95,146,241,7543.2795,7543.198378951055,7542.448132780083,-0.08112104894462391,-0.8313672199165012,0.08112104894462391,0.8313672199165012,UAM_V4
95,147,242,7534.9917,7535.456459280907,7534.545454545455,0.464759280907856,-0.4462454545446235,0.464759280907856,0.4462454545446235,FRDM2012
95,148,243,7530.1742,7530.281575373074,7530.534979423868,0.10737537307340972,0.36077942386782524,0.10737537307340972,0.36077942386782524,UAM_V4
95,149,244,7521.3095,7520.999088575794,7521.7213114754095,-0.310411424205995,0.4118114754091948,0.310411424205995,0.4118114754091948,UAM_V4
95,150,245,7515.3043,7515.743338647726,7516.734693877551,0.4390386477261927,1.4303938775510687,0.4390386477261927,1.4303938775510687,UAM_V4
95,151,246,7505.0,7504.198768763715,7507.073170731707,-0.8012312362852754,2.0731707317072505,0.8012312362852754,2.0731707317072505,UAM_V4
95,152,247,7499.0,7497.20571281287,7500.80971659919,-1.7942871871300667,1.809716599190324,1.7942871871300667,1.809716599190324,UAM_V4
95,153,248,7487.0,7488.710092101487,7488.548387096775,1.7100921014871346,1.5483870967746043,1.7100921014871346,1.5483870967746043,FRDM2012
95,154,249,7479.0,7482.6957,7480.803212851406,3.6957000000002154,1.8032128514059877,3.6957000000002154,1.8032128514059877,FRDM2012
96,135,231,7542.0,7545.004000000001,7541.1255411255415,3.004000000000815,-0.8744588744584689,3.004000000000815,0.8744588744584689,FRDM2012
96,136,232,7548.0,7550.9017302812435,7546.637931034483,2.9017302812435446,-1.36206896551721,2.9017302812435446,1.36206896551721,FRDM2012
96,137,233,7546.002,7544.452532182439,7544.592274678112,-1.5494678175609806,-1.4097253218888,1.5494678175609806,1.4097253218888,FRDM2012
96,138,234,7550.6868,7549.096676286909,7548.846153846154,-1.5901237130910886,-1.8406461538461372,1.5901237130910886,1.8406461538461372,UAM_V4
96,139,235,7547.0,7547.566293813937,7545.787234042553,0.5662938139366815,-1.2127659574471181,0.5662938139366815,1.2127659574471181,UAM_V4
96,140,236,7550.309,7550.637350952647,7549.025423728814,0.3283509526463604,-1.2835762711865755,0.3283509526463604,1.2835762711865755,UAM_V4
96,141,237,7546.6241,7546.230138912624,7544.683544303797,-0.39396108737582836,-1.940555696202864,0.39396108737582836,1.940555696202864,UAM_V4
96,142,238,7547.9966,7547.908801962586,7546.848739495798,-0.08779803741435899,-1.1478605042020718,0.08779803741435899,1.1478605042020718,UAM_V4
96,143,239,7543.0659,7543.321125695674,7541.422594142259,0.2552256956741985,-1.6433058577404154,0.2552256956741985,1.6433058577404154,UAM_V4
96,144,240,7542.8617,7542.617251864145,7541.541666666667,-0.24444813585523661,-1.3200333333334129,0.24444813585523661,1.3200333333334129,UAM_V4
96,145,241,7536.8488,7536.257497122743,7535.39419087137,-0.5913028772565667,-1.4546091286301817,0.5913028772565667,1.4546091286301817,UAM_V4
96,146,242,7534.504,7534.624429856143,7534.214876033057,0.12042985614334611,-0.28912396694249765,0.12042985614334611,0.28912396694249765,UAM_V4
96,147,243,7526.9261,7527.570952348099,7526.707818930041,0.6448523480994481,-0.21828106995872076,0.6448523480994481,0.21828106995872076,FRDM2012
96,148,244,7523.9527,7524.044482811997,7524.38524590164,0.09178281199729099,0.4325459016399691,0.09178281199729099,0.4325459016399691,UAM_V4
96,149,245,7515.7677,7515.499541556359,7516.0,-0.26815844364136865,0.23229999999966822,0.26815844364136865,0.23229999999966822,FRDM2012
96,150,246,7511.4716,7511.53967248485,7512.845528455285,0.06807248484983575,1.3739284552848403,0.06807248484983575,1.3739284552848403,UAM_V4
96,151,247,7501.9318,7501.930410691063,7503.400809716599,-0.0013893089371777023,1.4690097165985208,0.0013893089371777023,1.4690097165985208,UAM_V4
96,152,248,7496.7291,7496.274649978957,7498.870967741936,-0.4544500210422484,2.1418677419360392,0.4544500210422484,2.1418677419360392,UAM_V4
96,153,249,7485.551,7484.302781050515,7486.746987951808,-1.2482189494858176,1.195987951807183,1.2482189494858176,1.195987951807183,FRDM2012
96,154,250,7478.9385,7478.297577656203,7480.48,-0.6409223437967739,1.5414999999993597,0.6409223437967739,1.5414999999993597,UAM_V4
96,155,251,7466.7233,7469.1702000000005,7467.649402390438,2.4469000000008236,0.9261023904382455,2.4469000000008236,0.9261023904382455,FRDM2012
96,156,252,7460.0,7461.147900000001,7460.357142857143,1.1479000000008455,0.357142857143117,1.1479000000008455,0.357142857143117,FRDM2012
97,136,233,7519.0,7521.0,7518.884120171674,2.0,-0.1158798283258875,2.0,0.1158798283258875,FRDM2012
97,137,234,7519.0,7521.0,7518.547008547009,2.0,-0.45299145299122756,2.0,0.45299145299122756,FRDM2012
97,138,235,7524.0,7523.0,7523.234042553191,-1.0,-0.7659574468088977,1.0,0.7659574468088977,FRDM2012
97,139,236,7523.0,7522.050242311498,7521.9915254237285,-0.9497576885023591,-1.0084745762715102,0.9497576885023591,1.0084745762715102,UAM_V4
97,140,237,7527.0,7526.841639434633,7525.696202531645,-0.15836056536682008,-1.3037974683547873,0.15836056536682008,1.3037974683547873,UAM_V4
97,141,238,7525.0,7524.340650417112,7523.0672268907565,-0.6593495828883533,-1.9327731092434988,0.6593495828883533,1.9327731092434988,UAM_V4
97,142,239,7527.0,7527.089734881573,7525.648535564854,0.08973488157334941,-1.3514644351462266,0.08973488157334941,1.3514644351462266,UAM_V4
97,143,240,7523.0,7523.592915660613,7522.333333333333,0.5929156606125616,-0.6666666666669698,0.5929156606125616,0.6666666666669698,UAM_V4
97,144,241,7524.0,7523.630128518107,7522.98755186722,-0.36987148189291474,-1.0124481327802641,0.36987148189291474,1.0124481327802641,UAM_V4
97,145,242,7519.0,7518.35755055886,7518.099173553719,-0.642449441140343,-0.9008264462809166,0.642449441140343,0.9008264462809166,UAM_V4
97,146,243,7517.5021,7517.863857116086,7517.283950617284,0.3617571160866646,-0.21814938271563733,0.3617571160866646,0.21814938271563733,FRDM2012
97,147,244,7511.4759,7512.274102694314,7511.393442622951,0.7982026943136589,-0.08245737704964995,0.7982026943136589,0.08245737704964995,FRDM2012
97,148,245,7509.2714,7509.295694385488,7509.591836734694,0.024294385488246917,0.32043673469434,0.024294385488246917,0.32043673469434,UAM_V4
97,149,246,7502.8035,7502.229403702792,7502.764227642277,-0.5740962972076886,-0.03927235772334825,0.5740962972076886,0.03927235772334825,FRDM2012
97,150,247,7498.9408,7499.087889083334,7500.04048582996,0.14708908333341242,1.099685829959526,0.14708908333341242,1.099685829959526,UAM_V4
97,151,248,7490.5975,7490.768894500533,7492.177419354839,0.17139450053309702,1.5799193548391486,0.17139450053309702,1.5799193548391486,UAM_V4
97,152,249,7486.041,7485.43252806645,7487.831325301205,-0.6084719335503905,1.7903253012045752,0.6084719335503905,1.7903253012045752,UAM_V4
97,153,250,7475.9594,7475.937816047877,7477.28,-0.02158395212245523,1.320600000000013,0.02158395212245523,1.320600000000013,UAM_V4
97,154,251,7469.2637,7468.568456567388,7471.155378486056,-0.6952434326121875,1.8916784860557527,0.6952434326121875,1.8916784860557527,UAM_V4
97,155,252,7459.0,7458.023952664052,7459.8015873015875,-0.9760473359483512,0.8015873015874604,0.9760473359483512,0.8015873015874604,FRDM2012
97,156,253,7451.0,7452.5576198007175,7452.806324110672,1.5576198007174753,1.8063241106719943,1.5576198007174753,1.8063241106719943,UAM_V4
97,157,254,7440.0,7442.0406,7441.299212598426,2.0406000000002678,1.2992125984255836,2.0406000000002678,1.2992125984255836,FRDM2012
98,139,237,7503.3507,7507.0,7502.320675105485,3.6493000000000393,-1.0300248945150088,3.6493000000000393,1.0300248945150088,FRDM2012
98,140,238,7509.0,7511.240540250895,7507.773109243697,2.24054025089481,-1.2268907563029643,2.24054025089481,1.2268907563029643,FRDM2012
98,141,239,7507.0,7505.157539892991,7506.0251046025105,-1.842460107009174,-0.9748953974894903,1.842460107009174,0.9748953974894903,FRDM2012
98,142,240,7510.24,7509.022442000471,7510.166666666667,-1.2175579995291628,-0.07333333333281189,1.2175579995291628,0.07333333333281189,FRDM2012
98,143,241,7507.0,7507.489736995958,7506.846473029045,0.48973699595808284,-0.15352697095477197,0.48973699595808284,0.15352697095477197,FRDM2012
98,144,242,7509.0991,7508.891170238743,7509.090909090909,-0.20792976125721907,-0.008190909091354115,0.20792976125721907,0.008190909091354115,FRDM2012
98,145,243,7505.0,7504.393376594048,7504.567901234568,-0.6066234059517228,-0.4320987654318742,0.6066234059517228,0.4320987654318742,FRDM2012
98,146,244,7505.1373,7505.260089954571,7505.491803278688,0.12278995457108977,0.3545032786878437,0.12278995457108977,0.3545032786878437,UAM_V4
98,147,245,7499.6644,7500.436522438065,7500.040816326531,0.7721224380657077,0.3764163265313982,0.7721224380657077,0.3764163265313982,FRDM2012
98,148,246,7499.122,7499.270479042726,7499.756097560976,0.14847904272573942,0.6340975609755333,0.14847904272573942,0.6340975609755333,UAM_V4
98,149,247,7493.2638,7492.784343219065,7493.441295546559,-0.4794567809349246,0.17749554655893007,0.4794567809349246,0.17749554655893007,FRDM2012
98,150,248,7491.044,7490.964053477665,7492.217741935484,-0.07994652233446686,1.1737419354840313,0.07994652233446686,1.1737419354840313,UAM_V4
98,151,249,7483.3954,7483.421953780068,7484.779116465864,0.026553780067843036,1.383716465863472,0.026553780067843036,1.383716465863472,UAM_V4
98,152,250,7479.9567,7479.530130321023,7482.0,-0.42656967897710274,2.043300000000272,0.42656967897710274,2.043300000000272,UAM_V4
98,153,251,7470.5014,7470.266456550413,7471.95219123506,-0.23494344958726288,1.4507912350600236,0.23494344958726288,1.4507912350600236,UAM_V4
98,154,252,7465.3474,7465.606443426672,7467.023809523809,0.2590434266721786,1.6764095238095251,0.2590434266721786,1.6764095238095251,UAM_V4
98,155,253,7454.8297,7454.225677025858,7455.96837944664,-0.6040229741420262,1.1386794466397987,0.6040229741420262,1.1386794466397987,UAM_V4
98,156,254,7449.2259,7448.633594733395,7450.472440944882,-0.5923052666057629,1.246540944881417,0.5923052666057629,1.246540944881417,UAM_V4
98,157,255,7438.0,7438.985254599186,7439.21568627451,0.9852545991861916,1.2156862745096078,0.9852545991861916,1.2156862745096078,UAM_V4
98,158,256,7432.0,7433.104400000001,7433.359375,1.1044000000010783,1.359375,1.1044000000010783,1.359375,UAM_V4
99,140,239,7481.0,7484.0,7481.589958158996,3.0,0.5899581589956142,3.0,0.5899581589956142,FRDM2012
99,141,240,7481.0,7483.000000000001,7481.291666666667,2.0000000000009095,0.29166666666696983,2.0000000000009095,0.29166666666696983,FRDM2012
99,142,241,7485.0,7483.565189136117,7485.726141078838,-1.4348108638832855,0.7261410788378271,1.4348108638832855,0.7261410788378271,FRDM2012
99,143,242,7483.0,7482.0435551125165,7483.966942148761,-0.9564448874834852,0.9669421487606087,0.9564448874834852,0.9669421487606087,UAM_V4
99,144,243,7486.0,7486.490014914087,7486.707818930041,0.49001491408671427,0.7078189300409576,0.49001491408671427,0.7078189300409576,UAM_V4
99,145,244,7483.0,7483.029303501037,7483.811475409836,0.02930350103724777,0.8114754098360208,0.02930350103724777,0.8114754098360208,UAM_V4
99,146,245,7485.0,7484.240705359715,7485.224489795918,-0.7592946402846792,0.22448979591808893,0.7592946402846792,0.22448979591808893,FRDM2012
99,147,246,7480.7849,7480.671411459859,7481.544715447155,-0.1134885401406791,0.7598154471552334,0.1134885401406791,0.7598154471552334,UAM_V4
99,148,247,7480.1005,7480.6922807319215,7481.497975708502,0.5917807319219719,1.3974757085024976,0.5917807319219719,1.3974757085024976,UAM_V4
99,149,248,7476.0,7476.487539132037,7476.693548387097,0.4875391320374547,0.6935483870965982,0.4875391320374547,0.6935483870965982,UAM_V4
99,150,249,7474.0,7474.34889885395,7475.863453815261,0.34889885395023157,1.863453815260982,0.34889885395023157,1.863453815260982,UAM_V4
99,151,250,7469.0,7468.108342938475,7469.96,-0.891657061524711,0.9600000000000364,0.891657061524711,0.9600000000000364,UAM_V4
99,152,251,7465.8842,7464.946616551384,7467.490039840637,-0.9375834486163512,1.6058398406366905,0.9375834486163512,1.6058398406366905,UAM_V4
99,153,252,7457.2428,7457.723239157182,7458.888888888889,0.48043915718244534,1.6460888888886984,0.48043915718244534,1.6460888888886984,UAM_V4
99,154,253,7452.8879,7453.143756942596,7454.229249011858,0.2558569425964379,1.3413490118582558,0.2558569425964379,1.3413490118582558,UAM_V4
99,155,254,7443.5759,7443.33485493759,7444.645669291339,-0.24104506241019408,1.069769291339071,0.24104506241019408,1.069769291339071,UAM_V4
99,156,255,7437.8216,7437.4872390048295,7439.294117647059,-0.3343609951707549,1.4725176470583392,0.3343609951707549,1.4725176470583392,UAM_V4
99,157,256,7428.0,7427.822214666517,7429.4921875,-0.17778533348337078,1.4921875,0.17778533348337078,1.4921875,UAM_V4
99,158,257,7422.0,7422.830476735402,7423.813229571984,0.8304767354020441,1.813229571984266,0.8304767354020441,1.813229571984266,UAM_V4
99,159,258,7412.0,7412.4241,7413.837209302325,0.42410000000018044,1.837209302325391,0.42410000000018044,1.837209302325391,UAM_V4
100,141,241,7459.0,7463.0,7460.3734439834025,4.0,1.373443983402467,4.0,1.373443983402467,FRDM2012
100,142,242,7465.0,7468.0392,7466.322314049587,3.0392000000001644,1.3223140495865664,3.0392000000001644,1.3223140495865664,FRDM2012
100,143,243,7464.0,7461.97626609122,7464.979423868313,-2.023733908779832,0.9794238683125513,2.023733908779832,0.9794238683125513,FRDM2012
100,144,244,7468.0,7466.433242305515,7469.303278688524,-1.5667576944852044,1.3032786885241876,1.5667576944852044,1.3032786885241876,FRDM2012
100,145,245,7465.0,7465.17920540269,7466.734693877551,0.1792054026900587,1.7346938775508534,0.1792054026900587,1.7346938775508534,UAM_V4
100,146,246,7467.9608,7468.108955667272,7469.918699186992,0.14815566727247642,1.9578991869921083,0.14815566727247642,1.9578991869921083,UAM_V4
100,147,247,7464.0,7464.405026717635,7466.194331983806,0.40502671763533726,2.1943319838055686,0.40502671763533726,2.1943319838055686,UAM_V4
100,148,248,7465.9451,7466.021495170207,7467.9838709677415,0.0763951702074337,2.038770967741584,0.0763951702074337,2.038770967741584,UAM_V4
100,149,249,7461.8649,7461.751197226511,7463.5341365461845,-0.11370277348851232,1.6692365461849477,0.11370277348851232,1.6692365461849477,UAM_V4
100,150,250,7462.0905,7462.5198884642505,7464.36,0.4293884642502235,2.269499999999425,0.4293884642502235,2.269499999999425,UAM_V4
100,151,251,7457.0013,7456.9048873573565,7458.8844621513945,-0.09641264264337224,1.883162151394572,0.09641264264337224,1.883162151394572,UAM_V4
100,152,252,7456.0351,7454.962164121348,7458.015873015873,-1.0729358786520606,1.9807730158727281,1.0729358786520606,1.9807730158727281,UAM_V4
100,153,253,7448.4712,7447.909780623329,7449.644268774704,-0.5614193766705284,1.1730687747040065,0.5614193766705284,1.1730687747040065,UAM_V4
100,154,254,7444.7936,7445.193501379447,7446.850393700787,0.3999013794473285,2.0567937007872388,0.3999013794473285,2.0567937007872388,UAM_V4
100,155,255,7435.886,7436.436522262465,7437.411764705882,0.5505222624642556,1.5257647058815564,0.5505222624642556,1.5257647058815564,UAM_V4
100,156,256,7431.7888,7432.182222603661,7433.515625,0.3934226036608379,1.7268249999997352,0.3934226036608379,1.7268249999997352,UAM_V4
100,157,257,7422.1942,7421.420543264987,7423.929961089494,-0.7736567350129917,1.73576108949419,0.7736567350129917,1.73576108949419,UAM_V4
100,158,258,7418.0,7416.86297512682,7419.84496124031,-1.137024873180053,1.8449612403101128,1.137024873180053,1.8449612403101128,UAM_V4
100,159,259,7407.0,7408.351611149161,7410.19305019305,1.3516111491608171,3.1930501930501123,1.3516111491608171,3.1930501930501123,UAM_V4
100,160,260,7402.0,7404.2112,7406.0,2.211199999999735,4.0,2.211199999999735,4.0,UAM_V4
101,143,244,7438.0,7440.0,7437.950819672131,2.0,-0.049180327869180473,2.0,0.049180327869180473,FRDM2012
101,144,245,7441.0,7443.9831,7442.530612244898,2.983100000000377,1.5306122448982933,2.983100000000377,1.5306122448982933,FRDM2012
101,145,246,7441.0,7440.0,7441.626016260163,-1.0,0.6260162601629418,1.0,0.6260162601629418,FRDM2012
101,146,247,7444.0,7442.563385296393,7445.060728744939,-1.4366147036071197,1.060728744939297,1.4366147036071197,1.060728744939297,FRDM2012
101,147,248,7442.0,7442.36346443244,7443.185483870968,0.3634644324401961,1.1854838709678006,0.3634644324401961,1.1854838709678006,UAM_V4
101,148,249,7444.0169,7444.106706385058,7445.381526104417,0.08980638505818206,1.3646261044177663,0.08980638505818206,1.3646261044177663,UAM_V4
101,149,250,7441.6533,7441.466987824662,7442.6,-0.18631217533766176,0.9467000000004191,0.18631217533766176,0.9467000000004191,UAM_V4
101,150,251,7441.9005,7442.561048231632,7443.904382470119,0.6605482316326743,2.0038824701196063,0.6605482316326743,2.0038824701196063,UAM_V4
101,151,252,7438.4444,7438.606659609077,7439.960317460317,0.16225960907650006,1.515917460316814,0.16225960907650006,1.515917460316814,UAM_V4
101,152,253,7438.0,7436.830338646262,7439.486166007905,-1.1696613537378653,1.4861660079050125,1.1696613537378653,1.4861660079050125,UAM_V4
101,153,254,7432.0,7431.083700245085,7432.755905511811,-0.9162997549146894,0.7559055118108517,0.9162997549146894,0.7559055118108517,FRDM2012
101,154,255,7428.7333,7429.2451120997885,7430.235294117647,0.5118120997885853,1.5019941176469729,0.5118120997885853,1.5019941176469729,UAM_V4
101,155,256,7421.0,7422.037576974933,7422.578125,1.0375769749325627,1.578125,1.0375769749325627,1.578125,UAM_V4
101,156,257,7417.5845,7417.661443136917,7419.066147859922,0.0769431369171798,1.4816478599223046,0.0769431369171798,1.4816478599223046,UAM_V4
101,157,258,7409.6615,7409.006534463671,7411.124031007752,-0.6549655363287457,1.4625310077517497,0.6549655363287457,1.4625310077517497,UAM_V4
101,158,259,7405.0,7404.336151445912,7407.258687258687,-0.6638485540879628,2.2586872586871323,0.6638485540879628,2.2586872586871323,UAM_V4
101,159,260,7396.0,7395.857466846519,7399.153846153846,-0.1425331534810539,3.153846153845734,0.1425331534810539,3.153846153845734,UAM_V4
101,160,261,7391.0,7392.451820741989,7395.0191570881225,1.4518207419887403,4.019157088122483,1.4518207419887403,4.019157088122483,UAM_V4
101,161,262,7382.0,7382.3385,7386.412213740458,0.33849999999983993,4.4122137404583555,0.33849999999983993,4.4122137404583555,UAM_V4
102,146,248,7424.0,7426.2008,7425.806451612903,2.2007999999996173,1.8064516129034018,2.2007999999996173,1.8064516129034018,FRDM2012
102,147,249,7422.0,7423.5281,7424.176706827309,1.5281000000004497,2.1767068273093173,1.5281000000004497,2.1767068273093173,UAM_V4
102,148,250,7426.0,7424.853854473087,7428.04,-1.1461455269127327,2.0399999999999636,1.1461455269127327,2.0399999999999636,UAM_V4
102,149,251,7423.0,7422.223772271542,7425.577689243028,-0.7762277284582524,2.577689243027635,0.7762277284582524,2.577689243027635,UAM_V4
102,150,252,7425.7992,7426.296646341521,7428.5317460317465,0.4974463415210266,2.7325460317460966,0.4974463415210266,2.7325460317460966,UAM_V4
102,151,253,7422.4719,7422.013547514231,7424.940711462451,-0.4583524857689554,2.468811462451413,0.4583524857689554,2.468811462451413,UAM_V4
102,152,254,7423.5909,7422.723777555,7426.102362204724,-0.86712244499995,2.511462204724012,0.86712244499995,2.511462204724012,UAM_V4
102,153,255,7417.9403,7417.587667413914,7419.529411764706,-0.3526325860866564,1.5891117647061037,0.3526325860866564,1.5891117647061037,UAM_V4
102,154,256,7416.5429,7416.587452643062,7418.7109375,0.04455264306125173,2.1680374999996275,0.04455264306125173,2.1680374999996275,UAM_V4
102,155,257,7409.6587,7410.189724463442,7411.3618677042805,0.5310244634420087,1.7031677042805313,0.5310244634420087,1.7031677042805313,UAM_V4
102,156,258,7407.0,7407.590146941264,7409.263565891473,0.5901469412638107,2.263565891473263,0.5901469412638107,2.263565891473263,UAM_V4
102,157,259,7399.9714,7399.443662846817,7401.814671814672,-0.5277371531838071,1.843271814671425,0.5277371531838071,1.843271814671425,UAM_V4
102,158,260,7397.0,7396.7360960768365,7399.576923076923,-0.2639039231635252,2.576923076922867,0.2639039231635252,2.576923076922867,UAM_V4
102,159,261,7388.0,7387.95912548035,7391.6475095785445,-0.04087451965006039,3.6475095785444864,0.04087451965006039,3.6475095785444864,UAM_V4
102,160,262,7385.0,7383.973304931038,7389.3893129770995,-1.026695068961999,4.389312977099507,1.026695068961999,4.389312977099507,UAM_V4
102,161,263,7376.0,7375.910424462715,7380.9505703422055,-0.08957553728487255,4.950570342205538,0.08957553728487255,4.950570342205538,UAM_V4
102,162,264,7371.0,7373.0,7377.651515151515,2.0,6.651515151515014,2.0,6.651515151515014,UAM_V4
103,148,251,7400.0,7403.2593,7402.629482071713,3.259299999999712,2.629482071713028,3.259299999999712,2.629482071713028,FRDM2012
103,149,252,7400.0,7404.051243483927,7401.825396825397,4.051243483926555,1.8253968253966377,4.051243483926555,1.8253968253966377,FRDM2012
103,150,253,7402.918,7401.331295621942,7405.217391304348,-1.5867043780572203,2.299391304348319,1.5867043780572203,2.299391304348319,UAM_V4
103,151,254,7401.1306,7399.116726282729,7403.149606299213,-2.0138737172710535,2.0190062992123785,2.0138737172710535,2.0190062992123785,UAM_V4
103,152,255,7402.5767,7401.61930551293,7404.78431372549,-0.9573944870699052,2.2076137254907735,0.9573944870699052,2.2076137254907735,UAM_V4
103,153,256,7398.1605,7398.258588035773,7399.84375,0.09808803577288927,1.6832500000000437,0.09808803577288927,1.6832500000000437,UAM_V4
103,154,257,7397.0,7397.737207823073,7399.455252918288,0.7372078230728221,2.455252918288352,0.7372078230728221,2.455252918288352,UAM_V4
103,155,258,7392.0,7391.5905143345235,7393.6821705426355,-0.40948566547649534,1.6821705426355038,0.40948566547649534,1.6821705426355038,UAM_V4
103,156,259,7390.0,7389.743566052004,7391.930501930502,-0.2564339479959017,1.9305019305020323,0.2564339479959017,1.9305019305020323,UAM_V4
103,157,260,7383.0,7383.8123626265915,7386.115384615385,0.8123626265914936,3.1153846153847553,0.8123626265914936,3.1153846153847553,UAM_V4
103,158,261,7381.0,7381.339684872671,7384.176245210728,0.3396848726706594,3.176245210727757,0.3396848726706594,3.176245210727757,UAM_V4
103,159,262,7374.0,7373.839684872672,7377.824427480916,-0.16031512732843112,3.8244274809158014,0.16031512732843112,3.8244274809158014,UAM_V4
103,160,263,7371.0,7370.039340101629,7375.817490494296,-0.9606598983709773,4.81749049429618,0.9606598983709773,4.81749049429618,UAM_V4
103,161,264,7363.0,7361.542150108888,7368.787878787879,-1.457849891112346,5.787878787878981,1.457849891112346,5.787878787878981,UAM_V4
103,162,265,7359.0,7361.0,7365.735849056604,2.0,6.735849056603911,2.0,6.735849056603911,UAM_V4
103,163,266,7349.0,7352.0,7357.18045112782,3.0,8.180451127819651,3.0,8.180451127819651,UAM_V4
104,149,253,7380.0,7382.2947,7381.501976284585,2.2947000000003754,1.5019762845849982,2.2947000000003754,1.5019762845849982,FRDM2012
104,150,254,7384.0,7388.203660381105,7386.535433070866,4.203660381104783,2.53543307086602,4.203660381104783,2.53543307086602,FRDM2012
104,151,255,7382.0,7380.840192071281,7384.862745098039,-1.159807928718692,2.8627450980393405,1.159807928718692,2.8627450980393405,UAM_V4
104,152,256,7385.4349,7383.253079042759,7387.96875,-2.1818209572411433,2.533849999999802,2.1818209572411433,2.533849999999802,UAM_V4
104,153,257,7381.7053,7380.76572188926,7383.657587548638,-0.9395781107396033,1.9522875486381963,0.9395781107396033,1.9522875486381963,UAM_V4
104,154,258,7382.5257,7382.6162536559295,7384.68992248062,0.09055365592939779,2.164222480620083,0.09055365592939779,2.164222480620083,UAM_V4
104,155,259,7377.0,7377.7219337824,7379.2277992278,0.7219337823999012,2.227799227799551,0.7219337823999012,2.227799227799551,UAM_V4
104,156,260,7377.0,7377.271399410503,7379.2692307692305,0.27139941050336347,2.2692307692304894,0.27139941050336347,2.2692307692304894,UAM_V4
104,157,261,7371.3858,7371.375472668345,7373.6781609195405,-0.010327331655389571,2.2923609195404424,0.010327331655389571,2.2923609195404424,UAM_V4
104,158,262,7370.0,7369.7397864553095,7373.244274809161,-0.26021354469048674,3.2442748091607427,0.26021354469048674,3.2442748091607427,UAM_V4
104,159,263,7364.0,7363.750698453873,7367.566539923954,-0.2493015461268442,3.566539923954224,0.2493015461268442,3.566539923954224,UAM_V4
104,160,264,7361.0,7361.66031512733,7366.818181818182,0.6603151273302501,5.8181818181819835,0.6603151273302501,5.8181818181819835,UAM_V4
104,161,265,7354.0,7352.981734952816,7360.188679245283,-1.0182650471842862,6.188679245283311,1.0182650471842862,6.188679245283311,UAM_V4
104,162,266,7351.0,7348.990164974593,7358.684210526316,-2.0098350254065735,7.684210526315837,2.0098350254065735,7.684210526315837,UAM_V4
104,163,267,7342.0,7343.815800755238,7350.374531835206,1.8158007552383424,8.374531835205744,1.8158007552383424,8.374531835205744,UAM_V4
104,164,268,7337.0,7341.0,7346.082089552238,4.0,9.082089552238358,4.0,9.082089552238358,UAM_V4
105,150,255,7359.0,7363.5908,7360.6274509803925,4.590799999999945,1.6274509803924957,4.590799999999945,1.6274509803924957,FRDM2012
105,151,256,7359.0,7361.9606,7360.4296875,2.9606000000003405,1.4296875,2.9606000000003405,1.4296875,FRDM2012
105,152,257,7361.9767,7359.745162410616,7364.007782101167,-2.231537589384061,2.031082101167158,2.231537589384061,2.031082101167158,FRDM2012
105,153,258,7359.4803,7358.037458380267,7361.201550387597,-1.4428416197333718,1.7212503875971379,1.4428416197333718,1.7212503875971379,UAM_V4
105,154,259,7360.3626,7360.82363167965,7362.664092664093,0.46103167964975,2.3014926640926205,0.46103167964975,2.3014926640926205,UAM_V4
105,155,260,7357.0,7356.82528943324,7358.923076923077,-0.17471056676004082,1.923076923077133,0.17471056676004082,1.923076923077133,UAM_V4
105,156,261,7357.0,7357.085086332615,7359.19540229885,0.08508633261499199,2.19540229885024,0.08508633261499199,2.19540229885024,UAM_V4
105,157,262,7352.0,7352.259365208403,7355.038167938931,0.2593652084033238,3.0381679389311103,0.2593652084033238,3.0381679389311103,UAM_V4
105,158,263,7352.0,7351.779627826619,7355.133079847908,-0.22037217338129267,3.133079847908448,0.22037217338129267,3.133079847908448,UAM_V4
105,159,264,7346.0,7346.506075385453,7350.871212121212,0.5060753854531868,4.871212121212011,0.5060753854531868,4.871212121212011,UAM_V4
105,160,265,7345.0,7346.003313846611,7350.452830188679,1.003313846610581,5.4528301886794,1.003313846610581,5.4528301886794,UAM_V4
105,161,266,7339.0,7338.339408718786,7345.225563909775,-0.6605912812137831,6.225563909774792,0.6605912812137831,6.225563909774792,UAM_V4
105,162,267,7337.0,7334.050580130665,7344.044943820225,-2.9494198693346334,7.044943820224944,2.9494198693346334,7.044943820224944,UAM_V4
105,163,268,7328.0,7326.5435551125165,7337.089552238806,-1.4564448874834852,9.089552238806391,1.4564448874834852,9.089552238806391,UAM_V4
105,164,269,7323.0,7328.882782298788,7332.936802973978,5.882782298787788,9.936802973978047,5.882782298787788,9.936802973978047,UAM_V4
105,165,270,7314.0,7317.0,7323.666666666667,3.0,9.66666666666697,3.0,9.66666666666697,UAM_V4
106,152,258,7342.0,7343.952799999999,7344.612403100775,1.9527999999991152,2.612403100774827,1.9527999999991152,2.612403100774827,UAM_V4
106,153,259,7340.0,7342.431668440117,7342.239382239382,2.4316684401173916,2.239382239382394,2.4316684401173916,2.239382239382394,FRDM2012
106,154,260,7342.5632,7341.543448433353,7345.115384615385,-1.0197515666468462,2.5521846153851584,1.0197515666468462,2.5521846153851584,UAM_V4
106,155,261,7339.771,7338.4830449782,7341.6475095785445,-1.287955021799462,1.8765095785447556,1.287955021799462,1.8765095785447556,UAM_V4
106,156,262,7341.1736,7341.368941426536,7343.473282442748,0.19534142653628805,2.299682442748235,0.19534142653628805,2.299682442748235,UAM_V4
106,157,263,7337.0,7337.34078373643,7339.657794676806,0.3407837364302395,2.657794676805679,0.3407837364302395,2.657794676805679,UAM_V4
106,158,264,7338.0,7337.349568587146,7341.174242424242,-0.6504314128542319,3.1742424242420384,0.6504314128542319,3.1742424242420384,UAM_V4
106,159,265,7333.0,7333.032304195859,7337.2830188679245,0.032304195859069296,4.283018867924511,0.032304195859069296,4.283018867924511,UAM_V4
106,160,266,7332.0,7333.463658452107,7338.233082706767,1.4636584521067562,6.2330827067671635,1.4636584521067562,6.2330827067671635,UAM_V4
106,161,267,7327.0,7326.995029230084,7333.445692883895,-0.00497076991632639,6.44569288389539,0.00497076991632639,6.44569288389539,UAM_V4
106,162,268,7326.0,7324.164733589478,7333.544776119403,-1.8352664105223084,7.544776119402741,1.8352664105223084,7.544776119402741,UAM_V4
106,163,269,7318.0,7317.161972050634,7326.728624535316,-0.8380279493658236,8.728624535316158,0.8380279493658236,8.728624535316158,UAM_V4
106,164,270,7314.0,7313.471899927409,7324.037037037037,-0.5281000725908598,10.037037037037408,0.5281000725908598,10.037037037037408,UAM_V4
106,165,271,7305.0,7304.95253218244,7315.0184501845015,-0.04746781755966367,10.01845018450149,0.04746781755966367,10.01845018450149,UAM_V4
106,166,272,7301.0,7302.0,7310.919117647059,1.0,9.919117647058556,1.0,9.919117647058556,UAM_V4
106,167,273,7292.0,7292.0,7301.611721611722,0.0,9.611721611721805,0.0,9.611721611721805,UAM_V4
107,153,260,7314.0,7316.466200000001,7316.615384615385,2.466200000000754,2.6153846153847553,2.466200000000754,2.6153846153847553,UAM_V4
107,154,261,7317.3313,7320.0,7320.0,2.6687000000001717,2.6687000000001717,2.6687000000001717,2.6687000000001717,TIE
107,155,262,7315.7331,7314.54565612919,7318.206106870229,-1.187443870810057,2.473006870228346,1.187443870810057,2.473006870228346,UAM_V4
107,156,263,7318.0,7316.706683552503,7320.266159695818,-1.2933164474970908,2.266159695817805,1.2933164474970908,2.266159695817805,UAM_V4
107,157,264,7315.0,7315.327119564749,7318.219696969697,0.3271195647494096,3.2196969696969973,0.3271195647494096,3.2196969696969973,UAM_V4
107,158,265,7316.0,7316.284295803134,7320.037735849057,0.28429580313422775,4.037735849056844,0.28429580313422775,4.037735849056844,UAM_V4
107,159,266,7313.0,7313.215494756675,7317.518796992481,0.21549475667507068,4.5187969924809295,0.21549475667507068,4.5187969924809295,UAM_V4
107,160,267,7313.0,7314.003590000496,7318.951310861423,1.003590000495933,5.951310861422826,1.003590000495933,5.951310861422826,UAM_V4
107,161,268,7309.0,7308.506351539338,7315.5970149253735,-0.4936484606623708,6.597014925373514,0.4936484606623708,6.597014925373514,UAM_V4
107,162,269,7309.0,7307.008836924296,7315.724907063197,-1.9911630757042076,6.724907063196952,1.9911630757042076,6.724907063196952,UAM_V4
107,163,270,7301.0,7300.839961026555,7310.407407407408,-0.16003897344489815,9.407407407407845,0.16003897344489815,9.407407407407845,UAM_V4
107,164,271,7298.0,7299.004970769916,7307.933579335793,1.0049707699163264,9.933579335793183,1.0049707699163264,9.933579335793183,UAM_V4
107,165,272,7290.0,7290.339132564901,7300.220588235294,0.33913256490086496,10.22058823529369,0.33913256490086496,10.22058823529369,UAM_V4
107,166,273,7286.0,7285.8416764771,7296.227106227107,-0.15832352289999108,10.22710622710656,0.15832352289999108,10.22710622710656,UAM_V4
107,167,274,7278.0,7278.006257357824,7288.1021897810215,0.006257357824324572,10.10218978102148,0.006257357824324572,10.10218978102148,UAM_V4
107,168,275,7273.0,7273.0,7283.490909090909,0.0,10.490909090908644,0.0,10.490909090908644,UAM_V4
107,169,276,7265.0,7264.5,7275.652173913043,-0.5,10.652173913043043,0.5,10.652173913043043,UAM_V4
107,170,277,7260.0,7260.0,7271.87725631769,0.0,11.877256317689898,0.0,11.877256317689898,UAM_V4
107,171,278,7251.0,7252.0,7264.604316546763,1.0,13.604316546762675,1.0,13.604316546762675,UAM_V4
108,155,263,7295.0,7297.4948,7297.376425855513,2.494800000000396,2.3764258555129345,2.494800000000396,2.3764258555129345,FRDM2012
108,156,264,7298.3762,7299.436203054181,7301.212121212121,1.0600030541809247,2.8359212121213204,1.0600030541809247,2.8359212121213204,UAM_V4
108,157,265,7296.2474,7294.983195032587,7299.358490566037,-1.2642049674132068,3.1110905660370918,1.2642049674132068,3.1110905660370918,UAM_V4
108,158,266,7298.2611,7297.6598192439415,7302.706766917293,-0.6012807560582587,4.445666917293238,0.6012807560582587,4.445666917293238,UAM_V4
108,159,267,7295.0,7296.324656193427,7300.449438202248,1.3246561934265628,5.44943820224762,1.3246561934265628,5.44943820224762,UAM_V4
108,160,268,7297.0,7298.10406747766,7303.4701492537315,1.1040674776595552,6.470149253731506,1.1040674776595552,6.470149253731506,UAM_V4
108,161,269,7294.0,7292.787749858324,7300.111524163569,-1.2122501416761224,6.111524163568902,1.2122501416761224,6.111524163568902,UAM_V4
108,162,270,7295.0,7292.953517744387,7301.777777777777,-2.0464822556132276,6.777777777777374,2.0464822556132276,6.777777777777374,UAM_V4
108,163,271,7288.0,7288.159762819561,7296.974169741698,0.15976281956136518,8.974169741697551,0.15976281956136518,8.974169741697551,UAM_V4
108,164,272,7286.0,7286.990886921821,7295.882352941177,0.9908869218206746,9.882352941176578,0.9908869218206746,9.882352941176578,UAM_V4
108,165,273,7279.0,7278.99281999901,7288.351648351649,-0.0071800009900471196,9.351648351648691,0.0071800009900471196,9.351648351648691,UAM_V4
108,166,274,7276.0,7276.158658204024,7285.5474452554745,0.15865820402359532,9.547445255474486,0.15865820402359532,9.547445255474486,UAM_V4
108,167,275,7268.0,7268.159486665677,7277.527272727273,0.1594866656769227,9.527272727273157,0.1594866656769227,9.527272727273157,UAM_V4
108,168,276,7265.0,7264.485920944891,7274.202898550725,-0.5140790551085956,9.202898550724967,0.5140790551085956,9.202898550724967,UAM_V4
108,169,277,7256.0,7255.452532182439,7266.750902527076,-0.5474678175605732,10.750902527075596,0.5474678175605732,10.750902527075596,UAM_V4
108,170,278,7252.0,7251.9446208795125,7264.53237410072,-0.055379120487486944,12.532374100719608,0.055379120487486944,12.532374100719608,UAM_V4
108,171,279,7243.0,7243.8660369129,7257.598566308244,0.8660369129001992,14.59856630824379,0.8660369129001992,14.59856630824379,UAM_V4
108,172,280,7239.0,7239.0,7254.892857142857,0.0,15.892857142856883,0.0,15.892857142856883,UAM_V4
109,156,265,7272.0,7272.0,7274.33962264151,0.0,2.339622641509777,0.0,2.339622641509777,UAM_V4
109,157,266,7270.7598,7271.021368972628,7274.1353383458645,0.26156897262808343,3.3755383458646975,0.26156897262808343,3.3755383458646975,UAM_V4
109,158,267,7273.0,7273.033710852901,7277.752808988764,0.03371085290109477,4.752808988763718,0.03371085290109477,4.752808988763718,UAM_V4
109,159,268,7271.0,7270.906761246828,7277.164179104478,-0.09323875317204511,6.1641791044776255,0.09323875317204511,6.1641791044776255,UAM_V4
109,160,269,7274.0,7274.502758556196,7280.260223048327,0.5027585561956585,6.260223048327134,0.5027585561956585,6.260223048327134,UAM_V4
109,161,270,7271.0,7270.380480335494,7278.481481481482,-0.6195196645057877,7.481481481481751,0.6195196645057877,7.481481481481751,UAM_V4
109,162,271,7273.0,7271.009665385948,7280.664206642066,-1.9903346140517897,7.664206642066347,1.9903346140517897,7.664206642066347,UAM_V4
109,163,272,7267.0,7266.5069038471065,7277.316176470588,-0.49309615289348585,10.316176470588289,0.49309615289348585,10.316176470588289,UAM_V4
109,164,273,7265.0,7266.504418462148,7276.373626373626,1.504418462148351,11.373626373626394,1.504418462148351,11.373626373626394,UAM_V4
109,165,274,7259.0,7259.504970769916,7270.43795620438,0.5049707699163264,11.437956204379589,0.5049707699163264,11.437956204379589,UAM_V4
109,166,275,7257.0,7256.341617949861,7267.745454545455,-0.6583820501391529,10.745454545454777,0.6583820501391529,10.745454545454777,UAM_V4
109,167,276,7250.0,7250.006627693222,7260.978260869565,0.006627693222071684,10.97826086956502,0.006627693222071684,10.97826086956502,UAM_V4
109,168,277,7247.0,7247.674675129309,7257.7617328519855,0.6746751293094349,10.761732851985471,0.6746751293094349,10.761732851985471,UAM_V4
109,169,278,7240.0,7239.839961026554,7251.798561151079,-0.16003897344580764,11.798561151079412,0.16003897344580764,11.798561151079412,UAM_V4
109,170,279,7237.0,7236.043555112517,7249.928315412187,-0.9564448874825757,12.928315412186748,0.9564448874825757,12.928315412186748,UAM_V4
109,171,280,7229.0,7229.03231508348,7244.321428571428,0.03231508348017087,15.321428571428442,0.03231508348017087,15.321428571428442,UAM_V4
109,172,281,7225.0,7227.033490771773,7241.7081850533805,2.0334907717733586,16.708185053380475,2.0334907717733586,16.708185053380475,UAM_V4
109,173,282,7218.0,7218.0,7235.2836879432625,0.0,17.28368794326252,0.0,17.28368794326252,UAM_V4
110,157,267,7248.0,7248.3102,7251.385767790262,0.3101999999998952,3.3857677902624346,0.3101999999998952,3.3857677902624346,UAM_V4
110,158,268,7252.0,7252.5268,7256.679104477612,0.5267999999996391,4.679104477611872,0.5267999999996391,4.679104477611872,UAM_V4
110,159,269,7250.1551,7250.0,7256.282527881041,-0.1550999999999476,6.127427881040603,0.1550999999999476,6.127427881040603,UAM_V4
110,160,270,7253.7634,7253.5,7260.740740740741,-0.26339999999981956,6.977340740741056,0.26339999999981956,6.977340740741056,UAM_V4
110,161,271,7252.0,7251.595254797318,7259.520295202952,-0.4047452026816245,7.520295202952184,0.4047452026816245,7.520295202952184,UAM_V4
110,162,272,7255.0,7252.67192192507,7263.088235294118,-2.3280780749300902,8.088235294118022,2.3280780749300902,8.088235294118022,UAM_V4
110,163,273,7250.0,7248.801828298342,7259.92673992674,-1.1981717016578841,9.926739926740083,1.1981717016578841,9.926739926740083,UAM_V4
110,164,274,7249.0,7250.364692866014,7260.58394160584,1.3646928660136837,11.583941605839755,1.3646928660136837,11.583941605839755,UAM_V4
110,165,275,7243.0,7244.493648460663,7254.581818181819,1.4936484606632803,11.581818181818562,1.4936484606632803,11.581818181818562,UAM_V4
110,166,276,7243.0,7242.993372306779,7253.550724637681,-0.00662769322116219,10.550724637681014,0.00662769322116219,10.550724637681014,UAM_V4
110,167,277,7237.0,7236.3289148711865,7247.075812274368,-0.6710851288135018,10.075812274368218,0.6710851288135018,10.075812274368218,UAM_V4
110,168,278,7236.0,7235.658658204024,7245.46762589928,-0.3413417959764047,9.467625899280392,0.3413417959764047,9.467625899280392,UAM_V4
110,169,279,7229.0,7229.161143588983,7240.286738351255,0.161143588982668,11.286738351254826,0.161143588982668,11.286738351254826,UAM_V4
110,170,280,7227.0,7226.9925438451255,7239.857142857143,-0.0074561548744895845,12.857142857143117,0.0074561548744895845,12.857142857143117,UAM_V4
110,171,281,7220.0,7219.471899927408,7234.270462633452,-0.5281000725917693,14.270462633451643,0.5281000725917693,14.270462633451643,UAM_V4
110,172,282,7217.0,7216.960659898372,7232.90780141844,-0.03934010162811319,15.907801418439703,0.03934010162811319,15.907801418439703,UAM_V4
110,173,283,7210.0,7210.8492915270135,7226.749116607773,0.84929152701352,16.74911660777343,0.84929152701352,16.74911660777343,UAM_V4
110,174,284,7207.0,7207.0,7224.7535211267605,0.0,17.75352112676046,0.0,17.75352112676046,UAM_V4
111,161,272,7227.0,7231.0,7233.75,4.0,6.75,4.0,6.75,UAM_V4
111,162,273,7230.0,7232.0,7237.545787545788,2.0,7.545787545787789,2.0,7.545787545787789,UAM_V4
111,163,274,7227.0,7225.0,7235.985401459854,-2.0,8.985401459854074,2.0,8.985401459854074,UAM_V4
111,164,275,7227.0,7226.0474678175615,7236.618181818182,-0.9525321824385173,9.618181818182165,0.9525321824385173,9.618181818182165,UAM_V4
111,165,276,7223.0,7223.503037692727,7232.463768115942,0.5030376927270481,9.463768115942003,0.5030376927270481,9.463768115942003,UAM_V4
111,166,277,7222.0,7222.173018206004,7231.985559566787,0.17301820600368956,9.985559566786833,0.17301820600368956,9.985559566786833,UAM_V4
111,167,278,7218.0,7218.171361282699,7227.086330935252,0.17136128269885376,9.08633093525168,0.17136128269885376,9.08633093525168,UAM_V4
111,168,279,7216.0,7216.007732308759,7226.308243727599,0.007732308758932049,10.308243727598892,0.007732308758932049,10.308243727598892,UAM_V4
111,169,280,7212.0,7211.671361282698,7222.678571428572,-0.32863871730205574,10.678571428571558,0.32863871730205574,10.678571428571558,UAM_V4
111,170,281,7209.0,7209.007732308758,7222.384341637011,0.007732308758022555,13.384341637010948,0.007732308758022555,13.384341637010948,UAM_V4
111,171,282,7204.0,7204.172465898236,7218.120567375887,0.17246589823571412,14.120567375886822,0.17246589823571412,14.120567375886822,UAM_V4
111,172,283,7201.0,7200.544960116147,7217.137809187279,-0.45503988385280536,16.137809187279345,0.45503988385280536,16.137809187279345,UAM_V4
111,173,284,7195.0,7194.537935097998,7212.288732394366,-0.4620649020016572,17.28873239436598,0.4620649020016572,17.28873239436598,UAM_V4
111,174,285,7192.0,7193.0669815435485,7210.526315789473,1.0669815435485361,18.5263157894733,1.0669815435485361,18.5263157894733,UAM_V4
111,175,286,7185.0,7186.0,7204.755244755244,1.0,19.755244755244348,1.0,19.755244755244348,UAM_V4
112,164,276,7209.0,7210.0,7217.246376811594,1.0,8.246376811594018,1.0,8.246376811594018,UAM_V4
112,165,277,7205.0,7206.904916914534,7213.465703971119,1.9049169145337146,8.465703971119183,1.9049169145337146,8.465703971119183,UAM_V4
112,166,278,7206.0,7205.452532182439,7214.172661870503,-0.5474678175605732,8.172661870503362,0.5474678175605732,8.172661870503362,UAM_V4
112,167,279,7202.0,7200.968354788292,7210.215053763441,-1.031645211707655,8.215053763440665,1.031645211707655,8.215053763440665,UAM_V4
112,168,280,7202.0,7201.989049623806,7211.428571428572,-0.010950376194159617,9.428571428571558,0.010950376194159617,9.428571428571558,UAM_V4
112,169,281,7197.0,7197.656759183444,7208.185053380783,0.6567591834436826,11.185053380782847,0.6567591834436826,11.185053380782847,UAM_V4
112,170,282,7197.0,7197.158658204024,7209.609929078014,0.15865820402359532,12.60992907801392,0.15865820402359532,12.60992907801392,UAM_V4
112,171,283,7192.0,7191.660867435098,7205.689045936396,-0.33913256490177446,13.689045936395814,0.33913256490177446,13.689045936395814,UAM_V4
112,172,284,7191.0,7190.658934357907,7205.950704225352,-0.3410656420928717,14.950704225351728,0.3410656420928717,14.950704225351728,UAM_V4
112,173,285,7185.0,7183.9761149382975,7201.192982456141,-1.0238850617024582,16.19298245614118,1.0238850617024582,16.19298245614118,UAM_V4
112,174,286,7183.0,7182.46627991289,7200.559440559441,-0.5337200871099412,17.5594405594411,0.5337200871099412,17.5594405594411,UAM_V4
112,175,287,7176.0,7177.815800755239,7194.878048780487,1.8158007552392519,18.878048780487006,1.8158007552392519,18.878048780487006,UAM_V4
112,176,288,7174.0,7175.0,7192.847222222223,1.0,18.847222222222626,1.0,18.847222222222626,UAM_V4
113,165,278,7181.0,7183.0,7188.63309352518,2.0,7.633093525179902,2.0,7.633093525179902,UAM_V4
113,166,279,7183.0,7185.0,7191.756272401433,2.0,8.756272401433307,2.0,8.756272401433307,UAM_V4
113,167,280,7180.0,7179.0,7189.321428571428,-1.0,9.321428571428442,1.0,9.321428571428442,UAM_V4
113,168,281,7181.0,7180.0,7191.494661921708,-1.0,10.49466192170803,1.0,10.49466192170803,UAM_V4
113,169,282,7177.0,7177.166666666666,7189.432624113475,0.16666666666606034,12.432624113474958,0.16666666666606034,12.432624113474958,UAM_V4
113,170,283,7177.0,7177.1755312569185,7190.777385159011,0.17553125691847526,13.777385159010919,0.17553125691847526,13.777385159010919,UAM_V4
113,171,284,7173.0,7173.340112137643,7187.992957746479,0.3401121376427909,14.992957746479078,0.3401121376427909,14.992957746479078,UAM_V4
113,172,285,7172.0,7172.1741228215415,7188.315789473684,0.17412282154145942,16.315789473684163,0.17412282154145942,16.315789473684163,UAM_V4
113,173,286,7168.0,7167.174122821541,7184.755244755245,-0.8258771784594501,16.755244755245258,0.8258771784594501,16.755244755245258,UAM_V4
113,174,287,7166.0,7165.043555112517,7184.181184668991,-0.9564448874825757,18.18118466899068,0.9564448874825757,18.18118466899068,UAM_V4
113,175,288,7160.0,7160.03372008711,7179.6875,0.03372008710994123,19.6875,0.03372008710994123,19.6875,UAM_V4
113,176,289,7158.0,7160.016745385887,7178.166089965397,2.0167453858866793,20.166089965397077,2.0167453858866793,20.166089965397077,UAM_V4
113,177,290,7152.0,7152.0,7173.275862068966,0.0,21.27586206896558,0.0,21.27586206896558,UAM_V4
114,170,284,7163.0,7164.0,7175.985915492958,1.0,12.985915492958156,1.0,12.985915492958156,UAM_V4
114,171,285,7159.0,7161.0,7173.19298245614,2.0,14.192982456140271,2.0,14.192982456140271,UAM_V4
114,172,286,7159.0,7158.452532182439,7174.5804195804185,-0.5474678175605732,15.580419580418493,0.5474678175605732,15.580419580418493,UAM_V4
114,173,287,7155.0,7153.977519941927,7171.114982578398,-1.0224800580726878,16.114982578397758,1.0224800580726878,16.114982578397758,UAM_V4
114,174,288,7154.0,7152.976114938297,7172.291666666667,-1.0238850617033677,18.29166666666697,1.0238850617033677,18.29166666666697,UAM_V4
114,175,289,7149.0,7147.977519941927,7168.096885813149,-1.0224800580726878,19.09688581314913,1.0224800580726878,19.09688581314913,UAM_V4
114,176,290,7147.0,7148.892034467183,7168.344827586207,1.8920344671832936,21.34482758620743,1.8920344671832936,21.34482758620743,UAM_V4
114,177,291,7141.0,7142.832546141126,7163.127147766322,1.8325461411259312,22.127147766322196,1.8325461411259312,22.127147766322196,UAM_V4
115,172,287,7139.0,7141.0,7153.554006968642,2.0,14.55400696864217,2.0,14.55400696864217,UAM_V4
115,173,288,7135.0,7137.980983382907,7151.215277777778,2.980983382906743,16.215277777778283,2.980983382906743,16.215277777778283,UAM_V4
115,174,289,7135.0,7134.039340101628,7151.799307958478,-0.9606598983718868,16.799307958477584,0.9606598983718868,16.799307958477584,UAM_V4
115,175,290,7131.0,7129.539340101628,7148.620689655172,-1.4606598983718868,17.6206896551721,1.4606598983718868,17.6206896551721,UAM_V4
115,176,291,7129.0,7131.038987553517,7149.243986254295,2.038987553516563,20.243986254295123,2.038987553516563,20.243986254295123,UAM_V4
115,177,292,7124.0,7127.005998085156,7145.41095890411,3.0059980851556247,21.410958904109975,3.0059980851556247,21.410958904109975,UAM_V4
116,173,289,7119.0,7121.0,7133.425605536332,2.0,14.425605536332114,2.0,14.425605536332114,UAM_V4
116,174,290,7120.0,7116.5,7135.068965517241,-3.5,15.06896551724094,3.5,15.06896551724094,UAM_V4
116,175,291,7116.0,7114.981734952816,7131.924398625429,-1.0182650471842862,15.924398625428694,1.0182650471842862,15.924398625428694,UAM_V4
116,176,292,7116.0,7111.666666666666,7133.904109589041,-4.33333333333394,17.904109589040672,4.33333333333394,17.904109589040672,UAM_V4
116,177,293,7111.0,7112.907029680074,7130.034129692833,1.9070296800737196,19.03412969283272,1.9070296800737196,19.03412969283272,UAM_V4
117,175,292,7095.0,7097.0,7110.068493150684,2.0,15.068493150683935,2.0,15.068493150683935,UAM_V4
117,176,293,7095.0,7097.5,7111.84300341297,2.5,16.843003412969665,2.5,16.843003412969665,UAM_V4
117,177,294,7092.0,7093.5,7109.217687074831,1.5,17.217687074830792,1.5,17.217687074830792,UAM_V4
