entity,z,n,a,mass_region,actual_binding_energy_per_A_keV,guarded_blended_prediction_keV_per_a,signed_residual_keV_per_a,absolute_residual_keV_per_a,n_prediction_keV_per_a,z_prediction_keV_per_a,directional_disagreement_keV_per_a,directional_disagreement_threshold_keV_per_a,weight_n,weight_z,guard_decision,guard_reasons
He-9,2,7,9,LIGHT_A_LT_40,3349.038,2733.9830999999995,-615.0549000000005,615.0549000000005,2733.9830999999995,3110.1621999999998,376.1791000000003,,1.0,0.0,PREDICT,
He-10,2,8,10,LIGHT_A_LT_40,2995.134,2970.5221,-24.611899999999878,24.611899999999878,2970.5221,2590.0410999999995,380.4810000000007,,1.0,0.0,PREDICT,
Li-8,3,5,8,LIGHT_A_LT_40,5159.7124,5753.352872043798,593.6404720437977,593.6404720437977,5751.561566666666,5817.697566666667,66.13600000000042,511.01967841925375,0.9729148213207326,0.027085178679267394,PREDICT,
Li-10,3,7,10,LIGHT_A_LT_40,4531.3512,4574.203286570384,42.85208657038402,42.85208657038402,4475.656150000001,4650.7891,175.13294999999925,817.264715674138,0.43730099578415077,0.5626990042158492,PREDICT,
Li-11,3,8,11,LIGHT_A_LT_40,4155.3817,4320.65762021576,165.27592021576038,165.27592021576038,4272.6996,4357.92815,85.22854999999981,817.264715674138,0.43730099578415077,0.5626990042158492,PREDICT,
Li-12,3,9,12,LIGHT_A_LT_40,3791.5999,3902.99,111.39009999999962,111.39009999999962,3902.99,4381.226700000001,478.2367000000013,,1.0,0.0,PREDICT,
Li-13,3,10,13,LIGHT_A_LT_40,3507.6307,3272.9948999999997,-234.63580000000047,234.63580000000047,3272.9948999999997,4107.750799999999,834.7558999999992,,1.0,0.0,PREDICT,
Be-8,4,4,8,LIGHT_A_LT_40,7062.4356,5849.324854676981,-1213.1107453230188,1213.1107453230188,5492.439200000001,6090.580516666666,598.1413166666653,793.6667348378255,0.40334224583273875,0.5966577541672612,PREDICT,
Be-12,4,8,12,LIGHT_A_LT_40,5720.7223,5758.326066002711,37.60376600271047,37.60376600271047,5769.731816666667,5348.6251,421.1067166666671,511.01967841925375,0.9729148213207326,0.027085178679267394,PREDICT,
Be-13,4,9,13,LIGHT_A_LT_40,5241.4359,5077.870959767684,-163.56494023231608,163.56494023231608,5246.7555,4946.6224999999995,300.1330000000007,817.264715674138,0.43730099578415077,0.5626990042158492,PREDICT,
Be-14,4,10,14,LIGHT_A_LT_40,4993.8973,4829.036046448051,-164.86125355194872,164.86125355194872,5003.0037,4693.8372500000005,309.1664499999997,817.264715674138,0.43730099578415077,0.5626990042158492,PREDICT,
Be-15,4,11,15,LIGHT_A_LT_40,4540.9708,4530.3316,-10.639199999999619,10.639199999999619,4530.3316,4456.6808,73.65080000000034,,1.0,0.0,PREDICT,
Be-16,4,12,16,LIGHT_A_LT_40,4285.2851,4267.072299999999,-18.212800000001153,18.212800000001153,4267.072299999999,4113.2033,153.86899999999878,,1.0,0.0,PREDICT,
B-10,5,5,10,LIGHT_A_LT_40,6475.0835,6633.104332234781,158.02083223478166,158.02083223478166,6626.4783499999985,6871.113333333332,244.63498333333337,511.01967841925375,0.9729148213207326,0.027085178679267394,PREDICT,
B-11,5,6,11,LIGHT_A_LT_40,6927.7323,6942.109490566443,14.37719056644346,14.37719056644346,6929.202249999999,7405.744816666667,476.5425666666679,511.01967841925375,0.9729148213207326,0.027085178679267394,PREDICT,
B-12,5,7,12,LIGHT_A_LT_40,6631.2237,6687.624525135871,56.400825135871855,56.400825135871855,6680.400966666664,6947.0988,266.69783333333544,511.01967841925375,0.9729148213207326,0.027085178679267394,PREDICT,
B-13,5,8,13,LIGHT_A_LT_40,6496.4194,6623.736503287066,127.31710328706595,127.31710328706595,6617.3942333333325,6851.5544,234.16016666666746,511.01967841925375,0.9729148213207326,0.027085178679267394,PREDICT,
B-14,5,9,14,LIGHT_A_LT_40,6101.6451,6188.72431349037,87.07921349037042,87.07921349037042,6183.765783333333,6366.8375000000015,183.07171666666818,511.01967841925375,0.9729148213207326,0.027085178679267394,PREDICT,
B-15,5,10,15,LIGHT_A_LT_40,5880.0438,5909.38922395415,29.345423954149737,29.345423954149737,5902.83025,6144.99125,242.16100000000006,511.01967841925375,0.9729148213207326,0.027085178679267394,PREDICT,
B-16,5,11,16,LIGHT_A_LT_40,5507.3535,5546.119524991437,38.76602499143701,38.76602499143701,5546.0377,5549.4985,3.4607999999998356,546.9514066436906,0.9763566252201986,0.023643374779801364,PREDICT,
B-17,5,12,17,LIGHT_A_LT_40,5269.6677,5293.143032824084,23.475332824084035,23.475332824084035,5291.627950000001,5355.7086,64.08064999999897,546.9514066436906,0.9763566252201986,0.023643374779801364,PREDICT,
B-18,5,13,18,LIGHT_A_LT_40,4976.6306,4956.5032,-20.127400000000307,20.127400000000307,4956.5032,5527.376300000001,570.8731000000007,,1.0,0.0,PREDICT,
B-19,5,14,19,LIGHT_A_LT_40,4719.6346,4711.0971,-8.537500000000364,8.537500000000364,4711.0971,5313.855299999999,602.7581999999993,,1.0,0.0,PREDICT,
B-20,5,15,20,LIGHT_A_LT_40,4405.6529,4445.907700000001,40.254800000000614,40.254800000000614,4445.907700000001,4969.4653,523.5575999999992,,1.0,0.0,PREDICT,
B-21,5,16,21,LIGHT_A_LT_40,4152.5265,4169.601500000001,17.075000000000728,17.075000000000728,4169.601500000001,4605.4835,435.8819999999996,,1.0,0.0,PREDICT,
C-8,6,2,8,LIGHT_A_LT_40,3101.5242,4383.9406,1282.4164,1282.4164,4383.9406,2630.1632,1753.7774,,1.0,0.0,PREDICT,
C-10,6,4,10,LIGHT_A_LT_40,6032.0426,5606.8719313557085,-425.17066864429125,425.17066864429125,5390.8344,5752.913883333333,362.079483333333,793.6667348378255,0.40334224583273875,0.5966577541672612,PREDICT,
C-11,6,5,11,LIGHT_A_LT_40,6676.4563,6190.48187267108,-485.9744273289198,485.9744273289198,5903.6364,6384.390183333333,480.75378333333265,793.6667348378255,0.40334224583273875,0.5966577541672612,PREDICT,
C-12,6,6,12,LIGHT_A_LT_40,7680.1446,7359.484332314073,-320.66026768592656,320.66026768592656,7364.3117999999995,7186.078983333332,178.23281666666753,511.01967841925375,0.9729148213207326,0.027085178679267394,PREDICT,
C-13,6,7,13,LIGHT_A_LT_40,7469.8495,7363.092288799009,-106.75721120099115,106.75721120099115,7368.509016666665,7168.520383333333,199.98863333333247,511.01967841925375,0.9729148213207326,0.027085178679267394,PREDICT,
C-14,6,8,14,LIGHT_A_LT_40,7520.3198,7645.508209978118,125.18840997811822,125.18840997811822,7658.437016666666,7181.098216666666,477.33879999999954,511.01967841925375,0.9729148213207326,0.027085178679267394,PREDICT,
C-15,6,9,15,LIGHT_A_LT_40,7100.1696,7208.59565094156,108.42605094155988,108.42605094155988,7219.462083333333,6818.267299999999,401.19478333333427,511.01967841925375,0.9729148213207326,0.027085178679267394,PREDICT,
C-16,6,10,16,LIGHT_A_LT_40,6922.0546,7013.925513114202,91.87091311420136,91.87091311420136,7024.037899999999,6650.6829,373.35499999999956,511.01967841925375,0.9729148213207326,0.027085178679267394,PREDICT,
C-17,6,11,17,LIGHT_A_LT_40,6558.0262,6614.188905515821,56.16270551582056,56.16270551582056,6621.654149999999,6346.033133333332,275.62101666666695,511.01967841925375,0.9729148213207326,0.027085178679267394,PREDICT,
C-18,6,12,18,LIGHT_A_LT_40,6426.1321,6424.990474301188,-1.1416256988113673,1.1416256988113673,6432.093866666667,6169.832633333332,262.26123333333544,511.01967841925375,0.9729148213207326,0.027085178679267394,PREDICT,
C-19,6,13,19,LIGHT_A_LT_40,6118.274,6118.482412617149,0.2084126171484968,0.2084126171484968,6125.155866666666,5842.90115,282.25471666666635,546.9514066436906,0.9763566252201986,0.023643374779801364,PREDICT,
C-20,6,14,20,LIGHT_A_LT_40,5961.4356,5777.708520996615,-183.72707900338446,183.72707900338446,5923.60495,5664.32525,259.27970000000005,817.264715674138,0.43730099578415077,0.5626990042158492,PREDICT,
C-21,6,15,21,LIGHT_A_LT_40,5674.0,5481.978046036662,-192.0219539633381,192.0219539633381,5597.637000000001,5392.093800000001,205.54320000000007,817.264715674138,0.43730099578415077,0.5626990042158492,PREDICT,
C-22,6,16,22,LIGHT_A_LT_40,5421.0778,5456.759871201359,35.68207120135867,35.68207120135867,5496.7391,5194.5993,302.1397999999999,580.1940407036884,0.8676797005934295,0.1323202994065705,PREDICT,
C-23,6,17,23,LIGHT_A_LT_40,5077.0,5229.726,152.72599999999966,152.72599999999966,5229.726,5046.1942,183.53179999999975,,1.0,0.0,PREDICT,
N-14,7,7,14,LIGHT_A_LT_40,7475.6148,7260.841181004274,-214.77361899572588,214.77361899572588,7248.898883333333,7689.815216666666,440.91633333333266,511.01967841925375,0.9729148213207326,0.027085178679267394,PREDICT,
N-15,7,8,15,LIGHT_A_LT_40,7699.4603,7641.960575827716,-57.499724172284004,57.499724172284004,7632.237283333333,7991.2267,358.98941666666724,511.01967841925375,0.9729148213207326,0.027085178679267394,PREDICT,
N-16,7,9,16,LIGHT_A_LT_40,7373.7971,7531.796354471915,157.99925447191526,157.99925447191526,7529.571383333334,7611.718566666666,82.14718333333258,511.01967841925375,0.9729148213207326,0.027085178679267394,PREDICT,
N-17,7,10,17,LIGHT_A_LT_40,7286.2294,7458.952456713277,172.7230567132765,172.7230567132765,7457.357116666666,7516.257966666666,58.90084999999999,511.01967841925375,0.9729148213207326,0.027085178679267394,PREDICT,
N-18,7,11,18,LIGHT_A_LT_40,7038.5627,7083.200126805026,44.637426805025825,44.637426805025825,7079.6209499999995,7211.766166666668,132.1452166666686,511.01967841925375,0.9729148213207326,0.027085178679267394,PREDICT,
N-19,7,12,19,LIGHT_A_LT_40,6948.5452,6946.793963689907,-1.7512363100922812,1.7512363100922812,6940.808133333334,7161.808349999998,221.00021666666453,511.01967841925375,0.9729148213207326,0.027085178679267394,PREDICT,
N-20,7,13,20,LIGHT_A_LT_40,6709.1717,6739.212603201557,30.04090320155683,30.04090320155683,6734.598749999999,6904.9448,170.34605000000101,511.01967841925375,0.9729148213207326,0.027085178679267394,PREDICT,
N-21,7,14,21,LIGHT_A_LT_40,6609.0159,6645.336477356221,36.32057735622038,36.32057735622038,6640.273299999999,6827.208649999999,186.93534999999974,511.01967841925375,0.9729148213207326,0.027085178679267394,PREDICT,
N-22,7,15,22,LIGHT_A_LT_40,6378.5347,6466.3623601132285,87.82766011322838,87.82766011322838,6298.0858499999995,6580.117733333333,282.0318833333331,793.6667348378255,0.40334224583273875,0.5966577541672612,PREDICT,
N-23,7,16,23,LIGHT_A_LT_40,6236.6721,6278.884818749488,42.212718749487976,42.212718749487976,6111.00795,6392.370033333332,281.3620833333316,793.6667348378255,0.40334224583273875,0.5966577541672612,PREDICT,
N-24,7,17,24,LIGHT_A_LT_40,5887.0,6028.645784501901,141.6457845019013,141.6457845019013,6047.8977,5902.4029,145.4948000000004,580.1940407036884,0.8676797005934295,0.1323202994065705,PREDICT,
N-25,7,18,25,LIGHT_A_LT_40,5613.0,5864.328299999999,251.32829999999922,251.32829999999922,5864.328299999999,6115.291800000001,250.96350000000166,,1.0,0.0,PREDICT,
O-11,8,3,11,LIGHT_A_LT_40,3162.4372,4159.8357000000005,997.3985000000007,997.3985000000007,4159.8357000000005,2949.9214999999995,1209.914200000001,,1.0,0.0,PREDICT,
O-13,8,5,13,LIGHT_A_LT_40,5811.7636,5551.499279797415,-260.2643202025856,260.2643202025856,5313.06435,5712.681933333333,399.61758333333364,793.6667348378255,0.40334224583273875,0.5966577541672612,PREDICT,
O-14,8,6,14,LIGHT_A_LT_40,7052.2783,6688.381109114384,-363.8971908856156,363.8971908856156,6429.09135,6863.661683333334,434.570333333334,793.6667348378255,0.40334224583273875,0.5966577541672612,PREDICT,
O-15,8,7,15,LIGHT_A_LT_40,7463.6915,7254.080913656197,-209.61058634380333,209.61058634380333,7253.506399999998,7274.717766666667,21.211366666668255,511.01967841925375,0.9729148213207326,0.027085178679267394,PREDICT,
O-16,8,8,16,LIGHT_A_LT_40,7976.2072,7801.236772820913,-174.97042717908698,174.97042717908698,7804.493233333334,7684.262883333335,120.23034999999891,511.01967841925375,0.9729148213207326,0.027085178679267394,PREDICT,
O-17,8,9,17,LIGHT_A_LT_40,7750.7291,7812.868318972186,62.13921897218643,62.13921897218643,7819.934749999999,7559.038149999999,260.89660000000003,511.01967841925375,0.9729148213207326,0.027085178679267394,PREDICT,
O-18,8,10,18,LIGHT_A_LT_40,7767.0981,7949.243312747167,182.14521274716662,182.14521274716662,7960.326850000001,7551.116433333333,409.2104166666686,511.01967841925375,0.9729148213207326,0.027085178679267394,PREDICT,
O-19,8,11,19,LIGHT_A_LT_40,7566.4952,7649.092568007191,82.59736800719111,82.59736800719111,7655.539683333334,7417.508566666667,238.031116666667,511.01967841925375,0.9729148213207326,0.027085178679267394,PREDICT,
O-20,8,12,20,LIGHT_A_LT_40,7568.5707,7579.592826592372,11.022126592371933,11.022126592371933,7585.331416666667,7373.459449999999,211.8719666666675,511.01967841925375,0.9729148213207326,0.027085178679267394,PREDICT,
O-21,8,13,21,LIGHT_A_LT_40,7389.3747,7401.566558286809,12.191858286808383,12.191858286808383,7406.89805,7210.056383333333,196.84166666666715,511.01967841925375,0.9729148213207326,0.027085178679267394,PREDICT,
O-22,8,14,22,LIGHT_A_LT_40,7364.8722,7356.000998527587,-8.871201472412395,8.871201472412395,7361.407949999999,7161.780266666667,199.62768333333224,511.01967841925375,0.9729148213207326,0.027085178679267394,PREDICT,
O-23,8,15,23,LIGHT_A_LT_40,7163.4856,7115.644057284051,-47.84154271594889,47.84154271594889,7119.5378,6975.778633333333,143.75916666666672,511.01967841925375,0.9729148213207326,0.027085178679267394,PREDICT,
O-24,8,16,24,LIGHT_A_LT_40,7039.6855,6978.645441666017,-61.040058333982415,61.040058333982415,6982.139016666668,6853.154266666666,128.98475000000144,511.01967841925375,0.9729148213207326,0.027085178679267394,PREDICT,
O-25,8,17,25,LIGHT_A_LT_40,6727.8058,6598.082112696146,-129.7236873038537,129.7236873038537,6674.2428,6546.597283333333,127.64551666666739,793.6667348378255,0.40334224583273875,0.5966577541672612,PREDICT,
O-26,8,18,26,LIGHT_A_LT_40,6497.479,6363.315336326868,-134.16366367313185,134.16366367313185,6513.84275,6246.3331,267.50964999999997,817.264715674138,0.43730099578415077,0.5626990042158492,PREDICT,
O-27,8,19,27,LIGHT_A_LT_40,6185.0,6292.126,107.1260000000002,107.1260000000002,6292.126,6086.646100000001,205.47989999999936,,1.0,0.0,PREDICT,
O-28,8,20,28,LIGHT_A_LT_40,5988.0,5955.272500000001,-32.727499999999054,32.727499999999054,5955.272500000001,5853.5311,101.7414000000008,,1.0,0.0,PREDICT,
F-13,9,4,13,LIGHT_A_LT_40,4297.0,5452.591,1155.5910000000003,1155.5910000000003,5452.591,4405.548699999999,1047.042300000001,,1.0,0.0,PREDICT,
F-14,9,5,14,LIGHT_A_LT_40,5285.2091,5588.729541248404,303.5204412484036,303.5204412484036,6296.4597,5340.24605,956.2136500000006,1060.185064334669,0.25986189514069763,0.7401381048593024,PREDICT,
F-15,9,6,15,LIGHT_A_LT_40,6497.4597,6343.5109843425025,-153.94871565749781,153.94871565749781,5919.6642,6630.03255,710.3683499999997,793.6667348378255,0.40334224583273875,0.5966577541672612,PREDICT,
F-16,9,7,16,LIGHT_A_LT_40,6964.049,6855.040784582683,-109.00821541731693,109.00821541731693,6458.423699999999,7123.154999999999,664.7312999999995,793.6667348378255,0.40334224583273875,0.5966577541672612,PREDICT,
F-17,9,8,17,LIGHT_A_LT_40,7542.3284,7518.821048114498,-23.50735188550243,23.50735188550243,7511.770366666667,7772.085483333332,260.31511666666574,511.01967841925375,0.9729148213207326,0.027085178679267394,PREDICT,
F-18,9,9,18,LIGHT_A_LT_40,7631.6383,7641.360360236775,9.722060236775178,9.722060236775178,7637.8719833333325,7766.6648166666655,128.79283333333296,511.01967841925375,0.9729148213207326,0.027085178679267394,PREDICT,
F-19,9,10,19,LIGHT_A_LT_40,7779.0192,7838.939682649449,59.920482649449696,59.920482649449696,7833.780466666667,8024.261616666665,190.4811499999978,511.01967841925375,0.9729148213207326,0.027085178679267394,PREDICT,
F-20,9,11,20,LIGHT_A_LT_40,7720.1351,7768.736953430763,48.601853430762276,48.601853430762276,7766.017116666666,7866.435016666666,100.41790000000037,511.01967841925375,0.9729148213207326,0.027085178679267394,PREDICT,
F-21,9,12,21,LIGHT_A_LT_40,7738.2934,7791.45672463118,53.16332463118033,53.16332463118033,7787.80345,7922.6844,134.88094999999976,511.01967841925375,0.9729148213207326,0.027085178679267394,PREDICT,
F-22,9,13,22,LIGHT_A_LT_40,7624.2954,7672.804389779692,48.508989779692456,48.508989779692456,7670.164133333333,7767.643883333333,97.47975000000042,511.01967841925375,0.9729148213207326,0.027085178679267394,PREDICT,
F-23,9,14,23,LIGHT_A_LT_40,7622.3447,7611.506380480863,-10.838319519136348,10.838319519136348,7606.619033333333,7787.062633333333,180.4435999999996,511.01967841925375,0.9729148213207326,0.027085178679267394,PREDICT,
F-24,9,15,24,LIGHT_A_LT_40,7463.5831,7418.394912467886,-45.18818753211417,45.18818753211417,7413.198099999999,7605.0673333333325,191.8692333333338,511.01967841925375,0.9729148213207326,0.027085178679267394,PREDICT,
F-25,9,16,25,LIGHT_A_LT_40,7336.3065,7309.464468477961,-26.84203152203827,26.84203152203827,7304.2864666666665,7495.461199999999,191.17473333333237,511.01967841925375,0.9729148213207326,0.027085178679267394,PREDICT,
F-26,9,17,26,LIGHT_A_LT_40,7082.2497,7092.238656222419,9.988956222418892,9.988956222418892,7088.743966666666,7217.7698666666665,129.02590000000055,511.01967841925375,0.9729148213207326,0.027085178679267394,PREDICT,
F-27,9,18,27,LIGHT_A_LT_40,6879.6662,6918.099247433355,38.43304743335557,38.43304743335557,6914.667816666666,7041.358166666666,126.69034999999985,511.01967841925375,0.9729148213207326,0.027085178679267394,PREDICT,
F-28,9,19,28,LIGHT_A_LT_40,6626.8567,6661.86124948783,35.004549487829536,35.004549487829536,6643.62485,6676.033649999999,32.408799999999246,817.264715674138,0.43730099578415077,0.5626990042158492,PREDICT,
F-29,9,20,29,LIGHT_A_LT_40,6444.0314,6482.433392770212,38.40199277021202,38.40199277021202,6445.3331,6511.26585,65.93274999999994,817.264715674138,0.43730099578415077,0.5626990042158492,PREDICT,
F-30,9,21,30,LIGHT_A_LT_40,6205.0,6171.4637,-33.536299999999756,33.536299999999756,6171.4637,6406.298899999999,234.83519999999862,,1.0,0.0,PREDICT,
F-31,9,22,31,LIGHT_A_LT_40,6011.0,6008.3966,-2.603399999999965,2.603399999999965,6008.3966,6252.0738,243.67720000000008,,1.0,0.0,PREDICT,
Ne-15,10,5,15,LIGHT_A_LT_40,4868.7285,5713.6551,844.9265999999998,844.9265999999998,5713.6551,4758.6546,955.0005000000001,,1.0,0.0,PREDICT,
Ne-16,10,6,16,LIGHT_A_LT_40,6083.1777,6176.466132558491,93.28843255849097,93.28843255849097,6650.2742,6010.1125,640.1616999999997,1060.185064334669,0.25986189514069763,0.7401381048593024,PREDICT,
Ne-17,10,7,17,LIGHT_A_LT_40,6640.4991,6416.092453276124,-224.4066467238763,224.4066467238763,6218.0358,6549.979283333333,331.94348333333346,793.6667348378255,0.40334224583273875,0.5966577541672612,PREDICT,
Ne-18,10,8,18,LIGHT_A_LT_40,7341.2577,7144.26162819339,-196.99607180661042,196.99607180661042,7057.70945,7202.771133333335,145.06168333333426,793.6667348378255,0.40334224583273875,0.5966577541672612,PREDICT,
Ne-19,10,9,19,LIGHT_A_LT_40,7567.3431,7600.713294778596,33.37019477859576,33.37019477859576,7604.144366666667,7477.4672666666675,126.67709999999988,511.01967841925375,0.9729148213207326,0.027085178679267394,PREDICT,
Ne-20,10,10,20,LIGHT_A_LT_40,8032.2412,7931.174066812338,-101.06713318766197,101.06713318766197,7935.06505,7791.407766666667,143.657283333333,511.01967841925375,0.9729148213207326,0.027085178679267394,PREDICT,
Ne-21,10,11,21,LIGHT_A_LT_40,7971.7136,7932.603426157868,-39.1101738421321,39.1101738421321,7935.016383333333,7845.92865,89.08773333333284,511.01967841925375,0.9729148213207326,0.027085178679267394,PREDICT,
Ne-22,10,12,22,LIGHT_A_LT_40,8080.4656,8161.685850166325,81.22025016632415,81.22025016632415,8168.1828166666655,7928.311166666666,239.87164999999914,511.01967841925375,0.9729148213207326,0.027085178679267394,PREDICT,
Ne-23,10,13,23,LIGHT_A_LT_40,7955.2561,8021.777653050674,66.52155305067481,66.52155305067481,8026.382299999998,7856.376149999998,170.00615000000016,511.01967841925375,0.9729148213207326,0.027085178679267394,PREDICT,
Ne-24,10,14,24,LIGHT_A_LT_40,7993.3252,7981.602585875624,-11.722614124376378,11.722614124376378,7984.819816666665,7866.03785,118.78196666666554,511.01967841925375,0.9729148213207326,0.027085178679267394,PREDICT,
Ne-25,10,15,25,LIGHT_A_LT_40,7839.7994,7792.538969188329,-47.26043081167063,47.26043081167063,7793.983983333333,7740.633249999999,53.350733333333665,511.01967841925375,0.9729148213207326,0.027085178679267394,PREDICT,
Ne-26,10,16,26,LIGHT_A_LT_40,7751.911,7732.794965141396,-19.116034858604507,19.116034858604507,7735.28145,7643.479033333331,91.80241666666916,511.01967841925375,0.9729148213207326,0.027085178679267394,PREDICT,
Ne-27,10,17,27,LIGHT_A_LT_40,7520.4151,7540.593788338389,20.178688338388383,20.178688338388383,7543.186749999999,7447.453149999999,95.73359999999957,511.01967841925375,0.9729148213207326,0.027085178679267394,PREDICT,
Ne-28,10,18,28,LIGHT_A_LT_40,7388.3463,7410.0257651807515,21.679465180751322,21.679465180751322,7413.574266666666,7282.5616,131.0126666666656,511.01967841925375,0.9729148213207326,0.027085178679267394,PREDICT,
Ne-29,10,19,29,LIGHT_A_LT_40,7167.0673,7173.674829965483,6.6075299654830815,6.6075299654830815,7176.3703000000005,7076.852033333332,99.51826666666875,511.01967841925375,0.9729148213207326,0.027085178679267394,PREDICT,
Ne-30,10,20,30,LIGHT_A_LT_40,7034.5317,7030.282585689923,-4.249114310076948,4.249114310076948,7033.079033333333,6929.832616666667,103.24641666666685,511.01967841925375,0.9729148213207326,0.027085178679267394,PREDICT,
Ne-31,10,21,31,LIGHT_A_LT_40,6813.0902,6751.401163887297,-61.689036112702524,61.689036112702524,6801.533649999999,6712.44075,89.09289999999964,817.264715674138,0.43730099578415077,0.5626990042158492,PREDICT,
Ne-32,10,22,32,LIGHT_A_LT_40,6671.0,6598.69860241273,-72.30139758727,72.30139758727,6660.76585,6550.4631,110.30274999999983,817.264715674138,0.43730099578415077,0.5626990042158492,PREDICT,
Ne-33,10,23,33,LIGHT_A_LT_40,6436.0,6459.1131,23.113099999999577,23.113099999999577,6459.1131,6416.641600000001,42.47149999999874,,1.0,0.0,PREDICT,
Ne-34,10,24,34,LIGHT_A_LT_40,6287.0,6307.4683,20.468300000000454,20.468300000000454,6307.4683,6245.5798,61.88850000000002,,1.0,0.0,PREDICT,
Na-17,11,6,17,LIGHT_A_LT_40,5522.7653,6110.2147,587.4494000000004,587.4494000000004,6110.2147,5668.8957,441.3190000000004,,1.0,0.0,PREDICT,
Na-18,11,7,18,LIGHT_A_LT_40,6202.2176,6377.631932492709,175.41433249270904,175.41433249270904,6681.3432,6270.99915,410.3440500000006,1060.185064334669,0.25986189514069763,0.7401381048593024,PREDICT,
Na-19,11,8,19,LIGHT_A_LT_40,6937.8864,6900.01182660457,-37.87457339543016,37.87457339543016,6644.161700000001,7072.9672,428.8054999999995,793.6667348378255,0.40334224583273875,0.5966577541672612,PREDICT,
Na-20,11,9,20,LIGHT_A_LT_40,7298.5028,7250.091334201228,-48.41146579877204,48.41146579877204,7058.9400000000005,7379.310149999999,320.37014999999883,793.6667348378255,0.40334224583273875,0.5966577541672612,PREDICT,
Na-21,11,10,21,LIGHT_A_LT_40,7765.5581,7767.155271557307,1.597171557306865,1.597171557306865,7762.226133333334,7944.212683333335,181.98655000000144,511.01967841925375,0.9729148213207326,0.027085178679267394,PREDICT,
Na-22,11,11,22,LIGHT_A_LT_40,7915.6624,7877.563727482497,-38.09867251750347,38.09867251750347,7873.59085,8020.271716666666,146.6808666666666,511.01967841925375,0.9729148213207326,0.027085178679267394,PREDICT,
Na-23,11,12,23,LIGHT_A_LT_40,8111.4936,8100.158410229502,-11.335189770497891,11.335189770497891,8095.498483333333,8267.545600000001,172.04711666666844,511.01967841925375,0.9729148213207326,0.027085178679267394,PREDICT,
Na-24,11,13,24,LIGHT_A_LT_40,8063.4882,8098.569826786282,35.08162678628196,35.08162678628196,8096.947933333333,8156.82915,59.88121666666666,511.01967841925375,0.9729148213207326,0.027085178679267394,PREDICT,
Na-25,11,14,25,LIGHT_A_LT_40,8101.3979,8140.062420946264,38.66452094626402,38.66452094626402,8137.67515,8225.814533333332,88.13938333333226,511.01967841925375,0.9729148213207326,0.027085178679267394,PREDICT,
Na-26,11,15,26,LIGHT_A_LT_40,8004.2013,8008.306744313413,4.1054443134135,4.1054443134135,8005.563249999999,8106.8546,101.29135000000042,511.01967841925375,0.9729148213207326,0.027085178679267394,PREDICT,
Na-27,11,16,27,LIGHT_A_LT_40,7956.9467,7940.898315682251,-16.04838431774897,16.04838431774897,7937.338166666666,8068.780866666668,131.44270000000142,511.01967841925375,0.9729148213207326,0.027085178679267394,PREDICT,
Na-28,11,17,28,LIGHT_A_LT_40,7799.2644,7792.254708294973,-7.009691705026853,7.009691705026853,7790.218249999999,7865.405433333333,75.18718333333436,511.01967841925375,0.9729148213207326,0.027085178679267394,PREDICT,
Na-29,11,18,29,LIGHT_A_LT_40,7682.1522,7707.158093530037,25.0058935300367,25.0058935300367,7705.195650000001,7777.650166666666,72.45451666666577,511.01967841925375,0.9729148213207326,0.027085178679267394,PREDICT,
Na-30,11,19,30,LIGHT_A_LT_40,7501.9685,7532.037506801779,30.069006801779324,30.069006801779324,7530.990766666666,7569.637,38.64623333333384,511.01967841925375,0.9729148213207326,0.027085178679267394,PREDICT,
Na-31,11,20,31,LIGHT_A_LT_40,7398.6778,7399.996090686081,1.3182906860802177,1.3182906860802177,7397.727816666666,7481.473766666665,83.74594999999954,511.01967841925375,0.9729148213207326,0.027085178679267394,PREDICT,
Na-32,11,21,32,LIGHT_A_LT_40,7219.8815,7201.976979181058,-17.90452081894273,17.90452081894273,7199.560066666667,7288.793833333333,89.23376666666627,511.01967841925375,0.9729148213207326,0.027085178679267394,PREDICT,
Na-33,11,22,33,LIGHT_A_LT_40,7089.9262,7084.292133849172,-5.634066150827493,5.634066150827493,7081.5931666666675,7181.2405499999995,99.64738333333207,511.01967841925375,0.9729148213207326,0.027085178679267394,PREDICT,
Na-34,11,23,34,LIGHT_A_LT_40,6886.4377,6898.208923068249,11.771223068248219,11.771223068248219,6898.2595833333335,6896.1169,2.14268333333348,546.9514066436906,0.9763566252201986,0.023643374779801364,PREDICT,
Na-35,11,24,35,LIGHT_A_LT_40,6745.0,6753.142177158398,8.142177158398226,8.142177158398226,6752.837833333333,6765.7101,12.872266666667201,546.9514066436906,0.9763566252201986,0.023643374779801364,PREDICT,
Na-36,11,25,36,LIGHT_A_LT_40,6557.0,6551.21885,-5.781149999999798,5.781149999999798,6551.21885,6740.223,189.00414999999975,,1.0,0.0,PREDICT,
Na-37,11,26,37,LIGHT_A_LT_40,6403.0,6400.5,-2.5,2.5,6400.5,6596.0,195.5,,1.0,0.0,PREDICT,
Na-38,11,27,38,LIGHT_A_LT_40,6216.0,6227.5623,11.562299999999595,11.562299999999595,6227.5623,6371.0,143.4377000000004,,1.0,0.0,PREDICT,
Na-39,11,28,39,LIGHT_A_LT_40,6056.0,6061.0,5.0,5.0,6061.0,6216.0,155.0,,1.0,0.0,PREDICT,
Mg-19,12,7,19,LIGHT_A_LT_40,5901.4992,6308.940499999999,407.4412999999986,407.4412999999986,6308.940499999999,5763.9361,545.0043999999989,,1.0,0.0,PREDICT,
Mg-20,12,8,20,LIGHT_A_LT_40,6728.0252,6702.9096037982235,-25.115596201776498,25.115596201776498,7064.8187,6592.381316666666,472.43738333333386,1042.1025099003034,0.23395330477811208,0.766046695221888,PREDICT,
Mg-21,12,9,21,LIGHT_A_LT_40,7105.0317,6980.149606914627,-124.88209308537262,124.88209308537262,6901.31105,7033.444683333332,132.133633333332,793.6667348378255,0.40334224583273875,0.5966577541672612,PREDICT,
Mg-22,12,10,22,LIGHT_A_LT_40,7662.7645,7518.180539966141,-144.5839600338595,144.5839600338595,7494.36775,7534.278049999999,39.91029999999864,793.6667348378255,0.40334224583273875,0.5966577541672612,PREDICT,
Mg-23,12,11,23,LIGHT_A_LT_40,7901.1229,7856.597853735931,-44.525046264069715,44.525046264069715,7858.131049999999,7801.524583333334,56.606466666665256,511.01967841925375,0.9729148213207326,0.027085178679267394,PREDICT,
Mg-24,12,12,24,LIGHT_A_LT_40,8260.7103,8162.264248719564,-98.44605128043622,98.44605128043622,8164.344016666666,8087.5578166666655,76.78620000000046,511.01967841925375,0.9729148213207326,0.027085178679267394,PREDICT,
Mg-25,12,13,25,LIGHT_A_LT_40,8223.5028,8237.207900860109,13.70510086010836,13.70510086010836,8240.223033333335,8128.90265,111.32038333333549,511.01967841925375,0.9729148213207326,0.027085178679267394,PREDICT,
Mg-26,12,14,26,LIGHT_A_LT_40,8333.8711,8397.500102344873,63.62900234487279,63.62900234487279,8402.57735,8215.122516666666,187.45483333333323,511.01967841925375,0.9729148213207326,0.027085178679267394,PREDICT,
Mg-27,12,15,27,LIGHT_A_LT_40,8263.8525,8260.218013957838,-3.6344860421631893,3.6344860421631893,8262.971083333334,8161.326216666667,101.64486666666653,511.01967841925375,0.9729148213207326,0.027085178679267394,PREDICT,
Mg-28,12,16,28,LIGHT_A_LT_40,8272.4531,8245.669850410419,-26.78324958958183,26.78324958958183,8248.1055,8158.179950000001,89.92554999999902,511.01967841925375,0.9729148213207326,0.027085178679267394,PREDICT,
Mg-29,12,17,29,LIGHT_A_LT_40,8113.5317,8110.188882507127,-3.3428174928722,3.3428174928722,8112.037233333335,8043.7950833333325,68.24215000000277,511.01967841925375,0.9729148213207326,0.027085178679267394,PREDICT,
Mg-30,12,18,30,LIGHT_A_LT_40,8054.425,8067.172712309593,12.747712309593226,12.747712309593226,8070.152300000001,7960.144249999999,110.00805000000128,511.01967841925375,0.9729148213207326,0.027085178679267394,PREDICT,
Mg-31,12,19,31,LIGHT_A_LT_40,7869.1886,7894.3811376729345,25.192537672934122,25.192537672934122,7896.632216666665,7813.521116666666,83.11109999999917,511.01967841925375,0.9729148213207326,0.027085178679267394,PREDICT,
Mg-32,12,20,32,LIGHT_A_LT_40,7803.8411,7814.371139088786,10.530039088785998,10.530039088785998,7817.065716666666,7717.580399999999,99.48531666666713,511.01967841925375,0.9729148213207326,0.027085178679267394,PREDICT,
Mg-33,12,21,33,LIGHT_A_LT_40,7636.4382,7620.392318931886,-16.045881068113886,16.045881068113886,7622.174399999999,7556.378966666667,65.79543333333186,511.01967841925375,0.9729148213207326,0.027085178679267394,PREDICT,
Mg-34,12,22,34,LIGHT_A_LT_40,7550.3919,7532.909746622404,-17.48215337759575,17.48215337759575,7535.103366666664,7454.113683333333,80.98968333333141,511.01967841925375,0.9729148213207326,0.027085178679267394,PREDICT,
Mg-35,12,23,35,LIGHT_A_LT_40,7356.2338,7358.189975034108,1.9561750341081279,1.9561750341081279,7360.5017,7275.151516666667,85.350183333333,511.01967841925375,0.9729148213207326,0.027085178679267394,PREDICT,
Mg-36,12,24,36,LIGHT_A_LT_40,7244.4202,7249.307778500788,4.88757850078855,4.88757850078855,7251.954416666665,7154.239049999998,97.71536666666634,511.01967841925375,0.9729148213207326,0.027085178679267394,PREDICT,
Mg-37,12,25,37,LIGHT_A_LT_40,7055.1115,7047.872996851133,-7.2385031488665845,7.2385031488665845,7049.916166666667,6963.5,86.41616666666687,546.9514066436906,0.9763566252201986,0.023643374779801364,PREDICT,
Mg-38,12,26,38,LIGHT_A_LT_40,6928.0,6870.730316061896,-57.26968393810421,57.26968393810421,6921.2101,6831.5,89.71010000000024,817.264715674138,0.43730099578415077,0.5626990042158492,PREDICT,
Mg-39,12,27,39,LIGHT_A_LT_40,6734.0,6693.039012678491,-40.96098732150858,40.96098732150858,6740.0557499999995,6656.5,83.55574999999953,817.264715674138,0.43730099578415077,0.5626990042158492,PREDICT,
Mg-41,12,29,41,MEDIUM_40_TO_99,6425.0,6412.8885,-12.111499999999978,12.111499999999978,6412.8885,6407.0,5.888500000000022,,1.0,0.0,PREDICT,
Al-21,13,8,21,LIGHT_A_LT_40,6297.0,6454.695606084679,157.69560608467873,157.69560608467873,6650.3184,6386.0126,264.3058000000001,1060.185064334669,0.25986189514069763,0.7401381048593024,PREDICT,
Al-22,13,9,22,LIGHT_A_LT_40,6782.0,6929.316889440982,147.31688944098187,147.31688944098187,7149.3959,6862.103999999998,287.291900000002,1042.1025099003034,0.23395330477811208,0.766046695221888,PREDICT,
Al-23,13,10,23,LIGHT_A_LT_40,7335.7275,7338.664441916557,2.9369419165568615,2.9369419165568615,7159.0683,7460.071916666667,301.00361666666686,793.6667348378255,0.40334224583273875,0.5966577541672612,PREDICT,
Al-24,13,11,24,LIGHT_A_LT_40,7649.5806,7626.580174656694,-23.000425343306233,23.000425343306233,7465.88265,7735.2121333333325,269.329483333333,793.6667348378255,0.40334224583273875,0.5966577541672612,PREDICT,
Al-25,13,12,25,LIGHT_A_LT_40,8021.1366,8008.21095317096,-12.925646829039579,12.925646829039579,8003.943083333334,8161.5152333333335,157.57214999999997,511.01967841925375,0.9729148213207326,0.027085178679267394,PREDICT,
Al-26,13,13,26,LIGHT_A_LT_40,8149.7653,8135.291605637759,-14.473694362241076,14.473694362241076,8132.467516666667,8236.734466666665,104.26694999999836,511.01967841925375,0.9729148213207326,0.027085178679267394,PREDICT,
Al-27,13,14,27,LIGHT_A_LT_40,8331.5533,8323.393784308135,-8.159515691864726,8.159515691864726,8319.526616666666,8462.304616666666,142.77800000000025,511.01967841925375,0.9729148213207326,0.027085178679267394,PREDICT,
Al-28,13,15,28,LIGHT_A_LT_40,8309.8969,8318.295160590456,8.39826059045663,8.39826059045663,8315.59255,8415.374450000001,99.78190000000177,511.01967841925375,0.9729148213207326,0.027085178679267394,PREDICT,
Al-29,13,16,29,LIGHT_A_LT_40,8348.4647,8366.894714517506,18.430014517505697,18.430014517505697,8364.4219,8455.7196,91.29770000000099,511.01967841925375,0.9729148213207326,0.027085178679267394,PREDICT,
Al-30,13,17,30,LIGHT_A_LT_40,8261.1049,8273.582887415527,12.477987415526513,12.477987415526513,8271.808549999998,8337.318083333334,65.50953333333564,511.01967841925375,0.9729148213207326,0.027085178679267394,PREDICT,
Al-31,13,18,31,LIGHT_A_LT_40,8225.518,8228.938224677882,3.4202246778822882,3.4202246778822882,8226.275000000001,8324.60275,98.32774999999856,511.01967841925375,0.9729148213207326,0.027085178679267394,PREDICT,
Al-32,13,19,32,LIGHT_A_LT_40,8100.3449,8093.957154038263,-6.387745961736982,6.387745961736982,8092.068283333332,8161.806450000001,69.7381666666688,511.01967841925375,0.9729148213207326,0.027085178679267394,PREDICT,
Al-33,13,20,33,LIGHT_A_LT_40,8020.6172,8030.939938533417,10.322738533417578,10.322738533417578,8028.46475,8119.850099999999,91.38534999999865,511.01967841925375,0.9729148213207326,0.027085178679267394,PREDICT,
Al-34,13,21,34,LIGHT_A_LT_40,7860.3506,7879.339170410792,18.988570410791908,18.988570410791908,7877.389383333332,7949.376616666666,71.98723333333419,511.01967841925375,0.9729148213207326,0.027085178679267394,PREDICT,
Al-35,13,22,35,LIGHT_A_LT_40,7787.1243,7789.617695109021,2.493395109020639,2.493395109020639,7787.0358,7882.360816666666,95.32501666666667,511.01967841925375,0.9729148213207326,0.027085178679267394,PREDICT,
Al-36,13,23,36,LIGHT_A_LT_40,7623.5154,7622.837549300543,-0.6778506994569398,0.6778506994569398,7620.67625,7700.472633333333,79.79638333333241,511.01967841925375,0.9729148213207326,0.027085178679267394,PREDICT,
Al-37,13,24,37,LIGHT_A_LT_40,7531.316,7533.6523619650125,2.3363619650126566,2.3363619650126566,7531.3133333333335,7617.671583333333,86.35824999999932,511.01967841925375,0.9729148213207326,0.027085178679267394,PREDICT,
Al-38,13,25,38,LIGHT_A_LT_40,7370.0,7367.317255044822,-2.68274495517835,2.68274495517835,7365.451833333333,7434.324249999999,68.87241666666614,511.01967841925375,0.9729148213207326,0.027085178679267394,PREDICT,
Al-39,13,26,39,LIGHT_A_LT_40,7260.0,7259.854993826495,-0.14500617350495304,0.14500617350495304,7257.68995,7337.624583333334,79.9346333333342,511.01967841925375,0.9729148213207326,0.027085178679267394,PREDICT,
Al-40,13,27,40,MEDIUM_40_TO_99,7097.0,7109.0672412030735,12.067241203073536,12.067241203073536,7099.5,7147.014633333332,47.51463333333231,143.72541860392,0.7986464267554012,0.20135357324459882,PREDICT,
Al-41,13,28,41,MEDIUM_40_TO_99,6980.0,6998.718834043284,18.718834043284005,18.718834043284005,6986.0,7049.166666666666,63.16666666666606,143.72541860392,0.7986464267554012,0.20135357324459882,PREDICT,
Al-42,13,29,42,MEDIUM_40_TO_99,6829.0,6825.009624582735,-3.9903754172646586,3.9903754172646586,6824.0,6838.0,14.0,91.19384289543511,0.9278839583760213,0.07211604162397862,PREDICT,
Al-43,13,30,43,MEDIUM_40_TO_99,6712.0,6700.0,-12.0,12.0,6700.0,6856.0,156.0,,1.0,0.0,PREDICT,
Si-22,14,8,22,LIGHT_A_LT_40,6044.0,6409.7575,365.7574999999997,365.7574999999997,6409.7575,5865.9748,543.7826999999997,,1.0,0.0,PREDICT,
Si-23,14,9,23,LIGHT_A_LT_40,6554.0,6567.668701588707,13.668701588707336,13.668701588707336,6835.8798,6473.5,362.3797999999997,1060.185064334669,0.25986189514069763,0.7401381048593024,PREDICT,
Si-24,14,10,24,LIGHT_A_LT_40,7167.2329,7026.619456111803,-140.61344388819725,140.61344388819725,6984.35415,7055.190916666666,70.83676666666634,793.6667348378255,0.40334224583273875,0.5966577541672612,PREDICT,
Si-25,14,11,25,LIGHT_A_LT_40,7480.1109,7388.313075113162,-91.79782488683759,91.79782488683759,7339.171,7421.5332499999995,82.36224999999922,793.6667348378255,0.40334224583273875,0.5966577541672612,PREDICT,
Si-26,14,12,26,LIGHT_A_LT_40,7924.7083,7978.453255669086,53.74495566908536,53.74495566908536,7982.54245,7831.567099999999,150.97535000000062,511.01967841925375,0.9729148213207326,0.027085178679267394,PREDICT,
Si-27,14,13,27,LIGHT_A_LT_40,8124.342,8115.113642252961,-9.228357747038899,9.228357747038899,8117.116066666666,8043.185433333332,73.93063333333339,511.01967841925375,0.9729148213207326,0.027085178679267394,PREDICT,
Si-28,14,14,28,LIGHT_A_LT_40,8447.7445,8354.293054590986,-93.45144540901492,93.45144540901492,8355.458483333332,8312.430199999999,43.02828333333309,511.01967841925375,0.9729148213207326,0.027085178679267394,PREDICT,
Si-29,14,15,29,LIGHT_A_LT_40,8448.6361,8413.172248494739,-35.46385150526112,35.46385150526112,8414.893983333335,8351.326566666665,63.5674166666704,511.01967841925375,0.9729148213207326,0.027085178679267394,PREDICT,
Si-30,14,16,30,LIGHT_A_LT_40,8520.6549,8571.758010697718,51.103110697718876,51.103110697718876,8575.829966666664,8425.491066666667,150.338899999997,511.01967841925375,0.9729148213207326,0.027085178679267394,PREDICT,
Si-31,14,17,31,LIGHT_A_LT_40,8458.2916,8487.855313055996,29.563713055995322,29.563713055995322,8490.812733333332,8381.623116666666,109.18961666666655,511.01967841925375,0.9729148213207326,0.027085178679267394,PREDICT,
Si-32,14,18,32,LIGHT_A_LT_40,8481.469,8476.012916588526,-5.456083411472719,5.456083411472719,8478.503133333335,8386.562933333333,91.94020000000273,511.01967841925375,0.9729148213207326,0.027085178679267394,PREDICT,
Si-33,14,19,33,LIGHT_A_LT_40,8361.0596,8350.190240337735,-10.869359662265197,10.869359662265197,8351.647433333332,8297.84705,53.80038333333141,511.01967841925375,0.9729148213207326,0.027085178679267394,PREDICT,
Si-34,14,20,34,LIGHT_A_LT_40,8337.1659,8324.937710499591,-12.228189500408917,12.228189500408917,8327.0785,8248.03935,79.03915000000052,511.01967841925375,0.9729148213207326,0.027085178679267394,PREDICT,
Si-35,14,21,35,LIGHT_A_LT_40,8169.5644,8175.551150662263,5.986750662263148,5.986750662263148,8177.76345,8096.084116666666,81.6793333333344,511.01967841925375,0.9729148213207326,0.027085178679267394,PREDICT,
Si-36,14,22,36,LIGHT_A_LT_40,8112.5199,8127.905983502787,15.386083502787187,15.386083502787187,8130.448116666667,8036.591133333333,93.85698333333403,511.01967841925375,0.9729148213207326,0.027085178679267394,PREDICT,
Si-37,14,23,37,LIGHT_A_LT_40,7952.9033,7958.153129773138,5.249829773138117,5.249829773138117,7959.852533333333,7897.1096,62.742933333332985,511.01967841925375,0.9729148213207326,0.027085178679267394,PREDICT,
Si-38,14,24,38,LIGHT_A_LT_40,7892.8297,7885.973986637685,-6.855713362315328,6.855713362315328,7887.702083333334,7823.899783333332,63.802300000001196,511.01967841925375,0.9729148213207326,0.027085178679267394,PREDICT,
Si-39,14,25,39,LIGHT_A_LT_40,7730.9793,7718.947090141436,-12.032209858563874,12.032209858563874,7719.841466666667,7686.820583333334,33.02088333333268,511.01967841925375,0.9729148213207326,0.027085178679267394,PREDICT,
Si-40,14,26,40,MEDIUM_40_TO_99,7655.8247,7656.373989486692,0.5492894866920324,0.5492894866920324,7657.133150000001,7590.829616666665,66.30353333333551,129.1848213446385,0.9885502253779942,0.011449774622005894,PREDICT,
Si-41,14,27,41,MEDIUM_40_TO_99,7482.0,7494.563685845543,12.56368584554275,12.56368584554275,7495.168983333333,7442.303533333332,52.86545000000115,129.1848213446385,0.9885502253779942,0.011449774622005894,PREDICT,
Si-42,14,28,42,MEDIUM_40_TO_99,7410.0,7392.975735287788,-17.024264712212243,17.024264712212243,7405.9123500000005,7341.6641,64.24825000000055,143.72541860392,0.7986464267554012,0.20135357324459882,PREDICT,
Si-43,14,29,43,MEDIUM_40_TO_99,7251.0,7235.415682074454,-15.584317925546202,15.584317925546202,7243.0,7205.333333333332,37.66666666666788,143.72541860392,0.7986464267554012,0.20135357324459882,PREDICT,
Si-44,14,30,44,MEDIUM_40_TO_99,7156.0,7158.393374727984,2.3933747279843374,2.3933747279843374,7164.1753,7084.0,80.17529999999988,91.19384289543511,0.9278839583760213,0.07211604162397862,PREDICT,
Si-45,14,31,45,MEDIUM_40_TO_99,7004.0,7020.0,16.0,16.0,7020.0,6988.0,32.0,,1.0,0.0,PREDICT,
P-24,15,9,24,LIGHT_A_LT_40,6165.0,6488.5158,323.5158000000001,323.5158000000001,6488.5158,6326.0,162.51580000000013,,1.0,0.0,PREDICT,
P-25,15,10,25,LIGHT_A_LT_40,6794.0,6904.54004349905,110.54004349904972,110.54004349904972,7070.941999999999,6846.1164499999995,224.82554999999957,1060.185064334669,0.25986189514069763,0.7401381048593024,PREDICT,
P-26,15,11,26,LIGHT_A_LT_40,7198.0,7166.155415880791,-31.844584119208776,31.844584119208776,7036.2420999999995,7253.977166666666,217.73506666666617,793.6667348378255,0.40334224583273875,0.5966577541672612,PREDICT,
P-27,15,12,27,LIGHT_A_LT_40,7661.0894,7654.693625698649,-6.395774301350684,6.395774301350684,7522.6184,7743.976833333332,221.35843333333196,793.6667348378255,0.40334224583273875,0.5966577541672612,PREDICT,
P-28,15,13,28,LIGHT_A_LT_40,7907.4842,7930.766510280879,23.282310280878846,23.282310280878846,7929.484216666666,7976.827216666667,47.34300000000076,511.01967841925375,0.9729148213207326,0.027085178679267394,PREDICT,
P-29,15,14,29,LIGHT_A_LT_40,8251.2368,8213.90437183123,-37.332428168771,37.332428168771,8210.203516666665,8346.841166666667,136.6376500000024,511.01967841925375,0.9729148213207326,0.027085178679267394,PREDICT,
P-30,15,15,30,LIGHT_A_LT_40,8353.5064,8309.861791611273,-43.64460838872765,43.64460838872765,8306.7054,8423.24115,116.5357499999991,511.01967841925375,0.9729148213207326,0.027085178679267394,PREDICT,
P-31,15,16,31,LIGHT_A_LT_40,8481.1677,8494.16681193811,12.999111938110218,12.999111938110218,8492.139566666665,8566.9866,74.84703333333528,511.01967841925375,0.9729148213207326,0.027085178679267394,PREDICT,
P-32,15,17,32,LIGHT_A_LT_40,8464.1203,8499.346435148282,35.22613514828117,35.22613514828117,8498.5691,8527.26875,28.699649999998655,511.01967841925375,0.9729148213207326,0.027085178679267394,PREDICT,
P-33,15,18,33,LIGHT_A_LT_40,8513.8073,8533.271691867021,19.464391867020822,19.464391867020822,8531.812716666667,8585.678899999999,53.86618333333172,511.01967841925375,0.9729148213207326,0.027085178679267394,PREDICT,
P-34,15,19,34,LIGHT_A_LT_40,8448.1856,8432.93944967816,-15.246150321840105,15.246150321840105,8431.196116666666,8495.560950000001,64.3648333333349,511.01967841925375,0.9729148213207326,0.027085178679267394,PREDICT,
P-35,15,20,35,LIGHT_A_LT_40,8446.2496,8426.701790071511,-19.547809928488277,19.547809928488277,8424.385966666667,8509.887466666667,85.5015000000003,511.01967841925375,0.9729148213207326,0.027085178679267394,PREDICT,
P-36,15,21,36,LIGHT_A_LT_40,8307.8692,8323.691797120562,15.822597120562932,15.822597120562932,8322.717333333334,8358.695083333334,35.977750000000015,511.01967841925375,0.9729148213207326,0.027085178679267394,PREDICT,
P-37,15,22,37,LIGHT_A_LT_40,8267.5561,8293.688543402217,26.132443402217177,26.132443402217177,8292.753366666664,8327.280616666667,34.52725000000282,511.01967841925375,0.9729148213207326,0.027085178679267394,PREDICT,
P-38,15,23,38,LIGHT_A_LT_40,8147.2749,8158.052351305052,10.777451305051727,10.777451305051727,8157.174966666666,8189.5685,32.393533333334744,511.01967841925375,0.9729148213207326,0.027085178679267394,PREDICT,
P-39,15,24,39,LIGHT_A_LT_40,8097.9701,8096.556904100301,-1.4131958996986214,1.4131958996986214,8094.863333333335,8157.390916666667,62.527583333332586,511.01967841925375,0.9729148213207326,0.027085178679267394,PREDICT,
P-40,15,25,40,MEDIUM_40_TO_99,7981.4177,7966.1166550420885,-15.301044957911472,15.301044957911472,7965.479866666665,8021.095666666666,55.6158000000014,129.1848213446385,0.9885502253779942,0.011449774622005894,PREDICT,
P-41,15,26,41,MEDIUM_40_TO_99,7906.5513,7899.522233903724,-7.029066096276438,7.029066096276438,7898.720716666666,7968.723600000001,70.00288333333538,129.1848213446385,0.9885502253779942,0.011449774622005894,PREDICT,
P-42,15,27,42,MEDIUM_40_TO_99,7765.9122,7778.086516161979,12.174316161978822,12.174316161978822,7777.732649999999,7808.638599999999,30.905950000000303,129.1848213446385,0.9885502253779942,0.011449774622005894,PREDICT,
P-43,15,28,43,MEDIUM_40_TO_99,7681.0,7691.148363630529,10.148363630529275,10.148363630529275,7690.539183333333,7743.74375,53.204566666666324,129.1848213446385,0.9885502253779942,0.011449774622005894,PREDICT,
P-44,15,29,44,MEDIUM_40_TO_99,7552.0,7553.174381067338,1.1743810673378903,1.1743810673378903,7542.956099999999,7593.704049999999,50.747949999999946,143.72541860392,0.7986464267554012,0.20135357324459882,PREDICT,
P-45,15,30,45,MEDIUM_40_TO_99,7456.0,7458.087982260899,2.0879822608985705,2.0879822608985705,7445.0,7510.0,65.0,143.72541860392,0.7986464267554012,0.20135357324459882,PREDICT,
P-46,15,31,46,MEDIUM_40_TO_99,7320.0,7337.360307795306,17.360307795305744,17.360307795305744,7338.0878,7328.0,10.087800000000243,91.19384289543511,0.9278839583760213,0.07211604162397862,PREDICT,
P-47,15,32,47,MEDIUM_40_TO_99,7209.0,7231.0,22.0,22.0,7231.0,7319.0,88.0,,1.0,0.0,PREDICT,
S-26,16,10,26,LIGHT_A_LT_40,6525.0,6834.874100000001,309.8741000000009,309.8741000000009,6834.874100000001,6420.7671,414.1070000000009,,1.0,0.0,PREDICT,
S-27,16,11,27,LIGHT_A_LT_40,6960.0,6970.694081788016,10.694081788015865,10.694081788015865,7210.963900000001,6897.314850000001,313.64905,1042.1025099003034,0.23395330477811208,0.766046695221888,PREDICT,
S-28,16,12,28,LIGHT_A_LT_40,7478.7911,7366.268958099365,-112.52214190063569,112.52214190063569,7323.85405,7394.9415500000005,71.08750000000055,793.6667348378255,0.40334224583273875,0.5966577541672612,PREDICT,
S-29,16,13,29,LIGHT_A_LT_40,7746.3826,7662.355446274245,-84.02715372575494,84.02715372575494,7620.90065,7690.378999999999,69.47834999999941,793.6667348378255,0.40334224583273875,0.5966577541672612,PREDICT,
S-30,16,14,30,LIGHT_A_LT_40,8122.7081,8127.854863090094,5.146763090094282,5.146763090094282,8129.864366666667,8055.672366666666,74.19200000000092,511.01967841925375,0.9729148213207326,0.027085178679267394,PREDICT,
S-31,16,15,31,LIGHT_A_LT_40,8281.8013,8245.680008311083,-36.121291688916244,36.121291688916244,8246.366816666665,8221.009466666665,25.357350000000224,511.01967841925375,0.9729148213207326,0.027085178679267394,PREDICT,
S-32,16,16,32,LIGHT_A_LT_40,8493.1301,8460.21562429279,-32.91447570720993,32.91447570720993,8461.774283333334,8404.227716666666,57.546566666667786,511.01967841925375,0.9729148213207326,0.027085178679267394,PREDICT,
S-33,16,17,33,LIGHT_A_LT_40,8497.6304,8510.217127174208,12.586727174208136,12.586727174208136,8512.048449999998,8444.434983333334,67.61346666666395,511.01967841925375,0.9729148213207326,0.027085178679267394,PREDICT,
S-34,16,18,34,LIGHT_A_LT_40,8583.4986,8614.535872506596,31.0372725065954,31.0372725065954,8617.098233333334,8522.494433333335,94.60379999999896,511.01967841925375,0.9729148213207326,0.027085178679267394,PREDICT,
S-35,16,19,35,LIGHT_A_LT_40,8537.8511,8533.07594693899,-4.775153061009405,4.775153061009405,8534.032616666667,8498.711833333333,35.320783333334475,511.01967841925375,0.9729148213207326,0.027085178679267394,PREDICT,
S-36,16,20,36,LIGHT_A_LT_40,8575.39,8550.24504282633,-25.144957173670264,25.144957173670264,8551.111733333333,8519.113033333331,31.998700000001918,511.01967841925375,0.9729148213207326,0.027085178679267394,PREDICT,
S-37,16,21,37,LIGHT_A_LT_40,8459.9363,8465.605695488155,5.669395488155715,5.669395488155715,8466.869566666668,8420.20673333333,46.6628333333374,511.01967841925375,0.9729148213207326,0.027085178679267394,PREDICT,
S-38,16,22,38,LIGHT_A_LT_40,8448.7829,8471.422837943177,22.639937943176847,22.639937943176847,8473.689316666665,8390.009650000002,83.67966666666325,511.01967841925375,0.9729148213207326,0.027085178679267394,PREDICT,
S-39,16,23,39,LIGHT_A_LT_40,8344.2698,8357.883318209062,13.613518209062022,13.613518209062022,8359.434949999999,8302.147833333333,57.28711666666641,511.01967841925375,0.9729148213207326,0.027085178679267394,PREDICT,
S-40,16,24,40,MEDIUM_40_TO_99,8329.3255,8332.006781829707,2.6812818297057674,2.6812818297057674,8332.772699999998,8265.878966666667,66.8937333333306,129.1848213446385,0.9885502253779942,0.011449774622005894,PREDICT,
S-41,16,25,41,MEDIUM_40_TO_99,8229.6358,8217.16439927978,-12.471400720220117,12.471400720220117,8217.57555,8181.666483333333,35.90906666666615,129.1848213446385,0.9885502253779942,0.011449774622005894,PREDICT,
S-42,16,26,42,MEDIUM_40_TO_99,8193.2275,8177.366076915091,-15.861423084909802,15.861423084909802,8177.930116666667,8128.6680333333325,49.262083333334886,129.1848213446385,0.9885502253779942,0.011449774622005894,PREDICT,
S-43,16,27,43,MEDIUM_40_TO_99,8063.8276,8064.490897601469,0.6632976014698215,0.6632976014698215,8065.045566666666,8016.6019,48.443666666666104,129.1848213446385,0.9885502253779942,0.011449774622005894,PREDICT,
S-44,16,28,44,MEDIUM_40_TO_99,7996.0154,8004.493949356028,8.478549356027543,8.478549356027543,8005.2640833333335,7938.00215,67.26193333333322,129.1848213446385,0.9885502253779942,0.011449774622005894,PREDICT,
S-45,16,29,45,MEDIUM_40_TO_99,7867.0,7871.773407727408,4.773407727408085,4.773407727408085,7872.2791,7828.1129666666675,44.166133333332255,129.1848213446385,0.9885502253779942,0.011449774622005894,PREDICT,
S-46,16,30,46,MEDIUM_40_TO_99,7785.0,7765.560521607028,-19.439478392971978,19.439478392971978,7774.0077,7732.055733333333,41.95196666666743,143.72541860392,0.7986464267554012,0.20135357324459882,PREDICT,
S-47,16,31,47,MEDIUM_40_TO_99,7652.0,7629.305133890737,-22.694866109262875,22.694866109262875,7633.5,7612.666666666666,20.83333333333394,143.72541860392,0.7986464267554012,0.20135357324459882,PREDICT,
S-48,16,32,48,MEDIUM_40_TO_99,7552.0,7568.432775381994,16.43277538199436,16.43277538199436,7573.9846,7497.0,76.98459999999977,91.19384289543511,0.9278839583760213,0.07211604162397862,PREDICT,
S-49,16,33,49,MEDIUM_40_TO_99,7400.0,7437.0,37.0,37.0,7437.0,7380.0,57.0,,1.0,0.0,PREDICT,
Cl-28,17,11,28,LIGHT_A_LT_40,6587.0,6683.987718508279,96.9877185082787,96.9877185082787,6871.933799999999,6618.0,253.93379999999888,1060.185064334669,0.25986189514069763,0.7401381048593024,PREDICT,
Cl-29,17,12,29,LIGHT_A_LT_40,7129.0,7258.634065493328,129.6340654933283,129.6340654933283,7433.664500000001,7205.179166666667,228.48533333333398,1042.1025099003034,0.23395330477811208,0.766046695221888,PREDICT,
Cl-30,17,13,30,LIGHT_A_LT_40,7472.1698,7447.824110690532,-24.34568930946807,24.34568930946807,7329.7029,7527.674366666666,197.97146666666595,793.6667348378255,0.40334224583273875,0.5966577541672612,PREDICT,
Cl-31,17,14,31,LIGHT_A_LT_40,7869.2101,7850.764280032903,-18.445819967097123,18.445819967097123,7716.87785,7941.271866666666,224.39401666666618,793.6667348378255,0.40334224583273875,0.5966577541672612,PREDICT,
Cl-32,17,15,32,LIGHT_A_LT_40,8072.4058,8064.608720203246,-7.797079796754588,7.797079796754588,8062.6049,8136.587066666667,73.98216666666667,511.01967841925375,0.9729148213207326,0.027085178679267394,PREDICT,
Cl-33,17,16,33,LIGHT_A_LT_40,8304.7557,8311.84449828525,7.0887982852509595,7.0887982852509595,8309.779133333332,8386.033566666665,76.25443333333351,511.01967841925375,0.9729148213207326,0.027085178679267394,PREDICT,
Cl-34,17,17,34,LIGHT_A_LT_40,8398.9706,8401.278728265239,2.308128265238338,2.308128265238338,8399.950083333333,8449.0044,49.05431666666664,511.01967841925375,0.9729148213207326,0.027085178679267394,PREDICT,
Cl-35,17,18,35,LIGHT_A_LT_40,8520.279,8524.667481899372,4.388481899371982,4.388481899371982,8522.755983333333,8593.329583333334,70.57360000000153,511.01967841925375,0.9729148213207326,0.027085178679267394,PREDICT,
Cl-36,17,19,36,LIGHT_A_LT_40,8521.9322,8520.76224907325,-1.1699509267491521,1.1699509267491521,8519.606233333334,8562.286983333332,42.680749999997715,511.01967841925375,0.9729148213207326,0.027085178679267394,PREDICT,
Cl-37,17,20,37,LIGHT_A_LT_40,8570.2816,8558.706287449926,-11.575312550074159,11.575312550074159,8556.835633333334,8625.901233333332,69.06559999999808,511.01967841925375,0.9729148213207326,0.027085178679267394,PREDICT,
Cl-38,17,21,38,LIGHT_A_LT_40,8505.4817,8509.848101948714,4.366401948713246,4.366401948713246,8508.9893,8540.696750000001,31.7074500000017,511.01967841925375,0.9729148213207326,0.027085178679267394,PREDICT,
Cl-39,17,22,39,LIGHT_A_LT_40,8494.4032,8515.90311169486,21.499911694860202,21.499911694860202,8514.802899999999,8555.423333333334,40.62043333333531,511.01967841925375,0.9729148213207326,0.027085178679267394,PREDICT,
Cl-40,17,23,40,MEDIUM_40_TO_99,8427.766,8441.82887865277,14.06287865277045,14.06287865277045,8441.510233333334,8469.340066666668,27.829833333333227,129.1848213446385,0.9885502253779942,0.011449774622005894,PREDICT,
Cl-41,17,24,41,MEDIUM_40_TO_99,8412.9593,8420.857304089544,7.898004089543974,7.898004089543974,8420.20015,8477.594650000001,57.394500000000335,129.1848213446385,0.9885502253779942,0.011449774622005894,PREDICT,
Cl-42,17,25,42,MEDIUM_40_TO_99,8345.8864,8344.322537889455,-1.5638621105445054,1.5638621105445054,8343.786966666667,8390.562666666667,46.77570000000014,129.1848213446385,0.9885502253779942,0.011449774622005894,PREDICT,
Cl-43,17,26,43,MEDIUM_40_TO_99,8323.8672,8316.059259504429,-7.807940495571529,7.807940495571529,8315.305066666668,8381.174733333333,65.86966666666558,129.1848213446385,0.9885502253779942,0.011449774622005894,PREDICT,
Cl-44,17,27,44,MEDIUM_40_TO_99,8234.4788,8233.134222899125,-1.34457710087554,1.34457710087554,8232.647066666668,8275.1943,42.54723333333095,129.1848213446385,0.9885502253779942,0.011449774622005894,PREDICT,
Cl-45,17,28,45,MEDIUM_40_TO_99,8181.5991,8178.295196947138,-3.3039030528625517,3.3039030528625517,8177.584916666667,8239.61935,62.034433333334164,129.1848213446385,0.9885502253779942,0.011449774622005894,PREDICT,
Cl-46,17,29,46,MEDIUM_40_TO_99,8080.7757,8079.323677819182,-1.4520221808179485,1.4520221808179485,8078.838133333333,8121.244599999998,42.40646666666544,129.1848213446385,0.9885502253779942,0.011449774622005894,PREDICT,
Cl-47,17,30,47,MEDIUM_40_TO_99,7992.0,8002.610801872242,10.610801872241609,10.610801872241609,8002.088199999998,8047.731183333332,45.64298333333409,129.1848213446385,0.9885502253779942,0.011449774622005894,PREDICT,
Cl-48,17,31,48,MEDIUM_40_TO_99,7883.0,7884.858671108865,1.8586711088646553,1.8586711088646553,7884.437333333333,7921.236116666666,36.79878333333272,129.1848213446385,0.9885502253779942,0.011449774622005894,PREDICT,
Cl-49,17,32,49,MEDIUM_40_TO_99,7785.0,7775.351979316942,-9.648020683058348,9.648020683058348,7761.0,7832.2775,71.27750000000015,143.72541860392,0.7986464267554012,0.20135357324459882,PREDICT,
Cl-50,17,33,50,MEDIUM_40_TO_99,7651.0,7643.781207704322,-7.218792295678213,7.218792295678213,7634.5,7661.0,26.5,108.97677306661497,0.6497657470067674,0.3502342529932327,PREDICT,
Cl-51,17,34,51,MEDIUM_40_TO_99,7530.0,7578.0,48.0,48.0,7578.0,7631.1512,53.151200000000244,,1.0,0.0,PREDICT,
Cl-52,17,35,52,MEDIUM_40_TO_99,7386.0,7419.0,33.0,33.0,7419.0,7463.0,44.0,,1.0,0.0,PREDICT,
Ar-29,18,11,29,LIGHT_A_LT_40,6276.0,6575.0441,299.04410000000007,299.04410000000007,6575.0441,6214.0,361.04410000000007,,1.0,0.0,PREDICT,
Ar-30,18,12,30,LIGHT_A_LT_40,6866.0,6910.475342984017,44.475342984016606,44.475342984016606,7202.3454,6808.0,394.34540000000015,1060.185064334669,0.25986189514069763,0.7401381048593024,PREDICT,
Ar-31,18,13,31,LIGHT_A_LT_40,7252.0,7157.214228550459,-94.78577144954124,94.78577144954124,7102.47795,7194.2161,91.73814999999922,793.6667348378255,0.40334224583273875,0.5966577541672612,PREDICT,
Ar-32,18,14,32,LIGHT_A_LT_40,7700.0089,7587.336817022138,-112.67208297786146,112.67208297786146,7531.8362,7624.8553833333335,93.01918333333379,793.6667348378255,0.40334224583273875,0.5966577541672612,PREDICT,
Ar-33,18,15,33,LIGHT_A_LT_40,7928.9559,7917.7506802131775,-11.205219786822454,11.205219786822454,7919.117966666667,7868.636983333334,50.480983333332915,511.01967841925375,0.9729148213207326,0.027085178679267394,PREDICT,
Ar-34,18,16,34,LIGHT_A_LT_40,8197.6724,8230.406253401208,32.73385340120876,32.73385340120876,8233.232216666665,8128.896066666666,104.33614999999918,511.01967841925375,0.9729148213207326,0.027085178679267394,PREDICT,
Ar-35,18,17,35,LIGHT_A_LT_40,8327.4621,8333.40217581164,5.9400758116389625,5.9400758116389625,8334.964533333334,8277.281416666665,57.683116666668866,511.01967841925375,0.9729148213207326,0.027085178679267394,PREDICT,
Ar-36,18,18,36,LIGHT_A_LT_40,8519.9096,8490.575817866773,-29.333782133227942,29.333782133227942,8492.090683333332,8436.161,55.92968333333192,511.01967841925375,0.9729148213207326,0.027085178679267394,PREDICT,
Ar-37,18,19,37,LIGHT_A_LT_40,8527.1406,8515.409947401919,-11.730652598082088,11.730652598082088,8516.1524,8488.740633333335,27.411766666666153,511.01967841925375,0.9729148213207326,0.027085178679267394,PREDICT,
Ar-38,18,20,38,LIGHT_A_LT_40,8614.2807,8616.431792970458,2.151092970458194,2.151092970458194,8617.898250000002,8563.75583333333,54.142416666671124,511.01967841925375,0.9729148213207326,0.027085178679267394,PREDICT,
Ar-39,18,21,39,LIGHT_A_LT_40,8562.5988,8570.539961041959,7.941161041959276,7.941161041959276,8571.725883333333,8527.940966666669,43.784916666663776,511.01967841925375,0.9729148213207326,0.027085178679267394,PREDICT,
Ar-40,18,22,40,MEDIUM_40_TO_99,8595.2594,8610.114075099294,14.854675099293672,14.854675099293672,8610.971416666667,8536.092950000002,74.87846666666519,129.1848213446385,0.9885502253779942,0.011449774622005894,PREDICT,
Ar-41,18,23,41,MEDIUM_40_TO_99,8534.3733,8542.16508297995,7.791782979949858,7.791782979949858,8542.709133333332,8495.192883333333,47.51624999999876,129.1848213446385,0.9885502253779942,0.011449774622005894,PREDICT,
Ar-42,18,24,42,MEDIUM_40_TO_99,8555.6141,8554.268318537266,-1.3457814627345215,1.3457814627345215,8554.956300000002,8494.8694,60.08690000000206,129.1848213446385,0.9885502253779942,0.011449774622005894,PREDICT,
Ar-43,18,25,43,MEDIUM_40_TO_99,8488.2382,8490.10179527705,1.8635952770509903,1.8635952770509903,8490.546633333333,8451.695383333334,38.85124999999971,129.1848213446385,0.9885502253779942,0.011449774622005894,PREDICT,
Ar-44,18,26,44,MEDIUM_40_TO_99,8493.8411,8504.78362920814,10.942529208139604,10.942529208139604,8505.510900000001,8441.99255,63.51835000000028,129.1848213446385,0.9885502253779942,0.011449774622005894,PREDICT,
Ar-45,18,27,45,MEDIUM_40_TO_99,8419.9526,8421.616500219947,1.6639002199462993,1.6639002199462993,8422.046583333333,8384.484,37.56258333333244,129.1848213446385,0.9885502253779942,0.011449774622005894,PREDICT,
Ar-46,18,28,46,MEDIUM_40_TO_99,8412.3835,8389.654291378049,-22.72920862195133,22.72920862195133,8390.068783333332,8353.867899999997,36.20088333333479,129.1848213446385,0.9885502253779942,0.011449774622005894,PREDICT,
Ar-47,18,29,47,MEDIUM_40_TO_99,8311.425,8299.214871954679,-12.210128045320744,12.210128045320744,8299.595366666666,8266.363733333332,33.231633333334685,129.1848213446385,0.9885502253779942,0.011449774622005894,PREDICT,
Ar-48,18,30,48,MEDIUM_40_TO_99,8243.6656,8256.642073943302,12.976473943301244,12.976473943301244,8257.448816666667,8186.989549999998,70.45926666666855,129.1848213446385,0.9885502253779942,0.011449774622005894,PREDICT,
Ar-49,18,31,49,MEDIUM_40_TO_99,8132.0,8138.924860131553,6.924860131553032,6.924860131553032,8139.457899999999,8092.903283333332,46.55461666666724,129.1848213446385,0.9885502253779942,0.011449774622005894,PREDICT,
Ar-50,18,32,50,MEDIUM_40_TO_99,8054.0,8048.239280086015,-5.760719913984758,5.760719913984758,8048.71315,8007.326316666666,41.386833333333925,129.1848213446385,0.9885502253779942,0.011449774622005894,PREDICT,
Ar-51,18,33,51,MEDIUM_40_TO_99,7922.0,7901.363696607785,-20.636303392215268,20.636303392215268,7904.5,7888.923900000001,15.576099999999315,143.72541860392,0.7986464267554012,0.20135357324459882,PREDICT,
Ar-52,18,34,52,MEDIUM_40_TO_99,7827.0,7802.139269297241,-24.8607307027587,24.8607307027587,7816.0,7776.4244,39.57560000000012,108.97677306661497,0.6497657470067674,0.3502342529932327,PREDICT,
Ar-53,18,35,53,MEDIUM_40_TO_99,7677.0,7706.699470940637,29.699470940637184,29.699470940637184,7712.0,7638.5,73.5,91.19384289543511,0.9278839583760213,0.07211604162397862,PREDICT,
Ar-54,18,36,54,MEDIUM_40_TO_99,7578.0,7600.0,22.0,22.0,7600.0,7550.8346,49.16539999999986,,1.0,0.0,PREDICT,
K-31,19,12,31,LIGHT_A_LT_40,6487.0,6818.1591,331.15909999999985,331.15909999999985,6818.1591,6603.0,215.15909999999985,,1.0,0.0,PREDICT,
K-32,19,13,32,LIGHT_A_LT_40,6920.0,7017.718344305576,97.71834430557556,97.71834430557556,7197.7767,6954.5,243.27670000000035,1060.185064334669,0.25986189514069763,0.7401381048593024,PREDICT,
K-33,19,14,33,LIGHT_A_LT_40,7392.0,7369.250650492024,-22.74934950797615,22.74934950797615,7226.42045,7465.804249999999,239.3837999999996,793.6667348378255,0.40334224583273875,0.5966577541672612,PREDICT,
K-34,19,15,34,LIGHT_A_LT_40,7670.0,7649.920916468342,-20.079083531658398,20.079083531658398,7531.11165,7730.2363000000005,199.12465000000066,793.6667348378255,0.40334224583273875,0.5966577541672612,PREDICT,
K-35,19,16,35,LIGHT_A_LT_40,7965.8409,7982.100768410955,16.259868410955278,16.259868410955278,7980.561033333333,8037.408916666666,56.8478833333329,511.01967841925375,0.9729148213207326,0.027085178679267394,PREDICT,
K-36,19,17,36,LIGHT_A_LT_40,8142.2233,8163.2585944659,21.035294465900733,21.035294465900733,8162.357750000001,8195.617433333333,33.25968333333185,511.01967841925375,0.9729148213207326,0.027085178679267394,PREDICT,
K-37,19,18,37,LIGHT_A_LT_40,8339.848,8355.626450821715,15.778450821715523,15.778450821715523,8353.898949999999,8417.679250000001,63.78030000000217,511.01967841925375,0.9729148213207326,0.027085178679267394,PREDICT,
K-38,19,19,38,LIGHT_A_LT_40,8438.0593,8418.434450314837,-19.62484968516401,19.62484968516401,8416.666483333333,8481.940816666665,65.27433333333283,511.01967841925375,0.9729148213207326,0.027085178679267394,PREDICT,
K-39,19,20,39,LIGHT_A_LT_40,8557.0258,8522.984625818313,-34.041174181686074,34.041174181686074,8520.270516666667,8620.476949999998,100.206433333331,511.01967841925375,0.9729148213207326,0.027085178679267394,PREDICT,
K-40,19,21,40,MEDIUM_40_TO_99,8538.0907,8545.140244816826,7.049544816825801,7.049544816825801,8544.723333333335,8581.135533333334,36.41219999999885,129.1848213446385,0.9885502253779942,0.011449774622005894,PREDICT,
K-41,19,22,41,MEDIUM_40_TO_99,8576.0731,8606.760721118277,30.687621118277093,30.687621118277093,8606.41035,8637.01105,30.60069999999905,129.1848213446385,0.9885502253779942,0.011449774622005894,PREDICT,
K-42,19,23,42,MEDIUM_40_TO_99,8551.2571,8564.173091891495,12.915991891493832,12.915991891493832,8563.844983333334,8592.501316666667,28.65633333333244,129.1848213446385,0.9885502253779942,0.011449774622005894,PREDICT,
K-43,19,24,43,MEDIUM_40_TO_99,8576.2204,8575.891208654886,-0.32919134511394077,0.32919134511394077,8575.180983333332,8637.210616666667,62.02963333333537,129.1848213446385,0.9885502253779942,0.011449774622005894,PREDICT,
K-44,19,25,44,MEDIUM_40_TO_99,8546.7023,8551.198903572265,4.496603572264576,4.496603572264576,8550.81275,8584.538616666665,33.72586666666575,129.1848213446385,0.9885502253779942,0.011449774622005894,PREDICT,
K-45,19,26,45,MEDIUM_40_TO_99,8554.6747,8569.811859686968,15.137159686968516,15.137159686968516,8569.341866666668,8610.3901,41.04823333333297,129.1848213446385,0.9885502253779942,0.011449774622005894,PREDICT,
K-46,19,27,46,MEDIUM_40_TO_99,8518.0428,8514.484266620188,-3.5585333798117063,3.5585333798117063,8513.983066666668,8557.756849999998,43.77378333333036,129.1848213446385,0.9885502253779942,0.011449774622005894,PREDICT,
K-47,19,28,47,MEDIUM_40_TO_99,8514.8795,8486.067766032822,-28.811733967177133,28.811733967177133,8485.040766666665,8574.7368,89.69603333333544,129.1848213446385,0.9885502253779942,0.011449774622005894,PREDICT,
K-48,19,29,48,MEDIUM_40_TO_99,8434.2324,8428.122385468614,-6.110014531386696,6.110014531386696,8427.461966666666,8485.1416,57.679633333335005,129.1848213446385,0.9885502253779942,0.011449774622005894,PREDICT,
K-49,19,30,49,MEDIUM_40_TO_99,8372.2753,8394.973212980969,22.697912980969704,22.697912980969704,8394.55575,8431.016116666666,36.46036666666623,129.1848213446385,0.9885502253779942,0.011449774622005894,PREDICT,
K-50,19,31,50,MEDIUM_40_TO_99,8288.5833,8298.44019651556,9.856896515559129,9.856896515559129,8298.001333333332,8336.330750000001,38.3294166666692,129.1848213446385,0.9885502253779942,0.011449774622005894,PREDICT,
K-51,19,32,51,MEDIUM_40_TO_99,8221.335,8212.998603072969,-8.336396927030364,8.336396927030364,8212.269483333333,8275.949316666669,63.67983333333541,129.1848213446385,0.9885502253779942,0.011449774622005894,PREDICT,
K-52,19,33,52,MEDIUM_40_TO_99,8115.0303,8104.1530237107045,-10.877276289295878,10.877276289295878,8103.516799999999,8159.083283333332,55.566483333332144,129.1848213446385,0.9885502253779942,0.011449774622005894,PREDICT,
K-53,19,34,53,MEDIUM_40_TO_99,8022.8488,8020.281526178498,-2.567273821501658,2.567273821501658,8019.677449999999,8072.436233333334,52.75878333333458,129.1848213446385,0.9885502253779942,0.011449774622005894,PREDICT,
K-54,19,35,54,MEDIUM_40_TO_99,7891.0,7898.148639377499,7.148639377499421,7.148639377499421,7897.756316666667,7932.020983333333,34.26466666666602,129.1848213446385,0.9885502253779942,0.011449774622005894,PREDICT,
K-55,19,36,55,MEDIUM_40_TO_99,7792.0,7798.518299184485,6.518299184484931,6.518299184484931,7798.343366666666,7805.5827,7.239333333333889,88.9250199942999,0.9758358249627678,0.024164175037232123,PREDICT,
K-56,19,37,56,MEDIUM_40_TO_99,7663.0,7664.0,1.0,1.0,7664.0,7769.0564,105.0564000000004,,1.0,0.0,PREDICT,
K-57,19,38,57,MEDIUM_40_TO_99,7563.0,7562.0,-1.0,1.0,7562.0,7679.5927,117.59270000000015,,1.0,0.0,PREDICT,
K-58,19,39,58,MEDIUM_40_TO_99,7437.0,7435.0,-2.0,2.0,7435.0,7543.0,108.0,,1.0,0.0,PREDICT,
K-59,19,40,59,MEDIUM_40_TO_99,7332.0,7334.0,2.0,2.0,7334.0,7460.0,126.0,,1.0,0.0,PREDICT,
Ca-33,20,13,33,LIGHT_A_LT_40,6657.0,6948.5433,291.5433000000003,291.5433000000003,6948.5433,6588.0,360.5433000000003,,1.0,0.0,PREDICT,
Ca-34,20,14,34,LIGHT_A_LT_40,7173.0,7183.207357596215,10.207357596214933,10.207357596214933,7391.716399999999,7110.0,281.71639999999934,1060.185064334669,0.25986189514069763,0.7401381048593024,PREDICT,
Ca-35,20,15,35,LIGHT_A_LT_40,7476.0,7380.7129547815175,-95.28704521848249,95.28704521848249,7330.228349999999,7414.840683333333,84.61233333333348,793.6667348378255,0.40334224583273875,0.5966577541672612,PREDICT,
Ca-36,20,16,36,LIGHT_A_LT_40,7815.8799,7727.162180018784,-88.71771998121585,88.71771998121585,7706.5217,7741.115199999998,34.59349999999813,793.6667348378255,0.40334224583273875,0.5966577541672612,PREDICT,
Ca-37,20,17,37,LIGHT_A_LT_40,8003.4567,8027.574435458087,24.117735458086827,24.117735458086827,8029.829483333333,7946.571849999998,83.25763333333452,511.01967841925375,0.9729148213207326,0.027085178679267394,PREDICT,
Ca-38,20,18,38,LIGHT_A_LT_40,8240.0434,8276.920222265564,36.87682226556353,36.87682226556353,8279.862233333331,8171.241533333334,108.62069999999767,511.01967841925375,0.9729148213207326,0.027085178679267394,PREDICT,
Ca-39,20,19,39,LIGHT_A_LT_40,8369.6711,8352.921473490203,-16.749626509796144,16.749626509796144,8353.998583333332,8314.231083333332,39.76749999999993,511.01967841925375,0.9729148213207326,0.027085178679267394,PREDICT,
Ca-40,20,20,40,MEDIUM_40_TO_99,8551.3046,8491.831627445998,-59.4729725540019,59.4729725540019,8492.062533333334,8471.895683333332,20.166850000001432,129.1848213446385,0.9885502253779942,0.011449774622005894,PREDICT,
Ca-41,20,21,41,MEDIUM_40_TO_99,8546.7075,8540.783527917705,-5.923972082295222,5.923972082295222,8541.2237,8502.779966666667,38.44373333333351,129.1848213446385,0.9885502253779942,0.011449774622005894,PREDICT,
Ca-42,20,22,42,MEDIUM_40_TO_99,8616.5646,8653.613920428541,37.04932042854125,37.04932042854125,8654.816300000002,8549.802916666664,105.01338333333842,129.1848213446385,0.9885502253779942,0.011449774622005894,PREDICT,
Ca-43,20,23,43,MEDIUM_40_TO_99,8600.6653,8615.986663262873,15.321363262872183,15.321363262872183,8616.665150000003,8557.407500000001,59.25765000000138,129.1848213446385,0.9885502253779942,0.011449774622005894,PREDICT,
Ca-44,20,24,44,MEDIUM_40_TO_99,8658.1769,8653.354915243614,-4.8219847563868825,4.8219847563868825,8654.033566666667,8594.761533333334,59.27203333333273,129.1848213446385,0.9885502253779942,0.011449774622005894,PREDICT,
Ca-45,20,25,45,MEDIUM_40_TO_99,8630.5467,8635.861164896321,5.314464896320715,5.314464896320715,8636.420483333333,8587.570749999999,48.84973333333437,129.1848213446385,0.9885502253779942,0.011449774622005894,PREDICT,
Ca-46,20,26,46,MEDIUM_40_TO_99,8668.9848,8687.893031447358,18.908231447358048,18.908231447358048,8688.790916666669,8610.371449999999,78.4194666666699,129.1848213446385,0.9885502253779942,0.011449774622005894,PREDICT,
Ca-47,20,27,47,MEDIUM_40_TO_99,8639.3548,8636.842110529667,-2.5126894703316793,2.5126894703316793,8637.334666666666,8594.315816666665,43.018850000000384,129.1848213446385,0.9885502253779942,0.011449774622005894,PREDICT,
Ca-48,20,28,48,MEDIUM_40_TO_99,8666.6916,8631.2149477451,-35.47665225489982,35.47665225489982,8631.505966666666,8606.088966666666,25.41699999999946,129.1848213446385,0.9885502253779942,0.011449774622005894,PREDICT,
Ca-49,20,29,49,MEDIUM_40_TO_99,8594.85,8583.507627369427,-11.342372630573664,11.342372630573664,8583.991450000001,8541.735366666666,42.25608333333548,129.1848213446385,0.9885502253779942,0.011449774622005894,PREDICT,
Ca-50,20,30,50,MEDIUM_40_TO_99,8550.1639,8576.966433047288,26.802533047288307,26.802533047288307,8577.968883333333,8490.416916666665,87.5519666666678,129.1848213446385,0.9885502253779942,0.011449774622005894,PREDICT,
Ca-51,20,31,51,MEDIUM_40_TO_99,8476.9135,8488.629258944375,11.715758944374102,11.715758944374102,8489.405066666664,8421.6476,67.75746666666419,129.1848213446385,0.9885502253779942,0.011449774622005894,PREDICT,
Ca-52,20,32,52,MEDIUM_40_TO_99,8429.3821,8414.581678928398,-14.800421071602614,14.800421071602614,8415.1309,8367.16305,47.96785000000091,129.1848213446385,0.9885502253779942,0.011449774622005894,PREDICT,
Ca-53,20,33,53,MEDIUM_40_TO_99,8330.5778,8316.91018264924,-13.667617350758519,13.667617350758519,8317.418000000001,8273.066266666669,44.35173333333296,129.1848213446385,0.9885502253779942,0.011449774622005894,PREDICT,
Ca-54,20,34,54,MEDIUM_40_TO_99,8247.4967,8244.684850007076,-2.8118499929241807,2.8118499929241807,8245.337683333333,8188.320549999999,57.01713333333464,129.1848213446385,0.9885502253779942,0.011449774622005894,PREDICT,
Ca-55,20,35,55,MEDIUM_40_TO_99,8125.926,8130.256547517375,4.330547517374725,4.330547517374725,8130.899616666666,8074.735266666667,56.164349999999104,129.1848213446385,0.9885502253779942,0.011449774622005894,PREDICT,
Ca-56,20,36,56,MEDIUM_40_TO_99,8033.1654,8040.303296486265,7.137896486265163,7.137896486265163,8040.934116666665,7985.839566666667,55.09454999999798,129.1848213446385,0.9885502253779942,0.011449774622005894,PREDICT,
Ca-57,20,37,57,MEDIUM_40_TO_99,7912.0,7915.618321498288,3.6183214982884238,3.6183214982884238,7917.0210333333325,7858.971799999999,58.04923333333318,88.9250199942999,0.9758358249627678,0.024164175037232123,PREDICT,
Ca-58,20,38,58,MEDIUM_40_TO_99,7828.0,7808.935888526809,-19.06411147319068,19.06411147319068,7830.0827,7769.7036499999995,60.37905000000046,108.97677306661497,0.6497657470067674,0.3502342529932327,PREDICT,
Ca-59,20,39,59,MEDIUM_40_TO_99,7708.0,7689.112701717855,-18.88729828214491,18.88729828214491,7707.5,7655.0,52.5,108.97677306661497,0.6497657470067674,0.3502342529932327,PREDICT,
Ca-60,20,40,60,MEDIUM_40_TO_99,7627.0,7618.519565495846,-8.48043450415389,8.48043450415389,7622.8346,7563.0,59.83460000000014,91.19384289543511,0.9278839583760213,0.07211604162397862,PREDICT,
Ca-61,20,41,61,MEDIUM_40_TO_99,7503.0,7504.0,1.0,1.0,7504.0,7485.0,19.0,,1.0,0.0,PREDICT,
Sc-35,21,14,35,LIGHT_A_LT_40,6828.0,7036.5425,208.54249999999956,208.54249999999956,7036.5425,6954.0,82.54249999999956,,1.0,0.0,PREDICT,
Sc-36,21,15,36,LIGHT_A_LT_40,7166.0,7234.088293066834,68.08829306683401,68.08829306683401,7328.3303,7201.0,127.33029999999962,1060.185064334669,0.25986189514069763,0.7401381048593024,PREDICT,
Sc-37,21,16,37,LIGHT_A_LT_40,7525.0,7521.992131724432,-3.0078682755683985,3.0078682755683985,7420.72875,7590.4464499999995,169.71769999999924,793.6667348378255,0.40334224583273875,0.5966577541672612,PREDICT,
Sc-38,21,17,38,LIGHT_A_LT_40,7751.0,7750.044983871314,-0.9550161286861112,0.9550161286861112,7669.83485,7804.267249999999,134.43239999999878,793.6667348378255,0.40334224583273875,0.5966577541672612,PREDICT,
Sc-39,21,18,39,LIGHT_A_LT_40,8013.4575,8037.414595209807,23.95709520980654,23.95709520980654,8036.327516666666,8076.463066666666,40.13554999999997,511.01967841925375,0.9729148213207326,0.027085178679267394,PREDICT,
Sc-40,21,19,40,MEDIUM_40_TO_99,8173.6697,8177.284183629155,3.6144836291550746,3.6144836291550746,8176.7234499999995,8225.696783333331,48.97333333333154,129.1848213446385,0.9885502253779942,0.011449774622005894,PREDICT,
Sc-41,21,20,41,MEDIUM_40_TO_99,8369.1979,8339.977310090799,-29.2205899092005,29.2205899092005,8338.865833333333,8435.93995,97.07411666666667,129.1848213446385,0.9885502253779942,0.011449774622005894,PREDICT,
Sc-42,21,21,42,MEDIUM_40_TO_99,8444.9303,8425.779200215246,-19.15109978475448,19.15109978475448,8425.196549999997,8476.084033333333,50.887483333335695,129.1848213446385,0.9885502253779942,0.011449774622005894,PREDICT,
Sc-43,21,22,43,MEDIUM_40_TO_99,8530.8265,8546.373557579733,15.547057579733519,15.547057579733519,8545.66705,8607.371983333334,61.70493333333434,129.1848213446385,0.9885502253779942,0.011449774622005894,PREDICT,
Sc-44,21,23,44,MEDIUM_40_TO_99,8557.3805,8573.274711769029,15.894211769029425,15.894211769029425,8572.987966666667,8598.031700000001,25.043733333333876,129.1848213446385,0.9885502253779942,0.011449774622005894,PREDICT,
Sc-45,21,24,45,MEDIUM_40_TO_99,8618.941,8622.078144307334,3.137144307333074,3.137144307333074,8621.368466666667,8683.350266666665,61.98179999999775,129.1848213446385,0.9885502253779942,0.011449774622005894,PREDICT,
Sc-46,21,25,46,MEDIUM_40_TO_99,8622.0215,8629.74844445809,7.726944458088838,7.726944458088838,8629.325966666665,8666.224316666667,36.8983500000013,129.1848213446385,0.9885502253779942,0.011449774622005894,PREDICT,
Sc-47,21,26,47,MEDIUM_40_TO_99,8665.0958,8682.593037796474,17.49723779647502,17.49723779647502,8682.1397,8721.7333,39.59360000000015,129.1848213446385,0.9885502253779942,0.011449774622005894,PREDICT,
Sc-48,21,27,48,MEDIUM_40_TO_99,8656.2097,8655.481833165004,-0.7278668349954387,0.7278668349954387,8654.989133333334,8698.020533333332,43.03139999999803,129.1848213446385,0.9885502253779942,0.011449774622005894,PREDICT,
Sc-49,21,28,49,MEDIUM_40_TO_99,8686.2805,8657.19413348556,-29.08636651444067,29.08636651444067,8656.24915,8738.782083333334,82.53293333333386,129.1848213446385,0.9885502253779942,0.011449774622005894,PREDICT,
Sc-50,21,29,50,MEDIUM_40_TO_99,8633.4747,8623.410141178732,-10.064558821268292,10.064558821268292,8622.780633333332,8677.760566666668,54.979933333335794,129.1848213446385,0.9885502253779942,0.011449774622005894,PREDICT,
Sc-51,21,30,51,MEDIUM_40_TO_99,8597.2213,8619.984160022139,22.762860022139648,22.762860022139648,8619.664466666667,8647.585833333333,27.921366666665563,129.1848213446385,0.9885502253779942,0.011449774622005894,PREDICT,
Sc-52,21,31,52,MEDIUM_40_TO_99,8534.6695,8544.308990467509,9.63949046750895,9.63949046750895,8543.892833333335,8580.239150000001,36.3463166666661,129.1848213446385,0.9885502253779942,0.011449774622005894,PREDICT,
Sc-53,21,32,53,MEDIUM_40_TO_99,8492.8325,8480.37720687546,-12.455293124539821,12.455293124539821,8479.652616666666,8542.93685,63.28423333333376,129.1848213446385,0.9885502253779942,0.011449774622005894,PREDICT,
Sc-54,21,33,54,MEDIUM_40_TO_99,8404.8115,8398.046754762183,-6.764745237816896,6.764745237816896,8397.428683333335,8451.409783333333,53.98109999999724,129.1848213446385,0.9885502253779942,0.011449774622005894,PREDICT,
Sc-55,21,34,55,MEDIUM_40_TO_99,8333.3694,8338.916307010513,5.546907010513678,5.546907010513678,8338.394633333333,8383.956549999999,45.56191666666564,129.1848213446385,0.9885502253779942,0.011449774622005894,PREDICT,
Sc-56,21,35,56,MEDIUM_40_TO_99,8233.5781,8238.96838583729,5.390285837289412,5.390285837289412,8238.558483333332,8274.358533333332,35.80004999999983,129.1848213446385,0.9885502253779942,0.011449774622005894,PREDICT,
Sc-57,21,36,57,MEDIUM_40_TO_99,8158.1666,8159.122857562703,0.9562575627032857,0.9562575627032857,8158.712383333333,8194.562366666667,35.84998333333442,129.1848213446385,0.9885502253779942,0.011449774622005894,PREDICT,
Sc-58,21,37,58,MEDIUM_40_TO_99,8054.9436,8055.966333263962,1.0227332639624365,1.0227332639624365,8055.583483333334,8089.020816666665,33.43733333333148,129.1848213446385,0.9885502253779942,0.011449774622005894,PREDICT,
Sc-59,21,38,59,MEDIUM_40_TO_99,7976.4073,7979.129893777006,2.7225937770062956,2.7225937770062956,7978.716166666666,8014.850249999999,36.134083333332455,129.1848213446385,0.9885502253779942,0.011449774622005894,PREDICT,
Sc-60,21,39,60,MEDIUM_40_TO_99,7873.0,7878.533024833507,5.533024833506715,5.533024833506715,7871.471799999999,7906.540583333333,35.06878333333407,143.72541860392,0.7986464267554012,0.20135357324459882,PREDICT,
Sc-61,21,40,61,MEDIUM_40_TO_99,7794.0,7798.663790044384,4.663790044383859,4.663790044383859,7789.7036499999995,7834.203183333332,44.49953333333269,143.72541860392,0.7986464267554012,0.20135357324459882,PREDICT,
Sc-62,21,41,62,MEDIUM_40_TO_99,7688.0,7691.485028904996,3.4850289049963976,3.4850289049963976,7691.0564,7697.0,5.943599999999606,91.19384289543511,0.9278839583760213,0.07211604162397862,PREDICT,
Sc-63,21,42,63,MEDIUM_40_TO_99,7603.0,7611.5927,8.59270000000015,8.59270000000015,7611.5927,7671.0,59.40729999999985,,1.0,0.0,PREDICT,
Ti-37,22,15,37,LIGHT_A_LT_40,6926.0,7097.6111,171.61110000000008,171.61110000000008,7097.6111,6856.0,241.61110000000008,,1.0,0.0,PREDICT,
Ti-38,22,16,38,LIGHT_A_LT_40,7319.0,7328.539604483092,9.539604483092262,9.539604483092262,7472.4864,7278.0,194.48639999999978,1060.185064334669,0.25986189514069763,0.7401381048593024,PREDICT,
Ti-39,22,17,39,LIGHT_A_LT_40,7566.0,7504.396539262143,-61.60346073785695,61.60346073785695,7480.19445,7520.757216666667,40.5627666666669,793.6667348378255,0.40334224583273875,0.5966577541672612,PREDICT,
Ti-40,22,18,40,MEDIUM_40_TO_99,7865.8632,7793.249983276177,-72.61321672382292,72.61321672382292,7789.12,7809.631099999999,20.511099999998805,143.72541860392,0.7986464267554012,0.20135357324459882,PREDICT,
Ti-41,22,19,41,MEDIUM_40_TO_99,8034.3889,8031.766440048974,-2.6224599510260305,2.6224599510260305,8032.24825,7990.167949999999,42.080300000000534,129.1848213446385,0.9885502253779942,0.011449774622005894,PREDICT,
Ti-42,22,20,42,MEDIUM_40_TO_99,8259.24,8269.643516766027,10.403516766027678,10.403516766027678,8270.346083333334,8208.985349999999,61.36073333333479,129.1848213446385,0.9885502253779942,0.011449774622005894,PREDICT,
Ti-43,22,21,43,MEDIUM_40_TO_99,8352.8054,8355.20960680454,2.404206804540081,2.404206804540081,8355.541916666665,8326.518650000002,29.023266666663403,129.1848213446385,0.9885502253779942,0.011449774622005894,PREDICT,
Ti-44,22,22,44,MEDIUM_40_TO_99,8533.5215,8511.65275897178,-21.86874102822003,21.86874102822003,8512.322299999998,8453.845949999997,58.47635000000082,129.1848213446385,0.9885502253779942,0.011449774622005894,PREDICT,
Ti-45,22,23,45,MEDIUM_40_TO_99,8555.7321,8551.491178348382,-4.2409216516171,4.2409216516171,8551.766699999998,8527.703199999998,24.063500000000204,129.1848213446385,0.9885502253779942,0.011449774622005894,PREDICT,
Ti-46,22,24,46,MEDIUM_40_TO_99,8656.4623,8667.694946812151,11.23264681215187,11.23264681215187,8668.528683333334,8595.711833333333,72.81685000000107,129.1848213446385,0.9885502253779942,0.011449774622005894,PREDICT,
Ti-47,22,25,47,MEDIUM_40_TO_99,8661.2325,8667.11649937868,5.883999378680528,5.883999378680528,8667.6303,8622.756,44.87430000000131,129.1848213446385,0.9885502253779942,0.011449774622005894,PREDICT,
Ti-48,22,26,48,MEDIUM_40_TO_99,8723.0122,8736.467275723162,13.455075723162736,13.455075723162736,8737.233199999999,8670.338933333333,66.89426666666623,129.1848213446385,0.9885502253779942,0.011449774622005894,PREDICT,
Ti-49,22,27,49,MEDIUM_40_TO_99,8711.1625,8715.220712521568,4.058212521567839,4.058212521567839,8715.67285,8676.184083333334,39.48876666666729,129.1848213446385,0.9885502253779942,0.011449774622005894,PREDICT,
Ti-50,22,28,50,MEDIUM_40_TO_99,8755.7227,8733.609350418168,-22.113349581832153,22.113349581832153,8733.862,8711.796100000001,22.065899999997782,129.1848213446385,0.9885502253779942,0.011449774622005894,PREDICT,
Ti-51,22,29,51,MEDIUM_40_TO_99,8708.9912,8697.868635718407,-11.12256428159344,11.12256428159344,8698.158383333332,8672.852416666668,25.305966666663153,129.1848213446385,0.9885502253779942,0.011449774622005894,PREDICT,
Ti-52,22,30,52,MEDIUM_40_TO_99,8691.8193,8704.487444520528,12.668144520528585,12.668144520528585,8705.115983333335,8650.220683333333,54.89530000000195,129.1848213446385,0.9885502253779942,0.011449774622005894,PREDICT,
Ti-53,22,31,53,MEDIUM_40_TO_99,8631.1256,8637.4873899915,6.3617899915007,6.3617899915007,8637.963316666666,8596.39685,41.56646666666711,129.1848213446385,0.9885502253779942,0.011449774622005894,PREDICT,
Ti-54,22,32,54,MEDIUM_40_TO_99,8599.6917,8595.557601610253,-4.134098389746214,4.134098389746214,8595.953916666665,8561.340566666668,34.61334999999781,129.1848213446385,0.9885502253779942,0.011449774622005894,PREDICT,
Ti-55,22,33,55,MEDIUM_40_TO_99,8518.9696,8514.5374479962,-4.432152003801093,4.432152003801093,8514.8524,8487.345133333334,27.5072666666656,129.1848213446385,0.9885502253779942,0.011449774622005894,PREDICT,
Ti-56,22,34,56,MEDIUM_40_TO_99,8467.9495,8463.727648481798,-4.221851518203039,4.221851518203039,8464.11295,8430.461500000001,33.651449999999386,129.1848213446385,0.9885502253779942,0.011449774622005894,PREDICT,
Ti-57,22,35,57,MEDIUM_40_TO_99,8372.9008,8376.103204540395,3.2024045403959462,3.2024045403959462,8376.4588,8345.401816666668,31.056983333332028,129.1848213446385,0.9885502253779942,0.011449774622005894,PREDICT,
Ti-58,22,36,58,MEDIUM_40_TO_99,8307.629,8315.124196111707,7.495196111705809,7.495196111705809,8315.541583333334,8279.087833333335,36.45374999999876,129.1848213446385,0.9885502253779942,0.011449774622005894,PREDICT,
Ti-59,22,37,59,MEDIUM_40_TO_99,8218.0,8218.605874274286,0.6058742742861796,0.6058742742861796,8218.938933333333,8189.850233333334,29.088699999999335,129.1848213446385,0.9885502253779942,0.011449774622005894,PREDICT,
Ti-60,22,38,60,MEDIUM_40_TO_99,8152.7858,8149.118305337792,-3.6674946622079005,3.6674946622079005,8149.427749999999,8122.401483333333,27.026266666665833,129.1848213446385,0.9885502253779942,0.011449774622005894,PREDICT,
Ti-61,22,39,61,MEDIUM_40_TO_99,8058.0,8055.897694144913,-2.102305855087252,2.102305855087252,8056.1831999999995,8031.247699999998,24.93550000000141,129.1848213446385,0.9885502253779942,0.011449774622005894,PREDICT,
Ti-62,22,40,62,MEDIUM_40_TO_99,7990.0,7983.76183254707,-6.2381674529297015,6.2381674529297015,7989.3929,7961.426833333333,27.966066666666848,143.72541860392,0.7986464267554012,0.20135357324459882,PREDICT,
Ti-63,22,41,63,MEDIUM_40_TO_99,7891.0,7887.268191028752,-3.7318089712480287,3.7318089712480287,7892.0,7868.5,23.5,143.72541860392,0.7986464267554012,0.20135357324459882,PREDICT,
Ti-64,22,42,64,MEDIUM_40_TO_99,7826.0,7824.674691287045,-1.3253087129551204,1.3253087129551204,7827.2142,7792.0,35.214200000000346,91.19384289543511,0.9278839583760213,0.07211604162397862,PREDICT,
Ti-65,22,43,65,MEDIUM_40_TO_99,7726.0,7724.0,-2.0,2.0,7724.0,7709.0,15.0,,1.0,0.0,PREDICT,
V-39,23,16,39,LIGHT_A_LT_40,7031.0,7180.4871,149.48710000000028,149.48710000000028,7180.4871,7113.0,67.48710000000028,,1.0,0.0,PREDICT,
V-40,23,17,40,MEDIUM_40_TO_99,7310.0,7410.578957578251,100.57895757825099,100.57895757825099,7444.543299999999,7341.0,103.54329999999936,107.16041641826473,0.6719793321079433,0.3280206678920567,PREDICT,
V-41,23,18,41,MEDIUM_40_TO_99,7625.0,7575.743000022366,-49.25699997763422,49.25699997763422,7550.25645,7676.832549999999,126.57609999999931,143.72541860392,0.7986464267554012,0.20135357324459882,PREDICT,
V-42,23,19,42,MEDIUM_40_TO_99,7824.0,7779.7670849031465,-44.2329150968535,44.2329150968535,7756.72835,7871.147649999999,114.41929999999866,143.72541860392,0.7986464267554012,0.20135357324459882,PREDICT,
V-43,23,20,43,MEDIUM_40_TO_99,8069.5129,8068.416513881541,-1.0963861184591224,1.0963861184591224,8067.820466666666,8119.8780166666675,52.057550000001356,129.1848213446385,0.9885502253779942,0.011449774622005894,PREDICT,
V-44,23,21,44,MEDIUM_40_TO_99,8203.4567,8218.095430094845,14.638730094844504,14.638730094844504,8217.916766666665,8233.520866666666,15.604100000000471,129.1848213446385,0.9885502253779942,0.011449774622005894,PREDICT,
V-45,23,22,45,MEDIUM_40_TO_99,8380.0394,8383.912647963825,3.8732479638256336,3.8732479638256336,8383.179549999999,8447.206833333334,64.02728333333471,129.1848213446385,0.9885502253779942,0.011449774622005894,PREDICT,
V-46,23,23,46,MEDIUM_40_TO_99,8486.1423,8464.812844583348,-21.3294554166514,21.3294554166514,8464.366333333333,8503.363716666667,38.997383333333346,129.1848213446385,0.9885502253779942,0.011449774622005894,PREDICT,
V-47,23,24,47,MEDIUM_40_TO_99,8582.2348,8574.162387765437,-8.072412234563672,8.072412234563672,8573.368916666666,8642.669066666665,69.30014999999912,129.1848213446385,0.9885502253779942,0.011449774622005894,PREDICT,
V-48,23,25,48,MEDIUM_40_TO_99,8623.0686,8635.280198166502,12.211598166501062,12.211598166501062,8635.02605,8657.222833333333,22.19678333333286,129.1848213446385,0.9885502253779942,0.011449774622005894,PREDICT,
V-49,23,26,49,MEDIUM_40_TO_99,8682.9135,8701.545917082482,18.63241708248097,18.63241708248097,8701.183016666666,8732.877999999999,31.694983333332857,129.1848213446385,0.9885502253779942,0.011449774622005894,PREDICT,
V-50,23,27,50,MEDIUM_40_TO_99,8695.9032,8700.690763650611,4.787563650610537,4.787563650610537,8700.378316666667,8727.6668,27.288483333333716,129.1848213446385,0.9885502253779942,0.011449774622005894,PREDICT,
V-51,23,28,51,MEDIUM_40_TO_99,8742.0852,8726.116759755092,-15.96844024490747,15.96844024490747,8725.441683333333,8784.401483333335,58.95980000000236,129.1848213446385,0.9885502253779942,0.011449774622005894,PREDICT,
V-52,23,29,52,MEDIUM_40_TO_99,8714.569,8706.249801529502,-8.319198470497213,8.319198470497213,8705.732733333334,8750.89241666667,45.159683333335124,129.1848213446385,0.9885502253779942,0.011449774622005894,PREDICT,
V-53,23,30,53,MEDIUM_40_TO_99,8710.1425,8717.012530812071,6.870030812071491,6.870030812071491,8716.597833333331,8752.816666666666,36.21883333333426,129.1848213446385,0.9885502253779942,0.011449774622005894,PREDICT,
V-54,23,31,54,MEDIUM_40_TO_99,8662.1382,8667.506151699712,5.367951699712648,5.367951699712648,8667.169866666665,8696.540316666666,29.370450000000346,129.1848213446385,0.9885502253779942,0.011449774622005894,PREDICT,
V-55,23,32,55,MEDIUM_40_TO_99,8637.3391,8639.677492130068,2.338392130068314,2.338392130068314,8639.244700000003,8677.043883333332,37.79918333332898,129.1848213446385,0.9885502253779942,0.011449774622005894,PREDICT,
V-56,23,33,56,MEDIUM_40_TO_99,8574.7006,8574.3071290642,-0.39347093579999637,0.39347093579999637,8573.955450000001,8604.670383333334,30.714933333332738,129.1848213446385,0.9885502253779942,0.011449774622005894,PREDICT,
V-57,23,34,57,MEDIUM_40_TO_99,8535.1967,8531.041593778258,-4.155106221742244,4.155106221742244,8530.564300000002,8572.250166666665,41.68586666666306,129.1848213446385,0.9885502253779942,0.011449774622005894,PREDICT,
V-58,23,35,58,MEDIUM_40_TO_99,8458.156,8457.047406829335,-1.1085931706656993,1.1085931706656993,8456.734683333334,8484.047316666667,27.312633333332997,129.1848213446385,0.9885502253779942,0.011449774622005894,PREDICT,
V-59,23,36,59,MEDIUM_40_TO_99,8403.8034,8409.810703875686,6.007303875685466,6.007303875685466,8409.472266666668,8439.03068333333,29.558416666663106,129.1848213446385,0.9885502253779942,0.011449774622005894,PREDICT,
V-60,23,37,60,MEDIUM_40_TO_99,8322.8751,8327.621259096453,4.746159096453994,4.746159096453994,8327.324900000001,8353.208299999998,25.883399999996982,129.1848213446385,0.9885502253779942,0.011449774622005894,PREDICT,
V-61,23,38,61,MEDIUM_40_TO_99,8271.0417,8270.770929948927,-0.2707700510727591,0.2707700510727591,8270.35675,8306.530383333331,36.173633333330145,129.1848213446385,0.9885502253779942,0.011449774622005894,PREDICT,
V-62,23,39,62,MEDIUM_40_TO_99,8187.7565,8186.924550953812,-0.8319490461881287,0.8319490461881287,8186.557399999998,8218.623616666666,32.06621666666797,129.1848213446385,0.9885502253779942,0.011449774622005894,PREDICT,
V-63,23,40,63,MEDIUM_40_TO_99,8130.7809,8129.616916489455,-1.1639835105443126,1.1639835105443126,8129.227233333333,8163.261366666666,34.03413333333265,129.1848213446385,0.9885502253779942,0.011449774622005894,PREDICT,
V-64,23,41,64,MEDIUM_40_TO_99,8045.0,8046.614541474415,1.6145414744150912,1.6145414744150912,8040.87825,8069.366899999999,28.488649999999325,143.72541860392,0.7986464267554012,0.20135357324459882,PREDICT,
V-65,23,42,65,MEDIUM_40_TO_99,7981.0,7987.027001205258,6.027001205257875,6.027001205257875,7979.89045,8015.333333333333,35.44288333333316,143.72541860392,0.7986464267554012,0.20135357324459882,PREDICT,
V-66,23,43,66,MEDIUM_40_TO_99,7894.0,7902.261997764676,8.26199776467638,8.26199776467638,7902.2435,7902.5,0.25650000000041473,91.19384289543511,0.9278839583760213,0.07211604162397862,PREDICT,
V-67,23,44,67,MEDIUM_40_TO_99,7829.0,7831.2191,2.219100000000253,2.219100000000253,7831.2191,7897.0,65.78089999999975,,1.0,0.0,PREDICT,
Cr-41,24,17,41,MEDIUM_40_TO_99,7116.0,7272.2714,156.27139999999963,156.27139999999963,7272.2714,7054.0,218.27139999999963,,1.0,0.0,PREDICT,
Cr-43,24,19,43,MEDIUM_40_TO_99,7680.0,7607.885620880914,-72.11437911908615,72.11437911908615,7601.8643,7631.768516666665,29.90421666666498,143.72541860392,0.7986464267554012,0.20135357324459882,PREDICT,
Cr-44,24,20,44,MEDIUM_40_TO_99,7949.6265,7884.084424266384,-65.542075733616,65.542075733616,7879.91165,7900.635266666666,20.723616666666203,143.72541860392,0.7986464267554012,0.20135357324459882,PREDICT,
Cr-45,24,21,45,MEDIUM_40_TO_99,8087.7286,8102.715834798119,14.987234798119061,14.987234798119061,8103.258183333333,8055.890566666667,47.367616666666436,129.1848213446385,0.9885502253779942,0.011449774622005894,PREDICT,
Cr-46,24,22,46,MEDIUM_40_TO_99,8303.8233,8320.939704676624,17.11640467662437,17.11640467662437,8321.751400000001,8250.859583333333,70.89181666666809,129.1848213446385,0.9885502253779942,0.011449774622005894,PREDICT,
Cr-47,24,23,47,MEDIUM_40_TO_99,8407.2067,8401.83805270655,-5.368647293451431,5.368647293451431,8402.005483333334,8387.382433333332,14.623050000001967,129.1848213446385,0.9885502253779942,0.011449774622005894,PREDICT,
Cr-48,24,24,48,MEDIUM_40_TO_99,8572.2553,8548.54638377665,-23.70891622335148,23.70891622335148,8548.957883333334,8513.018349999998,35.93953333333593,129.1848213446385,0.9885502253779942,0.011449774622005894,PREDICT,
Cr-49,24,25,49,MEDIUM_40_TO_99,8613.2777,8604.566049231593,-8.711650768407708,8.711650768407708,8604.809516666666,8583.545566666666,21.263950000000477,129.1848213446385,0.9885502253779942,0.011449774622005894,PREDICT,
Cr-50,24,26,50,MEDIUM_40_TO_99,8701.0188,8717.815166019634,16.79636601963466,16.79636601963466,8718.534850000002,8655.679116666666,62.85573333333559,129.1848213446385,0.9885502253779942,0.011449774622005894,PREDICT,
Cr-51,24,27,51,MEDIUM_40_TO_99,8711.9923,8725.325353935315,13.333053935315547,13.333053935315547,8725.801516666668,8684.214433333334,41.587083333333794,129.1848213446385,0.9885502253779942,0.011449774622005894,PREDICT,
Cr-52,24,28,52,MEDIUM_40_TO_99,8775.9946,8769.67537614422,-6.319223855780365,6.319223855780365,8770.071299999998,8735.492116666666,34.57918333333146,129.1848213446385,0.9885502253779942,0.011449774622005894,PREDICT,
Cr-53,24,29,53,MEDIUM_40_TO_99,8760.2103,8749.563777464033,-10.64652253596796,10.64652253596796,8749.839416666668,8725.76565,24.073766666668234,129.1848213446385,0.9885502253779942,0.011449774622005894,PREDICT,
Cr-54,24,30,54,MEDIUM_40_TO_99,8777.9672,8774.888474707217,-3.07872529278211,3.07872529278211,8775.334083333331,8736.415533333333,38.918549999998504,129.1848213446385,0.9885502253779942,0.011449774622005894,PREDICT,
Cr-55,24,31,55,MEDIUM_40_TO_99,8731.9362,8735.234277248648,3.298077248648042,3.298077248648042,8735.641433333332,8700.081250000001,35.560183333331224,129.1848213446385,0.9885502253779942,0.011449774622005894,PREDICT,
Cr-56,24,32,56,MEDIUM_40_TO_99,8723.2609,8728.10326605062,4.842366050621422,4.842366050621422,8728.613566666667,8684.044949999998,44.568616666669186,129.1848213446385,0.9885502253779942,0.011449774622005894,PREDICT,
Cr-57,24,33,57,MEDIUM_40_TO_99,8663.3998,8663.301866512933,-0.09793348706625693,0.09793348706625693,8663.626516666667,8635.272233333333,28.354283333334024,129.1848213446385,0.9885502253779942,0.011449774622005894,PREDICT,
Cr-58,24,34,58,MEDIUM_40_TO_99,8643.9987,8641.01013635184,-2.98856364815947,2.98856364815947,8641.406616666665,8606.778833333334,34.627783333331536,129.1848213446385,0.9885502253779942,0.011449774622005894,PREDICT,
Cr-59,24,35,59,MEDIUM_40_TO_99,8568.5995,8568.856939357334,0.2574393573340785,0.2574393573340785,8569.136133333332,8544.7519,24.384233333332304,129.1848213446385,0.9885502253779942,0.011449774622005894,PREDICT,
Cr-60,24,36,60,MEDIUM_40_TO_99,8540.1876,8542.646014440641,2.458414440641718,2.458414440641718,8543.11995,8501.727383333335,41.392566666665516,129.1848213446385,0.9885502253779942,0.011449774622005894,PREDICT,
Cr-61,24,37,61,MEDIUM_40_TO_99,8460.1734,8463.50232205786,3.3289220578608365,3.3289220578608365,8463.85956666667,8432.65855,31.201016666669602,129.1848213446385,0.9885502253779942,0.011449774622005894,PREDICT,
Cr-62,24,38,62,MEDIUM_40_TO_99,8427.3871,8426.740318106658,-0.6467818933415401,0.6467818933415401,8427.167016666666,8389.900033333333,37.26698333333297,129.1848213446385,0.9885502253779942,0.011449774622005894,PREDICT,
Cr-63,24,39,63,MEDIUM_40_TO_99,8347.5398,8343.860334439405,-3.6794655605954176,3.6794655605954176,8344.18235,8316.058166666666,28.12418333333335,129.1848213446385,0.9885502253779942,0.011449774622005894,PREDICT,
Cr-64,24,40,64,MEDIUM_40_TO_99,8303.5626,8302.176121441411,-1.386478558588351,1.386478558588351,8302.560133333332,8269.021316666665,33.53881666666712,129.1848213446385,0.9885502253779942,0.011449774622005894,PREDICT,
Cr-65,24,41,65,MEDIUM_40_TO_99,8218.0,8217.562417355304,-0.43758264469579444,0.43758264469579444,8217.830966666665,8194.376416666666,23.454549999998562,129.1848213446385,0.9885502253779942,0.011449774622005894,PREDICT,
Cr-66,24,42,66,MEDIUM_40_TO_99,8168.0,8167.423426822654,-0.5765731773462903,0.5765731773462903,8167.810549999999,8133.999999999999,33.81055000000015,129.1848213446385,0.9885502253779942,0.011449774622005894,PREDICT,
Cr-67,24,43,67,MEDIUM_40_TO_99,8079.0,8074.137339246367,-4.862660753632554,4.862660753632554,8078.5,8056.833333333332,21.66666666666788,143.72541860392,0.7986464267554012,0.20135357324459882,PREDICT,
Cr-68,24,44,68,MEDIUM_40_TO_99,8026.0,8014.092035398231,-11.907964601768981,11.907964601768981,8026.0,7992.0,34.0,108.97677306661497,0.6497657470067674,0.3502342529932327,PREDICT,
Cr-69,24,45,69,MEDIUM_40_TO_99,7939.0,7940.0,1.0,1.0,7940.0,7933.0,7.0,,1.0,0.0,PREDICT,
Cr-70,24,46,70,MEDIUM_40_TO_99,7884.0,7884.0,0.0,0.0,7884.0,7865.0,19.0,,1.0,0.0,PREDICT,
Mn-43,25,18,43,MEDIUM_40_TO_99,7213.0,7358.6883,145.6882999999998,145.6882999999998,7358.6883,7287.0,71.6882999999998,,1.0,0.0,PREDICT,
Mn-44,25,19,44,MEDIUM_40_TO_99,7457.0,7535.509484098366,78.50948409836565,78.50948409836565,7557.9686,7489.5,68.46860000000015,107.16041641826473,0.6719793321079433,0.3280206678920567,PREDICT,
Mn-45,25,20,45,MEDIUM_40_TO_99,7747.0,7697.649046629745,-49.35095337025541,49.35095337025541,7674.15585,7790.832183333333,116.67633333333288,143.72541860392,0.7986464267554012,0.20135357324459882,PREDICT,
Mn-46,25,21,46,MEDIUM_40_TO_99,7916.0805,7883.0092737936575,-33.071226206342544,33.071226206342544,7865.5962,7952.076283333332,86.480083333332,143.72541860392,0.7986464267554012,0.20135357324459882,PREDICT,
Mn-47,25,22,47,MEDIUM_40_TO_99,8135.3117,8150.503489144578,15.191789144578252,15.191789144578252,8150.149966666667,8181.0259,30.875933333332796,129.1848213446385,0.9885502253779942,0.011449774622005894,PREDICT,
Mn-48,25,23,48,MEDIUM_40_TO_99,8274.1924,8278.16874749969,3.976347499690746,3.976347499690746,8277.940416666666,8297.882366666669,19.94195000000218,129.1848213446385,0.9885502253779942,0.011449774622005894,PREDICT,
Mn-49,25,24,49,MEDIUM_40_TO_99,8439.915,8433.156350568186,-6.758649431814774,6.758649431814774,8432.517966666668,8488.273116666667,55.75514999999905,129.1848213446385,0.9885502253779942,0.011449774622005894,PREDICT,
Mn-50,25,25,50,MEDIUM_40_TO_99,8532.6823,8521.14839743714,-11.533902562860021,11.533902562860021,8520.724516666665,8557.7454,37.020883333334496,129.1848213446385,0.9885502253779942,0.011449774622005894,PREDICT,
Mn-51,25,26,51,MEDIUM_40_TO_99,8633.7602,8633.21936783018,-0.5408321698214422,0.5408321698214422,8632.6738,8680.322583333333,47.648783333332176,129.1848213446385,0.9885502253779942,0.011449774622005894,PREDICT,
Mn-52,25,27,52,MEDIUM_40_TO_99,8670.4087,8678.55733265492,8.14863265492022,8.14863265492022,8678.351366666666,8696.340016666669,17.988650000002963,129.1848213446385,0.9885502253779942,0.011449774622005894,PREDICT,
Mn-53,25,28,53,MEDIUM_40_TO_99,8734.1798,8736.83682488572,2.6570248857206025,2.6570248857206025,8736.418333333331,8772.968533333333,36.550200000001496,129.1848213446385,0.9885502253779942,0.011449774622005894,PREDICT,
Mn-54,25,29,54,MEDIUM_40_TO_99,8737.9768,8734.680207604271,-3.2965923957290215,3.2965923957290215,8734.275316666666,8769.63766666667,35.36235000000306,129.1848213446385,0.9885502253779942,0.011449774622005894,PREDICT,
Mn-55,25,30,55,MEDIUM_40_TO_99,8765.0247,8761.96410042015,-3.060599579850532,3.060599579850532,8761.482499999998,8803.544499999998,42.0619999999999,129.1848213446385,0.9885502253779942,0.011449774622005894,PREDICT,
Mn-56,25,31,56,MEDIUM_40_TO_99,8738.3358,8740.309356047403,1.9735560474018712,1.9735560474018712,8739.989083333334,8767.961050000002,27.971966666667868,129.1848213446385,0.9885502253779942,0.011449774622005894,PREDICT,
Mn-57,25,32,57,MEDIUM_40_TO_99,8736.7146,8742.175234693332,5.460634693332395,5.460634693332395,8741.78215,8776.113366666665,34.33121666666557,129.1848213446385,0.9885502253779942,0.011449774622005894,PREDICT,
Mn-58,25,33,58,MEDIUM_40_TO_99,8696.6438,8698.545938082127,1.9021380821268394,1.9021380821268394,8698.237166666666,8725.204633333333,26.96746666666695,129.1848213446385,0.9885502253779942,0.011449774622005894,PREDICT,
Mn-59,25,34,59,MEDIUM_40_TO_99,8680.9224,8679.182141295929,-1.740258704070584,1.740258704070584,8678.732416666666,8718.01045,39.27803333333395,129.1848213446385,0.9885502253779942,0.011449774622005894,PREDICT,
Mn-60,25,35,60,MEDIUM_40_TO_99,8628.1392,8627.747456305728,-0.3917436942720087,0.3917436942720087,8627.47045,8651.663616666665,24.193166666664183,129.1848213446385,0.9885502253779942,0.011449774622005894,PREDICT,
Mn-61,25,36,61,MEDIUM_40_TO_99,8598.9157,8601.506056842849,2.59035684284936,2.59035684284936,8601.116800000002,8635.113699999998,33.99689999999646,129.1848213446385,0.9885502253779942,0.011449774622005894,PREDICT,
Mn-62,25,37,62,MEDIUM_40_TO_99,8538.5002,8539.221135861504,0.7209358615036763,0.7209358615036763,8538.964066666667,8561.415966666666,22.451899999998204,129.1848213446385,0.9885502253779942,0.011449774622005894,PREDICT,
Mn-63,25,38,63,MEDIUM_40_TO_99,8505.102,8506.449760262021,1.347760262020529,1.347760262020529,8506.0782,8538.529516666666,32.45131666666566,129.1848213446385,0.9885502253779942,0.011449774622005894,PREDICT,
Mn-64,25,39,64,MEDIUM_40_TO_99,8437.4175,8440.938949417425,3.521449417425174,3.521449417425174,8440.676000000001,8463.641466666666,22.965466666664724,129.1848213446385,0.9885502253779942,0.011449774622005894,PREDICT,
Mn-65,25,40,65,MEDIUM_40_TO_99,8400.6822,8398.793479699198,-1.8887203008016513,1.8887203008016513,8398.415383333333,8431.437550000002,33.022166666669364,129.1848213446385,0.9885502253779942,0.011449774622005894,PREDICT,
Mn-66,25,41,66,MEDIUM_40_TO_99,8331.7986,8327.46869967266,-4.329900327340511,4.329900327340511,8327.194966666666,8351.10225,23.907283333333908,129.1848213446385,0.9885502253779942,0.011449774622005894,PREDICT,
Mn-67,25,42,67,MEDIUM_40_TO_99,8281.0,8281.614563598232,0.6145635982320528,0.6145635982320528,8281.271133333332,8311.265633333333,29.9945000000007,129.1848213446385,0.9885502253779942,0.011449774622005894,PREDICT,
Mn-68,25,43,68,MEDIUM_40_TO_99,8209.0,8211.981302587948,2.9813025879484485,2.9813025879484485,8211.796150000002,8227.966999999999,16.17084999999679,129.1848213446385,0.9885502253779942,0.011449774622005894,PREDICT,
Mn-69,25,44,69,MEDIUM_40_TO_99,8155.0,8158.358194376882,3.3581943768822384,3.3581943768822384,8158.052966666667,8184.710933333332,26.657966666664834,129.1848213446385,0.9885502253779942,0.011449774622005894,PREDICT,
Mn-70,25,45,70,MEDIUM_40_TO_99,8084.0,8083.751171264967,-0.24882873503338487,0.24882873503338487,8082.0,8087.0,5.0,108.97677306661497,0.6497657470067674,0.3502342529932327,PREDICT,
Mn-71,25,46,71,MEDIUM_40_TO_99,8030.0,8030.078396668403,0.07839666840300197,0.07839666840300197,8025.0,8039.5,14.5,108.97677306661497,0.6497657470067674,0.3502342529932327,PREDICT,
Mn-72,25,47,72,MEDIUM_40_TO_99,7955.0,7959.0,4.0,4.0,7959.0,8003.0,44.0,,1.0,0.0,PREDICT,
Mn-73,25,48,73,MEDIUM_40_TO_99,7895.0,7905.0,10.0,10.0,7905.0,7955.0,50.0,,1.0,0.0,PREDICT,
Fe-45,26,19,45,MEDIUM_40_TO_99,7299.0,7418.6879,119.6878999999999,119.6878999999999,7418.6879,7234.0,184.6878999999999,,1.0,0.0,PREDICT,
Fe-46,26,20,46,MEDIUM_40_TO_99,7603.0,7667.811779243471,64.81177924347139,64.81177924347139,7691.424000000001,7564.395583333332,127.02841666666882,142.35313038987033,0.8141185934916428,0.18588140650835713,PREDICT,
Fe-47,26,21,47,MEDIUM_40_TO_99,7790.0,7734.3729676814255,-55.62703231857449,55.62703231857449,7730.15605,7751.098899999999,20.942849999999453,143.72541860392,0.7986464267554012,0.20135357324459882,PREDICT,
Fe-48,26,22,48,MEDIUM_40_TO_99,8022.7254,7979.330328361475,-43.39507163852522,43.39507163852522,7978.5134,7982.570583333334,4.057183333334251,143.72541860392,0.7986464267554012,0.20135357324459882,PREDICT,
Fe-49,26,23,49,MEDIUM_40_TO_99,8161.3121,8175.255849689085,13.943749689085053,13.943749689085053,8175.698716666666,8137.0196166666665,38.67909999999938,129.1848213446385,0.9885502253779942,0.011449774622005894,PREDICT,
Fe-50,26,24,50,MEDIUM_40_TO_99,8354.0268,8364.393331456404,10.366531456404118,10.366531456404118,8364.991433333333,8312.754433333334,52.23699999999917,129.1848213446385,0.9885502253779942,0.011449774622005894,PREDICT,
Fe-51,26,25,51,MEDIUM_40_TO_99,8460.4977,8450.447548854825,-10.050151145174823,10.050151145174823,8450.640716666665,8433.769833333336,16.870883333329402,129.1848213446385,0.9885502253779942,0.011449774622005894,PREDICT,
Fe-52,26,26,52,MEDIUM_40_TO_99,8609.6079,8591.05149021862,-18.556409781380353,18.556409781380353,8591.427316666664,8558.603400000002,32.823916666662626,129.1848213446385,0.9885502253779942,0.011449774622005894,PREDICT,
Fe-53,26,27,53,MEDIUM_40_TO_99,8648.7985,8649.183057298871,0.384557298870277,0.384557298870277,8649.4647,8624.866600000001,24.59809999999925,129.1848213446385,0.9885502253779942,0.011449774622005894,PREDICT,
Fe-54,26,28,54,MEDIUM_40_TO_99,8736.3846,8741.772045546883,5.3874455468831,5.3874455468831,8742.262766666667,8699.404183333332,42.858583333334536,129.1848213446385,0.9885502253779942,0.011449774622005894,PREDICT,
Fe-55,26,29,55,MEDIUM_40_TO_99,8746.5981,8743.20176526533,-3.396334734668926,3.396334734668926,8743.508883333334,8716.685816666666,26.823066666667728,129.1848213446385,0.9885502253779942,0.011449774622005894,PREDICT,
Fe-56,26,30,56,MEDIUM_40_TO_99,8790.3563,8791.073295876016,0.7169958760168811,0.7169958760168811,8791.515033333331,8752.934583333335,38.580449999995835,129.1848213446385,0.9885502253779942,0.011449774622005894,PREDICT,
Fe-57,26,31,57,MEDIUM_40_TO_99,8770.2829,8775.082304232466,4.799404232466259,4.799404232466259,8775.487283333334,8740.117233333334,35.37004999999954,129.1848213446385,0.9885502253779942,0.011449774622005894,PREDICT,
Fe-58,26,32,58,MEDIUM_40_TO_99,8792.2534,8792.136378986861,-0.11702101313858293,0.11702101313858293,8792.595516666668,8752.495366666666,40.10015000000203,129.1848213446385,0.9885502253779942,0.011449774622005894,PREDICT,
Fe-59,26,33,59,MEDIUM_40_TO_99,8754.7746,8752.679848466327,-2.0947515336738434,2.0947515336738434,8753.009666666667,8724.204016666667,28.80565000000024,129.1848213446385,0.9885502253779942,0.011449774622005894,PREDICT,
Fe-60,26,34,60,MEDIUM_40_TO_99,8755.8539,8755.864941204174,0.011041204174034647,0.011041204174034647,8756.30015,8718.2899,38.01024999999936,129.1848213446385,0.9885502253779942,0.011449774622005894,PREDICT,
Fe-61,26,35,61,MEDIUM_40_TO_99,8703.7686,8704.467217305295,0.6986173052955564,0.6986173052955564,8704.778016666669,8677.633433333333,27.144583333336413,129.1848213446385,0.9885502253779942,0.011449774622005894,PREDICT,
Fe-62,26,36,62,MEDIUM_40_TO_99,8692.8831,8692.765137002107,-0.11796299789239129,0.11796299789239129,8693.165483333334,8658.20005,34.96543333333466,129.1848213446385,0.9885502253779942,0.011449774622005894,PREDICT,
Fe-63,26,37,63,MEDIUM_40_TO_99,8631.5499,8632.36564016732,0.8157401673197455,0.8157401673197455,8632.625316666665,8609.9457,22.679616666664515,129.1848213446385,0.9885502253779942,0.011449774622005894,PREDICT,
Fe-64,26,38,64,MEDIUM_40_TO_99,8612.3888,8613.707697436677,1.318897436676707,1.318897436676707,8614.096083333334,8580.17525,33.920833333333576,129.1848213446385,0.9885502253779942,0.011449774622005894,PREDICT,
Fe-65,26,39,65,MEDIUM_40_TO_99,8546.347,8545.915195091953,-0.4318049080466153,0.4318049080466153,8546.195766666668,8521.691216666668,24.504549999999654,129.1848213446385,0.9885502253779942,0.011449774622005894,PREDICT,
Fe-66,26,40,66,MEDIUM_40_TO_99,8521.7245,8519.774241063793,-1.9502589362073195,1.9502589362073195,8520.112016666666,8490.611383333333,29.5006333333331,129.1848213446385,0.9885502253779942,0.011449774622005894,PREDICT,
Fe-67,26,41,67,MEDIUM_40_TO_99,8449.9359,8449.554029217534,-0.38187078246664896,0.38187078246664896,8449.806350000003,8427.769166666667,22.037183333335634,129.1848213446385,0.9885502253779942,0.011449774622005894,PREDICT,
Fe-68,26,42,68,MEDIUM_40_TO_99,8418.0,8418.244853968663,0.2448539686629374,0.2448539686629374,8418.584866666666,8388.88885,29.696016666666765,129.1848213446385,0.9885502253779942,0.011449774622005894,PREDICT,
Fe-69,26,43,69,MEDIUM_40_TO_99,8345.0,8345.167077332042,0.16707733204202668,0.16707733204202668,8345.399433333334,8325.105933333334,20.293499999999767,129.1848213446385,0.9885502253779942,0.011449774622005894,PREDICT,
Fe-70,26,44,70,MEDIUM_40_TO_99,8308.0,8308.69183295897,0.691832958969826,0.691832958969826,8309.045916666666,8278.120966666667,30.924949999998717,129.1848213446385,0.9885502253779942,0.011449774622005894,PREDICT,
Fe-71,26,45,71,MEDIUM_40_TO_99,8235.0,8236.102203151537,1.1022031515367416,1.1022031515367416,8236.344016666666,8215.224516666667,21.11949999999888,129.1848213446385,0.9885502253779942,0.011449774622005894,PREDICT,
Fe-72,26,46,72,MEDIUM_40_TO_99,8195.0,8195.520372826997,0.520372826997118,0.520372826997118,8195.833333333332,8168.5,27.33333333333212,129.1848213446385,0.9885502253779942,0.011449774622005894,PREDICT,
Fe-73,26,47,73,MEDIUM_40_TO_99,8121.0,8109.020666319626,-11.979333680374111,11.979333680374111,8115.5,8097.0,18.5,108.97677306661497,0.6497657470067674,0.3502342529932327,PREDICT,
Fe-74,26,48,74,MEDIUM_40_TO_99,8076.0,8060.944612181156,-15.055387818843883,15.055387818843883,8069.0,8046.0,23.0,108.97677306661497,0.6497657470067674,0.3502342529932327,PREDICT,
Fe-75,26,49,75,MEDIUM_40_TO_99,7996.0,8007.0,11.0,11.0,8007.0,7990.0,17.0,,1.0,0.0,PREDICT,
Fe-76,26,50,76,MEDIUM_40_TO_99,7943.0,7957.0,14.0,14.0,7957.0,7926.0,31.0,,1.0,0.0,PREDICT,
Co-47,27,20,47,MEDIUM_40_TO_99,7396.0,7464.687317385531,68.68731738553106,68.68731738553106,7486.7451,7419.5,67.2451000000001,107.16041641826473,0.6719793321079433,0.3280206678920567,PREDICT,
Co-48,27,21,48,MEDIUM_40_TO_99,7595.0,7657.440538051191,62.44053805119074,62.44053805119074,7675.7168,7620.0,55.71680000000015,107.16041641826473,0.6719793321079433,0.3280206678920567,PREDICT,
Co-49,27,22,49,MEDIUM_40_TO_99,7840.0,7818.35065468506,-21.649345314939637,21.649345314939637,7794.62745,7862.3627,67.73524999999972,108.97677306661497,0.6497657470067674,0.3502342529932327,PREDICT,
Co-50,27,23,50,MEDIUM_40_TO_99,8000.6387,7974.320490020558,-26.318209979442145,26.318209979442145,7960.2803,8030.009333333332,69.72903333333124,143.72541860392,0.7986464267554012,0.20135357324459882,PREDICT,
Co-51,27,24,51,MEDIUM_40_TO_99,8193.2549,8201.24689050995,7.991990509950483,7.991990509950483,8200.835133333334,8236.797166666667,35.96203333333324,129.1848213446385,0.9885502253779942,0.011449774622005894,PREDICT,
Co-52,27,25,52,MEDIUM_40_TO_99,8325.5606,8331.872209767196,6.311609767195478,6.311609767195478,8331.5993,8355.434683333333,23.835383333333084,129.1848213446385,0.9885502253779942,0.011449774622005894,PREDICT,
Co-53,27,26,53,MEDIUM_40_TO_99,8477.6578,8478.790775222373,1.132975222371897,1.132975222371897,8478.26945,8523.800933333336,45.53148333333593,129.1848213446385,0.9885502253779942,0.011449774622005894,PREDICT,
Co-54,27,27,54,MEDIUM_40_TO_99,8569.2199,8557.410079662695,-11.8098203373047,11.8098203373047,8556.9977,8593.0141,36.01640000000043,129.1848213446385,0.9885502253779942,0.011449774622005894,PREDICT,
Co-55,27,28,55,MEDIUM_40_TO_99,8669.6204,8653.50418903935,-16.116210960650278,16.116210960650278,8652.812733333334,8713.203066666665,60.390333333331,129.1848213446385,0.9885502253779942,0.011449774622005894,PREDICT,
Co-56,27,29,56,MEDIUM_40_TO_99,8694.8386,8693.789331724072,-1.0492682759268064,1.0492682759268064,8693.406233333335,8726.865266666668,33.45903333333263,129.1848213446385,0.9885502253779942,0.011449774622005894,PREDICT,
Co-57,27,30,57,MEDIUM_40_TO_99,8741.8845,8753.120503706235,11.236003706235351,11.236003706235351,8752.804066666666,8780.441033333333,27.636966666666922,129.1848213446385,0.9885502253779942,0.011449774622005894,PREDICT,
Co-58,27,31,58,MEDIUM_40_TO_99,8738.9719,8746.26124911689,7.289349116888843,7.289349116888843,8745.979433333332,8770.59265,24.61321666666845,129.1848213446385,0.9885502253779942,0.011449774622005894,PREDICT,
Co-59,27,32,59,MEDIUM_40_TO_99,8768.0379,8767.902835621406,-0.1350643785935972,0.1350643785935972,8767.454066666665,8806.64863333333,39.194566666665196,129.1848213446385,0.9885502253779942,0.011449774622005894,PREDICT,
Co-60,27,33,60,MEDIUM_40_TO_99,8746.7692,8745.513729647142,-1.2554703528585378,1.2554703528585378,8745.14425,8777.41385,32.26960000000145,129.1848213446385,0.9885502253779942,0.011449774622005894,PREDICT,
Co-61,27,34,61,MEDIUM_40_TO_99,8756.151,8757.855981979917,1.7049819799176475,1.7049819799176475,8757.428516666667,8794.762466666667,37.333950000000186,129.1848213446385,0.9885502253779942,0.011449774622005894,PREDICT,
Co-62,27,35,62,MEDIUM_40_TO_99,8721.3347,8724.342764335393,3.0080643353940104,3.0080643353940104,8724.042033333331,8750.307266666667,26.265233333335345,129.1848213446385,0.9885502253779942,0.011449774622005894,PREDICT,
Co-63,27,36,63,MEDIUM_40_TO_99,8717.7972,8717.486088950509,-0.3111110494919558,0.3111110494919558,8717.060516666665,8754.229133333334,37.16861666666955,129.1848213446385,0.9885502253779942,0.011449774622005894,PREDICT,
Co-64,27,37,64,MEDIUM_40_TO_99,8675.5223,8674.004581178731,-1.5177188212692272,1.5177188212692272,8673.70118333333,8700.199333333334,26.49815000000308,129.1848213446385,0.9885502253779942,0.011449774622005894,PREDICT,
Co-65,27,38,65,MEDIUM_40_TO_99,8656.8848,8658.18355760771,1.2987576077102858,1.2987576077102858,8657.766733333334,8694.171316666667,36.404583333332994,129.1848213446385,0.9885502253779942,0.011449774622005894,PREDICT,
Co-66,27,39,66,MEDIUM_40_TO_99,8605.9419,8604.898300617946,-1.0435993820537988,1.0435993820537988,8604.512816666665,8638.1802,33.66738333333524,129.1848213446385,0.9885502253779942,0.011449774622005894,PREDICT,
Co-67,27,40,67,MEDIUM_40_TO_99,8581.7422,8582.540960494734,0.7987604947338696,0.7987604947338696,8582.105399999997,8620.146366666668,38.04096666667101,129.1848213446385,0.9885502253779942,0.011449774622005894,PREDICT,
Co-68,27,41,68,MEDIUM_40_TO_99,8520.1301,8524.823836086296,4.693736086295758,4.693736086295758,8524.506216666667,8552.246449999999,27.74023333333207,129.1848213446385,0.9885502253779942,0.011449774622005894,PREDICT,
Co-69,27,42,69,MEDIUM_40_TO_99,8495.4062,8494.237908066358,-1.1682919336417399,1.1682919336417399,8493.836933333334,8528.857250000001,35.020316666666986,129.1848213446385,0.9885502253779942,0.011449774622005894,PREDICT,
Co-70,27,43,70,MEDIUM_40_TO_99,8434.198,8431.586580494766,-2.611419505234153,2.611419505234153,8431.263083333335,8459.516666666666,28.253583333331335,129.1848213446385,0.9885502253779942,0.011449774622005894,PREDICT,
Co-71,27,44,71,MEDIUM_40_TO_99,8398.7344,8402.154196518126,3.4197965181265317,3.4197965181265317,8401.813766666666,8431.546216666664,29.732449999997698,129.1848213446385,0.9885502253779942,0.011449774622005894,PREDICT,
Co-72,27,45,72,MEDIUM_40_TO_99,8338.0,8340.51244107857,2.512441078570191,2.512441078570191,8340.276983333333,8360.841383333334,20.564400000001115,129.1848213446385,0.9885502253779942,0.011449774622005894,PREDICT,
Co-73,27,46,73,MEDIUM_40_TO_99,8302.0,8301.26804290734,-0.731957092659286,0.731957092659286,8300.921900000001,8331.153316666667,30.23141666666561,129.1848213446385,0.9885502253779942,0.011449774622005894,PREDICT,
Co-74,27,47,74,MEDIUM_40_TO_99,8239.0,8241.02283336863,2.0228333686300175,2.0228333686300175,8240.800333333333,8260.233033333332,19.432699999999386,129.1848213446385,0.9885502253779942,0.011449774622005894,PREDICT,
Co-75,27,48,75,MEDIUM_40_TO_99,8197.0,8198.636274828961,1.6362748289611773,1.6362748289611773,8192.0,8224.958316666667,32.95831666666709,143.72541860392,0.7986464267554012,0.20135357324459882,PREDICT,
Co-76,27,49,76,MEDIUM_40_TO_99,8131.0,8123.603748047892,-7.396251952108287,7.396251952108287,8118.0,8134.0,16.0,108.97677306661497,0.6497657470067674,0.3502342529932327,PREDICT,
Co-77,27,50,77,MEDIUM_40_TO_99,8082.0,8091.891825937563,9.891825937563226,9.891825937563226,8092.0,8090.5,1.5,91.19384289543511,0.9278839583760213,0.07211604162397862,PREDICT,
Co-78,27,51,78,MEDIUM_40_TO_99,7997.0,8023.0,26.0,26.0,8023.0,8054.0,31.0,,1.0,0.0,PREDICT,
Ni-48,28,20,48,MEDIUM_40_TO_99,7236.0,7320.1023,84.10229999999956,84.10229999999956,7320.1023,7189.0,131.10229999999956,,1.0,0.0,PREDICT,
Ni-49,28,21,49,MEDIUM_40_TO_99,7450.0,7522.9251,72.92510000000038,72.92510000000038,7522.9251,7400.0,122.92510000000038,,1.0,0.0,PREDICT,
Ni-50,28,22,50,MEDIUM_40_TO_99,7702.0,7659.948850000001,-42.051149999999325,42.051149999999325,7659.948850000001,7657.2746,2.6742500000009386,,1.0,0.0,PREDICT,
Ni-51,28,23,51,MEDIUM_40_TO_99,7870.0,7834.336649541905,-35.66335045809501,35.66335045809501,7833.53745,7835.81935,2.2818999999999505,108.97677306661497,0.6497657470067674,0.3502342529932327,PREDICT,
Ni-52,28,24,52,MEDIUM_40_TO_99,8083.8977,8083.061511265634,-0.8361887343662602,0.8361887343662602,8083.558349999999,8040.165466666665,43.392883333333884,129.1848213446385,0.9885502253779942,0.011449774622005894,PREDICT,
Ni-53,28,25,53,MEDIUM_40_TO_99,8217.0749,8224.285530011528,7.2106300115283375,7.2106300115283375,8224.725599999998,8186.290783333333,38.43481666666503,129.1848213446385,0.9885502253779942,0.011449774622005894,PREDICT,
Ni-54,28,26,54,MEDIUM_40_TO_99,8393.0328,8411.456896398091,18.424096398090114,18.424096398090114,8412.10885,8355.168549999999,56.940300000002026,129.1848213446385,0.9885502253779942,0.011449774622005894,PREDICT,
Ni-55,28,27,55,MEDIUM_40_TO_99,8497.3225,8490.67158873238,-6.650911267619449,6.650911267619449,8490.908999999998,8470.173983333332,20.735016666665615,129.1848213446385,0.9885502253779942,0.011449774622005894,PREDICT,
Ni-56,28,28,56,MEDIUM_40_TO_99,8642.7811,8605.804855767597,-36.97624423240268,36.97624423240268,8605.950833333332,8593.20145,12.749383333331934,129.1848213446385,0.9885502253779942,0.011449774622005894,PREDICT,
Ni-57,28,29,57,MEDIUM_40_TO_99,8670.9364,8658.714056810622,-12.22234318937808,12.22234318937808,8658.925299999999,8640.47575,18.449549999999363,129.1848213446385,0.9885502253779942,0.011449774622005894,PREDICT,
Ni-58,28,30,58,MEDIUM_40_TO_99,8732.0621,8750.44986857059,18.387768570590197,18.387768570590197,8751.107283333333,8693.690016666664,57.41726666666909,129.1848213446385,0.9885502253779942,0.011449774622005894,PREDICT,
Ni-59,28,31,59,MEDIUM_40_TO_99,8736.5912,8746.705178192693,10.11397819269223,10.11397819269223,8747.173333333334,8706.285616666668,40.887716666666165,129.1848213446385,0.9885502253779942,0.011449774622005894,PREDICT,
Ni-60,28,32,60,MEDIUM_40_TO_99,8780.7769,8780.610879685419,-0.16602031458205602,0.16602031458205602,8781.037599999998,8743.768716666666,37.26888333333227,129.1848213446385,0.9885502253779942,0.011449774622005894,PREDICT,
Ni-61,28,33,61,MEDIUM_40_TO_99,8765.0281,8765.194397839978,0.1662978399781423,0.1662978399781423,8765.528,8736.391866666667,29.13613333333342,129.1848213446385,0.9885502253779942,0.011449774622005894,PREDICT,
Ni-62,28,34,62,MEDIUM_40_TO_99,8794.5555,8793.14548555249,-1.410014447510548,1.410014447510548,8793.565283333333,8756.901000000002,36.664283333331696,129.1848213446385,0.9885502253779942,0.011449774622005894,PREDICT,
Ni-63,28,35,63,MEDIUM_40_TO_99,8763.4955,8761.819693900337,-1.6758060996635322,1.6758060996635322,8762.123383333332,8735.599766666666,26.523616666665475,129.1848213446385,0.9885502253779942,0.011449774622005894,PREDICT,
Ni-64,28,36,64,MEDIUM_40_TO_99,8777.4637,8778.404279985834,0.9405799858341197,0.9405799858341197,8778.835466666666,8741.176500000001,37.65896666666413,129.1848213446385,0.9885502253779942,0.011449774622005894,PREDICT,
Ni-65,28,37,65,MEDIUM_40_TO_99,8736.2424,8741.119970276772,4.877570276772531,4.877570276772531,8741.476016666667,8710.37965,31.096366666666654,129.1848213446385,0.9885502253779942,0.011449774622005894,PREDICT,
Ni-66,28,38,66,MEDIUM_40_TO_99,8739.5086,8739.703834625027,0.19523462502729672,0.19523462502729672,8740.145733333335,8701.5512,38.594533333334766,129.1848213446385,0.9885502253779942,0.011449774622005894,PREDICT,
Ni-67,28,39,67,MEDIUM_40_TO_99,8695.7505,8688.131340962944,-7.619159037056306,7.619159037056306,8688.452816666664,8660.375783333333,28.0770333333312,129.1848213446385,0.9885502253779942,0.011449774622005894,PREDICT,
Ni-68,28,40,68,MEDIUM_40_TO_99,8682.4667,8679.165363481656,-3.301336518345124,3.301336518345124,8679.587616666666,8642.708883333335,36.87873333333118,129.1848213446385,0.9885502253779942,0.011449774622005894,PREDICT,
Ni-69,28,41,69,MEDIUM_40_TO_99,8623.0998,8626.511270429444,3.4114704294443072,3.4114704294443072,8626.955383333334,8588.16746666667,38.78791666666439,129.1848213446385,0.9885502253779942,0.011449774622005894,PREDICT,
Ni-70,28,42,70,MEDIUM_40_TO_99,8604.2917,8605.935733264401,1.6440332644015143,1.6440332644015143,8606.367566666668,8568.652116666664,37.71545000000333,129.1848213446385,0.9885502253779942,0.011449774622005894,PREDICT,
Ni-71,28,43,71,MEDIUM_40_TO_99,8543.1564,8542.721432082304,-0.43496791769575793,0.43496791769575793,8543.04338333333,8514.924816666668,28.118566666662446,129.1848213446385,0.9885502253779942,0.011449774622005894,PREDICT,
Ni-72,28,44,72,MEDIUM_40_TO_99,8520.2118,8521.048821143822,0.8370211438232218,0.8370211438232218,8521.450016666668,8486.410416666666,35.03960000000188,129.1848213446385,0.9885502253779942,0.011449774622005894,PREDICT,
Ni-73,28,45,73,MEDIUM_40_TO_99,8457.6529,8458.64851794373,0.9956179437303945,0.9956179437303945,8458.920966666667,8435.12585,23.795116666666217,129.1848213446385,0.9885502253779942,0.011449774622005894,PREDICT,
Ni-74,28,46,74,MEDIUM_40_TO_99,8433.0,8431.416694497879,-1.5833055021212203,1.5833055021212203,8431.759249999997,8401.84115,29.91809999999714,129.1848213446385,0.9885502253779942,0.011449774622005894,PREDICT,
Ni-75,28,47,75,MEDIUM_40_TO_99,8369.0,8370.63049015864,1.630490158640896,1.630490158640896,8370.9092,8346.56725,24.341949999999997,129.1848213446385,0.9885502253779942,0.011449774622005894,PREDICT,
Ni-76,28,48,76,MEDIUM_40_TO_99,8338.0,8345.533104943874,7.5331049438736954,7.5331049438736954,8345.9647,8308.270066666666,37.69463333333442,129.1848213446385,0.9885502253779942,0.011449774622005894,PREDICT,
Ni-77,28,49,77,MEDIUM_40_TO_99,8272.0,8269.491224455469,-2.5087755445310904,2.5087755445310904,8269.724516666665,8249.34925,20.375266666665993,129.1848213446385,0.9885502253779942,0.011449774622005894,PREDICT,
Ni-78,28,50,78,MEDIUM_40_TO_99,8238.0,8222.493405432984,-15.506594567015782,15.506594567015782,8222.666666666666,8207.534383333335,15.132283333330633,129.1848213446385,0.9885502253779942,0.011449774622005894,PREDICT,
Ni-79,28,51,79,MEDIUM_40_TO_99,8150.0,8130.921603331599,-19.078396668401183,19.078396668401183,8136.0,8121.5,14.5,108.97677306661497,0.6497657470067674,0.3502342529932327,PREDICT,
Ni-80,28,52,80,MEDIUM_40_TO_99,8088.0,8086.5,-1.5,1.5,8086.5,8068.8825,17.61750000000029,,1.0,0.0,PREDICT,
Ni-81,28,53,81,MEDIUM_40_TO_99,8000.0,8028.0,28.0,28.0,8028.0,7990.0,38.0,,1.0,0.0,PREDICT,
Ni-82,28,54,82,MEDIUM_40_TO_99,7935.0,7938.0,3.0,3.0,7938.0,7917.0,21.0,,1.0,0.0,PREDICT,
Cu-52,29,23,52,MEDIUM_40_TO_99,7671.0,7734.0093,63.00929999999971,63.00929999999971,7734.0093,7739.3613,5.351999999999862,,1.0,0.0,PREDICT,
Cu-53,29,24,53,MEDIUM_40_TO_99,7891.0,7947.744309405181,56.74430940518141,56.74430940518141,7964.729399999998,7912.948850000001,51.780549999997675,107.16041641826473,0.6719793321079433,0.3280206678920567,PREDICT,
Cu-54,29,25,54,MEDIUM_40_TO_99,8045.0,8025.937890025971,-19.062109974029227,19.062109974029227,8013.49535,8075.289833333332,61.79448333333221,143.72541860392,0.7986464267554012,0.20135357324459882,PREDICT,
Cu-55,29,26,55,MEDIUM_40_TO_99,8233.997,8211.216297846313,-22.780702153686434,22.780702153686434,8197.132300000001,8267.0789,69.94659999999931,143.72541860392,0.7986464267554012,0.20135357324459882,PREDICT,
Cu-56,29,27,56,MEDIUM_40_TO_99,8355.9907,8354.84673886936,-1.1439611306395818,1.1439611306395818,8354.545616666666,8380.845016666666,26.299399999999878,129.1848213446385,0.9885502253779942,0.011449774622005894,PREDICT,
Cu-57,29,28,57,MEDIUM_40_TO_99,8503.2646,8483.592984611496,-19.671615388504506,19.671615388504506,8482.913999999999,8542.215133333335,59.30113333333611,129.1848213446385,0.9885502253779942,0.011449774622005894,PREDICT,
Cu-58,29,29,58,MEDIUM_40_TO_99,8570.9696,8554.32897616123,-16.640623838769898,16.640623838769898,8553.88295,8592.837966666666,38.95501666666678,129.1848213446385,0.9885502253779942,0.011449774622005894,PREDICT,
Cu-59,29,30,59,MEDIUM_40_TO_99,8642.0027,8648.512893936553,6.51019393655406,6.51019393655406,8648.163366666666,8678.690366666666,30.527000000000044,129.1848213446385,0.9885502253779942,0.011449774622005894,PREDICT,
Cu-60,29,31,60,MEDIUM_40_TO_99,8665.6047,8676.989645643427,11.384945643427272,11.384945643427272,8676.858283333335,8688.3312,11.472916666665697,129.1848213446385,0.9885502253779942,0.011449774622005894,PREDICT,
Cu-61,29,32,61,MEDIUM_40_TO_99,8715.5148,8719.697339499935,4.182539499934137,4.182539499934137,8719.368516666667,8748.087233333335,28.718716666668115,129.1848213446385,0.9885502253779942,0.011449774622005894,PREDICT,
Cu-62,29,33,62,MEDIUM_40_TO_99,8718.0839,8719.627632525582,1.5437325255825272,1.5437325255825272,8719.378433333331,8741.142983333331,21.764549999999872,129.1848213446385,0.9885502253779942,0.011449774622005894,PREDICT,
Cu-63,29,34,63,MEDIUM_40_TO_99,8752.1404,8752.19804254141,0.05764254140922276,0.05764254140922276,8751.830600000001,8783.922283333332,32.091683333330366,129.1848213446385,0.9885502253779942,0.011449774622005894,PREDICT,
Cu-64,29,35,64,MEDIUM_40_TO_99,8739.0736,8738.702613476215,-0.37098652378517727,0.37098652378517727,8738.455266666668,8760.058033333333,21.602766666665048,129.1848213446385,0.9885502253779942,0.011449774622005894,PREDICT,
Cu-65,29,36,65,MEDIUM_40_TO_99,8757.0967,8758.281538617299,1.1848386172987375,1.1848386172987375,8757.946866666665,8787.176433333332,29.22956666666687,129.1848213446385,0.9885502253779942,0.011449774622005894,PREDICT,
Cu-66,29,37,66,MEDIUM_40_TO_99,8731.473,8733.353848060904,1.8808480609040998,1.8808480609040998,8733.151699999999,8750.8069,17.65520000000106,129.1848213446385,0.9885502253779942,0.011449774622005894,PREDICT,
Cu-67,29,38,67,MEDIUM_40_TO_99,8737.4597,8737.345042307526,-0.1146576924729743,0.1146576924729743,8737.006783333332,8766.549633333334,29.542850000001636,129.1848213446385,0.9885502253779942,0.011449774622005894,PREDICT,
Cu-68,29,39,68,MEDIUM_40_TO_99,8701.8913,8698.285354396145,-3.605945603854707,3.605945603854707,8697.95913333333,8726.450616666665,28.491483333335054,129.1848213446385,0.9885502253779942,0.011449774622005894,PREDICT,
Cu-69,29,40,69,MEDIUM_40_TO_99,8695.2044,8694.398200444159,-0.8061995558418857,0.8061995558418857,8694.044233333332,8724.958999999999,30.914766666666765,129.1848213446385,0.9885502253779942,0.011449774622005894,PREDICT,
Cu-70,29,41,70,MEDIUM_40_TO_99,8646.8655,8650.373743078479,3.5082430784786993,3.5082430784786993,8650.105216666667,8673.557766666665,23.452549999998155,129.1848213446385,0.9885502253779942,0.011449774622005894,PREDICT,
Cu-71,29,42,71,MEDIUM_40_TO_99,8635.0233,8637.42217719849,2.398877198489572,2.398877198489572,8637.0929,8665.8513,28.75840000000062,129.1848213446385,0.9885502253779942,0.011449774622005894,PREDICT,
Cu-72,29,43,72,MEDIUM_40_TO_99,8586.5256,8588.30497936791,1.7793793679084047,1.7793793679084047,8588.037016666669,8611.440333333332,23.40331666666316,129.1848213446385,0.9885502253779942,0.011449774622005894,PREDICT,
Cu-73,29,44,73,MEDIUM_40_TO_99,8568.5699,8569.333653831492,0.7637538314920675,0.7637538314920675,8568.993183333332,8598.729183333333,29.736000000000786,129.1848213446385,0.9885502253779942,0.011449774622005894,PREDICT,
Cu-74,29,45,74,MEDIUM_40_TO_99,8521.5633,8520.056382224499,-1.5069177755012788,1.5069177755012788,8519.8291,8539.679466666665,19.85036666666383,129.1848213446385,0.9885502253779942,0.011449774622005894,PREDICT,
Cu-75,29,46,75,MEDIUM_40_TO_99,8495.0801,8494.234493760754,-0.8456062392451713,0.8456062392451713,8493.886449999998,8524.283883333334,30.397433333335357,129.1848213446385,0.9885502253779942,0.011449774622005894,PREDICT,
Cu-76,29,47,76,MEDIUM_40_TO_99,8443.6018,8445.606084479292,2.0042844792915275,2.0042844792915275,8445.400933333332,8463.318416666667,17.91748333333453,129.1848213446385,0.9885502253779942,0.011449774622005894,PREDICT,
Cu-77,29,48,77,MEDIUM_40_TO_99,8411.2501,8418.642157277967,7.392057277967979,7.392057277967979,8418.417083333334,8438.074583333331,19.657499999997526,129.1848213446385,0.9885502253779942,0.011449774622005894,PREDICT,
Cu-78,29,49,78,MEDIUM_40_TO_99,8354.6695,8355.040189052796,0.3706890527955693,0.3706890527955693,8354.807316666667,8375.145916666666,20.338599999999133,129.1848213446385,0.9885502253779942,0.011449774622005894,PREDICT,
Cu-79,29,50,79,MEDIUM_40_TO_99,8320.938,8308.101651360434,-12.836348639566495,12.836348639566495,8307.653383333332,8346.804200000002,39.150816666669925,129.1848213446385,0.9885502253779942,0.011449774622005894,PREDICT,
Cu-80,29,51,80,MEDIUM_40_TO_99,8246.0,8240.627658096482,-5.372341903517736,5.372341903517736,8240.346033333333,8264.942566666668,24.596533333335174,129.1848213446385,0.9885502253779942,0.011449774622005894,PREDICT,
Cu-81,29,52,81,MEDIUM_40_TO_99,8185.0,8186.703244560125,1.703244560125313,1.703244560125313,8182.469,8194.55875,12.089750000000095,108.97677306661497,0.6497657470067674,0.3502342529932327,PREDICT,
Cu-82,29,53,82,MEDIUM_40_TO_99,8108.0,8108.12675689745,0.1267568974499227,0.1267568974499227,8105.5,8113.0,7.5,108.97677306661497,0.6497657470067674,0.3502342529932327,PREDICT,
Cu-83,29,54,83,MEDIUM_40_TO_99,8044.0,8049.345992971915,5.345992971914711,5.345992971914711,8049.062,8053.0,3.938000000000102,91.19384289543511,0.9278839583760213,0.07211604162397862,PREDICT,
Cu-84,29,55,84,MEDIUM_40_TO_99,7965.0,7970.0,5.0,5.0,7970.0,7998.0,28.0,,1.0,0.0,PREDICT,
Zn-54,30,24,54,MEDIUM_40_TO_99,7742.0,7816.0533,74.05329999999958,74.05329999999958,7816.0533,7698.1023,117.95100000000002,,1.0,0.0,PREDICT,
Zn-56,30,26,56,MEDIUM_40_TO_99,8106.0,8069.749067996818,-36.25093200318224,36.25093200318224,8068.97335,8072.825866666666,3.852516666665906,143.72541860392,0.7986464267554012,0.20135357324459882,PREDICT,
Zn-57,30,27,57,MEDIUM_40_TO_99,8231.0,8192.423845142765,-38.57615485723545,38.57615485723545,8188.8901,8206.440050000001,17.549950000001445,143.72541860392,0.7986464267554012,0.20135357324459882,PREDICT,
Zn-58,30,28,58,MEDIUM_40_TO_99,8395.9467,8388.858626712277,-7.088073287723091,7.088073287723091,8389.144083333333,8364.212883333335,24.93119999999726,129.1848213446385,0.9885502253779942,0.011449774622005894,PREDICT,
Zn-59,30,29,59,MEDIUM_40_TO_99,8473.7802,8462.360407363914,-11.419792636084821,11.419792636084821,8462.492100000001,8450.990333333333,11.501766666668118,129.1848213446385,0.9885502253779942,0.011449774622005894,PREDICT,
Zn-60,30,30,60,MEDIUM_40_TO_99,8583.0524,8576.191335596995,-6.8610644030050025,6.8610644030050025,8576.543583333332,8545.778983333334,30.76459999999861,129.1848213446385,0.9885502253779942,0.011449774622005894,PREDICT,
Zn-61,30,31,61,MEDIUM_40_TO_99,8610.3098,8613.969719294828,3.6599192948269774,3.6599192948269774,8614.166866666666,8596.948416666666,17.218450000000303,129.1848213446385,0.9885502253779942,0.011449774622005894,PREDICT,
Zn-62,30,32,62,MEDIUM_40_TO_99,8679.3451,8686.265808596232,6.920708596231634,6.920708596231634,8686.7087,8648.027466666666,38.681233333332784,129.1848213446385,0.9885502253779942,0.011449774622005894,PREDICT,
Zn-63,30,33,63,MEDIUM_40_TO_99,8686.2866,8688.143813632221,1.8572136322218284,1.8572136322218284,8688.394933333333,8666.46265,21.932283333333544,129.1848213446385,0.9885502253779942,0.011449774622005894,PREDICT,
Zn-64,30,34,64,MEDIUM_40_TO_99,8735.9057,8735.85322724195,-0.05247275804867968,0.05247275804867968,8736.196666666669,8706.201366666664,29.995300000004136,129.1848213446385,0.9885502253779942,0.011449774622005894,PREDICT,
Zn-65,30,35,65,MEDIUM_40_TO_99,8724.266,8724.573634442051,0.30763444205149426,0.30763444205149426,8724.786516666665,8706.193816666664,18.59270000000106,129.1848213446385,0.9885502253779942,0.011449774622005894,PREDICT,
Zn-66,30,36,66,MEDIUM_40_TO_99,8759.6335,8759.219356888316,-0.4141431116840977,0.4141431116840977,8759.53285,8732.152999999998,27.37985000000117,129.1848213446385,0.9885502253779942,0.011449774622005894,PREDICT,
Zn-67,30,37,67,MEDIUM_40_TO_99,8734.1534,8735.254244568196,1.1008445681964076,1.1008445681964076,8735.44335,8718.927266666666,16.51608333333388,129.1848213446385,0.9885502253779942,0.011449774622005894,PREDICT,
Zn-68,30,38,68,MEDIUM_40_TO_99,8755.682,8754.736468932339,-0.9455310676621593,0.9455310676621593,8755.009566666668,8731.157766666665,23.851800000002186,129.1848213446385,0.9885502253779942,0.011449774622005894,PREDICT,
Zn-69,30,39,69,MEDIUM_40_TO_99,8722.7311,8719.88590029005,-2.8451997099509754,2.8451997099509754,8720.028149999998,8707.60435,12.423799999998664,129.1848213446385,0.9885502253779942,0.011449774622005894,PREDICT,
Zn-70,30,40,70,MEDIUM_40_TO_99,8729.8086,8730.972899454584,1.16429945458367,1.16429945458367,8731.260166666667,8706.170833333332,25.089333333335162,129.1848213446385,0.9885502253779942,0.011449774622005894,PREDICT,
Zn-71,30,41,71,MEDIUM_40_TO_99,8689.0417,8692.656266638072,3.6145666380725743,3.6145666380725743,8692.942483333332,8667.9449,24.99758333333193,129.1848213446385,0.9885502253779942,0.011449774622005894,PREDICT,
Zn-72,30,42,72,MEDIUM_40_TO_99,8691.8053,8691.732455428853,-0.07284457114656107,0.07284457114656107,8692.049616666667,8664.349400000001,27.700216666666165,129.1848213446385,0.9885502253779942,0.011449774622005894,PREDICT,
Zn-73,30,43,73,MEDIUM_40_TO_99,8648.3455,8645.35429900697,-2.991200993028542,2.991200993028542,8645.570733333332,8626.6678,18.90293333333284,129.1848213446385,0.9885502253779942,0.011449774622005894,PREDICT,
Zn-74,30,44,74,MEDIUM_40_TO_99,8642.7547,8642.8685675598,0.11386755980129237,0.11386755980129237,8643.187766666666,8615.309566666665,27.878200000001016,129.1848213446385,0.9885502253779942,0.011449774622005894,PREDICT,
Zn-75,30,45,75,MEDIUM_40_TO_99,8592.4981,8595.403410675919,2.905310675918372,2.905310675918372,8595.628766666665,8575.946633333333,19.682133333331876,129.1848213446385,0.9885502253779942,0.011449774622005894,PREDICT,
Zn-76,30,46,76,MEDIUM_40_TO_99,8582.2735,8580.566999876964,-1.706500123034857,1.706500123034857,8580.86463333333,8554.869933333333,25.994699999997465,129.1848213446385,0.9885502253779942,0.011449774622005894,PREDICT,
Zn-77,30,47,77,MEDIUM_40_TO_99,8530.0037,8528.49815047675,-1.5055495232500107,1.5055495232500107,8528.675116666669,8513.219250000002,15.455866666667134,129.1848213446385,0.9885502253779942,0.011449774622005894,PREDICT,
Zn-78,30,48,78,MEDIUM_40_TO_99,8507.38,8512.898841248418,5.518841248418539,5.518841248418539,8513.234099999998,8483.953283333332,29.280816666665487,129.1848213446385,0.9885502253779942,0.011449774622005894,PREDICT,
Zn-79,30,49,79,MEDIUM_40_TO_99,8450.5825,8451.328179260465,0.7456792604643852,0.7456792604643852,8451.536916666664,8433.306216666666,18.23069999999825,129.1848213446385,0.9885502253779942,0.011449774622005894,PREDICT,
Zn-80,30,50,80,MEDIUM_40_TO_99,8423.5457,8413.328155842515,-10.217544157485463,10.217544157485463,8413.452749999997,8402.57095,10.881799999997384,129.1848213446385,0.9885502253779942,0.011449774622005894,PREDICT,
Zn-81,30,51,81,MEDIUM_40_TO_99,8351.9262,8347.582746454877,-4.343453545123339,4.343453545123339,8347.72105,8335.641899999999,12.079150000001391,129.1848213446385,0.9885502253779942,0.011449774622005894,PREDICT,
Zn-82,30,52,82,MEDIUM_40_TO_99,8301.1175,8306.157942092806,5.040442092806188,5.040442092806188,8306.467133333335,8279.463,27.00413333333563,129.1848213446385,0.9885502253779942,0.011449774622005894,PREDICT,
Zn-83,30,53,83,MEDIUM_40_TO_99,8226.0,8218.766752002513,-7.233247997486615,7.233247997486615,8220.9631,8210.055183333334,10.907916666667006,143.72541860392,0.7986464267554012,0.20135357324459882,PREDICT,
Zn-84,30,54,84,MEDIUM_40_TO_99,8171.0,8163.246225316375,-7.7537746836251245,7.7537746836251245,8166.55875,8150.107466666666,16.451283333333777,143.72541860392,0.7986464267554012,0.20135357324459882,PREDICT,
Zn-85,30,55,85,MEDIUM_40_TO_99,8090.0,8098.157402733093,8.157402733092567,8.157402733092567,8100.0738,8073.5,26.57380000000012,91.19384289543511,0.9278839583760213,0.07211604162397862,PREDICT,
Zn-86,30,56,86,MEDIUM_40_TO_99,8032.0,8040.8825,8.882499999999709,8.882499999999709,8040.8825,8012.0,28.88249999999971,,1.0,0.0,PREDICT,
Ga-56,31,25,56,MEDIUM_40_TO_99,7707.0,7791.0,84.0,84.0,7791.0,7763.0,28.0,,1.0,0.0,PREDICT,
Ga-57,31,26,57,MEDIUM_40_TO_99,7916.0,7991.468521882696,75.46852188269622,75.46852188269622,8017.5687,7938.0,79.56869999999981,107.16041641826473,0.6719793321079433,0.3280206678920567,PREDICT,
Ga-58,31,27,58,MEDIUM_40_TO_99,8059.0,8031.3299747272795,-27.670025272720522,27.670025272720522,8017.0,8088.168216666667,71.16821666666692,143.72541860392,0.7986464267554012,0.20135357324459882,PREDICT,
Ga-59,31,28,59,MEDIUM_40_TO_99,8232.0,8198.506159873623,-33.49384012637711,33.49384012637711,8181.21565,8267.087033333333,85.87138333333314,143.72541860392,0.7986464267554012,0.20135357324459882,PREDICT,
Ga-60,31,29,60,MEDIUM_40_TO_99,8327.0,8332.264590918354,5.264590918353861,5.264590918353861,8331.991316666665,8355.858533333334,23.867216666669265,129.1848213446385,0.9885502253779942,0.011449774622005894,PREDICT,
Ga-61,31,30,61,MEDIUM_40_TO_99,8446.4313,8447.97212738183,1.5408273818302405,1.5408273818302405,8447.591116666666,8480.867816666669,33.276700000002165,129.1848213446385,0.9885502253779942,0.011449774622005894,PREDICT,
Ga-62,31,31,62,MEDIUM_40_TO_99,8518.6449,8504.624605723624,-14.020294276375353,14.020294276375353,8504.360616666665,8527.416883333333,23.056266666668307,129.1848213446385,0.9885502253779942,0.011449774622005894,PREDICT,
Ga-63,31,32,63,MEDIUM_40_TO_99,8583.9267,8582.903556323025,-1.023143676975451,1.023143676975451,8582.472099999999,8620.154616666665,37.68251666666583,129.1848213446385,0.9885502253779942,0.011449774622005894,PREDICT,
Ga-64,31,33,64,MEDIUM_40_TO_99,8611.6317,8620.740525979358,9.108825979357789,9.108825979357789,8620.635416666668,8629.81545,9.180033333332176,129.1848213446385,0.9885502253779942,0.011449774622005894,PREDICT,
Ga-65,31,34,65,MEDIUM_40_TO_99,8662.1601,8666.124903883783,3.964803883784043,3.964803883784043,8665.804616666666,8693.777849999999,27.973233333332246,129.1848213446385,0.9885502253779942,0.011449774622005894,PREDICT,
Ga-66,31,35,66,MEDIUM_40_TO_99,8669.3631,8670.78808170782,1.4249817078198248,1.4249817078198248,8670.579849999998,8688.766383333332,18.1865333333335,129.1848213446385,0.9885502253779942,0.011449774622005894,PREDICT,
Ga-67,31,36,67,MEDIUM_40_TO_99,8707.533,8707.90858199125,0.3755819912512379,0.3755819912512379,8707.571316666666,8737.027383333332,29.45606666666572,129.1848213446385,0.9885502253779942,0.011449774622005894,PREDICT,
Ga-68,31,37,68,MEDIUM_40_TO_99,8701.2195,8702.81721013552,1.597710135520174,1.597710135520174,8702.642433333336,8717.907083333332,15.264649999995527,129.1848213446385,0.9885502253779942,0.011449774622005894,PREDICT,
Ga-69,31,38,69,MEDIUM_40_TO_99,8724.5798,8724.398564615361,-0.18123538463805744,0.18123538463805744,8724.086316666666,8751.357416666666,27.271099999999933,129.1848213446385,0.9885502253779942,0.011449774622005894,PREDICT,
Ga-70,31,39,70,MEDIUM_40_TO_99,8709.2808,8703.682030104135,-5.598769895865189,5.598769895865189,8703.450749999998,8723.650283333334,20.19953333333615,129.1848213446385,0.9885502253779942,0.011449774622005894,PREDICT,
Ga-71,31,40,71,MEDIUM_40_TO_99,8717.605,8717.885077994755,0.28007799475562933,0.28007799475562933,8717.587616666666,8743.567283333332,25.979666666666162,129.1848213446385,0.9885502253779942,0.011449774622005894,PREDICT,
Ga-72,31,41,72,MEDIUM_40_TO_99,8687.0893,8694.170885120155,7.081585120155069,7.081585120155069,8694.007816666668,8708.24988333333,14.24206666666214,129.1848213446385,0.9885502253779942,0.011449774622005894,PREDICT,
Ga-73,31,42,73,MEDIUM_40_TO_99,8693.874,8696.21152168235,2.3375216823496885,2.3375216823496885,8695.912583333333,8722.02125,26.108666666666977,129.1848213446385,0.9885502253779942,0.011449774622005894,PREDICT,
Ga-74,31,43,74,MEDIUM_40_TO_99,8663.1676,8660.292851536733,-2.8747484632676787,2.8747484632676787,8660.013483333332,8684.412933333333,24.399450000000797,129.1848213446385,0.9885502253779942,0.011449774622005894,PREDICT,
Ga-75,31,44,75,MEDIUM_40_TO_99,8660.7565,8659.55850899371,-1.1979910062891577,1.1979910062891577,8659.230216666667,8687.902599999998,28.6723833333308,129.1848213446385,0.9885502253779942,0.011449774622005894,PREDICT,
Ga-76,31,45,76,MEDIUM_40_TO_99,8624.5272,8627.76834623939,3.2411462393902184,3.2411462393902184,8627.590633333333,8643.111716666666,15.521083333333081,129.1848213446385,0.9885502253779942,0.011449774622005894,PREDICT,
Ga-77,31,46,77,MEDIUM_40_TO_99,8613.3907,8615.30788066905,1.9171806690501398,1.9171806690501398,8615.014066666667,8640.675183333333,25.661116666666203,129.1848213446385,0.9885502253779942,0.011449774622005894,PREDICT,
Ga-78,31,47,78,MEDIUM_40_TO_99,8577.1043,8574.838624959777,-2.2656750402238686,2.2656750402238686,8574.618299999998,8593.861033333334,19.24273333333622,129.1848213446385,0.9885502253779942,0.011449774622005894,PREDICT,
Ga-79,31,48,79,MEDIUM_40_TO_99,8556.0725,8559.18555440655,3.113054406549054,3.113054406549054,8558.943516666666,8580.082600000002,21.139083333335293,129.1848213446385,0.9885502253779942,0.011449774622005894,PREDICT,
Ga-80,31,49,80,MEDIUM_40_TO_99,8508.4545,8510.281385345239,1.826885345239134,1.826885345239134,8510.093766666669,8526.48,16.386233333330892,129.1848213446385,0.9885502253779942,0.011449774622005894,PREDICT,
Ga-81,31,50,81,MEDIUM_40_TO_99,8483.3576,8474.950872146674,-8.40672785332572,8.40672785332572,8474.605499999998,8504.7696,30.16410000000178,129.1848213446385,0.9885502253779942,0.011449774622005894,PREDICT,
Ga-82,31,51,82,MEDIUM_40_TO_99,8421.0494,8417.710039126057,-3.3393608739424963,3.3393608739424963,8417.46895,8438.525183333335,21.056233333334603,129.1848213446385,0.9885502253779942,0.011449774622005894,PREDICT,
Ga-83,31,52,83,MEDIUM_40_TO_99,8372.5756,8378.135242001232,5.559642001231623,5.559642001231623,8377.938783333333,8395.097083333336,17.158300000002782,129.1848213446385,0.9885502253779942,0.011449774622005894,PREDICT,
Ga-84,31,53,84,MEDIUM_40_TO_99,8307.525,8309.133912512922,1.608912512921961,1.608912512921961,8308.957183333334,8324.39235,15.435166666666191,129.1848213446385,0.9885502253779942,0.011449774622005894,PREDICT,
Ga-85,31,54,85,MEDIUM_40_TO_99,8253.5687,8253.487457354575,-0.0812426454249362,0.0812426454249362,8248.2878,8274.111316666666,25.823516666665455,143.72541860392,0.7986464267554012,0.20135357324459882,PREDICT,
Ga-86,31,55,86,MEDIUM_40_TO_99,8182.0,8182.501803649797,0.5018036497967842,0.5018036497967842,8178.7625,8197.333333333332,18.570833333332303,143.72541860392,0.7986464267554012,0.20135357324459882,PREDICT,
Ga-87,31,56,87,MEDIUM_40_TO_99,8124.0,8134.521285207815,10.521285207814799,10.521285207814799,8134.5617999999995,8134.0,0.5617999999994936,91.19384289543511,0.9278839583760213,0.07211604162397862,PREDICT,
Ga-88,31,57,88,MEDIUM_40_TO_99,8050.0,8056.475,6.475000000000364,6.475000000000364,8056.475,8082.0,25.524999999999636,,1.0,0.0,PREDICT,
Ge-58,32,26,58,MEDIUM_40_TO_99,7770.0,7879.0,109.0,109.0,7879.0,7726.0,153.0,,1.0,0.0,PREDICT,
Ge-60,32,28,60,MEDIUM_40_TO_99,8113.0,8066.380270692348,-46.61972930765205,46.61972930765205,8058.5,8081.0,22.5,108.97677306661497,0.6497657470067674,0.3502342529932327,PREDICT,
Ge-61,32,29,61,MEDIUM_40_TO_99,8215.0,8174.213198011642,-40.78680198835809,40.78680198835809,8171.35835,8185.536633333332,14.17828333333182,143.72541860392,0.7986464267554012,0.20135357324459882,PREDICT,
Ge-62,32,30,62,MEDIUM_40_TO_99,8347.0,8361.45707174996,14.457071749959141,14.457071749959141,8361.976483333332,8316.612133333334,45.36434999999801,129.1848213446385,0.9885502253779942,0.011449774622005894,PREDICT,
Ge-63,32,31,63,MEDIUM_40_TO_99,8418.7167,8420.362232633175,1.645532633174298,1.645532633174298,8420.5242,8406.378299999998,14.145900000001348,129.1848213446385,0.9885502253779942,0.011449774622005894,PREDICT,
Ge-64,32,32,64,MEDIUM_40_TO_99,8528.8243,8514.488231316893,-14.336068683107442,14.336068683107442,8514.769350000002,8490.217016666667,24.5523333333349,129.1848213446385,0.9885502253779942,0.011449774622005894,PREDICT,
Ge-65,32,33,65,MEDIUM_40_TO_99,8555.0584,8551.786496988097,-3.2719030119023955,3.2719030119023955,8551.876066666668,8544.053233333332,7.8228333333354385,129.1848213446385,0.9885502253779942,0.011449774622005894,PREDICT,
Ge-66,32,34,66,MEDIUM_40_TO_99,8625.4383,8632.7302195037,7.291919503699319,7.291919503699319,8633.190466666667,8592.993416666664,40.19705000000249,129.1848213446385,0.9885502253779942,0.011449774622005894,PREDICT,
Ge-67,32,35,67,MEDIUM_40_TO_99,8633.0884,8636.739968461427,3.6515684614259953,3.6515684614259953,8637.010183333334,8613.410166666668,23.600016666665397,129.1848213446385,0.9885502253779942,0.011449774622005894,PREDICT,
Ge-68,32,36,68,MEDIUM_40_TO_99,8688.1371,8687.643624886712,-0.49347511328778637,0.49347511328778637,8687.999033333334,8656.958383333334,31.040649999999005,129.1848213446385,0.9885502253779942,0.011449774622005894,PREDICT,
Ge-69,32,37,69,MEDIUM_40_TO_99,8680.964,8680.696686405174,-0.26731359482619155,0.26731359482619155,8680.915400000002,8661.813400000001,19.10200000000077,129.1848213446385,0.9885502253779942,0.011449774622005894,PREDICT,
Ge-70,32,38,70,MEDIUM_40_TO_99,8721.7028,8721.148137553737,-0.5546624462622276,0.5546624462622276,8721.482100000001,8692.314499999997,29.167600000004313,129.1848213446385,0.9885502253779942,0.011449774622005894,PREDICT,
Ge-71,32,39,71,MEDIUM_40_TO_99,8703.3118,8702.366908565928,-0.9448914340719057,0.9448914340719057,8702.559666666666,8685.724566666668,16.83509999999842,129.1848213446385,0.9885502253779942,0.011449774622005894,PREDICT,
Ge-72,32,40,72,MEDIUM_40_TO_99,8731.7459,8732.024643442186,0.278743442186169,0.278743442186169,8732.373683333331,8701.889249999998,30.484433333333072,129.1848213446385,0.9885502253779942,0.011449774622005894,PREDICT,
Ge-73,32,41,73,MEDIUM_40_TO_99,8705.05,8707.008624229627,1.9586242296281853,1.9586242296281853,8707.282049999998,8683.401600000001,23.880449999996927,129.1848213446385,0.9885502253779942,0.011449774622005894,PREDICT,
Ge-74,32,42,74,MEDIUM_40_TO_99,8725.2011,8725.419166059848,0.21806605984784255,0.21806605984784255,8725.760466666667,8695.951966666667,29.808499999999185,129.1848213446385,0.9885502253779942,0.011449774622005894,PREDICT,
Ge-75,32,43,75,MEDIUM_40_TO_99,8695.6096,8694.176413597672,-1.4331864023279195,1.4331864023279195,8694.416083333332,8673.483816666665,20.932266666666692,129.1848213446385,0.9885502253779942,0.011449774622005894,PREDICT,
Ge-76,32,44,76,MEDIUM_40_TO_99,8705.2364,8704.381675972118,-0.8547240278821846,0.8547240278821846,8704.690366666666,8677.729949999999,26.960416666666788,129.1848213446385,0.9885502253779942,0.011449774622005894,PREDICT,
Ge-77,32,45,77,MEDIUM_40_TO_99,8671.0293,8672.214249653918,1.1849496539180109,1.1849496539180109,8672.460883333333,8650.920399999999,21.540483333334123,129.1848213446385,0.9885502253779942,0.011449774622005894,PREDICT,
Ge-78,32,46,78,MEDIUM_40_TO_99,8671.6636,8673.377191466629,1.7135914666287135,1.7135914666287135,8673.711766666665,8644.49065,29.221116666665694,129.1848213446385,0.9885502253779942,0.011449774622005894,PREDICT,
Ge-79,32,47,79,MEDIUM_40_TO_99,8634.5089,8634.257546486368,-0.2513535136331484,0.2513535136331484,8634.466033333334,8616.257216666669,18.20881666666537,129.1848213446385,0.9885502253779942,0.011449774622005894,PREDICT,
Ge-80,32,48,80,MEDIUM_40_TO_99,8627.5707,8628.190986990654,0.6202869906537671,0.6202869906537671,8628.486733333331,8602.65685,25.829883333331964,129.1848213446385,0.9885502253779942,0.011449774622005894,PREDICT,
Ge-81,32,49,81,MEDIUM_40_TO_99,8580.6587,8580.222767021796,-0.43593297820370935,0.43593297820370935,8580.437033333334,8561.72345,18.7135833333341,129.1848213446385,0.9885502253779942,0.011449774622005894,PREDICT,
Ge-82,32,50,82,MEDIUM_40_TO_99,8563.7567,8557.497212550305,-6.259487449695371,6.259487449695371,8557.681133333332,8541.617866666664,16.063266666667914,129.1848213446385,0.9885502253779942,0.011449774622005894,PREDICT,
Ge-83,32,51,83,MEDIUM_40_TO_99,8504.3462,8501.5161364791,-2.8300635208997846,2.8300635208997846,8501.70025,8485.620149999999,16.08010000000104,129.1848213446385,0.9885502253779942,0.011449774622005894,PREDICT,
Ge-84,32,52,84,MEDIUM_40_TO_99,8465.5244,8468.026554603575,2.502154603575036,2.502154603575036,8468.32935,8441.883816666668,26.445533333331696,129.1848213446385,0.9885502253779942,0.011449774622005894,PREDICT,
Ge-85,32,53,85,MEDIUM_40_TO_99,8401.7689,8402.403791351708,0.6348913517085748,0.6348913517085748,8402.621016666666,8383.649000000001,18.972016666664786,129.1848213446385,0.9885502253779942,0.011449774622005894,PREDICT,
Ge-86,32,54,86,MEDIUM_40_TO_99,8354.63,8355.309382838837,0.6793828388381371,0.6793828388381371,8355.556816666669,8333.94645,21.610366666669506,129.1848213446385,0.9885502253779942,0.011449774622005894,PREDICT,
Ge-87,32,55,87,MEDIUM_40_TO_99,8285.0,8278.646491093521,-6.3535089064789645,6.3535089064789645,8281.38445,8267.786683333334,13.597766666665848,143.72541860392,0.7986464267554012,0.20135357324459882,PREDICT,
Ge-88,32,56,88,MEDIUM_40_TO_99,8236.0,8228.235698611288,-7.764301388711829,7.764301388711829,8231.814999999999,8214.0388,17.776199999998425,143.72541860392,0.7986464267554012,0.20135357324459882,PREDICT,
Ge-89,32,57,89,MEDIUM_40_TO_99,8161.0,8166.5557650254295,5.555765025429537,5.555765025429537,8168.231100000001,8145.0,23.23110000000088,91.19384289543511,0.9278839583760213,0.07211604162397862,PREDICT,
Ge-90,32,58,90,MEDIUM_40_TO_99,8109.0,8117.370000000001,8.3700000000008,8.3700000000008,8117.370000000001,8088.0,29.3700000000008,,1.0,0.0,PREDICT,
As-60,33,27,60,MEDIUM_40_TO_99,7735.0,7812.0,77.0,77.0,7812.0,7789.0,23.0,,1.0,0.0,PREDICT,
As-61,33,28,61,MEDIUM_40_TO_99,7930.0,7989.7649,59.764900000000125,59.764900000000125,7989.7649,7994.0,4.235099999999875,,1.0,0.0,PREDICT,
As-62,33,29,62,MEDIUM_40_TO_99,8049.0,8029.938001041124,-19.061998958875847,19.061998958875847,8010.5,8066.0,55.5,108.97677306661497,0.6497657470067674,0.3502342529932327,PREDICT,
As-63,33,30,63,MEDIUM_40_TO_99,8193.0,8175.160621316118,-17.839378683882387,17.839378683882387,8163.11755,8222.928116666666,59.81056666666609,143.72541860392,0.7986464267554012,0.20135357324459882,PREDICT,
As-64,33,31,64,MEDIUM_40_TO_99,8286.0,8296.231198846366,10.23119884636617,10.23119884636617,8296.144649999998,8303.70365,7.559000000001106,129.1848213446385,0.9885502253779942,0.011449774622005894,PREDICT,
As-65,33,32,65,MEDIUM_40_TO_99,8396.2351,8392.516092985199,-3.719007014800809,3.719007014800809,8392.075433333333,8430.561749999999,38.486316666665516,129.1848213446385,0.9885502253779942,0.011449774622005894,PREDICT,
As-66,33,33,66,MEDIUM_40_TO_99,8468.4034,8451.011596060149,-17.391803939850433,17.391803939850433,8450.738116666666,8474.623249999999,23.885133333333215,129.1848213446385,0.9885502253779942,0.011449774622005894,PREDICT,
As-67,33,34,67,MEDIUM_40_TO_99,8530.5685,8529.649480090116,-0.9190199098829908,0.9190199098829908,8529.215166666665,8567.147216666666,37.932050000001254,129.1848213446385,0.9885502253779942,0.011449774622005894,PREDICT,
As-68,33,35,68,MEDIUM_40_TO_99,8557.7457,8569.003171383627,11.25747138362749,11.25747138362749,8568.908566666663,8577.17115,8.262583333336806,129.1848213446385,0.9885502253779942,0.011449774622005894,PREDICT,
As-69,33,36,69,MEDIUM_40_TO_99,8611.8214,8615.696441592825,3.8750415928243456,3.8750415928243456,8615.361499999999,8644.614616666664,29.253116666664937,129.1848213446385,0.9885502253779942,0.011449774622005894,PREDICT,
As-70,33,37,70,MEDIUM_40_TO_99,8621.5541,8620.932858898923,-0.6212411010765209,0.6212411010765209,8620.681966666665,8642.594383333333,21.912416666667923,129.1848213446385,0.9885502253779942,0.011449774622005894,PREDICT,
As-71,33,38,71,MEDIUM_40_TO_99,8663.935,8662.757834818913,-1.1771651810868207,1.1771651810868207,8662.380316666666,8695.351983333334,32.97166666666817,129.1848213446385,0.9885502253779942,0.011449774622005894,PREDICT,
As-72,33,39,72,MEDIUM_40_TO_99,8660.3786,8661.174448573971,0.7958485739709431,0.7958485739709431,8660.943583333334,8681.106883333334,20.163300000000163,129.1848213446385,0.9885502253779942,0.011449774622005894,PREDICT,
As-73,33,40,73,MEDIUM_40_TO_99,8689.6099,8692.25217492872,2.6422749287212355,2.6422749287212355,8691.906483333332,8722.098483333333,30.192000000000917,129.1848213446385,0.9885502253779942,0.011449774622005894,PREDICT,
As-74,33,41,74,MEDIUM_40_TO_99,8680.002,8679.817481707414,-0.18451829258629004,0.18451829258629004,8679.558850000001,8702.147216666664,22.588366666663205,129.1848213446385,0.9885502253779942,0.011449774622005894,PREDICT,
As-75,33,42,75,MEDIUM_40_TO_99,8700.8748,8700.652070100508,-0.22272989949124167,0.22272989949124167,8700.3005,8731.005916666665,30.70541666666577,129.1848213446385,0.9885502253779942,0.011449774622005894,PREDICT,
As-76,33,43,76,MEDIUM_40_TO_99,8682.8172,8684.227488403287,1.410288403287268,1.410288403287268,8683.975166666667,8706.012433333333,22.037266666666255,129.1848213446385,0.9885502253779942,0.011449774622005894,PREDICT,
As-77,33,44,77,MEDIUM_40_TO_99,8695.9789,8695.710813371314,-0.26808662868643296,0.26808662868643296,8695.3835,8723.970383333331,28.58688333333157,129.1848213446385,0.9885502253779942,0.011449774622005894,PREDICT,
As-78,33,45,78,MEDIUM_40_TO_99,8673.876,8674.391222151167,0.5152221511671087,0.5152221511671087,8674.163516666667,8694.05085,19.887333333332208,129.1848213446385,0.9885502253779942,0.011449774622005894,PREDICT,
As-79,33,46,79,MEDIUM_40_TO_99,8676.6172,8679.545824264911,2.928624264910468,2.928624264910468,8679.269199999999,8703.429,24.15980000000127,129.1848213446385,0.9885502253779942,0.011449774622005894,PREDICT,
As-80,33,47,80,MEDIUM_40_TO_99,8651.2824,8651.948694836148,0.666294836148154,0.666294836148154,8651.734916666668,8670.405866666666,18.6709499999979,129.1848213446385,0.9885502253779942,0.011449774622005894,PREDICT,
As-81,33,48,81,MEDIUM_40_TO_99,8648.0571,8649.94536167296,1.8882616729606525,1.8882616729606525,8649.686800000001,8672.26905,22.582249999999476,129.1848213446385,0.9885502253779942,0.011449774622005894,PREDICT,
As-82,33,49,82,MEDIUM_40_TO_99,8611.4153,8611.259101131775,-0.15619886822605622,0.15619886822605622,8611.047683333334,8629.512483333332,18.464799999997922,129.1848213446385,0.9885502253779942,0.011449774622005894,PREDICT,
As-83,33,50,83,MEDIUM_40_TO_99,8599.654,8591.307819637517,-8.34618036248321,8.34618036248321,8590.949916666665,8622.208433333333,31.258516666668584,129.1848213446385,0.9885502253779942,0.011449774622005894,PREDICT,
As-84,33,51,84,MEDIUM_40_TO_99,8547.9385,8545.301605751065,-2.6368942489352776,2.6368942489352776,8545.044133333333,8567.531249999998,22.487116666665315,129.1848213446385,0.9885502253779942,0.011449774622005894,PREDICT,
As-85,33,52,85,MEDIUM_40_TO_99,8510.9851,8517.202427909786,6.217327909786036,6.217327909786036,8516.99455,8535.150183333333,18.155633333333753,129.1848213446385,0.9885502253779942,0.011449774622005894,PREDICT,
As-86,33,53,86,MEDIUM_40_TO_99,8456.7215,8457.595558682839,0.8740586828389496,0.8740586828389496,8457.389783333332,8475.361783333334,17.97200000000157,129.1848213446385,0.9885502253779942,0.011449774622005894,PREDICT,
As-87,33,54,87,MEDIUM_40_TO_99,8413.8521,8412.153767284646,-1.6983327153538994,1.6983327153538994,8411.881066666665,8435.698183333334,23.81711666666888,129.1848213446385,0.9885502253779942,0.011449774622005894,PREDICT,
As-88,33,55,88,MEDIUM_40_TO_99,8351.0,8353.187776984885,2.187776984885204,2.187776984885204,8352.99125,8370.155516666668,17.16426666666848,129.1848213446385,0.9885502253779942,0.011449774622005894,PREDICT,
As-89,33,56,89,MEDIUM_40_TO_99,8304.0,8306.54674990672,2.546749906719924,2.546749906719924,8301.42605,8326.857433333334,25.431383333334452,143.72541860392,0.7986464267554012,0.20135357324459882,PREDICT,
As-90,33,57,90,MEDIUM_40_TO_99,8240.0,8240.44456131955,0.4445613195493934,0.4445613195493934,8236.0,8258.073416666666,22.073416666666162,143.72541860392,0.7986464267554012,0.20135357324459882,PREDICT,
As-91,33,58,91,MEDIUM_40_TO_99,8189.0,8194.533872266376,5.53387226637642,5.53387226637642,8194.1479,8199.5,5.352100000000064,91.19384289543511,0.9278839583760213,0.07211604162397862,PREDICT,
As-92,33,59,92,MEDIUM_40_TO_99,8121.0,8129.0,8.0,8.0,8129.0,8163.0,34.0,,1.0,0.0,PREDICT,
Se-63,34,29,63,MEDIUM_40_TO_99,7917.0,7970.4655999999995,53.46559999999954,53.46559999999954,7970.4655999999995,7883.0,87.46559999999954,,1.0,0.0,PREDICT,
Se-64,34,30,64,MEDIUM_40_TO_99,8075.0,8098.530070838235,23.53007083823468,23.53007083823468,8122.951800000001,8048.5,74.45180000000073,107.16041641826473,0.6719793321079433,0.3280206678920567,PREDICT,
Se-65,34,31,65,MEDIUM_40_TO_99,8170.0,8144.565262724744,-25.43473727525634,25.43473727525634,8143.2672,8149.713883333333,6.446683333332658,143.72541860392,0.7986464267554012,0.20135357324459882,PREDICT,
Se-66,34,32,66,MEDIUM_40_TO_99,8300.0,8274.613668557815,-25.38633144218511,25.38633144218511,8276.024099999999,8269.019349999999,7.004750000000058,143.72541860392,0.7986464267554012,0.20135357324459882,PREDICT,
Se-67,34,33,67,MEDIUM_40_TO_99,8369.5344,8365.20717096105,-4.327229038950463,4.327229038950463,8365.295366666667,8357.592533333333,7.702833333334638,129.1848213446385,0.9885502253779942,0.011449774622005894,PREDICT,
Se-68,34,34,68,MEDIUM_40_TO_99,8477.0482,8463.794159933635,-13.254040066363814,13.254040066363814,8464.107499999998,8436.741016666667,27.366483333331416,129.1848213446385,0.9885502253779942,0.011449774622005894,PREDICT,
Se-69,34,35,69,MEDIUM_40_TO_99,8503.7082,8501.649155828625,-2.0590441713738983,2.0590441713738983,8501.803483333333,8488.324833333332,13.478650000000926,129.1848213446385,0.9885502253779942,0.011449774622005894,PREDICT,
Se-70,34,36,70,MEDIUM_40_TO_99,8576.0338,8582.609763937859,6.575963937859342,6.575963937859342,8583.073016666665,8542.613466666666,40.45954999999958,129.1848213446385,0.9885502253779942,0.011449774622005894,PREDICT,
Se-71,34,37,71,MEDIUM_40_TO_99,8586.0606,8588.498594168652,2.43799416865113,2.43799416865113,8588.770149999998,8565.053016666665,23.71713333333355,129.1848213446385,0.9885502253779942,0.011449774622005894,PREDICT,
Se-72,34,38,72,MEDIUM_40_TO_99,8644.4902,8644.043226476184,-0.4469735238162684,0.4469735238162684,8644.411816666667,8612.2199,32.19191666666666,129.1848213446385,0.9885502253779942,0.011449774622005894,PREDICT,
Se-73,34,39,73,MEDIUM_40_TO_99,8641.5591,8643.311253029864,1.7521530298636208,1.7521530298636208,8643.583166666667,8619.834783333334,23.74838333333355,129.1848213446385,0.9885502253779942,0.011449774622005894,PREDICT,
Se-74,34,40,74,MEDIUM_40_TO_99,8687.7155,8687.954087949058,0.2385879490575462,0.2385879490575462,8688.3387,8654.747466666664,33.59123333333628,129.1848213446385,0.9885502253779942,0.011449774622005894,PREDICT,
Se-75,34,41,75,MEDIUM_40_TO_99,8678.9139,8676.992222427016,-1.9216775729837536,1.9216775729837536,8677.224450000002,8656.942166666668,20.282283333333908,129.1848213446385,0.9885502253779942,0.011449774622005894,PREDICT,
Se-76,34,42,76,MEDIUM_40_TO_99,8711.4781,8710.782807268492,-0.6952927315087436,0.6952927315087436,8711.131066666667,8680.7148,30.41626666666707,129.1848213446385,0.9885502253779942,0.011449774622005894,PREDICT,
Se-77,34,43,77,MEDIUM_40_TO_99,8694.6908,8694.802698737989,0.11189873798866756,0.11189873798866756,8695.07765,8671.063966666665,24.013683333334484,129.1848213446385,0.9885502253779942,0.011449774622005894,PREDICT,
Se-78,34,44,78,MEDIUM_40_TO_99,8717.8072,8717.714268114696,-0.0929318853031873,0.0929318853031873,8718.042733333334,8689.35525,28.687483333333148,129.1848213446385,0.9885502253779942,0.011449774622005894,PREDICT,
Se-79,34,45,79,MEDIUM_40_TO_99,8695.5923,8697.29490468004,1.7026046800401673,1.7026046800401673,8697.548750000002,8675.378416666666,22.170333333335293,129.1848213446385,0.9885502253779942,0.011449774622005894,PREDICT,
Se-80,34,46,80,MEDIUM_40_TO_99,8710.8142,8711.974612834096,1.160412834095041,1.160412834095041,8712.291066666667,8684.652633333331,27.638433333335342,129.1848213446385,0.9885502253779942,0.011449774622005894,PREDICT,
Se-81,34,47,81,MEDIUM_40_TO_99,8685.9998,8685.062652846429,-0.9371471535705496,0.9371471535705496,8685.266316666666,8667.478733333332,17.787583333334624,129.1848213446385,0.9885502253779942,0.011449774622005894,PREDICT,
Se-82,34,48,82,MEDIUM_40_TO_99,8693.1973,8696.165260520165,2.967960520165434,2.967960520165434,8696.466866666666,8670.125200000002,26.341666666663514,129.1848213446385,0.9885502253779942,0.011449774622005894,PREDICT,
Se-83,34,49,83,MEDIUM_40_TO_99,8658.556,8659.881239695125,1.3252396951247647,1.3252396951247647,8660.088816666666,8641.959466666667,18.12934999999925,129.1848213446385,0.9885502253779942,0.011449774622005894,PREDICT,
Se-84,34,50,84,MEDIUM_40_TO_99,8658.7935,8648.896296918765,-9.897203081234693,9.897203081234693,8649.043349999998,8636.20003333333,12.843316666667306,129.1848213446385,0.9885502253779942,0.011449774622005894,PREDICT,
Se-85,34,51,85,MEDIUM_40_TO_99,8610.3045,8604.717978277711,-5.586521722289035,5.586521722289035,8604.885383333334,8590.264566666667,14.620816666667451,129.1848213446385,0.9885502253779942,0.011449774622005894,PREDICT,
Se-86,34,52,86,MEDIUM_40_TO_99,8581.8224,8587.359144777965,5.536744777966305,5.536744777966305,8587.704583333332,8557.534683333333,30.16989999999896,129.1848213446385,0.9885502253779942,0.011449774622005894,PREDICT,
Se-87,34,53,87,MEDIUM_40_TO_99,8529.092,8531.254604940517,2.162604940516758,2.162604940516758,8531.490566666665,8510.882150000001,20.608416666664198,129.1848213446385,0.9885502253779942,0.011449774622005894,PREDICT,
Se-88,34,54,88,MEDIUM_40_TO_99,8495.0045,8493.348121822832,-1.6563781771674257,1.6563781771674257,8493.594149999999,8472.106549999997,21.487600000002203,129.1848213446385,0.9885502253779942,0.011449774622005894,PREDICT,
Se-89,34,55,89,MEDIUM_40_TO_99,8435.2799,8436.487165867384,1.2072658673841943,1.2072658673841943,8436.736050000001,8414.999016666665,21.737033333336512,129.1848213446385,0.9885502253779942,0.011449774622005894,PREDICT,
Se-90,34,56,90,MEDIUM_40_TO_99,8395.7672,8396.092715376371,0.325515376371186,0.325515376371186,8396.365933333333,8372.503633333334,23.862299999998868,129.1848213446385,0.9885502253779942,0.011449774622005894,PREDICT,
Se-91,34,57,91,MEDIUM_40_TO_99,8334.8382,8333.109916987454,-1.728283012545944,1.728283012545944,8333.337933333334,8313.42345,19.91448333333392,129.1848213446385,0.9885502253779942,0.011449774622005894,PREDICT,
Se-92,34,58,92,MEDIUM_40_TO_99,8290.0,8283.78139009336,-6.218609906640268,6.218609906640268,8287.883600000001,8267.510433333331,20.37316666666993,143.72541860392,0.7986464267554012,0.20135357324459882,PREDICT,
Se-93,34,59,93,MEDIUM_40_TO_99,8225.0,8216.6178660177,-8.38213398230073,8.38213398230073,8223.4191,8204.0,19.419099999999162,108.97677306661497,0.6497657470067674,0.3502342529932327,PREDICT,
Se-94,34,60,94,MEDIUM_40_TO_99,8180.0,8184.2328,4.23279999999977,4.23279999999977,8184.2328,8159.1278999999995,25.10490000000027,,1.0,0.0,PREDICT,
Se-95,34,61,95,MEDIUM_40_TO_99,8112.0,8115.1618,3.1617999999998574,3.1617999999998574,8115.1618,8098.1355,17.026299999999537,,1.0,0.0,PREDICT,
Br-65,35,30,65,MEDIUM_40_TO_99,7904.0,7951.097400000001,47.09740000000056,47.09740000000056,7951.097400000001,7957.0,5.902599999999438,,1.0,0.0,PREDICT,
Br-66,35,31,66,MEDIUM_40_TO_99,8014.0,8051.164060613957,37.16406061395719,37.16406061395719,8063.203600000001,8026.5,36.70360000000073,107.16041641826473,0.6719793321079433,0.3280206678920567,PREDICT,
Br-67,35,32,67,MEDIUM_40_TO_99,8148.0,8139.353312160333,-8.64668783966681,8.64668783966681,8124.4513,8167.0,42.54870000000028,108.97677306661497,0.6497657470067674,0.3502342529932327,PREDICT,
Br-68,35,33,68,MEDIUM_40_TO_99,8239.0,8226.610518167621,-12.389481832378806,12.389481832378806,8214.3982,8249.2672,34.8690000000006,108.97677306661497,0.6497657470067674,0.3502342529932327,PREDICT,
Br-69,35,34,69,MEDIUM_40_TO_99,8344.9026,8341.415777207192,-3.4868227928072884,3.4868227928072884,8340.961883333332,8380.604049999998,39.642166666666526,129.1848213446385,0.9885502253779942,0.011449774622005894,PREDICT,
Br-70,35,35,70,MEDIUM_40_TO_99,8414.7964,8400.919995524508,-13.876404475491654,13.876404475491654,8400.614816666664,8427.268516666667,26.653700000002573,129.1848213446385,0.9885502253779942,0.011449774622005894,PREDICT,
Br-71,35,36,71,MEDIUM_40_TO_99,8481.4629,8479.815841285443,-1.6470587145577156,1.6470587145577156,8479.380316666666,8517.41815,38.037833333333765,129.1848213446385,0.9885502253779942,0.011449774622005894,PREDICT,
Br-72,35,37,72,MEDIUM_40_TO_99,8511.3126,8519.878639792289,8.566039792289303,8.566039792289303,8519.7581,8530.285800000001,10.527700000002369,129.1848213446385,0.9885502253779942,0.011449774622005894,PREDICT,
Br-73,35,38,73,MEDIUM_40_TO_99,8568.0803,8571.120533561232,3.040233561232526,3.040233561232526,8570.790083333333,8599.650933333334,28.860850000000937,129.1848213446385,0.9885502253779942,0.011449774622005894,PREDICT,
Br-74,35,39,74,MEDIUM_40_TO_99,8583.5615,8585.569385493302,2.0078854933017283,2.0078854933017283,8585.337766666666,8605.566883333333,20.229116666667323,129.1848213446385,0.9885502253779942,0.011449774622005894,PREDICT,
Br-75,35,40,75,MEDIUM_40_TO_99,8627.6497,8628.775319335355,1.1256193353547133,1.1256193353547133,8628.415316666667,8659.857216666667,31.441899999999805,129.1848213446385,0.9885502253779942,0.011449774622005894,PREDICT,
Br-76,35,41,76,MEDIUM_40_TO_99,8635.883,8632.475320737114,-3.407679262885722,3.407679262885722,8632.18615,8657.441733333333,25.25558333333356,129.1848213446385,0.9885502253779942,0.011449774622005894,PREDICT,
Br-77,35,42,77,MEDIUM_40_TO_99,8666.8073,8666.52526309094,-0.28203690906047996,0.28203690906047996,8666.159066666669,8698.141916666666,31.982849999996688,129.1848213446385,0.9885502253779942,0.011449774622005894,PREDICT,
Br-78,35,43,78,MEDIUM_40_TO_99,8661.9594,8664.91976499851,2.960364998511068,2.960364998511068,8664.681933333335,8685.453666666668,20.77173333333303,129.1848213446385,0.9885502253779942,0.011449774622005894,PREDICT,
Br-79,35,44,79,MEDIUM_40_TO_99,8687.5956,8688.657277116343,1.0616771163422527,1.0616771163422527,8688.330049999999,8716.9094,28.579350000001796,129.1848213446385,0.9885502253779942,0.011449774622005894,PREDICT,
Br-80,35,45,80,MEDIUM_40_TO_99,8677.6541,8678.666719171186,1.0126191711860884,1.0126191711860884,8678.434400000002,8698.724683333334,20.2902833333319,129.1848213446385,0.9885502253779942,0.011449774622005894,PREDICT,
Br-81,35,46,81,MEDIUM_40_TO_99,8695.9465,8697.541270004735,1.594770004734528,1.594770004734528,8697.253883333335,8722.353650000001,25.099766666666255,129.1848213446385,0.9885502253779942,0.011449774622005894,PREDICT,
Br-82,35,47,82,MEDIUM_40_TO_99,8682.4953,8683.788084570444,1.292784570443473,1.292784570443473,8683.601450000002,8699.901733333332,16.3002833333303,129.1848213446385,0.9885502253779942,0.011449774622005894,PREDICT,
Br-83,35,48,83,MEDIUM_40_TO_99,8693.3852,8697.65626521515,4.271065215149065,4.271065215149065,8697.441716666668,8716.179949999998,18.738233333329845,129.1848213446385,0.9885502253779942,0.011449774622005894,PREDICT,
Br-84,35,49,84,MEDIUM_40_TO_99,8671.3294,8669.868670774988,-1.460729225012983,1.460729225012983,8669.6738,8686.693416666665,17.01961666666466,129.1848213446385,0.9885502253779942,0.011449774622005894,PREDICT,
Br-85,35,50,85,MEDIUM_40_TO_99,8673.5926,8662.128536158187,-11.464063841813186,11.464063841813186,8661.742683333334,8695.442283333334,33.69959999999992,129.1848213446385,0.9885502253779942,0.011449774622005894,PREDICT,
Br-86,35,51,86,MEDIUM_40_TO_99,8632.3659,8630.192987048022,-2.172912951979015,2.172912951979015,8629.9379,8652.216683333332,22.278783333331376,129.1848213446385,0.9885502253779942,0.011449774622005894,PREDICT,
Br-87,35,52,87,MEDIUM_40_TO_99,8605.9105,8613.88270643722,7.972206437219938,7.972206437219938,8613.696966666665,8629.9191,16.22213333333457,129.1848213446385,0.9885502253779942,0.011449774622005894,PREDICT,
Br-88,35,53,88,MEDIUM_40_TO_99,8563.7479,8564.52151429386,0.773614293859282,0.773614293859282,8564.327983333333,8581.230583333334,16.902600000001257,129.1848213446385,0.9885502253779942,0.011449774622005894,PREDICT,
Br-89,35,54,89,MEDIUM_40_TO_99,8530.7802,8528.980365461031,-1.7998345389678434,1.7998345389678434,8528.691266666667,8553.940566666668,25.249300000001313,129.1848213446385,0.9885502253779942,0.011449774622005894,PREDICT,
Br-90,35,55,90,MEDIUM_40_TO_99,8478.1865,8479.42703264513,1.2405326451298606,1.2405326451298606,8479.212483333331,8497.95078333333,18.73829999999907,129.1848213446385,0.9885502253779942,0.011449774622005894,PREDICT,
Br-91,35,56,91,MEDIUM_40_TO_99,8441.9242,8442.690292397423,0.7660923974235629,0.7660923974235629,8442.434116666665,8464.807983333332,22.3738666666668,129.1848213446385,0.9885502253779942,0.011449774622005894,PREDICT,
Br-92,35,57,92,MEDIUM_40_TO_99,8384.9123,8385.740174971981,0.8278749719811458,0.8278749719811458,8385.499683333332,8406.503733333335,21.00405000000319,129.1848213446385,0.9885502253779942,0.011449774622005894,PREDICT,
Br-93,35,58,93,MEDIUM_40_TO_99,8345.5986,8346.403161597047,0.8045615970477229,0.8045615970477229,8346.152766666666,8368.02175,21.868983333333745,129.1848213446385,0.9885502253779942,0.011449774622005894,PREDICT,
Br-94,35,59,94,MEDIUM_40_TO_99,8287.0,8286.795857359297,-0.20414264070313948,0.20414264070313948,8286.577116666667,8305.681483333334,19.104366666666465,129.1848213446385,0.9885502253779942,0.011449774622005894,PREDICT,
Br-95,35,60,95,MEDIUM_40_TO_99,8245.0,8247.225122696513,2.225122696512699,2.225122696512699,8242.799299999999,8255.43605,12.636750000001484,108.97677306661497,0.6497657470067674,0.3502342529932327,PREDICT,
Br-96,35,61,96,MEDIUM_40_TO_99,8184.0,8185.453262779803,1.4532627798025715,1.4532627798025715,8182.5,8190.93225,8.43224999999984,108.97677306661497,0.6497657470067674,0.3502342529932327,PREDICT,
Br-97,35,62,97,MEDIUM_40_TO_99,8140.0,8144.401400000001,4.401400000000649,4.401400000000649,8144.401400000001,8172.6990000000005,28.297599999999875,,1.0,0.0,PREDICT,
Br-98,35,63,98,MEDIUM_40_TO_99,8078.0,8081.0,3.0,3.0,8081.0,8105.4915,24.491500000000087,,1.0,0.0,PREDICT,
Kr-67,36,31,67,MEDIUM_40_TO_99,7883.0,7930.869000000001,47.8690000000006,47.8690000000006,7930.869000000001,7858.0,72.8690000000006,,1.0,0.0,PREDICT,
Kr-68,36,32,68,MEDIUM_40_TO_99,8034.0,8082.680700000001,48.6807000000008,48.6807000000008,8082.680700000001,7996.0,86.6807000000008,,1.0,0.0,PREDICT,
Kr-69,36,33,69,MEDIUM_40_TO_99,8129.0,8105.0655,-23.9345000000003,23.9345000000003,8105.0655,8108.4655999999995,3.4000999999998385,,1.0,0.0,PREDICT,
Kr-70,36,34,70,MEDIUM_40_TO_99,8256.0,8231.58667869339,-24.41332130661067,24.41332130661067,8231.65965,8231.4513,0.20834999999897263,108.97677306661497,0.6497657470067674,0.3502342529932327,PREDICT,
Kr-71,36,35,71,MEDIUM_40_TO_99,8327.131,8319.937567847011,-7.193432152987953,7.193432152987953,8320.049816666666,8310.246233333331,9.803583333334245,129.1848213446385,0.9885502253779942,0.011449774622005894,PREDICT,
Kr-72,36,36,72,MEDIUM_40_TO_99,8429.3193,8418.578037160425,-10.74126283957412,10.74126283957412,8418.891383333334,8391.524366666667,27.36701666666704,129.1848213446385,0.9885502253779942,0.011449774622005894,PREDICT,
Kr-73,36,37,73,MEDIUM_40_TO_99,8460.1847,8462.57523245828,2.3905324582810863,2.3905324582810863,8462.7411,8448.254566666663,14.48653333333641,129.1848213446385,0.9885502253779942,0.011449774622005894,PREDICT,
Kr-74,36,38,74,MEDIUM_40_TO_99,8533.039,8538.814155740487,5.775155740486298,5.775155740486298,8539.211583333334,8504.501066666668,34.71051666666608,129.1848213446385,0.9885502253779942,0.011449774622005894,PREDICT,
Kr-75,36,39,75,MEDIUM_40_TO_99,8553.4399,8553.74058660142,0.30068660142023873,0.30068660142023873,8553.9738,8533.605416666667,20.36838333333253,129.1848213446385,0.9885502253779942,0.011449774622005894,PREDICT,
Kr-76,36,40,76,MEDIUM_40_TO_99,8608.8077,8608.794757163361,-0.012942836638103472,0.012942836638103472,8609.143433333333,8578.690766666667,30.45266666666612,129.1848213446385,0.9885502253779942,0.011449774622005894,PREDICT,
Kr-77,36,41,77,MEDIUM_40_TO_99,8616.837,8616.295771556846,-0.5412284431531589,0.5412284431531589,8616.534383333332,8595.694516666666,20.83986666666533,129.1848213446385,0.9885502253779942,0.011449774622005894,PREDICT,
Kr-78,36,42,78,MEDIUM_40_TO_99,8661.2385,8660.193069192674,-1.045430807325829,1.045430807325829,8660.539466666665,8630.285816666667,30.253649999998743,129.1848213446385,0.9885502253779942,0.011449774622005894,PREDICT,
Kr-79,36,43,79,MEDIUM_40_TO_99,8657.113,8657.982130842305,0.8691308423058217,0.8691308423058217,8658.243499999999,8635.41605,22.827449999998862,129.1848213446385,0.9885502253779942,0.011449774622005894,PREDICT,
Kr-80,36,44,80,MEDIUM_40_TO_99,8692.9301,8693.218524061494,0.2884240614948794,0.2884240614948794,8693.566766666667,8663.151966666666,30.41480000000047,129.1848213446385,0.9885502253779942,0.011449774622005894,PREDICT,
Kr-81,36,45,81,MEDIUM_40_TO_99,8682.8206,8682.414219096452,-0.4063809035469603,0.4063809035469603,8682.661616666664,8661.054416666664,21.607200000000375,129.1848213446385,0.9885502253779942,0.011449774622005894,PREDICT,
Kr-82,36,46,82,MEDIUM_40_TO_99,8710.6754,8711.045552888962,0.3701528889614565,0.3701528889614565,8711.373599999997,8682.722633333335,28.650966666662498,129.1848213446385,0.9885502253779942,0.011449774622005894,PREDICT,
Kr-83,36,47,83,MEDIUM_40_TO_99,8695.7295,8698.627478105935,2.897978105935181,2.897978105935181,8698.856433333334,8678.859950000002,19.996483333332435,129.1848213446385,0.9885502253779942,0.011449774622005894,PREDICT,
Kr-84,36,48,84,MEDIUM_40_TO_99,8717.4473,8723.164277882455,5.716977882455467,5.716977882455467,8723.5066,8693.608883333334,29.897716666666383,129.1848213446385,0.9885502253779942,0.011449774622005894,PREDICT,
Kr-85,36,49,85,MEDIUM_40_TO_99,8698.5633,8697.588780783954,-0.9745192160462466,0.9745192160462466,8697.736266666667,8684.85515,12.881116666667367,129.1848213446385,0.9885502253779942,0.011449774622005894,PREDICT,
Kr-86,36,50,86,MEDIUM_40_TO_99,8712.0295,8699.11667880895,-12.91282119105017,12.91282119105017,8699.208916666666,8691.15305,8.055866666665679,129.1848213446385,0.9885502253779942,0.011449774622005894,PREDICT,
Kr-87,36,51,87,MEDIUM_40_TO_99,8675.284,8669.189675928417,-6.094324071582378,6.094324071582378,8669.339166666665,8656.282949999999,13.056216666665932,129.1848213446385,0.9885502253779942,0.011449774622005894,PREDICT,
Kr-88,36,52,88,MEDIUM_40_TO_99,8656.8499,8663.494841795362,6.6449417953626835,6.6449417953626835,8663.839216666667,8633.762216666666,30.077000000001135,129.1848213446385,0.9885502253779942,0.011449774622005894,PREDICT,
Kr-89,36,53,89,MEDIUM_40_TO_99,8614.8158,8618.343257835644,3.5274578356438724,3.5274578356438724,8618.578633333333,8598.021416666666,20.557216666666136,129.1848213446385,0.9885502253779942,0.011449774622005894,PREDICT,
Kr-90,36,54,90,MEDIUM_40_TO_99,8591.2599,8590.037286157189,-1.2226138428104605,1.2226138428104605,8590.289716666664,8568.242949999996,22.04676666666819,129.1848213446385,0.9885502253779942,0.011449774622005894,PREDICT,
Kr-91,36,55,91,MEDIUM_40_TO_99,8541.7519,8541.529961886119,-0.22193811388024187,0.22193811388024187,8541.73615,8523.7281,18.008050000000367,129.1848213446385,0.9885502253779942,0.011449774622005894,PREDICT,
Kr-92,36,56,92,MEDIUM_40_TO_99,8512.675,8512.187252374177,-0.4877476258225215,0.4877476258225215,8512.440799999997,8490.296466666665,22.144333333331815,129.1848213446385,0.9885502253779942,0.011449774622005894,PREDICT,
Kr-93,36,57,93,MEDIUM_40_TO_99,8458.1085,8457.490648734958,-0.6178512650421908,0.6178512650421908,8457.71875,8437.796849999999,19.921900000001187,129.1848213446385,0.9885502253779942,0.011449774622005894,PREDICT,
Kr-94,36,58,94,MEDIUM_40_TO_99,8424.3318,8424.560072889306,0.22827288930602663,0.22827288930602663,8424.821416666668,8401.996183333331,22.825233333336655,129.1848213446385,0.9885502253779942,0.011449774622005894,PREDICT,
Kr-95,36,59,95,MEDIUM_40_TO_99,8365.9963,8365.649816820303,-0.3464831796973158,0.3464831796973158,8365.856683333332,8347.789383333333,18.067299999998795,129.1848213446385,0.9885502253779942,0.011449774622005894,PREDICT,
Kr-96,36,60,96,MEDIUM_40_TO_99,8330.8721,8330.865121502113,-0.00697849788775784,0.00697849788775784,8331.108699999999,8309.83505,21.27364999999918,129.1848213446385,0.9885502253779942,0.011449774622005894,PREDICT,
Kr-97,36,61,97,MEDIUM_40_TO_99,8269.8645,8271.647748953545,1.7832489535448985,1.7832489535448985,8271.812783333331,8257.399016666666,14.413766666664742,129.1848213446385,0.9885502253779942,0.011449774622005894,PREDICT,
Kr-98,36,62,98,MEDIUM_40_TO_99,8234.0,8227.257643940657,-6.742356059343365,6.742356059343365,8232.43605,8217.6505,14.785550000000512,108.97677306661497,0.6497657470067674,0.3502342529932327,PREDICT,
Kr-99,36,63,99,MEDIUM_40_TO_99,8175.0,8168.517331520043,-6.482668479957283,6.482668479957283,8172.43225,8161.25425,11.177999999999884,108.97677306661497,0.6497657470067674,0.3502342529932327,PREDICT,
Kr-100,36,64,100,HEAVY_100_TO_179,8134.0,8137.1278999999995,3.1278999999994994,3.1278999999994994,8137.1278999999995,8121.129300000002,15.998599999997168,,1.0,0.0,PREDICT,
Kr-101,36,65,101,HEAVY_100_TO_179,8075.0,8080.1355,5.13550000000032,5.13550000000032,8080.1355,8063.488600000001,16.646899999999732,,1.0,0.0,PREDICT,
Rb-71,37,34,71,MEDIUM_40_TO_99,8118.0,8161.887999999999,43.88799999999901,43.88799999999901,8161.887999999999,8167.097400000001,5.209400000001551,,1.0,0.0,PREDICT,
Rb-72,37,35,72,MEDIUM_40_TO_99,8202.0,8256.660301301235,54.66030130123545,54.66030130123545,8277.208499999999,8214.5655,62.64299999999821,107.16041641826473,0.6719793321079433,0.3280206678920567,PREDICT,
Rb-73,37,36,73,MEDIUM_40_TO_99,8305.0821,8294.279184493518,-10.80291550648144,10.80291550648144,8283.1381,8338.46905,55.330949999999575,143.72541860392,0.7986464267554012,0.20135357324459882,PREDICT,
Rb-74,37,37,74,MEDIUM_40_TO_99,8381.7123,8353.431535923195,-28.28076407680419,28.28076407680419,8344.108049999999,8390.412100000001,46.30405000000246,143.72541860392,0.7986464267554012,0.20135357324459882,PREDICT,
Rb-75,37,38,75,MEDIUM_40_TO_99,8448.2762,8442.16090432661,-6.1152956733894825,6.1152956733894825,8441.757783333333,8476.96555,35.20776666666825,129.1848213446385,0.9885502253779942,0.011449774622005894,PREDICT,
Rb-76,37,39,76,MEDIUM_40_TO_99,8486.2161,8491.245743923158,5.029643923158801,5.029643923158801,8491.096333333331,8504.145549999997,13.049216666666325,129.1848213446385,0.9885502253779942,0.011449774622005894,PREDICT,
Rb-77,37,40,77,MEDIUM_40_TO_99,8537.3396,8541.453226448868,4.113626448868672,4.113626448868672,8541.178200000002,8565.19845,24.02024999999776,129.1848213446385,0.9885502253779942,0.011449774622005894,PREDICT,
Rb-78,37,41,78,MEDIUM_40_TO_99,8558.3512,8560.615029755338,2.26382975533852,2.26382975533852,8560.404766666667,8578.768716666664,18.363949999997203,129.1848213446385,0.9885502253779942,0.011449774622005894,PREDICT,
Rb-79,37,42,79,MEDIUM_40_TO_99,8601.1401,8601.660784399557,0.5206843995565578,0.5206843995565578,8601.319749999997,8631.105,29.785250000002634,129.1848213446385,0.9885502253779942,0.011449774622005894,PREDICT,
Rb-80,37,43,80,MEDIUM_40_TO_99,8611.676,8610.352752459396,-1.3232475406039157,1.3232475406039157,8610.112383333333,8631.105733333332,20.993349999998827,129.1848213446385,0.9885502253779942,0.011449774622005894,PREDICT,
Rb-81,37,44,81,MEDIUM_40_TO_99,8645.5139,8645.458021401886,-0.055878598113849876,0.055878598113849876,8645.109400000001,8675.557283333332,30.447883333330537,129.1848213446385,0.9885502253779942,0.011449774622005894,PREDICT,
Rb-82,37,45,82,MEDIUM_40_TO_99,8647.4275,8649.626465595758,2.1989655957586365,2.1989655957586365,8649.3915,8669.912916666666,20.521416666666482,129.1848213446385,0.9885502253779942,0.011449774622005894,PREDICT,
Rb-83,37,46,83,MEDIUM_40_TO_99,8675.2193,8676.938695564124,1.7193955641232606,1.7193955641232606,8676.616266666666,8704.776550000002,28.160283333336338,129.1848213446385,0.9885502253779942,0.011449774622005894,PREDICT,
Rb-84,37,47,84,MEDIUM_40_TO_99,8676.2244,8680.907358028615,4.682958028615758,4.682958028615758,8680.754033333333,8694.1451,13.39106666666703,129.1848213446385,0.9885502253779942,0.011449774622005894,PREDICT,
Rb-85,37,48,85,MEDIUM_40_TO_99,8697.4416,8706.043186355897,8.60158635589687,8.60158635589687,8705.851833333334,8722.564216666664,16.712383333329853,129.1848213446385,0.9885502253779942,0.011449774622005894,PREDICT,
Rb-86,37,49,86,MEDIUM_40_TO_99,8696.9014,8691.945925609201,-4.9554743907992815,4.9554743907992815,8691.734250000001,8710.221566666665,18.4873166666639,129.1848213446385,0.9885502253779942,0.011449774622005894,PREDICT,
Rb-87,37,50,87,MEDIUM_40_TO_99,8710.9843,8694.39064482906,-16.59365517094011,16.59365517094011,8693.957166666667,8731.816266666665,37.85909999999785,129.1848213446385,0.9885502253779942,0.011449774622005894,PREDICT,
Rb-88,37,51,88,MEDIUM_40_TO_99,8681.1154,8678.260609771802,-2.854790228198908,2.854790228198908,8678.010583333335,8699.847383333336,21.83680000000095,129.1848213446385,0.9885502253779942,0.011449774622005894,PREDICT,
Rb-89,37,52,89,MEDIUM_40_TO_99,8664.1895,8672.798894416037,8.609394416036594,8.609394416036594,8672.637183333332,8686.760700000003,14.123516666670184,129.1848213446385,0.9885502253779942,0.011449774622005894,PREDICT,
Rb-90,37,53,90,MEDIUM_40_TO_99,8631.5262,8635.561131337265,4.034931337264425,4.034931337264425,8635.4143,8648.238249999999,12.823949999998149,129.1848213446385,0.9885502253779942,0.011449774622005894,PREDICT,
Rb-91,37,54,91,MEDIUM_40_TO_99,8607.5621,8608.461463390482,0.8993633904829039,0.8993633904829039,8608.210099999998,8630.163666666664,21.95356666666521,129.1848213446385,0.9885502253779942,0.011449774622005894,PREDICT,
Rb-92,37,55,92,MEDIUM_40_TO_99,8569.4225,8568.06838848756,-1.3541115124407952,1.3541115124407952,8567.85845,8586.19405,18.33560000000034,129.1848213446385,0.9885502253779942,0.011449774622005894,PREDICT,
Rb-93,37,56,93,MEDIUM_40_TO_99,8540.9209,8538.726447126419,-2.1944528735803033,2.1944528735803033,8538.443083333334,8563.1915,24.748416666667254,129.1848213446385,0.9885502253779942,0.011449774622005894,PREDICT,
Rb-94,37,57,94,MEDIUM_40_TO_99,8492.7644,8492.072131787112,-0.6922682128879387,0.6922682128879387,8491.836599999999,8512.407466666666,20.570866666666916,129.1848213446385,0.9885502253779942,0.011449774622005894,PREDICT,
Rb-95,37,58,95,MEDIUM_40_TO_99,8460.1967,8461.175367875892,0.9786678758919152,0.9786678758919152,8460.928216666664,8482.513900000002,21.58568333333824,129.1848213446385,0.9885502253779942,0.011449774622005894,PREDICT,
Rb-96,37,59,96,MEDIUM_40_TO_99,8408.8963,8413.506188172521,4.609888172521096,4.609888172521096,8413.340699999999,8427.794100000001,14.453400000002148,129.1848213446385,0.9885502253779942,0.011449774622005894,PREDICT,
Rb-97,37,60,97,MEDIUM_40_TO_99,8376.1872,8379.358733923556,3.171533923556126,3.171533923556126,8379.1491,8397.4581,18.308999999999287,129.1848213446385,0.9885502253779942,0.011449774622005894,PREDICT,
Rb-98,37,61,98,MEDIUM_40_TO_99,8330.7294,8328.205480031169,-2.523919968831251,2.523919968831251,8328.018416666666,8344.35615,16.337733333333745,129.1848213446385,0.9885502253779942,0.011449774622005894,PREDICT,
Rb-99,37,62,99,MEDIUM_40_TO_99,8295.301,8293.093517451185,-2.207482548814369,2.207482548814369,8292.87555,8311.912383333332,19.036833333331742,129.1848213446385,0.9885502253779942,0.011449774622005894,PREDICT,
Rb-100,37,63,100,HEAVY_100_TO_179,8244.5085,8244.686027933401,0.17752793340150674,0.17752793340150674,8244.666416666669,8258.174533333331,13.508116666662318,51.9593470315762,0.9985481864558057,0.001451813544194288,PREDICT,
Rb-101,37,64,101,HEAVY_100_TO_179,8206.1753,8204.144767260103,-2.0305327398982627,2.0305327398982627,8203.6505,8212.610649999999,8.960149999998976,50.0,0.944837166777025,0.05516283322297499,PREDICT,
Rb-102,37,65,102,HEAVY_100_TO_179,8152.7443,8151.181527515437,-1.5627724845635385,1.5627724845635385,8150.75425,8158.5,7.745750000000044,50.0,0.944837166777025,0.05516283322297499,PREDICT,
Rb-103,37,66,103,HEAVY_100_TO_179,8112.0,8117.049600000002,5.049600000002101,5.049600000002101,8117.049600000002,8150.0,32.9503999999979,,1.0,0.0,PREDICT,
Rb-104,37,67,104,HEAVY_100_TO_179,8057.0,8060.980100000001,3.980100000000675,3.980100000000675,8060.980100000001,8089.0,28.019899999999325,,1.0,0.0,PREDICT,
Sr-73,38,35,73,MEDIUM_40_TO_99,8102.0,8157.1044,55.10440000000017,55.10440000000017,8157.1044,8076.869000000001,80.23539999999957,,1.0,0.0,PREDICT,
Sr-74,38,36,74,MEDIUM_40_TO_99,8221.0,8258.003451795399,37.00345179539909,37.00345179539909,8287.761700000001,8197.04105,90.72065000000111,107.16041641826473,0.6719793321079433,0.3280206678920567,PREDICT,
Sr-75,38,37,75,MEDIUM_40_TO_99,8296.5116,8271.305440955624,-25.206159044375454,25.206159044375454,8268.9594,8280.61075,11.651350000000093,143.72541860392,0.7986464267554012,0.20135357324459882,PREDICT,
Sr-76,38,38,76,MEDIUM_40_TO_99,8393.9294,8361.04436639465,-32.885033605351055,32.885033605351055,8360.54855,8363.010966666667,2.4624166666671954,143.72541860392,0.7986464267554012,0.20135357324459882,PREDICT,
Sr-77,38,39,77,MEDIUM_40_TO_99,8435.9188,8431.88237646458,-4.03642353541909,4.03642353541909,8432.019183333332,8420.070749999999,11.948433333333014,129.1848213446385,0.9885502253779942,0.011449774622005894,PREDICT,
Sr-78,38,40,78,MEDIUM_40_TO_99,8500.0971,8505.200218214817,5.103118214816277,5.103118214816277,8505.564166666667,8473.77765,31.786516666667012,129.1848213446385,0.9885502253779942,0.011449774622005894,PREDICT,
Sr-79,38,41,79,MEDIUM_40_TO_99,8523.8558,8526.133997157083,2.2781971570839232,2.2781971570839232,8526.362333333334,8506.419916666664,19.942416666670397,129.1848213446385,0.9885502253779942,0.011449774622005894,PREDICT,
Sr-80,38,42,80,MEDIUM_40_TO_99,8578.5966,8578.311880658177,-0.2847193418238021,0.2847193418238021,8578.636966666665,8550.244616666667,28.39234999999826,129.1848213446385,0.9885502253779942,0.011449774622005894,PREDICT,
Sr-81,38,43,81,MEDIUM_40_TO_99,8587.3545,8589.341934952816,1.9874349528163293,1.9874349528163293,8589.56925,8569.716016666665,19.853233333335083,129.1848213446385,0.9885502253779942,0.011449774622005894,PREDICT,
Sr-82,38,44,82,MEDIUM_40_TO_99,8635.719,8635.63520656081,-0.08379343918932136,0.08379343918932136,8635.980916666666,8605.7873,30.193616666665548,129.1848213446385,0.9885502253779942,0.011449774622005894,PREDICT,
Sr-83,38,45,83,MEDIUM_40_TO_99,8638.4076,8636.95391084837,-1.453689151630897,1.453689151630897,8637.200516666666,8615.662466666665,21.53805000000102,129.1848213446385,0.9885502253779942,0.011449774622005894,PREDICT,
Sr-84,38,46,84,MEDIUM_40_TO_99,8677.5132,8677.247677999032,-0.265522000967394,0.265522000967394,8677.585,8648.123983333335,29.461016666664364,129.1848213446385,0.9885502253779942,0.011449774622005894,PREDICT,
Sr-85,38,47,85,MEDIUM_40_TO_99,8675.7193,8679.94524357231,4.225943572309916,4.225943572309916,8680.216350000002,8656.538466666665,23.677883333337377,129.1848213446385,0.9885502253779942,0.011449774622005894,PREDICT,
Sr-86,38,48,86,MEDIUM_40_TO_99,8708.4566,8717.731309411223,9.27470941122374,9.27470941122374,8718.118783333332,8684.2776,33.84118333333208,129.1848213446385,0.9885502253779942,0.011449774622005894,PREDICT,
Sr-87,38,49,87,MEDIUM_40_TO_99,8705.2363,8703.897869835126,-1.3384301648748078,1.3384301648748078,8704.047616666667,8690.969033333331,13.0785833333357,129.1848213446385,0.9885502253779942,0.011449774622005894,PREDICT,
Sr-88,38,50,88,MEDIUM_40_TO_99,8732.5958,8715.211582784907,-17.384217215092576,17.384217215092576,8715.237233333331,8712.996966666668,2.240266666663956,129.1848213446385,0.9885502253779942,0.011449774622005894,PREDICT,
Sr-89,38,51,89,MEDIUM_40_TO_99,8705.923,8697.878568075825,-8.044431924176024,8.044431924176024,8697.990333333331,8688.228983333334,9.761349999997037,129.1848213446385,0.9885502253779942,0.011449774622005894,PREDICT,
Sr-90,38,52,90,MEDIUM_40_TO_99,8696.0043,8703.61612882154,7.611828821540257,7.611828821540257,8703.953366666665,8674.4997,29.453666666664503,129.1848213446385,0.9885502253779942,0.011449774622005894,PREDICT,
Sr-91,38,53,91,MEDIUM_40_TO_99,8663.8759,8669.829715579435,5.9538155794361955,5.9538155794361955,8670.086366666668,8647.670983333333,22.41538333333483,129.1848213446385,0.9885502253779942,0.011449774622005894,PREDICT,
Sr-92,38,54,92,MEDIUM_40_TO_99,8648.907,8650.662955794169,1.7559557941694948,1.7559557941694948,8650.925816666666,8627.968083333331,22.957733333334545,129.1848213446385,0.9885502253779942,0.011449774622005894,PREDICT,
Sr-93,38,55,93,MEDIUM_40_TO_99,8612.7875,8612.174232439784,-0.6132675602166273,0.6132675602166273,8612.346950000001,8597.26215,15.084800000000541,129.1848213446385,0.9885502253779942,0.011449774622005894,PREDICT,
Sr-94,38,56,94,MEDIUM_40_TO_99,8593.8344,8589.58673314764,-4.2476668523595436,4.2476668523595436,8589.7836,8572.589650000002,17.19394999999895,129.1848213446385,0.9885502253779942,0.011449774622005894,PREDICT,
Sr-95,38,57,95,MEDIUM_40_TO_99,8549.0875,8545.19509850649,-3.892401493509169,3.892401493509169,8545.3577,8531.156416666665,14.201283333335596,129.1848213446385,0.9885502253779942,0.011449774622005894,PREDICT,
Sr-96,38,58,96,MEDIUM_40_TO_99,8521.2041,8522.603836689103,1.399736689101701,1.399736689101701,8522.8639,8500.150500000002,22.713399999998728,129.1848213446385,0.9885502253779942,0.011449774622005894,PREDICT,
Sr-97,38,59,97,MEDIUM_40_TO_99,8471.8489,8477.869973443412,6.0210734434112965,6.0210734434112965,8478.152566666664,8453.471450000001,24.681116666663,129.1848213446385,0.9885502253779942,0.011449774622005894,PREDICT,
Sr-98,38,60,98,MEDIUM_40_TO_99,8445.7385,8447.846133002282,2.107633002282455,2.107633002282455,8448.09425,8426.424216666668,21.670033333331958,129.1848213446385,0.9885502253779942,0.011449774622005894,PREDICT,
Sr-99,38,61,99,MEDIUM_40_TO_99,8402.5235,8399.077733777043,-3.445766222956081,3.445766222956081,8399.212083333332,8387.478266666669,11.733816666663188,129.1848213446385,0.9885502253779942,0.011449774622005894,PREDICT,
Sr-100,38,62,100,HEAVY_100_TO_179,8372.2012,8370.084943134856,-2.1162568651434412,2.1162568651434412,8370.105849999996,8355.705333333333,14.400516666662952,51.9593470315762,0.9985481864558057,0.001451813544194288,PREDICT,
Sr-101,38,63,101,HEAVY_100_TO_179,8324.7411,8325.68589045211,0.9447904521111923,0.9447904521111923,8325.707516666665,8310.811516666667,14.895999999998821,51.9593470315762,0.9985481864558057,0.001451813544194288,PREDICT,
Sr-102,38,64,102,HEAVY_100_TO_179,8291.2213,8292.154936115165,0.9336361151654273,0.9336361151654273,8292.177716666667,8276.486616666667,15.691100000000006,51.9593470315762,0.9985481864558057,0.001451813544194288,PREDICT,
Sr-103,38,65,103,HEAVY_100_TO_179,8242.0,8241.221261494442,-0.7787385055580671,0.7787385055580671,8241.24015,8228.229866666667,13.010283333333064,51.9593470315762,0.9985481864558057,0.001451813544194288,PREDICT,
Sr-104,38,66,104,HEAVY_100_TO_179,8206.0,8201.749522317547,-4.250477682453493,4.250477682453493,8202.610649999999,8187.0,15.610649999998714,50.0,0.944837166777025,0.05516283322297499,PREDICT,
Sr-105,38,67,105,HEAVY_100_TO_179,8152.0,8148.755301751489,-3.2446982485107583,3.2446982485107583,8149.5,8136.0,13.5,50.0,0.944837166777025,0.05516283322297499,PREDICT,
Sr-106,38,68,106,HEAVY_100_TO_179,8114.0,8120.778700000001,6.778700000000754,6.778700000000754,8120.778700000001,8103.0,17.778700000000754,,1.0,0.0,PREDICT,
Sr-107,38,69,107,HEAVY_100_TO_179,8057.0,8062.0,5.0,5.0,8062.0,8054.0,8.0,,1.0,0.0,PREDICT,
Y-75,39,36,75,MEDIUM_40_TO_99,8089.0,8139.2212,50.22119999999995,50.22119999999995,8139.2212,8136.9179,2.303299999999581,,1.0,0.0,PREDICT,
Y-76,39,37,76,MEDIUM_40_TO_99,8173.0,8224.709299517432,51.709299517431646,51.709299517431646,8243.7241,8185.7558,57.968299999999545,107.16041641826473,0.6719793321079433,0.3280206678920567,PREDICT,
Y-77,39,38,77,MEDIUM_40_TO_99,8278.0,8263.631780927244,-14.368219072755892,14.368219072755892,8252.8894,8306.240233333334,53.35083333333387,143.72541860392,0.7986464267554012,0.20135357324459882,PREDICT,
Y-78,39,39,78,MEDIUM_40_TO_99,8349.0,8323.458346338928,-25.541653661071905,25.541653661071905,8313.63795,8362.40985,48.77189999999973,143.72541860392,0.7986464267554012,0.20135357324459882,PREDICT,
Y-79,39,40,79,MEDIUM_40_TO_99,8416.7788,8412.54487083793,-4.233929162070126,4.233929162070126,8412.159216666667,8445.841466666665,33.68224999999802,129.1848213446385,0.9885502253779942,0.011449774622005894,PREDICT,
Y-80,39,41,80,MEDIUM_40_TO_99,8454.2759,8458.822419029124,4.546519029123374,4.546519029123374,8458.7206,8467.613266666669,8.892666666668447,129.1848213446385,0.9885502253779942,0.011449774622005894,PREDICT,
Y-81,39,42,81,MEDIUM_40_TO_99,8505.9031,8509.534003847984,3.6309038479848823,3.6309038479848823,8509.265833333333,8532.687300000001,23.421466666668493,129.1848213446385,0.9885502253779942,0.011449774622005894,PREDICT,
Y-82,39,43,82,MEDIUM_40_TO_99,8529.2762,8530.309863660548,1.0336636605479725,1.0336636605479725,8530.133183333332,8545.564083333333,15.430900000001202,129.1848213446385,0.9885502253779942,0.011449774622005894,PREDICT,
Y-83,39,44,83,MEDIUM_40_TO_99,8573.6571,8574.431460328584,0.7743603285834979,0.7743603285834979,8574.09715,8603.295133333335,29.197983333335287,129.1848213446385,0.9885502253779942,0.011449774622005894,PREDICT,
Y-84,39,45,84,MEDIUM_40_TO_99,8587.7812,8589.241778396312,1.460578396312485,1.460578396312485,8589.001083333333,8610.0229,21.02181666666729,129.1848213446385,0.9885502253779942,0.011449774622005894,PREDICT,
Y-85,39,46,85,MEDIUM_40_TO_99,8628.1486,8629.331014902467,1.1824149024669168,1.1824149024669168,8629.015783333336,8656.547466666663,27.531683333327237,129.1848213446385,0.9885502253779942,0.011449774622005894,PREDICT,
Y-86,39,47,86,MEDIUM_40_TO_99,8638.4293,8643.277071849474,4.847771849474157,4.847771849474157,8643.104866666668,8658.144916666668,15.04004999999961,129.1848213446385,0.9885502253779942,0.011449774622005894,PREDICT,
Y-87,39,48,87,MEDIUM_40_TO_99,8674.8451,8685.147103743006,10.302003743005116,10.302003743005116,8685.006533333333,8697.283666666666,12.27713333333304,129.1848213446385,0.9885502253779942,0.011449774622005894,PREDICT,
Y-88,39,49,88,MEDIUM_40_TO_99,8682.5396,8679.84592346332,-2.6936765366808686,2.6936765366808686,8679.642966666665,8697.3688,17.725833333335686,129.1848213446385,0.9885502253779942,0.011449774622005894,PREDICT,
Y-89,39,50,89,MEDIUM_40_TO_99,8714.011,8694.114286138374,-19.896713861626267,19.896713861626267,8693.682466666665,8731.396699999998,37.71423333333223,129.1848213446385,0.9885502253779942,0.011449774622005894,PREDICT,
Y-90,39,51,90,MEDIUM_40_TO_99,8693.3778,8686.143677749427,-7.234122250572909,7.234122250572909,8685.879983333334,8708.910516666667,23.03053333333264,129.1848213446385,0.9885502253779942,0.011449774622005894,PREDICT,
Y-91,39,52,91,MEDIUM_40_TO_99,8684.9421,8695.413351928655,10.471251928654965,10.471251928654965,8695.309350000001,8704.392666666667,9.083316666665269,129.1848213446385,0.9885502253779942,0.011449774622005894,PREDICT,
Y-92,39,53,92,MEDIUM_40_TO_99,8661.5894,8668.888416501586,7.299016501585356,7.299016501585356,8668.795316666667,8676.926466666664,8.131149999997433,129.1848213446385,0.9885502253779942,0.011449774622005894,PREDICT,
Y-93,39,54,93,MEDIUM_40_TO_99,8648.9054,8650.890515950328,1.9851159503286908,1.9851159503286908,8650.692233333333,8668.009833333332,17.317599999998492,129.1848213446385,0.9885502253779942,0.011449774622005894,PREDICT,
Y-94,39,55,94,MEDIUM_40_TO_99,8622.8068,8622.35817857969,-0.4486214203097916,0.4486214203097916,8622.178533333336,8637.868383333334,15.689849999998842,129.1848213446385,0.9885502253779942,0.011449774622005894,PREDICT,
Y-95,39,56,95,MEDIUM_40_TO_99,8604.9644,8600.263526783565,-4.700873216435866,4.700873216435866,8599.972016666667,8625.431916666666,25.459899999999834,129.1848213446385,0.9885502253779942,0.011449774622005894,PREDICT,
Y-96,39,57,96,MEDIUM_40_TO_99,8569.4269,8563.717881933491,-5.709018066509088,5.709018066509088,8563.447916666668,8587.026133333331,23.57821666666314,129.1848213446385,0.9885502253779942,0.011449774622005894,PREDICT,
Y-97,39,58,97,MEDIUM_40_TO_99,8541.4616,8544.270014191292,2.8084141912913765,2.8084141912913765,8544.066149999999,8561.871233333335,17.80508333333637,129.1848213446385,0.9885502253779942,0.011449774622005894,PREDICT,
Y-98,39,59,98,MEDIUM_40_TO_99,8497.6162,8506.862329286321,9.246129286320866,9.246129286320866,8506.774,8514.488500000001,7.714500000001863,129.1848213446385,0.9885502253779942,0.011449774622005894,PREDICT,
Y-99,39,60,99,MEDIUM_40_TO_99,8476.6938,8478.764499095716,2.0706990957169182,2.0706990957169182,8478.595066666665,8493.392949999998,14.79788333333272,129.1848213446385,0.9885502253779942,0.011449774622005894,PREDICT,
Y-100,39,61,100,HEAVY_100_TO_179,8439.4151,8435.143714175045,-4.27138582495536,4.27138582495536,8435.117783333333,8452.978783333332,17.860999999998967,51.9593470315762,0.9985481864558057,0.001451813544194288,PREDICT,
Y-101,39,62,101,HEAVY_100_TO_179,8413.3305,8412.331349952772,-0.9991500472278858,0.9991500472278858,8412.307999999997,8428.3913,16.083300000002055,51.9593470315762,0.9985481864558057,0.001451813544194288,PREDICT,
Y-102,39,63,102,HEAVY_100_TO_179,8371.9172,8372.856999825219,0.93979982521887,0.93979982521887,8372.840699999999,8384.067916666665,11.227216666666209,51.9593470315762,0.9985481864558057,0.001451813544194288,PREDICT,
Y-103,39,64,103,HEAVY_100_TO_179,8342.6336,8341.126393191553,-1.5072068084464263,1.5072068084464263,8341.1047,8356.046833333334,14.942133333333913,51.9593470315762,0.9985481864558057,0.001451813544194288,PREDICT,
Y-104,39,65,104,HEAVY_100_TO_179,8298.0,8296.560945985095,-1.4390540149051958,1.4390540149051958,8296.542283333332,8309.396999999999,12.854716666666718,51.9593470315762,0.9985481864558057,0.001451813544194288,PREDICT,
Y-105,39,66,105,HEAVY_100_TO_179,8262.0,8263.387812958936,1.3878129589356831,1.3878129589356831,8263.367316666667,8277.485033333334,14.117716666667548,51.9593470315762,0.9985481864558057,0.001451813544194288,PREDICT,
Y-106,39,67,106,HEAVY_100_TO_179,8215.0,8213.717491807145,-1.282508192854948,1.282508192854948,8213.5,8226.889933333332,13.38993333333201,52.34850290839312,0.9837570657200194,0.016242934279980505,PREDICT,
Y-107,39,68,107,HEAVY_100_TO_179,8178.0,8175.941302665784,-2.058697334216049,2.058697334216049,8175.5,8183.5,8.0,50.0,0.944837166777025,0.05516283322297499,PREDICT,
Y-108,39,69,108,HEAVY_100_TO_179,8129.0,8131.858950748553,2.8589507485530703,2.8589507485530703,8132.0,8130.5,1.5,50.0,0.9059671657025805,0.09403283429741938,PREDICT,
Y-109,39,70,109,HEAVY_100_TO_179,8089.0,8094.0,5.0,5.0,8094.0,8119.0,25.0,,1.0,0.0,PREDICT,
Zr-77,40,37,77,MEDIUM_40_TO_99,8075.0,8138.848099999999,63.84809999999925,63.84809999999925,8138.848099999999,8049.4884,89.35969999999907,,1.0,0.0,PREDICT,
Zr-78,40,38,78,MEDIUM_40_TO_99,8194.0,8234.180532329676,40.18053232967577,40.18053232967577,8264.5334,8172.0,92.53340000000026,107.16041641826473,0.6719793321079433,0.3280206678920567,PREDICT,
Zr-79,40,39,79,MEDIUM_40_TO_99,8267.0,8238.419275068547,-28.580724931453005,28.580724931453005,8235.07595,8251.6802,16.60425000000032,143.72541860392,0.7986464267554012,0.20135357324459882,PREDICT,
Zr-80,40,40,80,MEDIUM_40_TO_99,8365.0,8330.324551276582,-34.6754487234175,34.6754487234175,8329.7333,8332.669683333334,2.9363833333336515,143.72541860392,0.7986464267554012,0.20135357324459882,PREDICT,
Zr-81,40,41,81,MEDIUM_40_TO_99,8395.1519,8396.9495165256,1.7976165255986416,1.7976165255986416,8397.093233333335,8384.5413,12.551933333334091,129.1848213446385,0.9885502253779942,0.011449774622005894,PREDICT,
Zr-82,40,42,82,MEDIUM_40_TO_99,8465.4666,8474.273273431154,8.806673431154195,8.806673431154195,8474.678016666667,8439.328566666667,35.349449999999706,129.1848213446385,0.9885502253779942,0.011449774622005894,PREDICT,
Zr-83,40,43,83,MEDIUM_40_TO_99,8488.3997,8490.816424070023,2.4167240700226102,2.4167240700226102,8491.01845,8473.373916666666,17.64453333333404,129.1848213446385,0.9885502253779942,0.011449774622005894,PREDICT,
Zr-84,40,44,84,MEDIUM_40_TO_99,8549.0301,8547.519683919028,-1.5104160809714813,1.5104160809714813,8547.840283333331,8519.839783333333,28.000499999998283,129.1848213446385,0.9885502253779942,0.011449774622005894,PREDICT,
Zr-85,40,45,85,MEDIUM_40_TO_99,8564.0394,8563.049796860247,-0.9896031397529441,0.9896031397529441,8563.279733333331,8543.19755,20.08218333333025,129.1848213446385,0.9885502253779942,0.011449774622005894,PREDICT,
Zr-86,40,46,86,MEDIUM_40_TO_99,8614.0523,8613.818631870241,-0.23366812975837092,0.23366812975837092,8614.136583333333,8586.36735,27.769233333332522,129.1848213446385,0.9885502253779942,0.011449774622005894,PREDICT,
Zr-87,40,47,87,MEDIUM_40_TO_99,8623.6545,8627.72075580224,4.066255802239539,4.066255802239539,8627.998166666668,8603.769666666667,24.228500000001077,129.1848213446385,0.9885502253779942,0.011449774622005894,PREDICT,
Zr-88,40,48,88,MEDIUM_40_TO_99,8666.0339,8675.36136197844,9.327461978438805,9.327461978438805,8675.730066666667,8643.528150000002,32.201916666665056,129.1848213446385,0.9885502253779942,0.011449774622005894,PREDICT,
Zr-89,40,49,89,MEDIUM_40_TO_99,8673.3865,8671.869434416942,-1.5170655830588657,1.5170655830588657,8672.036250000001,8657.466916666668,14.569333333332906,129.1848213446385,0.9885502253779942,0.011449774622005894,PREDICT,
Zr-90,40,50,90,MEDIUM_40_TO_99,8709.9699,8692.323543540138,-17.646356459861636,17.646356459861636,8692.332483333334,8691.5517,0.7807833333336021,129.1848213446385,0.9885502253779942,0.011449774622005894,PREDICT,
Zr-91,40,51,91,MEDIUM_40_TO_99,8693.3149,8685.373748659624,-7.941151340375654,7.941151340375654,8685.46365,8677.61185,7.851800000000367,129.1848213446385,0.9885502253779942,0.011449774622005894,PREDICT,
Zr-92,40,52,92,MEDIUM_40_TO_99,8692.6783,8700.634223695508,7.955923695508318,7.955923695508318,8700.953966666668,8673.028266666666,27.925700000001598,129.1848213446385,0.9885502253779942,0.011449774622005894,PREDICT,
Zr-93,40,53,93,MEDIUM_40_TO_99,8671.6207,8678.151378022332,6.530678022332722,6.530678022332722,8678.42075,8654.89435,23.52639999999883,129.1848213446385,0.9885502253779942,0.011449774622005894,PREDICT,
Zr-94,40,54,94,MEDIUM_40_TO_99,8666.8016,8669.844280801697,3.042680801696406,3.042680801696406,8670.109683333332,8646.929966666667,23.179716666665627,129.1848213446385,0.9885502253779942,0.011449774622005894,PREDICT,
Zr-95,40,55,95,MEDIUM_40_TO_99,8643.5924,8644.592854123977,1.000454123977761,1.000454123977761,8644.802616666666,8626.482383333332,18.320233333333817,129.1848213446385,0.9885502253779942,0.011449774622005894,PREDICT,
Zr-96,40,56,96,MEDIUM_40_TO_99,8635.3283,8629.488644432071,-5.839655567928276,5.839655567928276,8629.669183333333,8613.901283333335,15.767899999998917,129.1848213446385,0.9885502253779942,0.011449774622005894,PREDICT,
Zr-97,40,57,97,MEDIUM_40_TO_99,8603.7182,8595.50482867673,-8.213371323268802,8.213371323268802,8595.634166666667,8584.33805,11.296116666666421,129.1848213446385,0.9885502253779942,0.011449774622005894,PREDICT,
Zr-98,40,58,98,MEDIUM_40_TO_99,8581.3984,8582.505463283393,1.1070632833925629,1.1070632833925629,8582.774000000001,8559.320550000002,23.453449999999066,129.1848213446385,0.9885502253779942,0.011449774622005894,PREDICT,
Zr-99,40,59,99,MEDIUM_40_TO_99,8539.225,8547.852238573745,8.627238573744762,8.627238573744762,8548.13705,8523.262200000001,24.874849999998332,129.1848213446385,0.9885502253779942,0.011449774622005894,PREDICT,
Zr-100,40,60,100,HEAVY_100_TO_179,8522.1066,8525.491586408532,3.384986408533223,3.384986408533223,8525.5209,8505.329883333332,20.191016666667565,51.9593470315762,0.9985481864558057,0.001451813544194288,PREDICT,
Zr-101,40,61,101,HEAVY_100_TO_179,8485.8439,8482.971533153157,-2.8723668468428514,2.8723668468428514,8482.986433333333,8472.723283333333,10.263150000000678,51.9593470315762,0.9985481864558057,0.001451813544194288,PREDICT,
Zr-102,40,62,102,HEAVY_100_TO_179,8466.294,8464.362636529415,-1.9313634705849836,1.9313634705849836,8464.381933333334,8451.090416666666,13.29151666666803,51.9593470315762,0.9985481864558057,0.001451813544194288,PREDICT,
Zr-103,40,63,103,HEAVY_100_TO_179,8425.8337,8425.739449552637,-0.09425044736235577,0.09425044736235577,8425.757099999999,8413.599583333333,12.157516666666197,51.9593470315762,0.9985481864558057,0.001451813544194288,PREDICT,
Zr-104,40,64,104,HEAVY_100_TO_179,8402.3159,8401.658027355379,-0.657872644620511,0.657872644620511,8401.678233333334,8387.760483333332,13.917750000002343,51.9593470315762,0.9985481864558057,0.001451813544194288,PREDICT,
Zr-105,40,65,105,HEAVY_100_TO_179,8358.598,8358.231872868408,-0.36612713159229315,0.36612713159229315,8358.248483333333,8346.8073,11.441183333332447,51.9593470315762,0.9985481864558057,0.001451813544194288,PREDICT,
Zr-106,40,66,106,HEAVY_100_TO_179,8330.0,8330.6384269991,0.6384269990994653,0.6384269990994653,8330.661600000001,8314.700183333334,15.961416666666992,51.9593470315762,0.9985481864558057,0.001451813544194288,PREDICT,
Zr-107,40,67,107,HEAVY_100_TO_179,8284.0,8284.40767115053,0.4076711505294952,0.4076711505294952,8284.426383333332,8271.53755,12.888833333332514,51.9593470315762,0.9985481864558057,0.001451813544194288,PREDICT,
Zr-108,40,68,108,HEAVY_100_TO_179,8253.0,8253.424736963581,0.42473696358138113,0.42473696358138113,8253.447349999999,8237.871633333334,15.575716666664448,51.9593470315762,0.9985481864558057,0.001451813544194288,PREDICT,
Zr-109,40,69,109,HEAVY_100_TO_179,8204.0,8203.71971657747,-0.2802834225294646,0.2802834225294646,8203.733666666667,8194.124933333333,9.608733333334385,51.9593470315762,0.9985481864558057,0.001451813544194288,PREDICT,
Zr-110,40,70,110,HEAVY_100_TO_179,8171.0,8166.393208834547,-4.606791165452705,4.606791165452705,8167.0,8156.0,11.0,50.0,0.944837166777025,0.05516283322297499,PREDICT,
Zr-111,40,71,111,HEAVY_100_TO_179,8118.0,8115.5,-2.5,2.5,8115.5,8110.0,5.5,,1.0,0.0,PREDICT,
Zr-112,40,72,112,HEAVY_100_TO_179,8081.0,8089.0,8.0,8.0,8089.0,8067.0,22.0,,1.0,0.0,PREDICT,
Zr-113,40,73,113,HEAVY_100_TO_179,8027.0,8032.0,5.0,5.0,8032.0,8021.0,11.0,,1.0,0.0,PREDICT,
Nb-79,41,38,79,MEDIUM_40_TO_99,8066.0,8117.0111,51.011099999999715,51.011099999999715,8117.0111,8110.0,7.011099999999715,,1.0,0.0,PREDICT,
Nb-80,41,39,80,MEDIUM_40_TO_99,8151.0,8191.104425107724,40.10442510772373,40.10442510772373,8206.0437,8160.5,45.54370000000017,107.16041641826473,0.6719793321079433,0.3280206678920567,PREDICT,
Nb-81,41,40,81,MEDIUM_40_TO_99,8248.0,8233.141171200488,-14.858828799511684,14.858828799511684,8222.49445,8275.3702,52.87574999999924,143.72541860392,0.7986464267554012,0.20135357324459882,PREDICT,
Nb-82,41,41,82,MEDIUM_40_TO_99,8312.0,8292.380029357695,-19.619970642304907,19.619970642304907,8284.478149999999,8323.72195,39.24380000000019,143.72541860392,0.7986464267554012,0.20135357324459882,PREDICT,
Nb-83,41,42,83,MEDIUM_40_TO_99,8378.9889,8378.50947052388,-0.4794294761195488,0.4794294761195488,8378.181483333332,8406.827216666667,28.645733333334647,129.1848213446385,0.9885502253779942,0.011449774622005894,PREDICT,
Nb-84,41,43,84,MEDIUM_40_TO_99,8417.9563,8422.35568560298,4.399385602981056,4.399385602981056,8422.248516666667,8431.608433333335,9.359916666668141,129.1848213446385,0.9885502253779942,0.011449774622005894,PREDICT,
Nb-85,41,44,85,MEDIUM_40_TO_99,8473.7117,8476.658053231973,2.946353231973262,2.946353231973262,8476.361466666665,8502.264733333333,25.90326666666806,129.1848213446385,0.9885502253779942,0.011449774622005894,PREDICT,
Nb-86,41,45,86,MEDIUM_40_TO_99,8502.2231,8502.889651499278,0.6665514992782846,0.6665514992782846,8502.675566666667,8521.373300000001,18.697733333334327,129.1848213446385,0.9885502253779942,0.011449774622005894,PREDICT,
Nb-87,41,46,87,MEDIUM_40_TO_99,8551.7579,8552.345885503291,0.5879855032908381,0.5879855032908381,8552.038866666666,8578.853266666665,26.814399999999296,129.1848213446385,0.9885502253779942,0.011449774622005894,PREDICT,
Nb-88,41,47,88,MEDIUM_40_TO_99,8572.4013,8577.184912133942,4.78361213394237,4.78361213394237,8577.011833333332,8592.128183333334,15.116350000002058,129.1848213446385,0.9885502253779942,0.011449774622005894,PREDICT,
Nb-89,41,48,89,MEDIUM_40_TO_99,8616.8184,8625.622669147853,8.80426914785312,8.80426914785312,8625.4547,8640.124783333336,14.670083333336152,129.1848213446385,0.9885502253779942,0.011449774622005894,PREDICT,
Nb-90,41,49,90,MEDIUM_40_TO_99,8633.377,8631.546402778515,-1.830597221485732,1.830597221485732,8631.328850000002,8650.329466666668,19.000616666666247,129.1848213446385,0.9885502253779942,0.011449774622005894,PREDICT,
Nb-91,41,50,91,MEDIUM_40_TO_99,8670.8983,8654.59954714028,-16.29875285972048,16.29875285972048,8654.173666666667,8691.369199999997,37.19553333332988,129.1848213446385,0.9885502253779942,0.011449774622005894,PREDICT,
Nb-92,41,51,92,MEDIUM_40_TO_99,8662.3731,8654.921837346397,-7.451262653603408,7.451262653603408,8654.637583333335,8679.463749999999,24.826166666663994,129.1848213446385,0.9885502253779942,0.011449774622005894,PREDICT,
Nb-93,41,52,93,MEDIUM_40_TO_99,8664.1849,8672.23412397438,8.049223974379856,8.049223974379856,8672.081600000001,8685.402733333332,13.32113333333109,129.1848213446385,0.9885502253779942,0.011449774622005894,PREDICT,
Nb-94,41,53,94,MEDIUM_40_TO_99,8648.9014,8656.02622178,7.124821779998456,7.124821779998456,8655.893500000002,8667.48515,11.59164999999848,129.1848213446385,0.9885502253779942,0.011449774622005894,PREDICT,
Nb-95,41,54,95,MEDIUM_40_TO_99,8647.2133,8650.113547154386,2.9002471543863066,2.9002471543863066,8649.9015,8668.421266666668,18.519766666668147,129.1848213446385,0.9885502253779942,0.011449774622005894,PREDICT,
Nb-96,41,55,96,MEDIUM_40_TO_99,8628.8868,8628.542082120359,-0.34471787964139367,0.34471787964139367,8628.328433333332,8646.988083333332,18.6596499999996,129.1848213446385,0.9885502253779942,0.011449774622005894,PREDICT,
Nb-97,41,56,97,MEDIUM_40_TO_99,8623.1384,8617.930220501134,-5.2081794988662296,5.2081794988662296,8617.6294,8643.902450000001,26.273050000001604,129.1848213446385,0.9885502253779942,0.011449774622005894,PREDICT,
Nb-98,41,57,98,MEDIUM_40_TO_99,8596.3016,8592.848778231992,-3.4528217680090165,3.4528217680090165,8592.608583333335,8613.586716666669,20.97813333333397,129.1848213446385,0.9885502253779942,0.011449774622005894,PREDICT,
Nb-99,41,58,99,MEDIUM_40_TO_99,8578.9859,8582.941251323447,3.9553513234477577,3.9553513234477577,8582.725049999997,8601.607633333333,18.882583333335788,129.1848213446385,0.9885502253779942,0.011449774622005894,PREDICT,
Nb-100,41,59,100,HEAVY_100_TO_179,8548.4683,8553.748407484223,5.2801074842227536,5.2801074842227536,8553.7344,8563.382666666665,9.648266666665222,51.9593470315762,0.9985481864558057,0.001451813544194288,PREDICT,
Nb-101,41,60,101,HEAVY_100_TO_179,8534.8355,8535.765471380373,0.9299713803738996,0.9299713803738996,8535.740116666668,8553.204283333334,17.464166666666642,51.9593470315762,0.9985481864558057,0.001451813544194288,PREDICT,
Nb-102,41,61,102,HEAVY_100_TO_179,8504.8675,8502.996849849822,-1.870650150178335,1.870650150178335,8502.973116666666,8519.320383333334,16.347266666667565,51.9593470315762,0.9985481864558057,0.001451813544194288,PREDICT,
Nb-103,41,62,103,HEAVY_100_TO_179,8488.332,8486.69904941876,-1.632950581240948,1.632950581240948,8486.672716666664,8504.810549999998,18.13783333333413,51.9593470315762,0.9985481864558057,0.001451813544194288,PREDICT,
Nb-104,41,63,104,HEAVY_100_TO_179,8453.3832,8453.088137187311,-0.2950628126891388,0.2950628126891388,8453.067350000001,8467.385433333333,14.318083333331742,51.9593470315762,0.9985481864558057,0.001451813544194288,PREDICT,
Nb-105,41,64,105,HEAVY_100_TO_179,8431.6925,8431.644869733862,-0.04763026613727561,0.04763026613727561,8431.620166666666,8448.635483333333,17.015316666667786,51.9593470315762,0.9985481864558057,0.001451813544194288,PREDICT,
Nb-106,41,65,106,HEAVY_100_TO_179,8393.2657,8392.69527389476,-0.570426105239676,0.570426105239676,8392.674366666666,8407.075133333332,14.400766666665731,51.9593470315762,0.9985481864558057,0.001451813544194288,PREDICT,
Nb-107,41,66,107,HEAVY_100_TO_179,8367.0898,8367.350632003265,0.26083200326502265,0.26083200326502265,8367.326799999999,8383.742133333333,16.415333333334274,51.9593470315762,0.9985481864558057,0.001451813544194288,PREDICT,
Nb-108,41,67,108,HEAVY_100_TO_179,8325.6604,8327.137986906322,1.4775869063214486,1.4775869063214486,8327.120400000002,8339.23415,12.113749999998618,51.9593470315762,0.9985481864558057,0.001451813544194288,PREDICT,
Nb-109,41,68,109,HEAVY_100_TO_179,8297.1307,8297.634204058962,0.5035040589627897,0.5035040589627897,8297.611116666667,8313.513566666665,15.90244999999777,51.9593470315762,0.9985481864558057,0.001451813544194288,PREDICT,
Nb-110,41,69,110,HEAVY_100_TO_179,8255.2607,8254.079630217639,-1.1810697823621013,1.1810697823621013,8254.06265,8265.758516666665,11.695866666665097,51.9593470315762,0.9985481864558057,0.001451813544194288,PREDICT,
Nb-111,41,70,111,HEAVY_100_TO_179,8223.0,8222.095662284737,-0.9043377152629546,0.9043377152629546,8222.072166666669,8238.255799999999,16.183633333330363,51.9593470315762,0.9985481864558057,0.001451813544194288,PREDICT,
Nb-112,41,71,112,HEAVY_100_TO_179,8178.0,8178.581309113965,0.5813091139652897,0.5813091139652897,8178.5637333333325,8182.0,3.436266666667507,50.0,0.9948852105099132,0.005114789490086845,PREDICT,
Nb-113,41,72,113,HEAVY_100_TO_179,8143.0,8142.441302665783,-0.5586973342169586,0.5586973342169586,8142.0,8150.0,8.0,50.0,0.944837166777025,0.05516283322297499,PREDICT,
Nb-114,41,73,114,HEAVY_100_TO_179,8097.0,8095.275814166115,-1.7241858338848033,1.7241858338848033,8095.0,8100.0,5.0,50.0,0.944837166777025,0.05516283322297499,PREDICT,
Nb-115,41,74,115,HEAVY_100_TO_179,8061.0,8063.0,2.0,2.0,8063.0,8091.0,28.0,,1.0,0.0,PREDICT,
Nb-116,41,75,116,HEAVY_100_TO_179,8012.0,8016.0,4.0,4.0,8016.0,8039.0,23.0,,1.0,0.0,PREDICT,
Mo-81,42,39,81,MEDIUM_40_TO_99,8054.0,8106.668,52.667999999999665,52.667999999999665,8106.668,8035.0,71.66799999999967,,1.0,0.0,PREDICT,
Mo-82,42,40,82,MEDIUM_40_TO_99,8163.0,8192.392397742822,29.39239774282214,29.39239774282214,8215.2825,8145.5,69.78249999999935,107.16041641826473,0.6719793321079433,0.3280206678920567,PREDICT,
Mo-83,42,41,83,MEDIUM_40_TO_99,8234.0,8209.674572366866,-24.325427633133586,24.325427633133586,8207.666000000001,8217.64135,9.975349999998798,143.72541860392,0.7986464267554012,0.20135357324459882,PREDICT,
Mo-84,42,42,84,MEDIUM_40_TO_99,8325.0,8298.33309971758,-26.6669002824201,26.6669002824201,8298.85875,8296.248166666666,2.6105833333331248,143.72541860392,0.7986464267554012,0.20135357324459882,PREDICT,
Mo-85,42,43,85,MEDIUM_40_TO_99,8361.332,8364.291172904392,2.95917290439138,2.95917290439138,8364.452016666666,8350.404249999998,14.047766666668394,129.1848213446385,0.9885502253779942,0.011449774622005894,PREDICT,
Mo-86,42,44,86,MEDIUM_40_TO_99,8434.7175,8438.892144976107,4.17464497610672,4.17464497610672,8439.267716666665,8406.466049999997,32.8016666666681,129.1848213446385,0.9885502253779942,0.011449774622005894,PREDICT,
Mo-87,42,45,87,MEDIUM_40_TO_99,8462.4243,8462.722749939041,0.29844993904043804,0.29844993904043804,8462.939966666667,8443.9687,18.97126666666736,129.1848213446385,0.9885502253779942,0.011449774622005894,PREDICT,
Mo-88,42,46,88,MEDIUM_40_TO_99,8523.9087,8523.739212943536,-0.16948705646427698,0.16948705646427698,8524.042133333332,8497.585683333335,26.456449999997858,129.1848213446385,0.9885502253779942,0.011449774622005894,PREDICT,
Mo-89,42,47,89,MEDIUM_40_TO_99,8544.9851,8548.32071461381,3.3356146138103213,3.3356146138103213,8548.578350000002,8526.076999999997,22.501350000004095,129.1848213446385,0.9885502253779942,0.011449774622005894,PREDICT,
Mo-90,42,48,90,MEDIUM_40_TO_99,8597.0285,8604.562257219963,7.533757219962354,7.533757219962354,8604.918000000001,8573.84815,31.06985000000168,129.1848213446385,0.9885502253779942,0.011449774622005894,PREDICT,
Mo-91,42,49,91,MEDIUM_40_TO_99,8613.6286,8612.230687066534,-1.3979129334657046,1.3979129334657046,8612.405483333334,8597.139133333334,15.266349999999875,129.1848213446385,0.9885502253779942,0.011449774622005894,PREDICT,
Mo-92,42,50,92,MEDIUM_40_TO_99,8657.7312,8643.191626088543,-14.53957391145741,14.53957391145741,8643.25895,8637.379016666666,5.879933333333611,129.1848213446385,0.9885502253779942,0.011449774622005894,PREDICT,
Mo-93,42,51,93,MEDIUM_40_TO_99,8651.4095,8644.761607661589,-6.647892338411111,6.647892338411111,8644.886916666666,8633.942683333335,10.944233333331795,129.1848213446385,0.9885502253779942,0.011449774622005894,PREDICT,
Mo-94,42,52,94,MEDIUM_40_TO_99,8662.3341,8668.790189453992,6.456089453991808,6.456089453991808,8669.1132,8640.902116666666,28.21108333333359,129.1848213446385,0.9885502253779942,0.011449774622005894,PREDICT,
Mo-95,42,53,95,MEDIUM_40_TO_99,8648.7212,8653.819453006936,5.09825300693592,5.09825300693592,8654.09693333333,8629.862366666666,24.23456666666425,129.1848213446385,0.9885502253779942,0.011449774622005894,PREDICT,
Mo-96,42,54,96,MEDIUM_40_TO_99,8653.988,8654.35321846833,0.3652184683305677,0.3652184683305677,8654.603166666668,8632.7732,21.829966666668042,129.1848213446385,0.9885502253779942,0.011449774622005894,PREDICT,
Mo-97,42,55,97,MEDIUM_40_TO_99,8635.0926,8633.437415181312,-1.6551848186882125,1.6551848186882125,8633.625366666663,8617.210066666665,16.41529999999875,129.1848213446385,0.9885502253779942,0.011449774622005894,PREDICT,
Mo-98,42,56,98,MEDIUM_40_TO_99,8635.1691,8633.765258806397,-1.4038411936016928,1.4038411936016928,8633.97815,8615.384666666665,18.593483333335826,129.1848213446385,0.9885502253779942,0.011449774622005894,PREDICT,
Mo-99,42,57,99,MEDIUM_40_TO_99,8607.7982,8607.346444803854,-0.4517551961453137,0.4517551961453137,8607.507599999999,8593.432633333332,14.074966666667024,129.1848213446385,0.9885502253779942,0.011449774622005894,PREDICT,
Mo-100,42,58,100,HEAVY_100_TO_179,8604.6626,8605.364503615732,0.70190361573259,0.70190361573259,8605.396616666667,8583.277349999998,22.11926666666841,51.9593470315762,0.9985481864558057,0.001451813544194288,PREDICT,
Mo-101,42,59,101,HEAVY_100_TO_179,8572.9159,8575.693126710723,2.777226710722971,2.777226710722971,8575.717666666666,8558.8147,16.902966666664724,51.9593470315762,0.9985481864558057,0.001451813544194288,PREDICT,
Mo-102,42,60,102,HEAVY_100_TO_179,8568.3994,8569.235024590464,0.8356245904633397,0.8356245904633397,8569.264383333333,8549.042266666665,20.222116666667716,51.9593470315762,0.9985481864558057,0.001451813544194288,PREDICT,
Mo-103,42,61,103,HEAVY_100_TO_179,8538.2672,8536.82917906531,-1.4380209346909396,1.4380209346909396,8536.849733333333,8522.692083333335,14.157649999997375,51.9593470315762,0.9985481864558057,0.001451813544194288,PREDICT,
Mo-104,42,62,104,HEAVY_100_TO_179,8527.9063,8527.452005453932,-0.4542945460689225,0.4542945460689225,8527.476283333333,8510.753833333336,16.72244999999748,51.9593470315762,0.9985481864558057,0.001451813544194288,PREDICT,
Mo-105,42,63,105,HEAVY_100_TO_179,8494.863,8494.581035855057,-0.2819641449423216,0.2819641449423216,8494.602099999998,8480.09325,14.508849999998347,51.9593470315762,0.9985481864558057,0.001451813544194288,PREDICT,
Mo-106,42,64,106,HEAVY_100_TO_179,8479.5202,8478.73576331028,-0.7844366897206783,0.7844366897206783,8478.760866666667,8461.469833333334,17.29103333333296,51.9593470315762,0.9985481864558057,0.001451813544194288,PREDICT,
Mo-107,42,65,107,HEAVY_100_TO_179,8442.219,8441.906279492756,-0.3127205072432844,0.3127205072432844,8441.926133333334,8428.250933333333,13.675200000001496,51.9593470315762,0.9985481864558057,0.001451813544194288,PREDICT,
Mo-108,42,66,108,HEAVY_100_TO_179,8422.1581,8422.698385359456,0.5402853594550834,0.5402853594550834,8422.724416666666,8404.794216666665,17.930200000000696,51.9593470315762,0.9985481864558057,0.001451813544194288,PREDICT,
Mo-109,42,67,109,HEAVY_100_TO_179,8381.4163,8381.511981494523,0.09568149452206853,0.09568149452206853,8381.530966666665,8368.454100000003,13.076866666662681,51.9593470315762,0.9985481864558057,0.001451813544194288,PREDICT,
Mo-110,42,68,110,HEAVY_100_TO_179,8359.293,8358.995115264779,-0.29788473522057757,0.29788473522057757,8359.0187,8342.773683333331,16.24501666666947,51.9593470315762,0.9985481864558057,0.001451813544194288,PREDICT,
Mo-111,42,69,111,HEAVY_100_TO_179,8315.2932,8315.725159615387,0.43195961538731353,0.43195961538731353,8315.741033333334,8304.807316666667,10.933716666666442,51.9593470315762,0.9985481864558057,0.001451813544194288,PREDICT,
Mo-112,42,70,112,HEAVY_100_TO_179,8291.0,8291.31278679191,0.31278679191018455,0.31278679191018455,8291.335649999997,8275.587616666666,15.748033333331477,51.9593470315762,0.9985481864558057,0.001451813544194288,PREDICT,
Mo-113,42,71,113,HEAVY_100_TO_179,8246.0,8245.943076287454,-0.056923712545540184,0.056923712545540184,8245.959416666667,8234.704266666664,11.255150000002686,51.9593470315762,0.9985481864558057,0.001451813544194288,PREDICT,
Mo-114,42,72,114,HEAVY_100_TO_179,8219.0,8218.262821762128,-0.7371782378722855,0.7371782378722855,8218.284500000002,8203.352666666668,14.931833333333998,51.9593470315762,0.9985481864558057,0.001451813544194288,PREDICT,
Mo-115,42,73,115,HEAVY_100_TO_179,8173.0,8172.268431555449,-0.7315684445511579,0.7315684445511579,8172.284466666666,8161.239583333334,11.044883333332109,51.9593470315762,0.9985481864558057,0.001451813544194288,PREDICT,
Mo-116,42,74,116,HEAVY_100_TO_179,8143.0,8142.172557501655,-0.8274424983446806,0.8274424983446806,8143.0,8128.0,15.0,50.0,0.944837166777025,0.05516283322297499,PREDICT,
Mo-117,42,75,117,HEAVY_100_TO_179,8096.0,8095.25530175149,-0.7446982485098488,0.7446982485098488,8096.0,8082.5,13.5,50.0,0.944837166777025,0.05516283322297499,PREDICT,
Mo-118,42,76,118,HEAVY_100_TO_179,8067.0,8067.0,0.0,0.0,8067.0,8053.0,14.0,,1.0,0.0,PREDICT,
Mo-119,42,77,119,HEAVY_100_TO_179,8019.0,8019.0,0.0,0.0,8019.0,8010.0,9.0,,1.0,0.0,PREDICT,
Tc-83,43,40,83,MEDIUM_40_TO_99,8043.0,8082.2551,39.25510000000031,39.25510000000031,8082.2551,8078.0,4.255100000000311,,1.0,0.0,PREDICT,
Tc-84,43,41,84,MEDIUM_40_TO_99,8120.0,8157.15486658326,37.15486658325972,37.15486658325972,8170.1662,8130.5,39.66619999999966,107.16041641826473,0.6719793321079433,0.3280206678920567,PREDICT,
Tc-85,43,42,85,MEDIUM_40_TO_99,8215.0,8207.149969854243,-7.850030145757046,7.850030145757046,8195.372449999999,8229.0,33.627550000001065,108.97677306661497,0.6497657470067674,0.3502342529932327,PREDICT,
Tc-86,43,43,86,MEDIUM_40_TO_99,8280.0,8262.027040328234,-17.972959671766148,17.972959671766148,8254.9169,8290.228616666667,35.31171666666705,143.72541860392,0.7986464267554012,0.20135357324459882,PREDICT,
Tc-87,43,44,87,MEDIUM_40_TO_99,8347.7449,8347.46190966582,-0.2829903341789759,0.2829903341789759,8347.107899999999,8378.026383333332,30.918483333332915,129.1848213446385,0.9885502253779942,0.011449774622005894,PREDICT,
Tc-88,43,45,88,MEDIUM_40_TO_99,8389.8338,8395.145028478228,5.311228478227349,5.311228478227349,8394.982666666667,8409.163016666667,14.180350000000544,129.1848213446385,0.9885502253779942,0.011449774622005894,PREDICT,
Tc-89,43,46,89,MEDIUM_40_TO_99,8450.5758,8452.606361632232,2.0305616322311835,2.0305616322311835,8452.33743333333,8475.825083333333,23.48765000000276,129.1848213446385,0.9885502253779942,0.011449774622005894,PREDICT,
Tc-90,43,47,90,MEDIUM_40_TO_99,8483.36,8487.617001022687,4.2570010226863815,4.2570010226863815,8487.462316666668,8500.972133333335,13.509816666666666,129.1848213446385,0.9885502253779942,0.011449774622005894,PREDICT,
Tc-91,43,48,91,MEDIUM_40_TO_99,8536.6558,8544.533908449892,7.878108449891442,7.878108449891442,8544.363333333335,8559.261016666664,14.897683333329041,129.1848213446385,0.9885502253779942,0.011449774622005894,PREDICT,
Tc-92,43,49,92,MEDIUM_40_TO_99,8563.544,8560.826307227717,-2.717692772283044,2.717692772283044,8560.614683333333,8579.097483333335,18.48280000000159,129.1848213446385,0.9885502253779942,0.011449774622005894,PREDICT,
Tc-93,43,50,93,MEDIUM_40_TO_99,8608.5782,8594.241257125523,-14.336942874477245,14.336942874477245,8593.847733333332,8628.217299999998,34.36956666666629,129.1848213446385,0.9885502253779942,0.011449774622005894,PREDICT,
Tc-94,43,51,94,MEDIUM_40_TO_99,8608.7373,8603.643797023213,-5.093502976787931,5.093502976787931,8603.380083333333,8626.4123,23.0322166666665,129.1848213446385,0.9885502253779942,0.011449774622005894,PREDICT,
Tc-95,43,52,95,MEDIUM_40_TO_99,8622.6911,8629.984904800358,7.293804800357975,7.293804800357975,8629.824683333332,8643.8181,13.993416666668054,129.1848213446385,0.9885502253779942,0.011449774622005894,PREDICT,
Tc-96,43,53,96,MEDIUM_40_TO_99,8614.8673,8619.548367889822,4.681067889821861,4.681067889821861,8619.384266666664,8633.716533333334,14.332266666669966,129.1848213446385,0.9885502253779942,0.011449774622005894,PREDICT,
Tc-97,43,54,97,MEDIUM_40_TO_99,8623.7254,8624.15629816219,0.4308981621907151,0.4308981621907151,8623.915266666667,8644.966466666665,21.05119999999806,129.1848213446385,0.9885502253779942,0.011449774622005894,PREDICT,
Tc-98,43,55,98,MEDIUM_40_TO_99,8610.0047,8610.30342487769,0.2987248776898923,0.2987248776898923,8610.092349999999,8628.527200000002,18.43485000000328,129.1848213446385,0.9885502253779942,0.011449774622005894,PREDICT,
Tc-99,43,56,99,MEDIUM_40_TO_99,8613.6105,8613.35319670797,-0.2573032920299738,0.2573032920299738,8613.108733333334,8634.459666666666,21.35093333333134,129.1848213446385,0.9885502253779942,0.011449774622005894,PREDICT,
Tc-100,43,57,100,HEAVY_100_TO_179,8595.1184,8594.465087366161,-0.6533126338381408,0.6533126338381408,8594.441683333333,8610.562233333334,16.120550000001458,51.9593470315762,0.9985481864558057,0.001451813544194288,PREDICT,
Tc-101,43,58,101,HEAVY_100_TO_179,8593.1366,8593.45136253944,0.31476253943947086,0.31476253943947086,8593.4212,8614.196966666666,20.77576666666573,51.9593470315762,0.9985481864558057,0.001451813544194288,PREDICT,
Tc-102,43,59,102,HEAVY_100_TO_179,8570.6514,8571.410155726,0.7587557259994355,0.7587557259994355,8571.389983333333,8585.284599999999,13.89461666666648,51.9593470315762,0.9985481864558057,0.001451813544194288,PREDICT,
Tc-103,43,60,103,HEAVY_100_TO_179,8566.1045,8567.438170804178,1.333670804178837,1.333670804178837,8567.411266666666,8585.942666666668,18.531400000001668,51.9593470315762,0.9985481864558057,0.001451813544194288,PREDICT,
Tc-104,43,61,104,HEAVY_100_TO_179,8541.107,8541.838347182107,0.7313471821071289,0.7313471821071289,8541.816333333336,8556.979333333333,15.162999999996828,51.9593470315762,0.9985481864558057,0.001451813544194288,PREDICT,
Tc-105,43,62,105,HEAVY_100_TO_179,8534.6074,8533.143213600379,-1.4641863996221218,1.4641863996221218,8533.115566666664,8552.158599999999,19.043033333335188,51.9593470315762,0.9985481864558057,0.001451813544194288,PREDICT,
Tc-106,43,63,106,HEAVY_100_TO_179,8506.557,8505.653374499989,-0.9036255000119127,0.9036255000119127,8505.630850000001,8521.145583333333,15.514733333331606,51.9593470315762,0.9985481864558057,0.001451813544194288,PREDICT,
Tc-107,43,64,107,HEAVY_100_TO_179,8492.8979,8493.18499813979,0.2870981397900323,0.2870981397900323,8493.158816666666,8511.192449999999,18.033633333332546,51.9593470315762,0.9985481864558057,0.001451813544194288,PREDICT,
Tc-108,43,65,108,HEAVY_100_TO_179,8462.8172,8462.776041383815,-0.04115861618447525,0.04115861618447525,8462.75675,8476.044533333334,13.28778333333321,51.9593470315762,0.9985481864558057,0.001451813544194288,PREDICT,
Tc-109,43,66,109,HEAVY_100_TO_179,8444.1796,8444.67189144576,0.4922914457602019,0.4922914457602019,8444.6469,8461.860849999997,17.213949999997567,51.9593470315762,0.9985481864558057,0.001451813544194288,PREDICT,
Tc-110,43,67,110,HEAVY_100_TO_179,8411.2603,8411.507696849309,0.24739684930864314,0.24739684930864314,8411.489783333334,8423.828499999998,12.338716666663458,51.9593470315762,0.9985481864558057,0.001451813544194288,PREDICT,
Tc-111,43,68,111,HEAVY_100_TO_179,8390.0906,8389.638355662022,-0.4522443379773904,0.4522443379773904,8389.613550000002,8406.699533333333,17.08598333333066,51.9593470315762,0.9985481864558057,0.001451813544194288,PREDICT,
Tc-112,43,69,112,HEAVY_100_TO_179,8353.6217,8353.39414864492,-0.22755135507941304,0.22755135507941304,8353.377266666666,8365.005466666667,11.628200000001016,51.9593470315762,0.9985481864558057,0.001451813544194288,PREDICT,
Tc-113,43,70,113,HEAVY_100_TO_179,8329.4652,8329.553333649468,0.08813364946763613,0.08813364946763613,8329.530466666667,8345.2811,15.750633333333099,51.9593470315762,0.9985481864558057,0.001451813544194288,PREDICT,
Tc-114,43,71,114,HEAVY_100_TO_179,8290.2599,8290.388848014223,0.1289480142240791,0.1289480142240791,8290.371083333333,8302.607283333331,12.236199999997552,51.9593470315762,0.9985481864558057,0.001451813544194288,PREDICT,
Tc-115,43,72,115,HEAVY_100_TO_179,8264.0,8263.652439961343,-0.34756003865732055,0.34756003865732055,8263.628366666666,8280.209899999998,16.581533333332118,51.9593470315762,0.9985481864558057,0.001451813544194288,PREDICT,
Tc-116,43,73,116,HEAVY_100_TO_179,8223.0,8222.755184967817,-0.2448150321833964,0.2448150321833964,8222.736316666666,8235.732683333334,12.99636666666811,51.9593470315762,0.9985481864558057,0.001451813544194288,PREDICT,
Tc-117,43,74,117,HEAVY_100_TO_179,8195.0,8196.109233667656,1.1092336676556442,1.1092336676556442,8196.089133333333,8209.934116666665,13.844983333332493,51.9593470315762,0.9985481864558057,0.001451813544194288,PREDICT,
Tc-118,43,75,118,HEAVY_100_TO_179,8153.0,8153.805323596603,0.8053235966026477,0.8053235966026477,8153.790016666666,8164.333333333332,10.543316666666215,51.9593470315762,0.9985481864558057,0.001451813544194288,PREDICT,
Tc-119,43,76,119,HEAVY_100_TO_179,8126.0,8124.968884082396,-1.0311159176044384,1.0311159176044384,8124.5,8133.0,8.5,50.0,0.944837166777025,0.05516283322297499,PREDICT,
Tc-120,43,77,120,HEAVY_100_TO_179,8083.0,8082.303395582726,-0.6966044172741022,0.6966044172741022,8082.0,8087.5,5.5,50.0,0.944837166777025,0.05516283322297499,PREDICT,
Tc-121,43,78,121,HEAVY_100_TO_179,8054.0,8057.0,3.0,3.0,8057.0,8079.0,22.0,,1.0,0.0,PREDICT,
Tc-122,43,79,122,HEAVY_100_TO_179,8011.0,8013.0,2.0,2.0,8013.0,8030.0,17.0,,1.0,0.0,PREDICT,
Ru-85,44,41,85,MEDIUM_40_TO_99,8027.0,8061.624,34.623999999999796,34.623999999999796,8061.624,8006.0,55.623999999999796,,1.0,0.0,PREDICT,
Ru-86,44,42,86,MEDIUM_40_TO_99,8133.0,8186.231599999999,53.23159999999916,53.23159999999916,8186.231599999999,8105.0,81.23159999999916,,1.0,0.0,PREDICT,
Ru-87,44,43,87,MEDIUM_40_TO_99,8201.0,8184.147507339928,-16.85249266007213,16.85249266007213,8183.688,8185.0,1.3119999999998981,108.97677306661497,0.6497657470067674,0.3502342529932327,PREDICT,
Ru-88,44,44,88,MEDIUM_40_TO_99,8298.0,8270.409544672817,-27.590455327183008,27.590455327183008,8271.3842,8266.543683333333,4.840516666667099,143.72541860392,0.7986464267554012,0.20135357324459882,PREDICT,
Ru-89,44,45,89,MEDIUM_40_TO_99,8340.376,8336.042010490797,-4.333989509203093,4.333989509203093,8336.208683333332,8321.651816666666,14.556866666665883,129.1848213446385,0.9885502253779942,0.011449774622005894,PREDICT,
Ru-90,44,46,90,MEDIUM_40_TO_99,8409.7684,8415.396252904984,5.627852904983229,5.627852904983229,8415.738999999998,8385.804166666667,29.93483333333097,129.1848213446385,0.9885502253779942,0.011449774622005894,PREDICT,
Ru-91,44,47,91,MEDIUM_40_TO_99,8442.9287,8449.555824504263,6.627124504262611,6.627124504262611,8449.814033333332,8427.2626,22.55143333333217,129.1848213446385,0.9885502253779942,0.011449774622005894,PREDICT,
Ru-92,44,48,92,MEDIUM_40_TO_99,8504.774,8510.72874986922,5.954749869220905,5.954749869220905,8511.051433333334,8482.868916666666,28.182516666667652,129.1848213446385,0.9885502253779942,0.011449774622005894,PREDICT,
Ru-93,44,49,93,MEDIUM_40_TO_99,8531.4627,8529.345641507494,-2.1170584925057483,2.1170584925057483,8529.490216666669,8516.863316666666,12.626900000002934,129.1848213446385,0.9885502253779942,0.011449774622005894,PREDICT,
Ru-94,44,50,94,MEDIUM_40_TO_99,8583.662,8571.037231324923,-12.624768675077576,12.624768675077576,8571.110933333333,8564.67395,6.436983333333046,129.1848213446385,0.9885502253779942,0.011449774622005894,PREDICT,
Ru-95,44,51,95,MEDIUM_40_TO_99,8587.4706,8581.751592287528,-5.719007712472376,5.719007712472376,8581.888083333331,8569.967233333335,11.92084999999679,129.1848213446385,0.9885502253779942,0.011449774622005894,PREDICT,
Ru-96,44,52,96,MEDIUM_40_TO_99,8609.413,8614.99425341971,5.581253419710265,5.581253419710265,8615.295116666668,8589.018333333333,26.276783333334606,129.1848213446385,0.9885502253779942,0.011449774622005894,PREDICT,
Ru-97,44,53,97,MEDIUM_40_TO_99,8604.2799,8608.391790783096,4.1118907830968965,4.1118907830968965,8608.651083333332,8586.005,22.64608333333308,129.1848213446385,0.9885502253779942,0.011449774622005894,PREDICT,
Ru-98,44,54,98,MEDIUM_40_TO_99,8620.314,8620.426423867137,0.11242386713638552,0.11242386713638552,8620.666616666667,8599.688666666669,20.9779499999986,129.1848213446385,0.9885502253779942,0.011449774622005894,PREDICT,
Ru-99,44,55,99,MEDIUM_40_TO_99,8608.7132,8608.255634388077,-0.4575656119232008,0.4575656119232008,8608.457900000001,8590.792433333332,17.66546666666909,129.1848213446385,0.9885502253779942,0.011449774622005894,PREDICT,
Ru-100,44,56,100,HEAVY_100_TO_179,8619.3593,8618.995940485529,-0.3633595144710853,0.3633595144710853,8619.025533333333,8598.642166666668,20.383366666665097,51.9593470315762,0.9985481864558057,0.001451813544194288,PREDICT,
Ru-101,44,57,101,HEAVY_100_TO_179,8601.366,8600.998921620867,-0.3670783791330905,0.3670783791330905,8601.022283333332,8584.930883333334,16.09139999999752,51.9593470315762,0.9985481864558057,0.001451813544194288,PREDICT,
Ru-102,44,58,102,HEAVY_100_TO_179,8607.4275,8607.599817795417,0.172317795417257,0.172317795417257,8607.6303,8586.634349999998,20.995950000002267,51.9593470315762,0.9985481864558057,0.001451813544194288,PREDICT,
Ru-103,44,59,103,HEAVY_100_TO_179,8584.3656,8585.1416679245,0.7760679245002393,0.7760679245002393,8585.164933333333,8569.139866666666,16.025066666667044,51.9593470315762,0.9985481864558057,0.001451813544194288,PREDICT,
Ru-104,44,60,104,HEAVY_100_TO_179,8587.3998,8587.785354050358,0.3855540503591328,0.3855540503591328,8587.8144,8567.807733333331,20.006666666668025,51.9593470315762,0.9985481864558057,0.001451813544194288,PREDICT,
Ru-105,44,61,105,HEAVY_100_TO_179,8561.9016,8562.200788519467,0.2991885194678616,0.2991885194678616,8562.223133333333,8546.832166666663,15.390966666669556,51.9593470315762,0.9985481864558057,0.001451813544194288,PREDICT,
Ru-106,44,62,106,HEAVY_100_TO_179,8560.9406,8560.768995983011,-0.1716040169885673,0.1716040169885673,8560.794366666665,8543.3192,17.475166666665245,51.9593470315762,0.9985481864558057,0.001451813544194288,PREDICT,
Ru-107,44,63,107,HEAVY_100_TO_179,8533.3676,8532.51354782819,-0.8540521718095988,0.8540521718095988,8532.532433333334,8519.524216666665,13.008216666668886,51.9593470315762,0.9985481864558057,0.001451813544194288,PREDICT,
Ru-108,44,64,108,HEAVY_100_TO_179,8527.2267,8527.036067774428,-0.1906322255708801,0.1906322255708801,8527.06145,8509.578333333333,17.48311666666632,51.9593470315762,0.9985481864558057,0.001451813544194288,PREDICT,
Ru-109,44,65,109,HEAVY_100_TO_179,8496.228,8496.767497996396,0.5394979963966762,0.5394979963966762,8496.785983333333,8484.0534,12.732583333332514,51.9593470315762,0.9985481864558057,0.001451813544194288,PREDICT,
Ru-110,44,66,110,HEAVY_100_TO_179,8486.3123,8486.575598372341,0.26329837234152365,0.26329837234152365,8486.600583333333,8469.3911,17.209483333332173,51.9593470315762,0.9985481864558057,0.001451813544194288,PREDICT,
Ru-111,44,67,111,HEAVY_100_TO_179,8452.9582,8452.562180150904,-0.39601984909495513,0.39601984909495513,8452.578866666663,8441.085299999999,11.493566666664265,51.9593470315762,0.9985481864558057,0.001451813544194288,PREDICT,
Ru-112,44,68,112,HEAVY_100_TO_179,8439.2431,8438.724186114756,-0.5189138852438191,0.5189138852438191,8438.746483333334,8423.388299999999,15.358183333335546,51.9593470315762,0.9985481864558057,0.001451813544194288,PREDICT,
Ru-113,44,69,113,HEAVY_100_TO_179,8402.6857,8402.866269334134,0.18056933413390652,0.18056933413390652,8402.88305,8391.324633333334,11.558416666666744,51.9593470315762,0.9985481864558057,0.001451813544194288,PREDICT,
Ru-114,44,70,114,HEAVY_100_TO_179,8385.3351,8385.843030683545,0.5079306835450552,0.5079306835450552,8385.866016666667,8370.033416666665,15.832600000001548,51.9593470315762,0.9985481864558057,0.001451813544194288,PREDICT,
Ru-115,44,71,115,HEAVY_100_TO_179,8346.814,8346.655139790137,-0.15886020986363292,0.15886020986363292,8346.672433333335,8334.76075,11.911683333335532,51.9593470315762,0.9985481864558057,0.001451813544194288,PREDICT,
Ru-116,44,72,116,HEAVY_100_TO_179,8326.884,8325.828689713879,-1.055310286121312,1.055310286121312,8325.84955,8311.481116666666,14.368433333334906,51.9593470315762,0.9985481864558057,0.001451813544194288,PREDICT,
Ru-117,44,73,117,HEAVY_100_TO_179,8285.5625,8284.745477140099,-0.8170228599010443,0.8170228599010443,8284.761716666664,8273.576033333335,11.185683333329507,51.9593470315762,0.9985481864558057,0.001451813544194288,PREDICT,
Ru-118,44,74,118,HEAVY_100_TO_179,8263.0,8264.34438580865,1.3443858086502587,1.3443858086502587,8264.366816666665,8248.916583333332,15.450233333333017,51.9593470315762,0.9985481864558057,0.001451813544194288,PREDICT,
Ru-119,44,75,119,HEAVY_100_TO_179,8220.0,8221.722082304075,1.7220823040752293,1.7220823040752293,8221.739333333333,8209.856933333334,11.882399999998597,51.9593470315762,0.9985481864558057,0.001451813544194288,PREDICT,
Ru-120,44,76,120,HEAVY_100_TO_179,8199.0,8198.00091158583,-0.9990884141698189,0.9990884141698189,8198.019333333334,8185.33055,12.688783333333959,51.9593470315762,0.9985481864558057,0.001451813544194288,PREDICT,
Ru-121,44,77,121,HEAVY_100_TO_179,8156.0,8154.5602207266,-1.4397792733998358,1.4397792733998358,8154.572916666666,8145.828033333333,8.744883333332837,51.9593470315762,0.9985481864558057,0.001451813544194288,PREDICT,
Ru-122,44,78,122,HEAVY_100_TO_179,8132.0,8131.310464584713,-0.6895354152866275,0.6895354152866275,8132.0,8119.5,12.5,50.0,0.944837166777025,0.05516283322297499,PREDICT,
Ru-123,44,79,123,HEAVY_100_TO_179,8089.0,8088.94837166777,-0.051628332230393426,0.051628332230393426,8089.5,8079.5,10.0,50.0,0.944837166777025,0.05516283322297499,PREDICT,
Ru-124,44,80,124,HEAVY_100_TO_179,8065.0,8065.0,0.0,0.0,8065.0,8051.0,14.0,,1.0,0.0,PREDICT,
Ru-125,44,81,125,HEAVY_100_TO_179,8023.0,8022.0,-1.0,1.0,8022.0,8014.0,8.0,,1.0,0.0,PREDICT,
Rh-88,45,43,88,MEDIUM_40_TO_99,8090.0,8134.5789,44.57890000000043,44.57890000000043,8134.5789,8122.0,12.57890000000043,,1.0,0.0,PREDICT,
Rh-89,45,44,89,MEDIUM_40_TO_99,8189.0,8216.032940041125,27.032940041124675,27.032940041124675,8221.1745,8205.5,15.67449999999917,107.16041641826473,0.6719793321079433,0.3280206678920567,PREDICT,
Rh-90,45,45,90,MEDIUM_40_TO_99,8254.0,8239.543435555825,-14.456564444175456,14.456564444175456,8231.71055,8270.6117,38.90114999999969,143.72541860392,0.7986464267554012,0.20135357324459882,PREDICT,
Rh-91,45,46,91,MEDIUM_40_TO_99,8328.0,8320.111172832692,-7.8888271673076815,7.8888271673076815,8311.91275,8352.629299999999,40.71654999999919,143.72541860392,0.7986464267554012,0.20135357324459882,PREDICT,
Rh-92,45,47,92,MEDIUM_40_TO_99,8373.4211,8380.239951752128,6.818851752128467,6.818851752128467,8380.156616666665,8387.434933333334,7.278316666668616,129.1848213446385,0.9885502253779942,0.011449774622005894,PREDICT,
Rh-93,45,48,93,MEDIUM_40_TO_99,8434.8255,8444.230772285342,9.405272285341198,9.405272285341198,8444.097983333333,8455.695499999998,11.597516666664887,129.1848213446385,0.9885502253779942,0.011449774622005894,PREDICT,
Rh-94,45,49,94,MEDIUM_40_TO_99,8472.4033,8469.787292199167,-2.616007800832449,2.616007800832449,8469.595766666665,8486.323216666666,16.727450000000317,129.1848213446385,0.9885502253779942,0.011449774622005894,PREDICT,
Rh-95,45,50,95,MEDIUM_40_TO_99,8525.3707,8512.147829021666,-13.222870978333958,13.222870978333958,8511.780949999998,8543.823416666664,32.04246666666586,129.1848213446385,0.9885502253779942,0.011449774622005894,PREDICT,
Rh-96,45,51,96,MEDIUM_40_TO_99,8534.6735,8530.944116493338,-3.729383506662998,3.729383506662998,8530.705683333334,8551.52995,20.824266666666517,129.1848213446385,0.9885502253779942,0.011449774622005894,PREDICT,
Rh-97,45,52,97,MEDIUM_40_TO_99,8559.8949,8566.68338703742,6.7884870374200545,6.7884870374200545,8566.537283333331,8579.297683333334,12.760400000002846,129.1848213446385,0.9885502253779942,0.011449774622005894,PREDICT,
Rh-98,45,53,98,MEDIUM_40_TO_99,8560.8038,8565.15101713545,4.347217135449682,4.347217135449682,8565.000283333335,8578.165066666668,13.164783333333617,129.1848213446385,0.9885502253779942,0.011449774622005894,PREDICT,
Rh-99,45,54,99,MEDIUM_40_TO_99,8580.1959,8580.702882438338,0.5069824383372179,0.5069824383372179,8580.480833333331,8599.87415,19.393316666668397,129.1848213446385,0.9885502253779942,0.011449774622005894,PREDICT,
Rh-100,45,55,100,HEAVY_100_TO_179,8575.1732,8574.611539946316,-0.5616600536832266,0.5616600536832266,8574.586466666668,8591.856783333333,17.270316666665167,51.9593470315762,0.9985481864558057,0.001451813544194288,PREDICT,
Rh-101,45,56,101,HEAVY_100_TO_179,8588.2172,8587.521977686334,-0.6952223136649991,0.6952223136649991,8587.492366666665,8607.88825,20.395883333334496,51.9593470315762,0.9985481864558057,0.001451813544194288,PREDICT,
Rh-102,45,57,102,HEAVY_100_TO_179,8576.9818,8576.982959916902,0.0011599169029068435,0.0011599169029068435,8576.959616666667,8593.0383,16.078683333333174,51.9593470315762,0.9985481864558057,0.001451813544194288,PREDICT,
Rh-103,45,58,103,HEAVY_100_TO_179,8584.1927,8584.92646836177,0.7337683617697621,0.7337683617697621,8584.89835,8604.266099999997,19.367749999997613,51.9593470315762,0.9985481864558057,0.001451813544194288,PREDICT,
Rh-104,45,59,104,HEAVY_100_TO_179,8568.9501,8569.324042173754,0.3739421737536759,0.3739421737536759,8569.302516666667,8584.129149999997,14.826633333330392,51.9593470315762,0.9985481864558057,0.001451813544194288,PREDICT,
Rh-105,45,60,105,HEAVY_100_TO_179,8572.7053,8572.832145735025,0.12684573502519925,0.12684573502519925,8572.804866666665,8591.594516666664,18.7896499999988,51.9593470315762,0.9985481864558057,0.001451813544194288,PREDICT,
Rh-106,45,61,106,HEAVY_100_TO_179,8553.9317,8554.224424482056,0.2927244820566557,0.2927244820566557,8554.204383333334,8568.008599999997,13.804216666663706,51.9593470315762,0.9985481864558057,0.001451813544194288,PREDICT,
Rh-107,45,62,107,HEAVY_100_TO_179,8554.104,8553.952826991348,-0.15117300865131256,0.15117300865131256,8553.927233333332,8571.555983333334,17.628750000001673,51.9593470315762,0.9985481864558057,0.001451813544194288,PREDICT,
Rh-108,45,63,108,HEAVY_100_TO_179,8532.6657,8532.50762996711,-0.15807003289046406,0.15807003289046406,8532.488416666665,8545.722416666664,13.23399999999856,51.9593470315762,0.9985481864558057,0.001451813544194288,PREDICT,
Rh-109,45,64,109,HEAVY_100_TO_179,8528.1404,8528.25781112593,0.11741112592972058,0.11741112592972058,8528.233499999998,8544.97885,16.745350000001054,51.9593470315762,0.9985481864558057,0.001451813544194288,PREDICT,
Rh-110,45,65,110,HEAVY_100_TO_179,8504.2551,8504.278884542766,0.023784542765497463,0.023784542765497463,8504.262566666664,8515.502216666668,11.239650000003166,51.9593470315762,0.9985481864558057,0.001451813544194288,PREDICT,
Rh-111,45,66,111,HEAVY_100_TO_179,8495.6267,8495.867425205926,0.24072520592562796,0.24072520592562796,8495.844966666667,8511.314266666666,15.469299999998839,51.9593470315762,0.9985481864558057,0.001451813544194288,PREDICT,
Rh-112,45,67,112,HEAVY_100_TO_179,8468.8666,8468.887257241036,0.020657241037042695,0.020657241037042695,8468.871800000003,8479.51865,10.646849999997357,51.9593470315762,0.9985481864558057,0.001451813544194288,PREDICT,
Rh-113,45,68,113,HEAVY_100_TO_179,8456.8165,8456.306099673619,-0.510400326382296,0.510400326382296,8456.284166666666,8471.391483333333,15.10731666666652,51.9593470315762,0.9985481864558057,0.001451813544194288,PREDICT,
Rh-114,45,69,114,HEAVY_100_TO_179,8426.6221,8426.48309394619,-0.13900605381058995,0.13900605381058995,8426.467766666667,8437.025099999999,10.55733333333228,51.9593470315762,0.9985481864558057,0.001451813544194288,PREDICT,
Rh-115,45,70,115,HEAVY_100_TO_179,8410.6538,8410.912101140102,0.2583011401020485,0.2583011401020485,8410.891733333332,8424.92095,14.029216666667708,51.9593470315762,0.9985481864558057,0.001451813544194288,PREDICT,
Rh-116,45,71,116,HEAVY_100_TO_179,8377.6123,8377.18929724191,-0.4230027580906608,0.4230027580906608,8377.172900000001,8388.467216666668,11.294316666666418,51.9593470315762,0.9985481864558057,0.001451813544194288,PREDICT,
Rh-117,45,72,117,HEAVY_100_TO_179,8359.2766,8359.044432965129,-0.23216703487014456,0.23216703487014456,8359.023366666666,8373.5337,14.51033333333362,51.9593470315762,0.9985481864558057,0.001451813544194288,PREDICT,
Rh-118,45,73,118,HEAVY_100_TO_179,8322.8539,8323.31901844501,0.4651184450103756,0.4651184450103756,8323.304516666667,8333.293249999999,9.988733333331766,51.9593470315762,0.9985481864558057,0.001451813544194288,PREDICT,
Rh-119,45,74,119,HEAVY_100_TO_179,8303.3953,8303.75473235068,0.3594323506804358,0.3594323506804358,8303.735233333333,8317.166033333335,13.43080000000191,51.9593470315762,0.9985481864558057,0.001451813544194288,PREDICT,
Rh-120,45,75,120,HEAVY_100_TO_179,8266.0,8266.315036969845,0.3150369698450959,0.3150369698450959,8266.30055,8276.279083333331,9.978533333331143,51.9593470315762,0.9985481864558057,0.001451813544194288,PREDICT,
Rh-121,45,76,121,HEAVY_100_TO_179,8245.2397,8245.071485667135,-0.16821433286531828,0.16821433286531828,8245.050766666667,8259.321883333334,14.271116666666785,51.9593470315762,0.9985481864558057,0.001451813544194288,PREDICT,
Rh-122,45,77,122,HEAVY_100_TO_179,8208.0,8207.7070072556,-0.2929927444001805,0.2929927444001805,8207.691016666666,8218.705233333334,11.01421666666829,51.9593470315762,0.9985481864558057,0.001451813544194288,PREDICT,
Rh-123,45,78,123,HEAVY_100_TO_179,8185.0,8185.612093710995,0.6120937109953957,0.6120937109953957,8185.593916666666,8198.11415,12.520233333333636,51.9593470315762,0.9985481864558057,0.001451813544194288,PREDICT,
Rh-124,45,79,124,HEAVY_100_TO_179,8148.0,8150.676345423627,2.6763454236270263,2.6763454236270263,8150.666666666666,8157.333333333332,6.66666666666606,51.9593470315762,0.9985481864558057,0.001451813544194288,PREDICT,
Rh-125,45,80,125,HEAVY_100_TO_179,8124.0,8122.968884082395,-1.031115917605348,1.031115917605348,8122.5,8131.0,8.5,50.0,0.944837166777025,0.05516283322297499,PREDICT,
Rh-126,45,81,126,HEAVY_100_TO_179,8087.0,8079.689535415287,-7.3104645847133725,7.3104645847133725,8079.0,8091.5,12.5,50.0,0.944837166777025,0.05516283322297499,PREDICT,
Rh-127,45,82,127,HEAVY_100_TO_179,8060.0,8063.0,3.0,3.0,8063.0,8086.0,23.0,,1.0,0.0,PREDICT,
Rh-128,45,83,128,HEAVY_100_TO_179,8010.0,8026.0,16.0,16.0,8026.0,8030.0,4.0,,1.0,0.0,PREDICT,
Pd-90,46,44,90,MEDIUM_40_TO_99,8113.0,8159.4558,46.455799999999726,46.455799999999726,8159.4558,8080.0,79.45579999999973,,1.0,0.0,PREDICT,
Pd-91,46,45,91,MEDIUM_40_TO_99,8183.0,8194.649731984446,11.64973198444568,11.64973198444568,8208.146700000001,8167.0,41.14670000000115,107.16041641826473,0.6719793321079433,0.3280206678920567,PREDICT,
Pd-92,46,46,92,MEDIUM_40_TO_99,8275.5695,8251.877882720817,-23.691617279182537,23.691617279182537,8252.3416,8250.0386,2.3029999999998836,143.72541860392,0.7986464267554012,0.20135357324459882,PREDICT,
Pd-93,46,47,93,MEDIUM_40_TO_99,8318.5637,8305.849858900161,-12.713841099839556,12.713841099839556,8305.99035,8305.292616666666,0.6977333333343267,143.72541860392,0.7986464267554012,0.20135357324459882,PREDICT,
Pd-94,46,48,94,MEDIUM_40_TO_99,8391.6832,8402.233451474653,10.550251474653123,10.550251474653123,8402.576816666666,8372.588,29.988816666666025,129.1848213446385,0.9885502253779942,0.011449774622005894,PREDICT,
Pd-95,46,49,95,MEDIUM_40_TO_99,8428.9807,8427.032524284214,-1.9481757157864195,1.9481757157864195,8427.1738,8414.835066666667,12.338733333333948,129.1848213446385,0.9885502253779942,0.011449774622005894,PREDICT,
Pd-96,46,50,96,MEDIUM_40_TO_99,8490.0207,8477.1407957395,-12.879904260498733,12.879904260498733,8477.199616666665,8472.062316666666,5.137299999998504,129.1848213446385,0.9885502253779942,0.011449774622005894,PREDICT,
Pd-97,46,51,97,MEDIUM_40_TO_99,8502.4303,8497.906948228823,-4.523351771176749,4.523351771176749,8498.037916666666,8486.599400000001,11.438516666665237,129.1848213446385,0.9885502253779942,0.011449774622005894,PREDICT,
Pd-98,46,52,98,MEDIUM_40_TO_99,8533.8999,8540.107426457856,6.207526457856147,6.207526457856147,8540.395283333331,8515.25445,25.140833333331102,129.1848213446385,0.9885502253779942,0.011449774622005894,PREDICT,
Pd-99,46,53,99,MEDIUM_40_TO_99,8537.9332,8541.958964518233,4.0257645182337,4.0257645182337,8542.196799999998,8521.424733333331,20.772066666666433,129.1848213446385,0.9885502253779942,0.011449774622005894,PREDICT,
Pd-100,46,54,100,HEAVY_100_TO_179,8563.5652,8563.619619362711,0.054419362711996655,0.054419362711996655,8563.647533333333,8544.420566666668,19.22696666666525,51.9593470315762,0.9985481864558057,0.001451813544194288,PREDICT,
Pd-101,46,55,101,HEAVY_100_TO_179,8560.8644,8560.431245232754,-0.43315476724637847,0.43315476724637847,8560.453466666666,8545.14748333333,15.305983333335462,51.9593470315762,0.9985481864558057,0.001451813544194288,PREDICT,
Pd-102,46,56,102,HEAVY_100_TO_179,8580.2887,8579.932842857486,-0.35585714251283207,0.35585714251283207,8579.960249999998,8561.082383333334,18.877866666663977,51.9593470315762,0.9985481864558057,0.001451813544194288,PREDICT,
Pd-103,46,57,103,HEAVY_100_TO_179,8571.0173,8571.183115483262,0.16581548326212214,0.16581548326212214,8571.205566666666,8555.741333333332,15.46423333333405,51.9593470315762,0.9985481864558057,0.001451813544194288,PREDICT,
Pd-104,46,58,104,HEAVY_100_TO_179,8584.8485,8585.061113335034,0.21261333503389324,0.21261333503389324,8585.089849999997,8565.296216666666,19.793633333330945,51.9593470315762,0.9985481864558057,0.001451813544194288,PREDICT,
Pd-105,46,59,105,HEAVY_100_TO_179,8570.6509,8570.296153183852,-0.3547468161486904,0.3547468161486904,8570.316783333332,8556.106866666667,14.209916666664867,51.9593470315762,0.9985481864558057,0.001451813544194288,PREDICT,
Pd-106,46,60,106,HEAVY_100_TO_179,8579.9934,8579.97958368223,-0.013816317768942099,0.013816317768942099,8580.00645,8561.501100000001,18.505349999999453,51.9593470315762,0.9985481864558057,0.001451813544194288,PREDICT,
Pd-107,46,61,107,HEAVY_100_TO_179,8560.8946,8561.540225345916,0.6456253459164145,0.6456253459164145,8561.561083333334,8547.194233333334,14.36685000000034,51.9593470315762,0.9985481864558057,0.001451813544194288,PREDICT,
Pd-108,46,62,108,HEAVY_100_TO_179,8567.0241,8567.150162213777,0.12606221377609472,0.12606221377609472,8567.176099999999,8549.310316666666,17.86578333333273,51.9593470315762,0.9985481864558057,0.001451813544194288,PREDICT,
Pd-109,46,63,109,HEAVY_100_TO_179,8544.8825,8544.538824559233,-0.343675440766674,0.343675440766674,8544.557866666664,8531.441783333332,13.116083333332426,51.9593470315762,0.9985481864558057,0.001451813544194288,PREDICT,
Pd-110,46,64,110,HEAVY_100_TO_179,8547.163,8547.138256357315,-0.024743642685280065,0.024743642685280065,8547.163233333333,8529.959250000002,17.203983333331053,51.9593470315762,0.9985481864558057,0.001451813544194288,PREDICT,
Pd-111,46,65,111,HEAVY_100_TO_179,8521.7498,8521.85218081925,0.10238081925126608,0.10238081925126608,8521.869866666666,8509.687966666666,12.181899999999587,51.9593470315762,0.9985481864558057,0.001451813544194288,PREDICT,
Pd-112,46,66,112,HEAVY_100_TO_179,8520.7205,8520.706042287307,-0.014457712692092173,0.014457712692092173,8520.729133333334,8504.824166666665,15.90496666666877,51.9593470315762,0.9985481864558057,0.001451813544194288,PREDICT,
Pd-113,46,67,113,HEAVY_100_TO_179,8492.5795,8492.671448055844,0.0919480558441137,0.0919480558441137,8492.6882,8481.149566666665,11.538633333335383,51.9593470315762,0.9985481864558057,0.001451813544194288,PREDICT,
Pd-114,46,68,114,HEAVY_100_TO_179,8488.0056,8487.91184337917,-0.0937566208303906,0.0937566208303906,8487.933549999998,8472.982166666667,14.95138333333125,51.9593470315762,0.9985481864558057,0.001451813544194288,PREDICT,
Pd-115,46,69,115,HEAVY_100_TO_179,8457.7342,8457.867674232655,0.1334742326544074,0.1334742326544074,8457.884333333333,8446.40965,11.474683333333815,51.9593470315762,0.9985481864558057,0.001451813544194288,PREDICT,
Pd-116,46,70,116,HEAVY_100_TO_179,8449.2755,8449.161910204824,-0.11358979517535772,0.11358979517535772,8449.183166666666,8434.54185,14.641316666666171,51.9593470315762,0.9985481864558057,0.001451813544194288,PREDICT,
Pd-117,46,71,117,HEAVY_100_TO_179,8416.9243,8415.542634845717,-1.3816651542838372,1.3816651542838372,8415.556083333333,8406.292850000002,9.2632333333313,51.9593470315762,0.9985481864558057,0.001451813544194288,PREDICT,
Pd-118,46,72,118,HEAVY_100_TO_179,8405.2197,8405.220377484462,0.0006774844623578247,0.0006774844623578247,8405.241283333333,8390.841466666665,14.399816666667903,51.9593470315762,0.9985481864558057,0.001451813544194288,PREDICT,
Pd-119,46,73,119,HEAVY_100_TO_179,8368.9594,8370.544540535195,1.5851405351950234,1.5851405351950234,8370.5608,8359.361383333333,11.199416666666366,51.9593470315762,0.9985481864558057,0.001451813544194288,PREDICT,
Pd-120,46,74,120,HEAVY_100_TO_179,8357.0817,8357.229621911129,0.14792191112792352,0.14792191112792352,8357.250883333334,8342.60615,14.644733333334443,51.9593470315762,0.9985481864558057,0.001451813544194288,PREDICT,
Pd-121,46,75,121,HEAVY_100_TO_179,8320.8584,8320.657833964746,-0.2005660352533596,0.2005660352533596,8320.673416666667,8309.94015,10.733266666666168,51.9593470315762,0.9985481864558057,0.001451813544194288,PREDICT,
Pd-122,46,76,122,HEAVY_100_TO_179,8305.9755,8305.663396796283,-0.31210320371792477,0.31210320371792477,8305.684516666668,8291.137283333333,14.547233333334589,51.9593470315762,0.9985481864558057,0.001451813544194288,PREDICT,
Pd-123,46,77,123,HEAVY_100_TO_179,8270.0318,8269.06437667068,-0.967423329320809,0.967423329320809,8269.079033333332,8258.983616666665,10.095416666667006,51.9593470315762,0.9985481864558057,0.001451813544194288,PREDICT,
Pd-124,46,78,124,HEAVY_100_TO_179,8252.0,8252.949894182202,0.9498941822021152,0.9498941822021152,8252.97005,8239.08685,13.883200000000215,51.9593470315762,0.9985481864558057,0.001451813544194288,PREDICT,
Pd-125,46,79,125,HEAVY_100_TO_179,8215.0,8218.858009769994,3.858009769994169,3.858009769994169,8218.878133333334,8205.01715,13.860983333333934,51.9593470315762,0.9985481864558057,0.001451813544194288,PREDICT,
Pd-126,46,80,126,HEAVY_100_TO_179,8197.0,8200.646489905315,3.6464899053153204,3.6464899053153204,8200.670750000001,8183.96055,16.71020000000135,51.9593470315762,0.9985481864558057,0.001451813544194288,PREDICT,
Pd-127,46,81,127,HEAVY_100_TO_179,8160.0,8156.8179917923635,-3.1820082076364997,3.1820082076364997,8156.828033333332,8149.911483333332,6.916549999999916,51.9593470315762,0.9985481864558057,0.001451813544194288,PREDICT,
Pd-128,46,82,128,HEAVY_100_TO_179,8137.0,8121.637907083057,-15.362092916942856,15.362092916942856,8121.5,8124.0,2.5,50.0,0.944837166777025,0.05516283322297499,PREDICT,
Pd-129,46,83,129,HEAVY_100_TO_179,8086.0,8076.472418583388,-9.52758141661161,9.52758141661161,8076.5,8076.0,0.5,50.0,0.944837166777025,0.05516283322297499,PREDICT,
Pd-130,46,84,130,HEAVY_100_TO_179,8046.0,8077.0,31.0,31.0,8077.0,8034.8579,42.14210000000003,,1.0,0.0,PREDICT,
Pd-131,46,85,131,HEAVY_100_TO_179,7993.0,8012.0,19.0,19.0,8012.0,7985.0,27.0,,1.0,0.0,PREDICT,
Ag-92,47,45,92,MEDIUM_40_TO_99,8080.0,8115.709699999999,35.70969999999943,35.70969999999943,8115.709699999999,8112.0,3.7096999999994296,,1.0,0.0,PREDICT,
Ag-93,47,46,93,MEDIUM_40_TO_99,8175.0,8200.882494712838,25.882494712837797,25.882494712837797,8206.7879,8188.78475,18.00314999999955,107.16041641826473,0.6719793321079433,0.3280206678920567,PREDICT,
Ag-94,47,47,94,MEDIUM_40_TO_99,8238.0,8226.687892738295,-11.312107261705023,11.312107261705023,8220.14515,8252.63895,32.49380000000019,143.72541860392,0.7986464267554012,0.20135357324459882,PREDICT,
Ag-95,47,48,95,MEDIUM_40_TO_99,8315.0,8306.095401675539,-8.904598324461404,8.904598324461404,8299.10605,8333.817883333333,34.711833333332834,143.72541860392,0.7986464267554012,0.20135357324459882,PREDICT,
Ag-96,47,49,96,MEDIUM_40_TO_99,8360.2903,8359.151303015486,-1.1389969845149608,1.1389969845149608,8358.958616666667,8375.78745,16.828833333333023,129.1848213446385,0.9885502253779942,0.011449774622005894,PREDICT,
Ag-97,47,50,97,MEDIUM_40_TO_99,8423.2121,8412.254063224644,-10.958036775356959,10.958036775356959,8411.925183333333,8440.648883333331,28.723699999998644,129.1848213446385,0.9885502253779942,0.011449774622005894,PREDICT,
Ag-98,47,51,98,MEDIUM_40_TO_99,8441.6866,8437.87778782226,-3.8088121777400374,3.8088121777400374,8437.662499999999,8456.4653,18.802800000001298,129.1848213446385,0.9885502253779942,0.011449774622005894,PREDICT,
Ag-99,47,52,99,MEDIUM_40_TO_99,8474.7744,8481.856054215783,7.081654215782692,7.081654215782692,8481.7304,8492.704783333333,10.974383333332298,129.1848213446385,0.9885502253779942,0.011449774622005894,PREDICT,
Ag-100,47,53,100,HEAVY_100_TO_179,8484.9947,8489.837551073118,4.842851073119164,4.842851073119164,8489.82185,8500.63665,10.814800000000105,51.9593470315762,0.9985481864558057,0.001451813544194288,PREDICT,
Ag-101,47,54,101,HEAVY_100_TO_179,8512.5465,8512.713914991167,0.1674149911668792,0.1674149911668792,8512.687116666666,8531.14563333333,18.458516666663854,51.9593470315762,0.9985481864558057,0.001451813544194288,PREDICT,
Ag-102,47,55,102,HEAVY_100_TO_179,8517.165,8516.42141588243,-0.743584117570208,0.743584117570208,8516.39875,8532.010866666666,15.612116666665315,51.9593470315762,0.9985481864558057,0.001451813544194288,PREDICT,
Ag-103,47,56,103,HEAVY_100_TO_179,8537.652,8537.193603620106,-0.4583963798941113,0.4583963798941113,8537.1656,8556.454316666666,19.288716666666005,51.9593470315762,0.9985481864558057,0.001451813544194288,PREDICT,
Ag-104,47,57,104,HEAVY_100_TO_179,8536.185,8536.720019185994,0.5350191859943152,0.5350191859943152,8536.69965,8550.729816666664,14.030166666663717,51.9593470315762,0.9985481864558057,0.001451813544194288,PREDICT,
Ag-105,47,58,105,HEAVY_100_TO_179,8550.3708,8550.985471221282,0.6146712212812417,0.6146712212812417,8550.958466666667,8569.559033333335,18.600566666667874,51.9593470315762,0.9985481864558057,0.001451813544194288,PREDICT,
Ag-106,47,59,106,HEAVY_100_TO_179,8544.6397,8543.949834816369,-0.6898651836309,0.6898651836309,8543.928483333331,8558.635250000001,14.706766666669864,51.9593470315762,0.9985481864558057,0.001451813544194288,PREDICT,
Ag-107,47,60,107,HEAVY_100_TO_179,8553.9012,8553.478372812879,-0.42282718712158385,0.42282718712158385,8553.4509,8572.374,18.923099999999977,51.9593470315762,0.9985481864558057,0.001451813544194288,PREDICT,
Ag-108,47,61,108,HEAVY_100_TO_179,8542.0262,8542.474399197476,0.44819919747533277,0.44819919747533277,8542.454783333333,8555.966066666668,13.511283333335086,51.9593470315762,0.9985481864558057,0.001451813544194288,PREDICT,
Ag-109,47,62,109,HEAVY_100_TO_179,8547.9155,8548.079451886078,0.16395188607930322,0.16395188607930322,8548.053199999998,8566.135333333332,18.08213333333333,51.9593470315762,0.9985481864558057,0.001451813544194288,PREDICT,
Ag-110,47,63,110,HEAVY_100_TO_179,8532.1089,8532.355815581013,0.24691558101403643,0.24691558101403643,8532.334883333333,8546.752883333333,14.417999999999665,51.9593470315762,0.9985481864558057,0.001451813544194288,PREDICT,
Ag-111,47,64,111,HEAVY_100_TO_179,8534.7878,8535.270331824211,0.482531824211037,0.482531824211037,8535.244916666668,8552.75071666667,17.505800000000818,51.9593470315762,0.9985481864558057,0.001451813544194288,PREDICT,
Ag-112,47,65,112,HEAVY_100_TO_179,8516.0807,8515.956191676823,-0.12450832317699678,0.12450832317699678,8515.93608333333,8529.786583333333,13.850500000002285,51.9593470315762,0.9985481864558057,0.001451813544194288,PREDICT,
Ag-113,47,66,113,HEAVY_100_TO_179,8516.066,8515.692430594801,-0.37356940519930504,0.37356940519930504,8515.667566666665,8532.79368333333,17.12611666666453,51.9593470315762,0.9985481864558057,0.001451813544194288,PREDICT,
Ag-114,47,67,114,HEAVY_100_TO_179,8493.7786,8493.67839658844,-0.10020341155905044,0.10020341155905044,8493.658850000002,8507.122416666667,13.463566666665429,51.9593470315762,0.9985481864558057,0.001451813544194288,PREDICT,
Ag-115,47,68,115,HEAVY_100_TO_179,8490.5553,8490.701659109185,0.14635910918514128,0.14635910918514128,8490.678266666668,8506.790833333333,16.11256666666486,51.9593470315762,0.9985481864558057,0.001451813544194288,PREDICT,
Ag-116,47,69,116,HEAVY_100_TO_179,8465.9073,8466.562481627523,0.6551816275223246,0.6551816275223246,8466.544266666664,8479.090616666666,12.546350000002349,51.9593470315762,0.9985481864558057,0.001451813544194288,PREDICT,
Ag-117,47,70,117,HEAVY_100_TO_179,8459.4515,8459.468814210906,0.017314210906988592,0.017314210906988592,8459.445833333331,8475.274916666665,15.829083333333983,51.9593470315762,0.9985481864558057,0.001451813544194288,PREDICT,
Ag-118,47,71,118,HEAVY_100_TO_179,8433.89,8433.084539022608,-0.8054609773917036,0.8054609773917036,8433.067316666667,8444.929966666665,11.862649999997302,51.9593470315762,0.9985481864558057,0.001451813544194288,PREDICT,
Ag-119,47,72,119,HEAVY_100_TO_179,8423.2126,8423.122472187475,-0.09012781252567947,0.09012781252567947,8423.100399999998,8438.303583333332,15.203183333334891,51.9593470315762,0.9985481864558057,0.001451813544194288,PREDICT,
Ag-120,47,73,120,HEAVY_100_TO_179,8395.3281,8395.31414462793,-0.013955372070995509,0.013955372070995509,8395.298883333333,8405.810766666666,10.511883333332662,51.9593470315762,0.9985481864558057,0.001451813544194288,PREDICT,
Ag-121,47,74,121,HEAVY_100_TO_179,8382.3306,8382.016717582375,-0.3138824176239723,0.3138824176239723,8381.994433333333,8397.343683333336,15.34925000000294,51.9593470315762,0.9985481864558057,0.001451813544194288,PREDICT,
Ag-122,47,75,122,HEAVY_100_TO_179,8352.7591,8353.682767991382,0.9236679913828993,0.9236679913828993,8353.6676,8364.115216666665,10.447616666664544,51.9593470315762,0.9985481864558057,0.001451813544194288,PREDICT,
Ag-123,47,76,123,HEAVY_100_TO_179,8337.9707,8339.248553456486,1.2778534564859,1.2778534564859,8339.228366666666,8353.1329,13.904533333334257,51.9593470315762,0.9985481864558057,0.001451813544194288,PREDICT,
Ag-124,47,77,124,HEAVY_100_TO_179,8308.8958,8308.134876083432,-0.7609239165685722,0.7609239165685722,8308.11805,8319.707750000001,11.589700000002267,51.9593470315762,0.9985481864558057,0.001451813544194288,PREDICT,
Ag-125,47,78,125,HEAVY_100_TO_179,8293.3151,8292.944139535275,-0.37096046472470334,0.37096046472470334,8292.925366666666,8305.856,12.93063333333339,51.9593470315762,0.9985481864558057,0.001451813544194288,PREDICT,
Ag-126,47,79,126,HEAVY_100_TO_179,8261.0,8264.14783407793,3.1478340779303835,3.1478340779303835,8264.137349999997,8271.358716666668,7.221366666670292,51.9593470315762,0.9985481864558057,0.001451813544194288,PREDICT,
Ag-127,47,80,127,HEAVY_100_TO_179,8244.0,8247.561083029674,3.561083029673682,3.561083029673682,8247.548283333334,8256.364633333334,8.816350000000966,51.9593470315762,0.9985481864558057,0.001451813544194288,PREDICT,
Ag-128,47,81,128,HEAVY_100_TO_179,8211.0,8208.36687421915,-2.6331257808506052,2.6331257808506052,8208.350699999999,8219.491399999999,11.140699999999924,51.9593470315762,0.9985481864558057,0.001451813544194288,PREDICT,
Ag-129,47,82,129,HEAVY_100_TO_179,8188.0,8179.643841498532,-8.35615850146769,8.35615850146769,8179.614149999999,8200.065466666665,20.45131666666566,51.9593470315762,0.9985481864558057,0.001451813544194288,PREDICT,
Ag-130,47,83,130,HEAVY_100_TO_179,8142.0,8132.305273496875,-9.694726503124912,9.694726503124912,8132.0,8150.794233333333,18.794233333333068,52.34850290839312,0.9837570657200194,0.016242934279980505,PREDICT,
Ag-131,47,84,131,HEAVY_100_TO_179,8102.0,8100.890059151861,-1.109940848138649,1.109940848138649,8100.5,8107.5710500000005,7.071050000000469,50.0,0.944837166777025,0.05516283322297499,PREDICT,
Ag-132,47,85,132,HEAVY_100_TO_179,8053.0,8071.49547465124,18.49547465124033,18.49547465124033,8073.0,8057.0,16.0,50.0,0.9059671657025805,0.09403283429741938,PREDICT,
Ag-133,47,86,133,HEAVY_100_TO_179,8013.0,8016.0,3.0,3.0,8016.0,8036.0,20.0,,1.0,0.0,PREDICT,
Cd-94,48,46,94,MEDIUM_40_TO_99,8102.0,8139.7047,37.70470000000023,37.70470000000023,8139.7047,8074.4305,65.27419999999984,,1.0,0.0,PREDICT,
Cd-95,48,47,95,MEDIUM_40_TO_99,8171.0,8199.684601912311,28.684601912311336,28.684601912311336,8222.229199999998,8153.5,68.72919999999795,107.16041641826473,0.6719793321079433,0.3280206678920567,PREDICT,
Cd-96,48,48,96,MEDIUM_40_TO_99,8259.0,8240.095937912545,-18.904062087454804,18.904062087454804,8240.147649999999,8240.0,0.14764999999897555,108.97677306661497,0.6497657470067674,0.3502342529932327,PREDICT,
Cd-97,48,49,97,MEDIUM_40_TO_99,8310.3013,8286.80293612248,-23.498363877519296,23.498363877519296,8284.6867,8295.19675,10.510049999998955,143.72541860392,0.7986464267554012,0.20135357324459882,PREDICT,
Cd-98,48,50,98,MEDIUM_40_TO_99,8378.2953,8366.738817205221,-11.556482794778276,11.556482794778276,8366.802966666666,8361.200283333334,5.602683333332607,129.1848213446385,0.9885502253779942,0.011449774622005894,PREDICT,
Cd-99,48,51,99,MEDIUM_40_TO_99,8398.3734,8396.833454628855,-1.5399453711452225,1.5399453711452225,8396.985550000001,8383.70185,13.283700000001772,129.1848213446385,0.9885502253779942,0.011449774622005894,PREDICT,
Cd-100,48,52,100,HEAVY_100_TO_179,8437.7375,8445.478022178417,7.74052217841745,7.74052217841745,8445.514466666666,8420.411733333334,25.102733333331344,51.9593470315762,0.9985481864558057,0.001451813544194288,PREDICT,
Cd-101,48,53,101,HEAVY_100_TO_179,8450.3657,8454.199210170544,3.833510170543377,3.833510170543377,8454.226316666669,8435.555533333332,18.670783333336658,51.9593470315762,0.9985481864558057,0.001451813544194288,PREDICT,
Cd-102,48,54,102,HEAVY_100_TO_179,8484.1322,8483.99061139261,-0.1415886073900765,0.1415886073900765,8484.016383333332,8466.264833333335,17.751549999997223,51.9593470315762,0.9985481864558057,0.001451813544194288,PREDICT,
Cd-103,48,55,103,HEAVY_100_TO_179,8489.7547,8489.504246577337,-0.2504534226627584,0.2504534226627584,8489.524966666666,8475.2531,14.271866666666028,51.9593470315762,0.9985481864558057,0.001451813544194288,PREDICT,
Cd-104,48,56,104,HEAVY_100_TO_179,8517.6232,8517.468648933147,-0.15455106685294595,0.15455106685294595,8517.49475,8499.516500000002,17.978249999998297,51.9593470315762,0.9985481864558057,0.001451813544194288,PREDICT,
Cd-105,48,57,105,HEAVY_100_TO_179,8516.8532,8517.194915231259,0.34171523125951353,0.34171523125951353,8517.21635,8502.452216666667,14.76413333333403,51.9593470315762,0.9985481864558057,0.001451813544194288,PREDICT,
Cd-106,48,58,106,HEAVY_100_TO_179,8539.0492,8539.166966046923,0.11776604692386172,0.11776604692386172,8539.193916666667,8520.630500000001,18.563416666665944,51.9593470315762,0.9985481864558057,0.001451813544194288,PREDICT,
Cd-107,48,59,107,HEAVY_100_TO_179,8533.3524,8532.587376890187,-0.7650231098123186,0.7650231098123186,8532.606066666667,8519.732666666665,12.87340000000222,51.9593470315762,0.9985481864558057,0.001451813544194288,PREDICT,
Cd-108,48,60,108,HEAVY_100_TO_179,8550.0196,8549.798273499511,-0.2213265004884306,0.2213265004884306,8549.824166666664,8531.989116666668,17.835049999996045,51.9593470315762,0.9985481864558057,0.001451813544194288,PREDICT,
Cd-109,48,61,109,HEAVY_100_TO_179,8538.7646,8539.62689762667,0.8622976266688056,0.8622976266688056,8539.648233333333,8524.952333333335,14.695899999998801,51.9593470315762,0.9985481864558057,0.001451813544194288,PREDICT,
Cd-110,48,62,110,HEAVY_100_TO_179,8551.2755,8551.380147306203,0.10464730620333285,0.10464730620333285,8551.406350000001,8533.3581,18.048250000001644,51.9593470315762,0.9985481864558057,0.001451813544194288,PREDICT,
Cd-111,48,63,111,HEAVY_100_TO_179,8537.0801,8536.468190900647,-0.6119090993524878,0.6119090993524878,8536.4884,8522.5685,13.91990000000078,51.9593470315762,0.9985481864558057,0.001451813544194288,PREDICT,
Cd-112,48,64,112,HEAVY_100_TO_179,8544.7306,8544.771503158385,0.04090315838402603,0.04090315838402603,8544.79755,8526.856649999998,17.94090000000142,51.9593470315762,0.9985481864558057,0.001451813544194288,PREDICT,
Cd-113,48,65,113,HEAVY_100_TO_179,8526.9874,8527.226028620189,0.23862862018904707,0.23862862018904707,8527.2471,8512.733266666668,14.513833333332514,51.9593470315762,0.9985481864558057,0.001451813544194288,PREDICT,
Cd-114,48,66,114,HEAVY_100_TO_179,8531.5135,8531.511223843214,-0.0022761567852285225,0.0022761567852285225,8531.53605,8514.43595,17.100100000001476,51.9593470315762,0.9985481864558057,0.001451813544194288,PREDICT,
Cd-115,48,67,115,HEAVY_100_TO_179,8510.7252,8510.867106715072,0.1419067150709452,0.1419067150709452,8510.8879,8496.565616666667,14.322283333332962,51.9593470315762,0.9985481864558057,0.001451813544194288,PREDICT,
Cd-116,48,68,116,HEAVY_100_TO_179,8512.3511,8512.415340952708,0.06424095270813268,0.06424095270813268,8512.439900000001,8495.523783333332,16.91611666666904,51.9593470315762,0.9985481864558057,0.001451813544194288,PREDICT,
Cd-117,48,69,117,HEAVY_100_TO_179,8488.974,8488.425032891068,-0.5489671089326293,0.5489671089326293,8488.444766666667,8474.852266666667,13.592500000000655,51.9593470315762,0.9985481864558057,0.001451813544194288,PREDICT,
Cd-118,48,70,118,HEAVY_100_TO_179,8487.835,8487.59653260972,-0.23846739027976582,0.23846739027976582,8487.62003333333,8471.432883333333,16.187149999997928,51.9593470315762,0.9985481864558057,0.001451813544194288,PREDICT,
Cd-119,48,71,119,HEAVY_100_TO_179,8461.4381,8462.275797664926,0.8376976649269636,0.8376976649269636,8462.294016666667,8449.744883333333,12.549133333333884,51.9593470315762,0.9985481864558057,0.001451813544194288,PREDICT,
Cd-120,48,72,120,HEAVY_100_TO_179,8458.024,8458.150270683302,0.12627068330220936,0.12627068330220936,8458.172966666665,8442.540116666667,15.632849999998143,51.9593470315762,0.9985481864558057,0.001451813544194288,PREDICT,
Cd-121,48,73,121,HEAVY_100_TO_179,8430.9972,8430.09690769079,-0.9002923092102719,0.9002923092102719,8430.113149999997,8418.92555,11.187599999997474,51.9593470315762,0.9985481864558057,0.001451813544194288,PREDICT,
Cd-122,48,74,122,HEAVY_100_TO_179,8424.2667,8424.244012950992,-0.022687049007799942,0.022687049007799942,8424.26555,8409.430966666663,14.834583333336923,51.9593470315762,0.9985481864558057,0.001451813544194288,PREDICT,
Cd-123,48,75,123,HEAVY_100_TO_179,8395.3955,8396.04525621794,0.6497562179392844,0.6497562179392844,8396.063266666666,8383.657783333334,12.405483333332086,51.9593470315762,0.9985481864558057,0.001451813544194288,PREDICT,
Cd-124,48,76,124,HEAVY_100_TO_179,8387.0179,8387.105770307615,0.08787030761413916,0.08787030761413916,8387.127216666668,8372.3551,14.772116666666989,51.9593470315762,0.9985481864558057,0.001451813544194288,PREDICT,
Cd-125,48,77,125,HEAVY_100_TO_179,8357.6815,8358.091237364995,0.4097373649947258,0.4097373649947258,8358.107016666667,8347.238333333335,10.868683333332228,51.9593470315762,0.9985481864558057,0.001451813544194288,PREDICT,
Cd-126,48,78,126,HEAVY_100_TO_179,8346.7393,8347.341315278023,0.6020152780238277,0.6020152780238277,8347.360816666667,8333.928383333332,13.432433333335212,51.9593470315762,0.9985481864558057,0.001451813544194288,PREDICT,
Cd-127,48,79,127,HEAVY_100_TO_179,8316.8971,8317.873257065492,0.9761570654918614,0.9761570654918614,8317.889083333332,8306.98805,10.901033333331725,51.9593470315762,0.9985481864558057,0.001451813544194288,PREDICT,
Cd-128,48,80,128,HEAVY_100_TO_179,8303.2367,8306.83467297202,3.597972972020216,3.597972972020216,8306.857399999997,8291.203166666666,15.654233333330922,51.9593470315762,0.9985481864558057,0.001451813544194288,PREDICT,
Cd-129,48,81,129,HEAVY_100_TO_179,8269.5311,8268.889565349695,-0.6415346503054025,0.6415346503054025,8268.898083333335,8263.03095,5.867133333335005,51.9593470315762,0.9985481864558057,0.001451813544194288,PREDICT,
Cd-130,48,82,130,HEAVY_100_TO_179,8252.5868,8242.794814405657,-9.791985594341895,9.791985594341895,8242.795983333332,8241.990833333335,0.8051499999965017,51.9593470315762,0.9985481864558057,0.001451813544194288,PREDICT,
Cd-131,48,83,131,HEAVY_100_TO_179,8206.1204,8201.532450768034,-4.587949231965467,4.587949231965467,8201.537883333333,8197.795966666668,3.7419166666641104,51.9593470315762,0.9985481864558057,0.001451813544194288,PREDICT,
Cd-132,48,84,132,HEAVY_100_TO_179,8169.1421,8169.128446775928,-0.013653224072186276,0.013653224072186276,8169.2934,8159.138016666666,10.155383333333702,52.34850290839312,0.9837570657200194,0.016242934279980505,PREDICT,
Cd-133,48,85,133,HEAVY_100_TO_179,8121.0,8120.935538457272,-0.06446154272816784,0.06446154272816784,8121.0602,8113.385383333332,7.674816666667539,52.34850290839312,0.9837570657200194,0.016242934279980505,PREDICT,
Cd-134,48,86,134,HEAVY_100_TO_179,8086.0,8084.644476741238,-1.3555232587623323,1.3555232587623323,8085.697400000001,8074.5,11.197400000000926,50.0,0.9059671657025805,0.09403283429741938,PREDICT,
Cd-135,48,87,135,HEAVY_100_TO_179,8036.0,8035.8796,-0.12039999999979045,0.12039999999979045,8035.8796,8030.0,5.8796000000002095,,1.0,0.0,PREDICT,
In-96,49,47,96,MEDIUM_40_TO_99,8069.0,8130.2505,61.2505000000001,61.2505000000001,8130.2505,8104.0,26.250500000000102,,1.0,0.0,PREDICT,
In-97,49,48,97,MEDIUM_40_TO_99,8165.0,8237.574,72.57400000000052,72.57400000000052,8237.574,8203.0,34.574000000000524,,1.0,0.0,PREDICT,
In-98,49,49,98,MEDIUM_40_TO_99,8230.0,8212.079812738157,-17.92018726184324,17.92018726184324,8199.374749999999,8235.65065,36.27590000000055,108.97677306661497,0.6497657470067674,0.3502342529932327,PREDICT,
In-99,49,50,99,MEDIUM_40_TO_99,8304.0,8284.260745403437,-19.739254596563114,19.739254596563114,8267.713,8314.96065,47.24765000000116,108.97677306661497,0.6497657470067674,0.3502342529932327,PREDICT,
In-100,49,51,100,HEAVY_100_TO_179,8329.7495,8328.371887105042,-1.377612894957565,1.377612894957565,8328.341600000003,8349.203166666666,20.86156666666284,51.9593470315762,0.9985481864558057,0.001451813544194288,PREDICT,
In-101,49,52,101,HEAVY_100_TO_179,8370.426,8380.210059794443,9.784059794443237,9.784059794443237,8380.19585,8389.983466666665,9.78761666666469,51.9593470315762,0.9985481864558057,0.001451813544194288,PREDICT,
In-102,49,53,102,HEAVY_100_TO_179,8388.5719,8393.321875872945,4.74997587294456,4.74997587294456,8393.304783333333,8405.078016666668,11.773233333335156,51.9593470315762,0.9985481864558057,0.001451813544194288,PREDICT,
In-103,49,54,103,HEAVY_100_TO_179,8423.7199,8423.77445650529,0.05455650529074774,0.05455650529074774,8423.746349999998,8443.105933333332,19.35958333333474,51.9593470315762,0.9985481864558057,0.001451813544194288,PREDICT,
In-104,49,55,104,HEAVY_100_TO_179,8435.238,8434.985901463324,-0.25209853667547577,0.25209853667547577,8434.96195,8451.459566666665,16.497616666663816,51.9593470315762,0.9985481864558057,0.001451813544194288,PREDICT,
In-105,49,56,105,HEAVY_100_TO_179,8464.7045,8464.615511844759,-0.08898815524116799,0.08898815524116799,8464.58775,8483.709933333335,19.12218333333476,51.9593470315762,0.9985481864558057,0.001451813544194288,PREDICT,
In-106,49,57,106,HEAVY_100_TO_179,8470.1213,8470.76857609469,0.6472760946890048,0.6472760946890048,8470.746299999999,8486.089933333333,15.343633333333855,51.9593470315762,0.9985481864558057,0.001451813544194288,PREDICT,
In-107,49,58,107,HEAVY_100_TO_179,8494.0439,8494.231491198696,0.18759119869537244,0.18759119869537244,8494.204416666666,8512.853183333333,18.648766666667143,51.9593470315762,0.9985481864558057,0.001451813544194288,PREDICT,
In-108,49,59,108,HEAVY_100_TO_179,8495.2516,8494.391348171475,-0.8602518285242695,0.8602518285242695,8494.3691,8509.6935,15.324399999999514,51.9593470315762,0.9985481864558057,0.001451813544194288,PREDICT,
In-109,49,60,109,HEAVY_100_TO_179,8513.1027,8512.972445251089,-0.13025474891037447,0.13025474891037447,8512.945166666666,8531.734483333334,18.78931666666722,51.9593470315762,0.9985481864558057,0.001451813544194288,PREDICT,
In-110,49,61,110,HEAVY_100_TO_179,8508.9087,8509.61715831237,0.708458312370567,0.708458312370567,8509.59675,8523.653866666666,14.057116666665024,51.9593470315762,0.9985481864558057,0.001451813544194288,PREDICT,
In-111,49,62,111,HEAVY_100_TO_179,8522.2824,8522.283722230623,0.001322230622463394,0.001322230622463394,8522.256416666665,8541.064316666663,18.80789999999797,51.9593470315762,0.9985481864558057,0.001451813544194288,PREDICT,
In-112,49,63,112,HEAVY_100_TO_179,8514.6674,8514.466528746723,-0.2008712532770005,0.2008712532770005,8514.443716666668,8530.156533333331,15.712816666662548,51.9593470315762,0.9985481864558057,0.001451813544194288,PREDICT,
In-113,49,64,113,HEAVY_100_TO_179,8522.9297,8523.086259576006,0.15655957600574766,0.15655957600574766,8523.0584,8542.247900000002,19.189500000002226,51.9593470315762,0.9985481864558057,0.001451813544194288,PREDICT,
In-114,49,65,114,HEAVY_100_TO_179,8511.9742,8511.785407107312,-0.18879289268807042,0.18879289268807042,8511.760783333333,8528.721483333333,16.960699999999633,51.9593470315762,0.9985481864558057,0.001451813544194288,PREDICT,
In-115,49,66,115,HEAVY_100_TO_179,8516.5472,8516.487836038948,-0.05936396105244057,0.05936396105244057,8516.459816666666,8535.75938333333,19.29956666666476,51.9593470315762,0.9985481864558057,0.001451813544194288,PREDICT,
In-116,49,67,116,HEAVY_100_TO_179,8501.6177,8501.63060848042,0.012908480419355328,0.012908480419355328,8501.606649999998,8518.109100000001,16.50245000000359,51.9593470315762,0.9985481864558057,0.001451813544194288,PREDICT,
In-117,49,68,117,HEAVY_100_TO_179,8503.8653,8504.016906430817,0.15160643081799208,0.15160643081799208,8503.989533333333,8522.84395,18.85441666666702,51.9593470315762,0.9985481864558057,0.001451813544194288,PREDICT,
In-118,49,69,118,HEAVY_100_TO_179,8485.667,8486.259373555138,0.5923735551386926,0.5923735551386926,8486.23645,8502.02605,15.789600000000064,51.9593470315762,0.9985481864558057,0.001451813544194288,PREDICT,
In-119,49,70,119,HEAVY_100_TO_179,8486.1387,8486.107697444955,-0.031002555044324254,0.031002555044324254,8486.080766666664,8504.630516666664,18.54975000000013,51.9593470315762,0.9985481864558057,0.001451813544194288,PREDICT,
In-120,49,71,120,HEAVY_100_TO_179,8466.2575,8465.881175933411,-0.37632406658849504,0.37632406658849504,8465.8596,8480.720966666666,14.861366666666072,51.9593470315762,0.9985481864558057,0.001451813544194288,PREDICT,
In-121,49,72,121,HEAVY_100_TO_179,8463.8767,8464.108047519943,0.23134751994257385,0.23134751994257385,8464.082966666667,8481.358499999998,17.275533333331623,51.9593470315762,0.9985481864558057,0.001451813544194288,PREDICT,
In-122,49,73,122,HEAVY_100_TO_179,8442.1079,8442.030544018475,-0.0773559815261251,0.0773559815261251,8442.008916666668,8456.905699999998,14.89678333332995,51.9593470315762,0.9985481864558057,0.001451813544194288,PREDICT,
In-123,49,74,123,HEAVY_100_TO_179,8437.9362,8437.739651407239,-0.19654859276124625,0.19654859276124625,8437.715483333333,8454.3623,16.64681666666729,51.9593470315762,0.9985481864558057,0.001451813544194288,PREDICT,
In-124,49,75,124,HEAVY_100_TO_179,8414.3243,8414.880510425595,0.5562104255950544,0.5562104255950544,8414.860799999999,8428.437216666667,13.576416666668592,51.9593470315762,0.9985481864558057,0.001451813544194288,PREDICT,
In-125,49,76,125,HEAVY_100_TO_179,8407.9365,8408.088875822717,0.1523758227176586,0.1523758227176586,8408.06565,8424.06345,15.997799999999188,51.9593470315762,0.9985481864558057,0.001451813544194288,PREDICT,
In-126,49,77,126,HEAVY_100_TO_179,8384.6067,8384.478125571373,-0.1285744286269619,0.1285744286269619,8384.459616666665,8397.208433333333,12.748816666668063,51.9593470315762,0.9985481864558057,0.001451813544194288,PREDICT,
In-127,49,78,127,HEAVY_100_TO_179,8374.8212,8375.170970690328,0.34977069032720465,0.34977069032720465,8375.148566666667,8390.580316666666,15.431749999999738,51.9593470315762,0.9985481864558057,0.001451813544194288,PREDICT,
In-128,49,79,128,HEAVY_100_TO_179,8351.4361,8354.527970753392,3.091870753391049,3.091870753391049,8354.515049999998,8363.414783333334,8.899733333335462,51.9593470315762,0.9985481864558057,0.001451813544194288,PREDICT,
In-129,49,80,129,HEAVY_100_TO_179,8338.759,8344.374895675377,5.615895675377033,5.615895675377033,8344.360983333334,8353.943716666665,9.582733333330907,51.9593470315762,0.9985481864558057,0.001451813544194288,PREDICT,
In-130,49,81,130,HEAVY_100_TO_179,8314.176,8310.520221798903,-3.6557782010968367,3.6557782010968367,8310.500416666668,8324.142066666665,13.641649999997753,51.9593470315762,0.9985481864558057,0.001451813544194288,PREDICT,
In-131,49,82,131,HEAVY_100_TO_179,8297.9544,8285.409032218335,-12.545367781665846,12.545367781665846,8285.369133333334,8312.851233333333,27.482099999999264,51.9593470315762,0.9985481864558057,0.001451813544194288,PREDICT,
In-132,49,83,132,HEAVY_100_TO_179,8253.7162,8251.066579619386,-2.6496203806145786,2.6496203806145786,8251.04465,8266.149633333334,15.10498333333453,51.9593470315762,0.9985481864558057,0.001451813544194288,PREDICT,
In-133,49,84,133,HEAVY_100_TO_179,8217.0,8224.019253784241,7.0192537842413,7.0192537842413,8224.009766666668,8230.544433333333,6.534666666664634,51.9593470315762,0.9985481864558057,0.001451813544194288,PREDICT,
In-134,49,85,134,HEAVY_100_TO_179,8173.0,8172.540423959421,-0.4595760405791225,0.4595760405791225,8172.3581,8183.582916666666,11.224816666665902,52.34850290839312,0.9837570657200194,0.016242934279980505,PREDICT,
In-135,49,86,135,HEAVY_100_TO_179,8136.0,8135.24506148093,-0.754938519069583,0.754938519069583,8135.0,8150.0872666666655,15.087266666665528,52.34850290839312,0.9837570657200194,0.016242934279980505,PREDICT,
In-136,49,87,136,HEAVY_100_TO_179,8091.0,8092.44517915022,1.4451791502197011,1.4451791502197011,8092.283799999999,8094.0,1.7162000000007538,50.0,0.9059671657025805,0.09403283429741938,PREDICT,
In-137,49,88,137,HEAVY_100_TO_179,8053.0,8055.0,2.0,2.0,8055.0,8092.0,37.0,,1.0,0.0,PREDICT,
Sn-99,50,49,99,MEDIUM_40_TO_99,8161.0,8219.205999999998,58.20599999999831,58.20599999999831,8219.205999999998,8149.698700000001,69.50729999999749,,1.0,0.0,PREDICT,
Sn-100,50,50,100,HEAVY_100_TO_179,8251.626,8264.9512,13.325199999999313,13.325199999999313,8264.9512,8229.7047,35.24649999999929,,1.0,0.0,PREDICT,
Sn-101,50,51,101,HEAVY_100_TO_179,8281.103,8252.186160771418,-28.91683922858101,28.91683922858101,8252.0,8255.374749999999,3.3747499999990396,50.0,0.944837166777025,0.05516283322297499,PREDICT,
Sn-102,50,52,102,HEAVY_100_TO_179,8324.4313,8317.541376615449,-6.889923384551366,6.889923384551366,8317.7687,8303.773483333332,13.995216666668057,52.34850290839312,0.9837570657200194,0.016242934279980505,PREDICT,
Sn-103,50,53,103,HEAVY_100_TO_179,8343.0,8352.099278000036,9.099278000036065,9.099278000036065,8352.1389,8324.847516666669,27.291383333331396,51.9593470315762,0.9985481864558057,0.001451813544194288,PREDICT,
Sn-104,50,54,104,HEAVY_100_TO_179,8383.9114,8384.173386327182,0.2619863271811482,0.2619863271811482,8384.204183333335,8362.9914,21.2127833333343,51.9593470315762,0.9985481864558057,0.001451813544194288,PREDICT,
Sn-105,50,55,105,HEAVY_100_TO_179,8397.229,8396.369352349395,-0.8596476506045292,0.8596476506045292,8396.39285,8380.207816666665,16.185033333335014,51.9593470315762,0.9985481864558057,0.001451813544194288,PREDICT,
Sn-106,50,56,106,HEAVY_100_TO_179,8432.0383,8431.84391453989,-0.1943854601104249,0.1943854601104249,8431.872666666666,8412.068383333333,19.804283333332933,51.9593470315762,0.9985481864558057,0.001451813544194288,PREDICT,
Sn-107,50,57,107,HEAVY_100_TO_179,8439.4946,8439.118862984922,-0.37573701507790247,0.37573701507790247,8439.143033333334,8422.49465,16.648383333333186,51.9593470315762,0.9985481864558057,0.001451813544194288,PREDICT,
Sn-108,50,58,108,HEAVY_100_TO_179,8469.0273,8469.133912686306,0.10661268630610721,0.10661268630610721,8469.16215,8449.712466666666,19.44968333333418,51.9593470315762,0.9985481864558057,0.001451813544194288,PREDICT,
Sn-109,50,59,109,HEAVY_100_TO_179,8470.5183,8471.053759020806,0.5354590208062291,0.5354590208062291,8471.076949999999,8455.10315,15.973799999997937,51.9593470315762,0.9985481864558057,0.001451813544194288,PREDICT,
Sn-110,50,60,110,HEAVY_100_TO_179,8496.0875,8495.969040354457,-0.11845964554231614,0.11845964554231614,8495.996566666665,8477.036616666664,18.95995000000039,51.9593470315762,0.9985481864558057,0.001451813544194288,PREDICT,
Sn-111,50,61,111,HEAVY_100_TO_179,8493.131,8492.604333948906,-0.5266660510933434,0.5266660510933434,8492.625866666669,8477.794266666668,14.831600000001345,51.9593470315762,0.9985481864558057,0.001451813544194288,PREDICT,
Sn-112,50,62,112,HEAVY_100_TO_179,8513.6189,8513.717608022065,0.09870802206569351,0.09870802206569351,8513.745750000002,8494.361733333333,19.384016666668686,51.9593470315762,0.9985481864558057,0.001451813544194288,PREDICT,
Sn-113,50,63,113,HEAVY_100_TO_179,8506.8117,8508.086245549812,1.2745455498115916,1.2745455498115916,8508.112416666667,8490.085916666667,18.026499999999942,51.9593470315762,0.9985481864558057,0.001451813544194288,PREDICT,
Sn-114,50,64,114,HEAVY_100_TO_179,8522.5671,8522.357863222509,-0.2092367774912418,0.2092367774912418,8522.386733333333,8502.501183333334,19.885549999999057,51.9593470315762,0.9985481864558057,0.001451813544194288,PREDICT,
Sn-115,50,65,115,HEAVY_100_TO_179,8514.0702,8512.161574647822,-1.9086253521782055,1.9086253521782055,8512.185733333332,8495.545383333332,16.64034999999967,51.9593470315762,0.9985481864558057,0.001451813544194288,PREDICT,
Sn-116,50,66,116,HEAVY_100_TO_179,8523.1166,8523.02019580039,-0.09640419960851432,0.09640419960851432,8523.04965,8502.761783333332,20.287866666669288,51.9593470315762,0.9985481864558057,0.001451813544194288,PREDICT,
Sn-117,50,67,117,HEAVY_100_TO_179,8509.612,8510.317770229929,0.7057702299298398,0.7057702299298398,8510.34505,8491.554916666668,18.79013333333205,51.9593470315762,0.9985481864558057,0.001451813544194288,PREDICT,
Sn-118,50,68,118,HEAVY_100_TO_179,8516.5341,8516.62952854724,0.09542854723986238,0.09542854723986238,8516.659083333332,8496.301933333336,20.35714999999618,51.9593470315762,0.9985481864558057,0.001451813544194288,PREDICT,
Sn-119,50,69,119,HEAVY_100_TO_179,8499.4494,8499.629076481899,0.17967648189915053,0.17967648189915053,8499.65535,8481.558316666666,18.097033333335276,51.9593470315762,0.9985481864558057,0.001451813544194288,PREDICT,
Sn-120,50,70,120,HEAVY_100_TO_179,8504.488,8504.505419506417,0.01741950641735457,0.01741950641735457,8504.53455,8484.469650000001,20.064899999999398,51.9593470315762,0.9985481864558057,0.001451813544194288,PREDICT,
Sn-121,50,71,121,HEAVY_100_TO_179,8485.1964,8485.239462040476,0.04306204047497886,0.04306204047497886,8485.263716666665,8468.557283333335,16.706433333329187,51.9593470315762,0.9985481864558057,0.001451813544194288,PREDICT,
Sn-122,50,72,122,HEAVY_100_TO_179,8487.8968,8487.888081410829,-0.008718589171621716,0.008718589171621716,8487.915666666666,8468.915116666667,19.00054999999884,51.9593470315762,0.9985481864558057,0.001451813544194288,PREDICT,
Sn-123,50,73,123,HEAVY_100_TO_179,8467.2313,8467.126403356851,-0.10489664314809488,0.10489664314809488,8467.150333333335,8450.667516666668,16.482816666666622,51.9593470315762,0.9985481864558057,0.001451813544194288,PREDICT,
Sn-124,50,74,124,HEAVY_100_TO_179,8467.3997,8467.343212348975,-0.05648765102523612,0.05648765102523612,8467.369183333332,8449.480533333332,17.88865000000078,51.9593470315762,0.9985481864558057,0.001451813544194288,PREDICT,
Sn-125,50,75,125,HEAVY_100_TO_179,8445.5285,8445.494340185638,-0.034159814362283214,0.034159814362283214,8445.51758333333,8429.50785,16.009733333330587,51.9593470315762,0.9985481864558057,0.001451813544194288,PREDICT,
Sn-126,50,76,126,HEAVY_100_TO_179,8443.5227,8443.771405679852,0.24870567985271919,0.24870567985271919,8443.797433333333,8425.869749999998,17.927683333335153,51.9593470315762,0.9985481864558057,0.001451813544194288,PREDICT,
Sn-127,50,77,127,HEAVY_100_TO_179,8420.5482,8420.582973507766,0.03477350776665844,0.03477350776665844,8420.6048,8405.570849999998,15.033950000000914,51.9593470315762,0.9985481864558057,0.001451813544194288,PREDICT,
Sn-128,50,78,128,HEAVY_100_TO_179,8416.9749,8416.489100208244,-0.4857997917551984,0.4857997917551984,8416.514416666663,8399.0766,17.43781666666291,51.9593470315762,0.9985481864558057,0.001451813544194288,PREDICT,
Sn-129,50,79,129,HEAVY_100_TO_179,8392.8161,8396.081568693196,3.2654686931964534,3.2654686931964534,8396.108083333333,8377.844966666667,18.263116666665155,51.9593470315762,0.9985481864558057,0.001451813544194288,PREDICT,
Sn-130,50,80,130,HEAVY_100_TO_179,8386.817,8394.745019864786,7.92801986478662,7.92801986478662,8394.782566666667,8368.920566666666,25.86200000000099,51.9593470315762,0.9985481864558057,0.001451813544194288,PREDICT,
Sn-131,50,81,131,HEAVY_100_TO_179,8362.5183,8360.046454372812,-2.4718456271875766,2.4718456271875766,8360.064083333333,8347.921366666666,12.142716666667184,51.9593470315762,0.9985481864558057,0.001451813544194288,PREDICT,
Sn-132,50,82,132,HEAVY_100_TO_179,8354.8726,8338.992071399884,-15.880528600117032,15.880528600117032,8338.996783333332,8335.751233333332,3.245549999999639,51.9593470315762,0.9985481864558057,0.001451813544194288,PREDICT,
Sn-133,50,83,133,HEAVY_100_TO_179,8310.089,8304.653164503108,-5.435835496891741,5.435835496891741,8304.667983333333,8294.460866666668,10.20711666666466,51.9593470315762,0.9985481864558057,0.001451813544194288,PREDICT,
Sn-134,50,84,134,HEAVY_100_TO_179,8275.1719,8283.741325129726,8.569425129726369,8.569425129726369,8283.778900000001,8257.897566666665,25.881333333336443,51.9593470315762,0.9985481864558057,0.001451813544194288,PREDICT,
Sn-135,50,85,135,HEAVY_100_TO_179,8230.6877,8235.445592945054,4.757892945053754,4.757892945053754,8235.47295,8216.629583333335,18.843366666664224,51.9593470315762,0.9985481864558057,0.001451813544194288,PREDICT,
Sn-136,50,86,136,HEAVY_100_TO_179,8197.0,8196.611518360094,-0.38848163990587636,0.38848163990587636,8196.635833333334,8179.887833333333,16.748000000000502,51.9593470315762,0.9985481864558057,0.001451813544194288,PREDICT,
Sn-137,50,87,137,HEAVY_100_TO_179,8152.0,8151.619603568633,-0.38039643136744417,0.38039643136744417,8151.84385,8138.038066666667,13.805783333333238,52.34850290839312,0.9837570657200194,0.016242934279980505,PREDICT,
Sn-138,50,88,138,HEAVY_100_TO_179,8118.0,8116.451906168763,-1.5480938312366561,1.5480938312366561,8117.5,8098.5,19.0,50.0,0.944837166777025,0.05516283322297499,PREDICT,
Sn-139,50,89,139,HEAVY_100_TO_179,8073.0,8073.3123,0.31229999999959546,0.31229999999959546,8073.3123,8064.0,9.312299999999595,,1.0,0.0,PREDICT,
Sn-140,50,90,140,HEAVY_100_TO_179,8038.0,8039.0,1.0,1.0,8039.0,8025.0,14.0,,1.0,0.0,PREDICT,
Sb-102,51,51,102,HEAVY_100_TO_179,8181.0,8193.9876,12.987600000000384,12.987600000000384,8193.9876,8232.456499999998,38.46889999999803,,1.0,0.0,PREDICT,
Sb-103,51,52,103,HEAVY_100_TO_179,8234.0,8242.885564530503,8.885564530502961,8.885564530502961,8243.2502,8240.87845,2.3717500000002474,50.0,0.8462588934341168,0.15374110656588325,PREDICT,
Sb-104,51,53,104,HEAVY_100_TO_179,8258.0,8251.865542705791,-6.134457294208914,6.134457294208914,8251.5062,8273.629216666666,22.123016666666445,52.34850290839312,0.9837570657200194,0.016242934279980505,PREDICT,
Sb-105,51,54,105,HEAVY_100_TO_179,8300.9923,8296.732111866524,-4.260188133475822,4.260188133475822,8296.3672,8318.833083333335,22.465883333334205,52.34850290839312,0.9837570657200194,0.016242934279980505,PREDICT,
Sb-106,51,55,106,HEAVY_100_TO_179,8322.0124,8321.516908701098,-0.49549129890147015,0.49549129890147015,8321.497383333333,8334.946333333333,13.448949999999968,51.9593470315762,0.9985481864558057,0.001451813544194288,PREDICT,
Sb-107,51,56,107,HEAVY_100_TO_179,8358.7344,8358.211974797076,-0.5224252029238414,0.5224252029238414,8358.185550000002,8376.386783333332,18.201233333329583,51.9593470315762,0.9985481864558057,0.001451813544194288,PREDICT,
Sb-108,51,57,108,HEAVY_100_TO_179,8372.6666,8372.87781508174,0.21121508173928305,0.21121508173928305,8372.857499999998,8386.8504,13.9929000000011,51.9593470315762,0.9985481864558057,0.001451813544194288,PREDICT,
Sb-109,51,58,109,HEAVY_100_TO_179,8404.8161,8404.883171767164,0.06707176716372487,0.06707176716372487,8404.858383333332,8421.932499999999,17.07411666666667,51.9593470315762,0.9985481864558057,0.001451813544194288,PREDICT,
Sb-110,51,59,110,HEAVY_100_TO_179,8412.6821,8413.463194451471,0.7810944514712901,0.7810944514712901,8413.444483333333,8426.332583333331,12.888099999998303,51.9593470315762,0.9985481864558057,0.001451813544194288,PREDICT,
Sb-111,51,60,111,HEAVY_100_TO_179,8440.1203,8440.143915014345,0.023615014344613883,0.023615014344613883,8440.119866666666,8456.684216666668,16.564350000002378,51.9593470315762,0.9985481864558057,0.001451813544194288,PREDICT,
Sb-112,51,61,112,HEAVY_100_TO_179,8443.633,8442.073483159114,-1.5595168408854079,1.5595168408854079,8442.0529,8456.23045,14.177549999998519,51.9593470315762,0.9985481864558057,0.001451813544194288,PREDICT,
Sb-113,51,62,113,HEAVY_100_TO_179,8465.2762,8465.261789661405,-0.014410338595553185,0.014410338595553185,8465.238233333335,8481.463683333332,16.225449999996272,51.9593470315762,0.9985481864558057,0.001451813544194288,PREDICT,
Sb-114,51,63,114,HEAVY_100_TO_179,8462.5191,8464.38644317143,1.867343171430548,1.867343171430548,8464.369583333333,8475.982533333332,11.612949999998818,51.9593470315762,0.9985481864558057,0.001451813544194288,PREDICT,
Sb-115,51,64,115,HEAVY_100_TO_179,8480.9156,8480.800246976503,-0.11535302349693666,0.11535302349693666,8480.775849999998,8497.580333333332,16.804483333333337,51.9593470315762,0.9985481864558057,0.001451813544194288,PREDICT,
Sb-116,51,65,116,HEAVY_100_TO_179,8475.8208,8474.435715160344,-1.385084839655974,1.385084839655974,8474.412633333333,8490.311249999999,15.898616666665475,51.9593470315762,0.9985481864558057,0.001451813544194288,PREDICT,
Sb-117,51,66,117,HEAVY_100_TO_179,8487.8981,8488.026814874924,0.1287148749233893,0.1287148749233893,8488.002666666667,8504.6358,16.633133333332808,51.9593470315762,0.9985481864558057,0.001451813544194288,PREDICT,
Sb-118,51,67,118,HEAVY_100_TO_179,8478.9156,8479.181248890149,0.26564889014844084,0.26564889014844084,8479.160316666666,8493.578299999997,14.417983333330994,51.9593470315762,0.9985481864558057,0.001451813544194288,PREDICT,
Sb-119,51,68,119,HEAVY_100_TO_179,8487.9218,8487.789199762206,-0.13260023779366747,0.13260023779366747,8487.764466666667,8504.800466666667,17.036000000000058,51.9593470315762,0.9985481864558057,0.001451813544194288,PREDICT,
Sb-120,51,69,120,HEAVY_100_TO_179,8475.63,8476.18382785154,0.5538278515414277,0.5538278515414277,8476.163116666668,8490.42885,14.26573333333181,51.9593470315762,0.9985481864558057,0.001451813544194288,PREDICT,
Sb-121,51,70,121,HEAVY_100_TO_179,8482.0574,8482.508639120972,0.45123912097187713,0.45123912097187713,8482.484383333333,8499.191616666667,16.707233333334443,51.9593470315762,0.9985481864558057,0.001451813544194288,PREDICT,
Sb-122,51,71,122,HEAVY_100_TO_179,8468.3222,8468.004056688069,-0.31814331193163525,0.31814331193163525,8467.982933333333,8482.532566666669,14.549633333335805,51.9593470315762,0.9985481864558057,0.001451813544194288,PREDICT,
Sb-123,51,72,123,HEAVY_100_TO_179,8472.3196,8472.213824712717,-0.10577528728390462,0.10577528728390462,8472.190266666668,8488.4169,16.226633333331847,51.9593470315762,0.9985481864558057,0.001451813544194288,PREDICT,
Sb-124,51,73,124,HEAVY_100_TO_179,8456.1517,8456.37637117248,0.2246711724801571,0.2246711724801571,8456.3568,8469.8373,13.480499999999665,51.9593470315762,0.9985481864558057,0.001451813544194288,PREDICT,
Sb-125,51,74,125,HEAVY_100_TO_179,8458.1612,8458.08948819008,-0.07171180992008885,0.07171180992008885,8458.067533333333,8473.189900000001,15.122366666668313,51.9593470315762,0.9985481864558057,0.001451813544194288,PREDICT,
Sb-126,51,75,126,HEAVY_100_TO_179,8440.3136,8440.353741359264,0.04014135926445306,0.04014135926445306,8440.335016666668,8453.232466666668,12.89745000000039,51.9593470315762,0.9985481864558057,0.001451813544194288,PREDICT,
Sb-127,51,76,127,HEAVY_100_TO_179,8439.811,8440.022590858716,0.21159085871659045,0.21159085871659045,8440.001983333334,8454.196316666665,14.194333333331087,51.9593470315762,0.9985481864558057,0.001451813544194288,PREDICT,
Sb-128,51,77,128,HEAVY_100_TO_179,8420.7724,8420.387351266947,-0.3850487330528267,0.3850487330528267,8420.368983333334,8433.020699999997,12.65171666666356,51.9593470315762,0.9985481864558057,0.001451813544194288,PREDICT,
Sb-129,51,78,129,HEAVY_100_TO_179,8418.0598,8417.781126152762,-0.2786738472386787,0.2786738472386787,8417.760433333333,8432.013516666666,14.253083333333052,51.9593470315762,0.9985481864558057,0.001451813544194288,PREDICT,
Sb-130,51,79,130,HEAVY_100_TO_179,8397.3641,8401.048769400302,3.6846694003015728,3.6846694003015728,8401.036166666665,8409.716849999999,8.680683333333945,51.9593470315762,0.9985481864558057,0.001451813544194288,PREDICT,
Sb-131,51,80,131,HEAVY_100_TO_179,8392.5525,8399.902459961375,7.349959961375134,7.349959961375134,8399.893266666666,8406.22555,6.33228333333318,51.9593470315762,0.9985481864558057,0.001451813544194288,PREDICT,
Sb-132,51,81,132,HEAVY_100_TO_179,8372.3452,8370.051669807064,-2.2935301929355774,2.2935301929355774,8370.031649999999,8383.821166666665,13.789516666665804,51.9593470315762,0.9985481864558057,0.001451813544194288,PREDICT,
Sb-133,51,82,133,HEAVY_100_TO_179,8364.7302,8350.31296708677,-14.417232913230691,14.417232913230691,8350.2719,8378.55865,28.28675000000112,51.9593470315762,0.9985481864558057,0.001451813544194288,PREDICT,
Sb-134,51,83,134,HEAVY_100_TO_179,8325.9398,8320.528028284278,-5.411771715722352,5.411771715722352,8320.504983333332,8336.378200000003,15.873216666670487,51.9593470315762,0.9985481864558057,0.001451813544194288,PREDICT,
Sb-135,51,84,135,HEAVY_100_TO_179,8291.9894,8299.388451770905,7.399051770904407,7.399051770904407,8299.378983333332,8305.900783333333,6.5218000000004395,51.9593470315762,0.9985481864558057,0.001451813544194288,PREDICT,
Sb-136,51,85,136,HEAVY_100_TO_179,8252.2533,8256.744821464119,4.491521464118705,4.491521464118705,8256.735666666666,8263.041433333332,6.305766666666386,51.9593470315762,0.9985481864558057,0.001451813544194288,PREDICT,
Sb-137,51,86,137,HEAVY_100_TO_179,8218.4764,8218.392158079976,-0.08424192002348718,0.08424192002348718,8218.371233333331,8232.784066666667,14.412833333335584,51.9593470315762,0.9985481864558057,0.001451813544194288,PREDICT,
Sb-138,51,87,138,HEAVY_100_TO_179,8178.0,8178.028333703569,0.028333703568932833,0.028333703568932833,8178.012233333333,8189.102066666666,11.089833333333445,51.9593470315762,0.9985481864558057,0.001451813544194288,PREDICT,
Sb-139,51,88,139,HEAVY_100_TO_179,8144.0,8143.975729632305,-0.024270367694953165,0.024270367694953165,8143.7382,8158.361766666667,14.623566666667102,52.34850290839312,0.9837570657200194,0.016242934279980505,PREDICT,
Sb-140,51,89,140,HEAVY_100_TO_179,8103.0,8102.775814166115,-0.2241858338848033,0.2241858338848033,8102.5,8107.5,5.0,50.0,0.944837166777025,0.05516283322297499,PREDICT,
Sb-141,51,90,141,HEAVY_100_TO_179,8069.0,8070.085577830894,1.0855778308941808,1.0855778308941808,8069.5236,8075.5,5.976399999999558,50.0,0.9059671657025805,0.09403283429741938,PREDICT,
Sb-142,51,91,142,HEAVY_100_TO_179,8027.0,8028.0,1.0,1.0,8028.0,8042.0,14.0,,1.0,0.0,PREDICT,
Te-104,52,52,104,HEAVY_100_TO_179,8157.3256,8169.8143,12.48869999999988,12.48869999999988,8169.8143,8143.5687,26.245600000000195,,1.0,0.0,PREDICT,
Te-105,52,53,105,HEAVY_100_TO_179,8186.8368,8193.107395431422,6.270595431421498,6.270595431421498,8196.6695,8173.5,23.16949999999997,50.0,0.8462588934341168,0.15374110656588325,PREDICT,
Te-106,52,54,106,HEAVY_100_TO_179,8236.7682,8230.377734248244,-6.390465751755983,6.390465751755983,8230.523850000001,8221.528199999999,8.99565000000257,52.34850290839312,0.9837570657200194,0.016242934279980505,PREDICT,
Te-107,52,55,107,HEAVY_100_TO_179,8258.0,8252.999759575894,-5.000240424105868,5.000240424105868,8253.08365,8247.918916666666,5.16473333333488,52.34850290839312,0.9837570657200194,0.016242934279980505,PREDICT,
Te-108,52,56,108,HEAVY_100_TO_179,8303.7221,8303.569400770075,-0.1526992299259291,0.1526992299259291,8303.593083333333,8287.280683333334,16.31239999999889,51.9593470315762,0.9985481864558057,0.001451813544194288,PREDICT,
Te-109,52,57,109,HEAVY_100_TO_179,8319.3305,8318.58077203685,-0.7497279631497804,0.7497279631497804,8318.596766666667,8307.579766666668,11.016999999999825,51.9593470315762,0.9985481864558057,0.001451813544194288,PREDICT,
Te-110,52,58,110,HEAVY_100_TO_179,8358.116,8357.96717971338,-0.14882028662032099,0.14882028662032099,8357.990416666667,8341.984950000002,16.005466666665598,51.9593470315762,0.9985481864558057,0.001451813544194288,PREDICT,
Te-111,52,59,111,HEAVY_100_TO_179,8367.7635,8367.768206182996,0.004706182997324504,0.004706182997324504,8367.786333333333,8355.300466666667,12.48586666666597,51.9593470315762,0.9985481864558057,0.001451813544194288,PREDICT,
Te-112,52,60,112,HEAVY_100_TO_179,8400.6527,8400.685975454318,0.03327545431784529,0.03327545431784529,8400.708733333333,8385.03325,15.675483333332522,51.9593470315762,0.9985481864558057,0.001451813544194288,PREDICT,
Te-113,52,61,113,HEAVY_100_TO_179,8404.6366,8404.218197695538,-0.41840230446177884,0.41840230446177884,8404.234133333332,8393.257766666666,10.976366666665854,51.9593470315762,0.9985481864558057,0.001451813544194288,PREDICT,
Te-114,52,62,114,HEAVY_100_TO_179,8432.7885,8432.873894945042,0.08539494504111644,0.08539494504111644,8432.8953,8418.151633333335,14.743666666665376,51.9593470315762,0.9985481864558057,0.001451813544194288,PREDICT,
Te-115,52,63,115,HEAVY_100_TO_179,8431.1504,8432.047746165788,0.8973461657878943,0.8973461657878943,8432.064266666668,8420.68505,11.379216666668071,51.9593470315762,0.9985481864558057,0.001451813544194288,PREDICT,
Te-116,52,64,116,HEAVY_100_TO_179,8455.6435,8455.362526971745,-0.28097302825517545,0.28097302825517545,8455.383933333334,8440.639366666666,14.744566666668106,51.9593470315762,0.9985481864558057,0.001451813544194288,PREDICT,
Te-117,52,65,117,HEAVY_100_TO_179,8450.9203,8450.219807349336,-0.7004926506633637,0.7004926506633637,8450.235816666667,8439.2087,11.027116666668007,51.9593470315762,0.9985481864558057,0.001451813544194288,PREDICT,
Te-118,52,66,118,HEAVY_100_TO_179,8469.697,8469.911607490545,0.21460749054494954,0.21460749054494954,8469.9328,8455.335533333335,14.597266666665746,51.9593470315762,0.9985481864558057,0.001451813544194288,PREDICT,
Te-119,52,67,119,HEAVY_100_TO_179,8462.0785,8462.389605751323,0.31110575132333906,0.31110575132333906,8462.408366666667,8449.485966666667,12.92239999999947,51.9593470315762,0.9985481864558057,0.001451813544194288,PREDICT,
Te-120,52,68,120,HEAVY_100_TO_179,8476.9857,8477.045792757692,0.06009275769247324,0.06009275769247324,8477.066666666666,8462.688850000002,14.37781666666342,51.9593470315762,0.9985481864558057,0.001451813544194288,PREDICT,
Te-121,52,69,121,HEAVY_100_TO_179,8466.8641,8466.90034681722,0.03624681721885281,0.03624681721885281,8466.9176,8455.033716666665,11.883883333335689,51.9593470315762,0.9985481864558057,0.001451813544194288,PREDICT,
Te-122,52,70,122,HEAVY_100_TO_179,8478.1315,8477.994067121266,-0.137432878733307,0.137432878733307,8478.014683333335,8463.814366666667,14.200316666667277,51.9593470315762,0.9985481864558057,0.001451813544194288,PREDICT,
Te-123,52,71,123,HEAVY_100_TO_179,8465.537,8465.21901454544,-0.3179854545596754,0.3179854545596754,8465.23555,8453.846033333335,11.389516666664349,51.9593470315762,0.9985481864558057,0.001451813544194288,PREDICT,
Te-124,52,72,124,HEAVY_100_TO_179,8473.2705,8473.271380821649,0.0008808216480247211,0.0008808216480247211,8473.290916666669,8459.83475,13.45616666666865,51.9593470315762,0.9985481864558057,0.001451813544194288,PREDICT,
Te-125,52,73,125,HEAVY_100_TO_179,8458.0361,8458.202309976816,0.16620997681638983,0.16620997681638983,8458.218350000001,8447.170083333333,11.048266666668496,51.9593470315762,0.9985481864558057,0.001451813544194288,PREDICT,
Te-126,52,74,126,HEAVY_100_TO_179,8463.2397,8463.254966619548,0.015266619548128801,0.015266619548128801,8463.2733,8450.645383333333,12.62791666666817,51.9593470315762,0.9985481864558057,0.001451813544194288,PREDICT,
Te-127,52,75,127,HEAVY_100_TO_179,8446.109,8446.153937668756,0.04493766875566507,0.04493766875566507,8446.168783333333,8435.943183333335,10.22559999999794,51.9593470315762,0.9985481864558057,0.001451813544194288,PREDICT,
Te-128,52,76,128,HEAVY_100_TO_179,8448.7536,8448.733395831667,-0.020204168333293637,0.020204168333293637,8448.750466666666,8436.992183333334,11.758283333332656,51.9593470315762,0.9985481864558057,0.001451813544194288,PREDICT,
Te-129,52,77,129,HEAVY_100_TO_179,8430.4098,8430.370699418816,-0.0391005811834475,0.0391005811834475,8430.384999999998,8420.534850000002,9.850149999996574,51.9593470315762,0.9985481864558057,0.001451813544194288,PREDICT,
Te-130,52,78,130,HEAVY_100_TO_179,8430.3251,8430.329896820987,0.004796820987394312,0.004796820987394312,8430.345683333333,8419.472033333332,10.873650000001362,51.9593470315762,0.9985481864558057,0.001451813544194288,PREDICT,
Te-131,52,79,131,HEAVY_100_TO_179,8411.2339,8414.29723159666,3.063331596660646,3.063331596660646,8414.315633333332,8401.640633333333,12.674999999999272,51.9593470315762,0.9985481864558057,0.001451813544194288,PREDICT,
Te-132,52,80,132,HEAVY_100_TO_179,8408.4859,8414.591966513033,6.106066513033511,6.106066513033511,8414.615583333334,8398.348466666666,16.26711666666779,51.9593470315762,0.9985481864558057,0.001451813544194288,PREDICT,
Te-133,52,81,133,HEAVY_100_TO_179,8389.0255,8386.199402236101,-2.8260977638983604,2.8260977638983604,8386.207283333335,8380.778833333332,5.4284500000030675,51.9593470315762,0.9985481864558057,0.001451813544194288,PREDICT,
Te-134,52,82,134,HEAVY_100_TO_179,8383.6442,8371.4644399454,-12.179760054601502,12.179760054601502,8371.460049999998,8374.483816666665,3.023766666667143,51.9593470315762,0.9985481864558057,0.001451813544194288,PREDICT,
Te-135,52,83,135,HEAVY_100_TO_179,8345.7384,8342.335199105328,-3.403200894672409,3.403200894672409,8342.339883333334,8339.113416666667,3.2264666666669655,51.9593470315762,0.9985481864558057,0.001451813544194288,PREDICT,
Te-136,52,84,136,HEAVY_100_TO_179,8319.4301,8325.48367541484,6.053575414840452,6.053575414840452,8325.508100000001,8308.684600000002,16.823499999998603,51.9593470315762,0.9985481864558057,0.001451813544194288,PREDICT,
Te-137,52,85,137,HEAVY_100_TO_179,8280.2357,8283.153960420763,2.918260420763545,2.918260420763545,8283.169083333334,8272.752516666667,10.416566666666768,51.9593470315762,0.9985481864558057,0.001451813544194288,PREDICT,
Te-138,52,86,138,HEAVY_100_TO_179,8252.5786,8252.401185853274,-0.17741414672673272,0.17741414672673272,8252.417166666666,8241.409683333331,11.007483333334676,51.9593470315762,0.9985481864558057,0.001451813544194288,PREDICT,
Te-139,52,87,139,HEAVY_100_TO_179,8211.7716,8212.188472017848,0.4168720178477088,0.4168720178477088,8212.200733333331,8203.755216666668,8.445516666663025,51.9593470315762,0.9985481864558057,0.001451813544194288,PREDICT,
Te-140,52,88,140,HEAVY_100_TO_179,8183.3567,8183.797347127142,0.4406471271413466,0.4406471271413466,8183.814049999999,8172.309216666666,11.504833333333409,51.9593470315762,0.9985481864558057,0.001451813544194288,PREDICT,
Te-141,52,89,141,HEAVY_100_TO_179,8142.0,8141.464051572952,-0.5359484270484245,0.5359484270484245,8141.4751166666665,8133.85355,7.621566666666695,51.9593470315762,0.9985481864558057,0.001451813544194288,PREDICT,
Te-142,52,90,142,HEAVY_100_TO_179,8113.0,8111.524165029209,-1.4758349707908565,1.4758349707908565,8111.67835,8102.185916666667,9.492433333332883,52.34850290839312,0.9837570657200194,0.016242934279980505,PREDICT,
Te-143,52,91,143,HEAVY_100_TO_179,8070.0,8069.586278750828,-0.4137212491723403,0.4137212491723403,8070.0,8062.5,7.5,50.0,0.944837166777025,0.05516283322297499,PREDICT,
Te-144,52,92,144,HEAVY_100_TO_179,8040.0,8042.6433,2.6432999999997264,2.6432999999997264,8042.6433,8027.5846,15.05869999999959,,1.0,0.0,PREDICT,
Te-145,52,93,145,HEAVY_100_TO_179,7998.0,7998.0,0.0,0.0,7998.0,7990.0,8.0,,1.0,0.0,PREDICT,
I-106,53,53,106,HEAVY_100_TO_179,8089.0,8107.9233,18.92330000000038,18.92330000000038,8107.9233,8115.6736,7.750299999999697,,1.0,0.0,PREDICT,
I-107,53,54,107,HEAVY_100_TO_179,8146.0,8156.903233420551,10.90323342055126,10.90323342055126,8157.0985,8155.8284,1.2700999999997293,50.0,0.8462588934341168,0.15374110656588325,PREDICT,
I-108,53,55,108,HEAVY_100_TO_179,8176.0,8167.4273100899545,-8.572689910045483,8.572689910045483,8166.53835,8182.65355,16.115200000000186,50.0,0.944837166777025,0.05516283322297499,PREDICT,
I-109,53,56,109,HEAVY_100_TO_179,8220.0164,8214.836607180967,-5.179792819033537,5.179792819033537,8214.46715,8237.212866666665,22.74571666666452,52.34850290839312,0.9837570657200194,0.016242934279980505,PREDICT,
I-110,53,57,110,HEAVY_100_TO_179,8244.0767,8244.97163929504,0.894939295039876,0.894939295039876,8244.956900000001,8255.109233333333,10.152333333331626,51.9593470315762,0.9985481864558057,0.001451813544194288,PREDICT,
I-111,53,58,111,HEAVY_100_TO_179,8282.9343,8282.443968137988,-0.4903318620126811,0.4903318620126811,8282.418616666668,8299.88055,17.461933333332126,51.9593470315762,0.9985481864558057,0.001451813544194288,PREDICT,
I-112,53,59,112,HEAVY_100_TO_179,8299.8801,8299.708464217634,-0.1716357823661383,0.1716357823661383,8299.6895,8312.751933333333,13.062433333332592,51.9593470315762,0.9985481864558057,0.001451813544194288,PREDICT,
I-113,53,60,113,HEAVY_100_TO_179,8333.7528,8334.282071935828,0.5292719358276372,0.5292719358276372,8334.258416666666,8350.552016666668,16.293600000002698,51.9593470315762,0.9985481864558057,0.001451813544194288,PREDICT,
I-114,53,61,114,HEAVY_100_TO_179,8344.779,8345.761208651686,0.9822086516851414,0.9822086516851414,8345.744433333333,8357.299166666668,11.554733333334298,51.9593470315762,0.9985481864558057,0.001451813544194288,PREDICT,
I-115,53,62,115,HEAVY_100_TO_179,8374.5651,8373.841705488465,-0.7233945115349343,0.7233945115349343,8373.817883333333,8390.226433333333,16.408550000000105,51.9593470315762,0.9985481864558057,0.001451813544194288,PREDICT,
I-116,53,63,116,HEAVY_100_TO_179,8381.2858,8380.024721386893,-1.2610786131062923,1.2610786131062923,8380.0071,8392.1446,12.137499999998909,51.9593470315762,0.9985481864558057,0.001451813544194288,PREDICT,
I-117,53,64,117,HEAVY_100_TO_179,8404.4307,8405.133661376814,0.7029613768136187,0.7029613768136187,8405.111016666666,8420.708550000001,15.597533333335377,51.9593470315762,0.9985481864558057,0.001451813544194288,PREDICT,
I-118,53,65,118,HEAVY_100_TO_179,8406.1203,8406.359554957558,0.23925495755793236,0.23925495755793236,8406.341383333332,8418.857883333334,12.516500000001543,51.9593470315762,0.9985481864558057,0.001451813544194288,PREDICT,
I-119,53,66,119,HEAVY_100_TO_179,8426.8924,8426.624947218936,-0.26745278106500336,0.26745278106500336,8426.602083333335,8442.350583333333,15.748499999997875,51.9593470315762,0.9985481864558057,0.001451813544194288,PREDICT,
I-120,53,67,120,HEAVY_100_TO_179,8423.6745,8424.980059604892,1.3055596048925509,1.3055596048925509,8424.961716666667,8437.596216666665,12.634499999998297,51.9593470315762,0.9985481864558057,0.001451813544194288,PREDICT,
I-121,53,68,121,HEAVY_100_TO_179,8441.4111,8441.62249423472,0.21139423472050112,0.21139423472050112,8441.601033333336,8456.383166666667,14.782133333330421,51.9593470315762,0.9985481864558057,0.001451813544194288,PREDICT,
I-122,53,69,122,HEAVY_100_TO_179,8437.0139,8435.779173342562,-1.2347266574379319,1.2347266574379319,8435.760433333333,8448.668433333332,12.907999999999447,51.9593470315762,0.9985481864558057,0.001451813544194288,PREDICT,
I-123,53,70,123,HEAVY_100_TO_179,8449.1896,8449.093375342347,-0.09622465765278321,0.09622465765278321,8449.072400000001,8463.520083333333,14.447683333331952,51.9593470315762,0.9985481864558057,0.001451813544194288,PREDICT,
I-124,53,71,124,HEAVY_100_TO_179,8441.4807,8441.89984832425,0.4191483242502727,0.4191483242502727,8441.883633333335,8453.052416666667,11.168783333332613,51.9593470315762,0.9985481864558057,0.001451813544194288,PREDICT,
I-125,53,72,125,HEAVY_100_TO_179,8450.2911,8450.233940803446,-0.057159196554493974,0.057159196554493974,8450.214083333334,8463.891783333333,13.677699999998367,51.9593470315762,0.9985481864558057,0.001451813544194288,PREDICT,
I-126,53,73,126,HEAVY_100_TO_179,8439.9379,8439.871395018494,-0.06650498150702333,0.06650498150702333,8439.855233333334,8450.987299999997,11.132066666663377,51.9593470315762,0.9985481864558057,0.001451813544194288,PREDICT,
I-127,53,74,127,HEAVY_100_TO_179,8445.482,8445.625666220983,0.1436662209835049,0.1436662209835049,8445.606716666667,8458.659050000002,13.0523333333349,51.9593470315762,0.9985481864558057,0.001451813544194288,PREDICT,
I-128,53,75,128,HEAVY_100_TO_179,8432.8309,8432.717735504531,-0.11316449546939111,0.11316449546939111,8432.702083333334,8443.4832,10.781116666667003,51.9593470315762,0.9985481864558057,0.001451813544194288,PREDICT,
I-129,53,76,129,HEAVY_100_TO_179,8435.9908,8435.97297026497,-0.01782973503031826,0.01782973503031826,8435.954733333332,8448.516216666667,12.561483333334763,51.9593470315762,0.9985481864558057,0.001451813544194288,PREDICT,
I-130,53,77,130,HEAVY_100_TO_179,8421.1011,8421.375800190926,0.27470019092652365,0.27470019092652365,8421.360783333335,8431.704299999998,10.343516666662254,51.9593470315762,0.9985481864558057,0.001451813544194288,PREDICT,
I-131,53,78,131,HEAVY_100_TO_179,8422.2977,8422.36976643886,0.07206643886092934,0.07206643886092934,8422.352916666669,8433.958933333333,11.6060166666648,51.9593470315762,0.9985481864558057,0.001451813544194288,PREDICT,
I-132,53,79,132,HEAVY_100_TO_179,8406.4628,8409.43341581351,2.970615813510449,2.970615813510449,8409.423016666668,8416.585883333333,7.16286666666565,51.9593470315762,0.9985481864558057,0.001451813544194288,PREDICT,
I-133,53,80,133,HEAVY_100_TO_179,8405.0993,8411.046972513142,5.9476725131426065,5.9476725131426065,8411.040049999998,8415.808233333331,4.768183333333582,51.9593470315762,0.9985481864558057,0.001451813544194288,PREDICT,
I-134,53,81,134,HEAVY_100_TO_179,8389.0722,8386.28399273242,-2.788207267580219,2.788207267580219,8386.266983333331,8397.982949999998,11.715966666666645,51.9593470315762,0.9985481864558057,0.001451813544194288,PREDICT,
I-135,53,82,135,HEAVY_100_TO_179,8384.7609,8372.781698205605,-11.979201794394612,11.979201794394612,8372.75045,8394.274016666666,21.52356666666674,51.9593470315762,0.9985481864558057,0.001451813544194288,PREDICT,
I-136,53,83,136,HEAVY_100_TO_179,8351.3242,8348.370791300273,-2.953408699726424,2.953408699726424,8348.355333333333,8359.002683333332,10.647349999999278,51.9593470315762,0.9985481864558057,0.001451813544194288,PREDICT,
I-137,53,84,137,HEAVY_100_TO_179,8326.0033,8332.361465335123,6.358165335122976,6.358165335122976,8332.354683333335,8337.026083333334,4.671399999999267,51.9593470315762,0.9985481864558057,0.001451813544194288,PREDICT,
I-138,53,85,138,HEAVY_100_TO_179,8292.445,8294.819192342266,2.3741923422658147,2.3741923422658147,8294.811483333331,8300.121399999998,5.30991666666705,51.9593470315762,0.9985481864558057,0.001451813544194288,PREDICT,
I-139,53,86,139,HEAVY_100_TO_179,8265.61,8265.22972866328,-0.3802713367203978,0.3802713367203978,8265.21285,8276.838766666668,11.625916666667763,51.9593470315762,0.9985481864558057,0.001451813544194288,PREDICT,
I-140,53,87,140,HEAVY_100_TO_179,8229.474,8230.254462878756,0.7804628787562251,0.7804628787562251,8230.243766666666,8237.61125,7.367483333333439,51.9593470315762,0.9985481864558057,0.001451813544194288,PREDICT,
I-141,53,88,141,HEAVY_100_TO_179,8202.2562,8202.588026746427,0.33182674642739585,0.33182674642739585,8202.572783333333,8213.07235,10.499566666667306,51.9593470315762,0.9985481864558057,0.001451813544194288,PREDICT,
I-142,53,89,142,HEAVY_100_TO_179,8165.2517,8164.421615102833,-0.830084897166671,0.830084897166671,8164.4085000000005,8173.4421,9.033599999999751,51.9593470315762,0.9985481864558057,0.001451813544194288,PREDICT,
I-143,53,90,143,HEAVY_100_TO_179,8137.0,8136.418772710487,-0.5812272895127535,0.5812272895127535,8136.4024666666655,8147.633966666666,11.231500000000779,51.9593470315762,0.9985481864558057,0.001451813544194288,PREDICT,
I-144,53,91,144,HEAVY_100_TO_179,8098.0,8098.258931609143,0.2589316091425644,0.2589316091425644,8098.12585,8106.31905,8.193199999999706,52.34850290839312,0.9837570657200194,0.016242934279980505,PREDICT,
I-145,53,92,145,HEAVY_100_TO_179,8069.0,8069.3424343197985,0.3424343197984854,0.3424343197984854,8069.0,8075.2077,6.207699999999932,50.0,0.944837166777025,0.05516283322297499,PREDICT,
I-146,53,93,146,HEAVY_100_TO_179,8031.0,8031.148099401582,0.14809940158193058,0.14809940158193058,8030.7483,8035.0,4.251699999999801,50.0,0.9059671657025805,0.09403283429741938,PREDICT,
I-147,53,94,147,HEAVY_100_TO_179,8001.0,8001.0,0.0,0.0,8001.0,8021.0,20.0,,1.0,0.0,PREDICT,
Xe-108,54,54,108,HEAVY_100_TO_179,8074.8886,8088.497000000001,13.608400000000984,13.608400000000984,8088.497000000001,8055.2318,33.26520000000164,,1.0,0.0,PREDICT,
Xe-109,54,55,109,HEAVY_100_TO_179,8107.3071,8116.0723,8.765199999999822,8.765199999999822,8116.0723,8094.0,22.072299999999814,,1.0,0.0,PREDICT,
Xe-110,54,56,110,HEAVY_100_TO_179,8159.2808,8152.0646218963575,-7.21617810364296,7.21617810364296,8152.4766,8145.0082,7.468399999999747,50.0,0.944837166777025,0.05516283322297499,PREDICT,
Xe-111,54,57,111,HEAVY_100_TO_179,8182.0,8177.5206784699585,-4.479321530041489,4.479321530041489,8177.6174,8171.662716666667,5.954683333333378,52.34850290839312,0.9837570657200194,0.016242934279980505,PREDICT,
Xe-112,54,58,112,HEAVY_100_TO_179,8230.0646,8230.344835319469,0.28023531946928415,0.28023531946928415,8230.36995,8213.071116666666,17.298833333334187,51.9593470315762,0.9985481864558057,0.001451813544194288,PREDICT,
Xe-113,54,59,113,HEAVY_100_TO_179,8247.9277,8246.695821834106,-1.2318781658941589,1.2318781658941589,8246.712816666666,8235.006883333332,11.705933333334542,51.9593470315762,0.9985481864558057,0.001451813544194288,PREDICT,
Xe-114,54,60,114,HEAVY_100_TO_179,8289.2054,8288.866816412781,-0.33858358721954573,0.33858358721954573,8288.890283333334,8272.726416666668,16.163866666665854,51.9593470315762,0.9985481864558057,0.001451813544194288,PREDICT,
Xe-115,54,61,115,HEAVY_100_TO_179,8300.9704,8301.390041088054,0.41964108805404976,0.41964108805404976,8301.409866666665,8287.754133333336,13.655733333329408,51.9593470315762,0.9985481864558057,0.001451813544194288,PREDICT,
Xe-116,54,62,116,HEAVY_100_TO_179,8336.8365,8337.085330171592,0.24883017159299925,0.24883017159299925,8337.108733333334,8320.988783333332,16.119950000002063,51.9593470315762,0.9985481864558057,0.001451813544194288,PREDICT,
Xe-117,54,63,117,HEAVY_100_TO_179,8344.2976,8344.297412209142,-0.0001877908580354415,0.0001877908580354415,8344.314883333333,8332.280883333333,12.03399999999965,51.9593470315762,0.9985481864558057,0.001451813544194288,PREDICT,
Xe-118,54,64,118,HEAVY_100_TO_179,8374.9819,8374.910337131483,-0.07156286851750338,0.07156286851750338,8374.934166666666,8358.520533333334,16.413633333331745,51.9593470315762,0.9985481864558057,0.001451813544194288,PREDICT,
Xe-119,54,65,119,HEAVY_100_TO_179,8378.442,8378.419106415387,-0.022893584611665574,0.022893584611665574,8378.437750000001,8365.596166666666,12.841583333334711,51.9593470315762,0.9985481864558057,0.001451813544194288,PREDICT,
Xe-120,54,66,120,HEAVY_100_TO_179,8404.0322,8403.998683705511,-0.03351629448843596,0.03351629448843596,8404.022483333334,8387.62945,16.393033333333733,51.9593470315762,0.9985481864558057,0.001451813544194288,PREDICT,
Xe-121,54,67,121,HEAVY_100_TO_179,8403.8326,8403.68436574163,-0.14823425836948445,0.14823425836948445,8403.704499999996,8389.83615,13.868349999997008,51.9593470315762,0.9985481864558057,0.001451813544194288,PREDICT,
Xe-122,54,68,122,HEAVY_100_TO_179,8424.6644,8424.65475881261,-0.009641187389206607,0.009641187389206607,8424.677433333332,8409.059366666665,15.6180666666678,51.9593470315762,0.9985481864558057,0.001451813544194288,PREDICT,
Xe-123,54,69,123,HEAVY_100_TO_179,8420.9239,8421.072821550262,0.14892155026245746,0.14892155026245746,8421.089633333333,8409.509783333333,11.579850000000079,51.9593470315762,0.9985481864558057,0.001451813544194288,PREDICT,
Xe-124,54,70,124,HEAVY_100_TO_179,8437.6138,8437.557963240186,-0.05583675981324632,0.05583675981324632,8437.5791,8423.02023333333,14.558866666669928,51.9593470315762,0.9985481864558057,0.001451813544194288,PREDICT,
Xe-125,54,71,125,HEAVY_100_TO_179,8430.939,8430.800554247908,-0.13844575209259347,0.13844575209259347,8430.8165,8419.833166666665,10.983333333335395,51.9593470315762,0.9985481864558057,0.001451813544194288,PREDICT,
Xe-126,54,72,126,HEAVY_100_TO_179,8443.5375,8443.523656701982,-0.013843298018400674,0.013843298018400674,8443.543766666668,8429.692149999999,13.851616666668633,51.9593470315762,0.9985481864558057,0.001451813544194288,PREDICT,
Xe-127,54,73,127,HEAVY_100_TO_179,8434.1066,8434.093036095655,-0.013563904343754984,0.013563904343754984,8434.109500000002,8422.769266666666,11.340233333336073,51.9593470315762,0.9985481864558057,0.001451813544194288,PREDICT,
Xe-128,54,74,128,HEAVY_100_TO_179,8443.3008,8443.286526317204,-0.014273682796556386,0.014273682796556386,8443.306483333334,8429.560216666667,13.746266666666997,51.9593470315762,0.9985481864558057,0.001451813544194288,PREDICT,
Xe-129,54,75,129,HEAVY_100_TO_179,8431.3904,8431.281783970911,-0.10861602908880741,0.10861602908880741,8431.297750000002,8420.30045,10.997300000000905,51.9593470315762,0.9985481864558057,0.001451813544194288,PREDICT,
Xe-130,54,76,130,HEAVY_100_TO_179,8437.7314,8437.723505754431,-0.00789424556933227,0.00789424556933227,8437.742983333334,8424.326949999999,13.41603333333478,51.9593470315762,0.9985481864558057,0.001451813544194288,PREDICT,
Xe-131,54,77,131,HEAVY_100_TO_179,8423.7367,8423.911601282842,0.17490128284225648,0.17490128284225648,8423.927916666664,8412.689983333334,11.237933333330147,51.9593470315762,0.9985481864558057,0.001451813544194288,PREDICT,
Xe-132,54,78,132,HEAVY_100_TO_179,8427.6229,8427.687284070502,0.06438407050154638,0.06438407050154638,8427.705583333334,8415.101166666665,12.60441666666884,51.9593470315762,0.9985481864558057,0.001451813544194288,PREDICT,
Xe-133,54,79,133,HEAVY_100_TO_179,8412.6477,8415.510793223139,2.8630932231390034,2.8630932231390034,8415.530516666666,8401.94513333333,13.585383333334903,51.9593470315762,0.9985481864558057,0.001451813544194288,PREDICT,
Xe-134,54,80,134,HEAVY_100_TO_179,8413.6994,8418.780294739292,5.080894739292489,5.080894739292489,8418.804083333333,8402.41865,16.385433333332912,51.9593470315762,0.9985481864558057,0.001451813544194288,PREDICT,
Xe-135,54,81,135,HEAVY_100_TO_179,8398.4783,8395.392449432009,-3.085850567991656,3.085850567991656,8395.401616666666,8389.087283333332,6.314333333333707,51.9593470315762,0.9985481864558057,0.001451813544194288,PREDICT,
Xe-136,54,82,136,HEAVY_100_TO_179,8396.1889,8385.842733823385,-10.346166176614133,10.346166176614133,8385.842066666668,8386.301599999997,0.45953333332909096,51.9593470315762,0.9985481864558057,0.001451813544194288,PREDICT,
Xe-137,54,83,137,HEAVY_100_TO_179,8364.2865,8362.034260588714,-2.2522394112857,2.2522394112857,8362.043733333334,8355.518966666667,6.524766666667347,51.9593470315762,0.9985481864558057,0.001451813544194288,PREDICT,
Xe-138,54,84,138,HEAVY_100_TO_179,8344.6913,8350.215097086033,5.523797086032573,5.523797086032573,8350.239449999997,8333.465316666667,16.77413333333061,51.9593470315762,0.9985481864558057,0.001451813544194288,PREDICT,
Xe-139,54,85,139,HEAVY_100_TO_179,8311.5904,8313.858380983129,2.267980983129746,2.267980983129746,8313.8735,8303.459616666667,10.413883333332706,51.9593470315762,0.9985481864558057,0.001451813544194288,PREDICT,
Xe-140,54,86,140,HEAVY_100_TO_179,8290.8875,8290.378982538303,-0.5085174616979202,0.5085174616979202,8290.394966666669,8279.3852,11.009766666667929,51.9593470315762,0.9985481864558057,0.001451813544194288,PREDICT,
Xe-141,54,87,141,HEAVY_100_TO_179,8255.3647,8255.742588137206,0.3778881372054457,0.3778881372054457,8255.754899999998,8247.274566666665,8.480333333332965,51.9593470315762,0.9985481864558057,0.001451813544194288,PREDICT,
Xe-142,54,88,142,HEAVY_100_TO_179,8233.1695,8233.314468046656,0.14496804665577656,0.14496804665577656,8233.330216666667,8222.482666666665,10.84755000000223,51.9593470315762,0.9985481864558057,0.001451813544194288,PREDICT,
Xe-143,54,89,143,HEAVY_100_TO_179,8196.8855,8196.358626266467,-0.5268737335336482,0.5268737335336482,8196.369866666668,8188.62755,7.742316666667648,51.9593470315762,0.9985481864558057,0.001451813544194288,PREDICT,
Xe-144,54,90,144,HEAVY_100_TO_179,8172.8845,8172.727003801561,-0.157496198438821,0.157496198438821,8172.742016666666,8162.401249999998,10.34076666666806,51.9593470315762,0.9985481864558057,0.001451813544194288,PREDICT,
Xe-145,54,91,145,HEAVY_100_TO_179,8135.0877,8135.1839556657405,0.09625566574050026,0.09625566574050026,8135.196216666665,8126.750916666667,8.445299999998497,51.9593470315762,0.9985481864558057,0.001451813544194288,PREDICT,
Xe-146,54,92,146,HEAVY_100_TO_179,8110.4154,8110.545863799514,0.13046379951447307,0.13046379951447307,8110.561416666666,8099.8487000000005,10.712716666665983,51.9593470315762,0.9985481864558057,0.001451813544194288,PREDICT,
Xe-147,54,93,147,HEAVY_100_TO_179,8072.0,8071.914109562438,-0.08589043756182946,0.08589043756182946,8072.04385,8064.056350000001,7.987499999999272,52.34850290839312,0.9837570657200194,0.016242934279980505,PREDICT,
Xe-148,54,94,148,HEAVY_100_TO_179,8047.0,8046.172195763921,-0.8278042360789186,0.8278042360789186,8046.7077,8037.0,9.707699999999932,50.0,0.944837166777025,0.05516283322297499,PREDICT,
Xe-149,54,95,149,HEAVY_100_TO_179,8009.0,8008.9123,-0.08770000000004075,0.08770000000004075,8008.9123,7999.0,9.91229999999996,,1.0,0.0,PREDICT,
Xe-150,54,96,150,HEAVY_100_TO_179,7983.0,7983.5846,0.5846000000001368,0.5846000000001368,7983.5846,7969.0,14.584600000000137,,1.0,0.0,PREDICT,
Cs-111,55,56,111,HEAVY_100_TO_179,8070.0,8081.245999999999,11.245999999999185,11.245999999999185,8081.245999999999,8098.5452000000005,17.299200000001292,,1.0,0.0,PREDICT,
Cs-112,55,57,112,HEAVY_100_TO_179,8102.0,8111.582244141666,9.582244141665797,9.582244141665797,8112.1422,8108.5,3.64220000000023,50.0,0.8462588934341168,0.15374110656588325,PREDICT,
Cs-113,55,58,113,HEAVY_100_TO_179,8148.623,8143.930903150196,-4.69209684980342,4.69209684980342,8143.0,8159.87555,16.87554999999975,50.0,0.944837166777025,0.05516283322297499,PREDICT,
Cs-114,55,59,114,HEAVY_100_TO_179,8173.5711,8168.805450274143,-4.765649725856747,4.765649725856747,8168.5,8187.305116666666,18.805116666666436,52.34850290839312,0.9837570657200194,0.016242934279980505,PREDICT,
Cs-115,55,60,115,HEAVY_100_TO_179,8216.0,8215.791569591891,-0.20843040810905222,0.20843040810905222,8215.769683333334,8230.844799999999,15.075116666665053,51.9593470315762,0.9985481864558057,0.001451813544194288,PREDICT,
Cs-116,55,61,116,HEAVY_100_TO_179,8235.0,8234.925254767291,-0.07474523270866484,0.07474523270866484,8234.904083333331,8249.486833333332,14.582750000001397,51.9593470315762,0.9985481864558057,0.001451813544194288,PREDICT,
Cs-117,55,62,117,HEAVY_100_TO_179,8271.8652,8271.98853910304,0.12333910304005258,0.12333910304005258,8271.966766666666,8286.963483333331,14.996716666664724,51.9593470315762,0.9985481864558057,0.001451813544194288,PREDICT,
Cs-118,55,63,118,HEAVY_100_TO_179,8286.4053,8286.88618325789,0.48088325788921793,0.48088325788921793,8286.866966666668,8300.103233333335,13.23626666666678,51.9593470315762,0.9985481864558057,0.001451813544194288,PREDICT,
Cs-119,55,64,119,HEAVY_100_TO_179,8317.3347,8317.147121803333,-0.18757819666643627,0.18757819666643627,8317.123666666666,8333.279416666664,16.15574999999808,51.9593470315762,0.9985481864558057,0.001451813544194288,PREDICT,
Cs-120,55,65,120,HEAVY_100_TO_179,8328.4811,8327.306428792925,-1.1746712070762442,1.1746712070762442,8327.285966666666,8341.380149999997,14.094183333330875,51.9593470315762,0.9985481864558057,0.001451813544194288,PREDICT,
Cs-121,55,66,121,HEAVY_100_TO_179,8352.9152,8353.221847647907,0.3066476479070843,0.3066476479070843,8353.198116666666,8369.543866666667,16.345750000000407,51.9593470315762,0.9985481864558057,0.001451813544194288,PREDICT,
Cs-122,55,67,122,HEAVY_100_TO_179,8359.1515,8360.400297638229,1.2487976382290071,1.2487976382290071,8360.3829,8372.366283333333,11.983383333332313,51.9593470315762,0.9985481864558057,0.001451813544194288,PREDICT,
Cs-123,55,68,123,HEAVY_100_TO_179,8380.3796,8380.352322987097,-0.02727701290314144,0.02727701290314144,8380.329600000001,8395.98105,15.651449999999386,51.9593470315762,0.9985481864558057,0.001451813544194288,PREDICT,
Cs-124,55,69,124,HEAVY_100_TO_179,8383.5114,8383.13298581252,-0.37841418748030264,0.37841418748030264,8383.116466666666,8394.494749999998,11.378283333331638,51.9593470315762,0.9985481864558057,0.001451813544194288,PREDICT,
Cs-125,55,70,125,HEAVY_100_TO_179,8399.8033,8399.821827164398,0.01852716439861979,0.01852716439861979,8399.800583333334,8414.433199999998,14.632616666664035,51.9593470315762,0.9985481864558057,0.001451813544194288,PREDICT,
Cs-126,55,71,126,HEAVY_100_TO_179,8399.2673,8398.697917976351,-0.5693820236483589,0.5693820236483589,8398.681749999998,8409.81815,11.136400000001231,51.9593470315762,0.9985481864558057,0.001451813544194288,PREDICT,
Cs-127,55,72,127,HEAVY_100_TO_179,8411.5617,8411.351588169806,-0.2101118301943643,0.2101118301943643,8411.331316666667,8425.2942,13.962883333333593,51.9593470315762,0.9985481864558057,0.001451813544194288,PREDICT,
Cs-128,55,73,128,HEAVY_100_TO_179,8406.4953,8407.199750610727,0.7044506107267807,0.7044506107267807,8407.184866666666,8417.436833333333,10.251966666666704,51.9593470315762,0.9985481864558057,0.001451813544194288,PREDICT,
Cs-129,55,74,129,HEAVY_100_TO_179,8416.0465,8416.118655056944,0.07215505694330204,0.07215505694330204,8416.098616666666,8429.900933333334,13.802316666668048,51.9593470315762,0.9985481864558057,0.001451813544194288,PREDICT,
Cs-130,55,75,130,HEAVY_100_TO_179,8408.7848,8408.419654716048,-0.36514528395127854,0.36514528395127854,8408.403016666667,8419.8632,11.46018333333268,51.9593470315762,0.9985481864558057,0.001451813544194288,PREDICT,
Cs-131,55,76,131,HEAVY_100_TO_179,8415.0317,8415.219836472967,0.18813647296701674,0.18813647296701674,8415.1999,8428.932016666666,13.732116666666116,51.9593470315762,0.9985481864558057,0.001451813544194288,PREDICT,
Cs-132,55,77,132,HEAVY_100_TO_179,8405.5878,8405.592744384381,0.0049443843818153255,0.0049443843818153255,8405.576599999999,8416.696750000001,11.120150000002468,51.9593470315762,0.9985481864558057,0.001451813544194288,PREDICT,
Cs-133,55,78,133,HEAVY_100_TO_179,8409.9786,8410.098679135603,0.1200791356022819,0.1200791356022819,8410.079899999999,8423.014850000001,12.934950000002573,51.9593470315762,0.9985481864558057,0.001451813544194288,PREDICT,
Cs-134,55,79,134,HEAVY_100_TO_179,8398.647,8402.096375348203,3.449375348202011,3.449375348202011,8402.085316666664,8409.702466666666,7.617150000001857,51.9593470315762,0.9985481864558057,0.001451813544194288,PREDICT,
Cs-135,55,80,135,HEAVY_100_TO_179,8401.3393,8406.405692143599,5.066392143598932,5.066392143598932,8406.3959,8413.140666666664,6.744766666664873,51.9593470315762,0.9985481864558057,0.001451813544194288,PREDICT,
Cs-136,55,81,136,HEAVY_100_TO_179,8389.7723,8385.895181327485,-3.87711867251528,3.87711867251528,8385.875383333334,8399.512116666665,13.636733333330994,51.9593470315762,0.9985481864558057,0.001451813544194288,PREDICT,
Cs-137,55,82,137,HEAVY_100_TO_179,8388.9581,8378.427319383693,-10.530780616307311,10.530780616307311,8378.396999999999,8399.280800000002,20.883800000003248,51.9593470315762,0.9985481864558057,0.001451813544194288,PREDICT,
Cs-138,55,83,138,HEAVY_100_TO_179,8360.1437,8358.825192422906,-1.3185075770943513,1.3185075770943513,8358.809216666667,8369.813216666666,11.003999999998996,51.9593470315762,0.9985481864558057,0.001451813544194288,PREDICT,
Cs-139,55,84,139,HEAVY_100_TO_179,8342.3397,8348.04887253459,5.709172534589015,5.709172534589015,8348.040666666666,8353.692816666666,5.652149999999892,51.9593470315762,0.9985481864558057,0.001451813544194288,PREDICT,
Cs-140,55,85,140,HEAVY_100_TO_179,8314.3227,8316.413414314113,2.0907143141121196,2.0907143141121196,8316.40398333333,8322.899983333333,6.496000000002823,51.9593470315762,0.9985481864558057,0.001451813544194288,PREDICT,
Cs-141,55,86,141,HEAVY_100_TO_179,8294.3554,8294.408330738457,0.05293073845678009,0.05293073845678009,8294.39155,8305.950016666666,11.558466666665481,51.9593470315762,0.9985481864558057,0.001451813544194288,PREDICT,
Cs-142,55,87,142,HEAVY_100_TO_179,8264.8777,8264.889947762167,0.012247762168044574,0.012247762168044574,8264.878033333332,8273.084616666667,8.206583333334493,51.9593470315762,0.9985481864558057,0.001451813544194288,PREDICT,
Cs-143,55,88,143,HEAVY_100_TO_179,8243.6707,8243.052721830943,-0.6179781690570962,0.6179781690570962,8243.036283333333,8254.359016666667,11.322733333334327,51.9593470315762,0.9985481864558057,0.001451813544194288,PREDICT,
Cs-144,55,89,144,HEAVY_100_TO_179,8211.8894,8211.577140083655,-0.3122599163452833,0.3122599163452833,8211.564533333334,8220.247983333333,8.68344999999863,51.9593470315762,0.9985481864558057,0.001451813544194288,PREDICT,
Cs-145,55,90,145,HEAVY_100_TO_179,8188.7342,8189.10322277279,0.3690227727902311,0.3690227727902311,8189.088566666668,8199.1836,10.09503333333214,51.9593470315762,0.9985481864558057,0.001451813544194288,PREDICT,
Cs-146,55,91,146,HEAVY_100_TO_179,8155.4365,8155.656132219715,0.21963221971509483,0.21963221971509483,8155.644583333335,8163.599383333333,7.954799999998613,51.9593470315762,0.9985481864558057,0.001451813544194288,PREDICT,
Cs-147,55,92,147,HEAVY_100_TO_179,8131.801,8131.726176310119,-0.07482368988166854,0.07482368988166854,8131.711016666665,8142.152883333332,10.44186666666701,51.9593470315762,0.9985481864558057,0.001451813544194288,PREDICT,
Cs-148,55,93,148,HEAVY_100_TO_179,8097.5469,8097.654649155603,0.1077491556025052,0.1077491556025052,8097.642766666666,8105.82735,8.184583333333649,51.9593470315762,0.9985481864558057,0.001451813544194288,PREDICT,
Cs-149,55,94,149,HEAVY_100_TO_179,8073.0,8072.592479030272,-0.4075209697275568,0.4075209697275568,8072.4005,8084.219733333333,11.819233333333614,52.34850290839312,0.9837570657200194,0.016242934279980505,PREDICT,
Cs-150,55,95,150,HEAVY_100_TO_179,8039.0,8039.061761305982,0.06176130598214513,0.06176130598214513,8038.773450000001,8044.0,5.226549999999406,50.0,0.944837166777025,0.05516283322297499,PREDICT,
Cs-151,55,96,151,HEAVY_100_TO_179,8013.0,8014.744484471758,1.7444844717583692,1.7444844717583692,8014.199,8020.0,5.801000000000386,50.0,0.9059671657025805,0.09403283429741938,PREDICT,
Cs-152,55,97,152,HEAVY_100_TO_179,7980.0,7980.4531,0.45309999999972206,0.45309999999972206,7980.4531,7995.0,14.546900000000278,,1.0,0.0,PREDICT,
Ba-113,56,57,113,HEAVY_100_TO_179,8035.0,8044.0454,9.045399999999972,9.045399999999972,8044.0454,8022.0,22.045399999999972,,1.0,0.0,PREDICT,
Ba-114,56,58,114,HEAVY_100_TO_179,8089.6865,8097.0,7.313500000000204,7.313500000000204,8097.0,8067.1813999999995,29.818600000000515,,1.0,0.0,PREDICT,
Ba-115,56,59,115,HEAVY_100_TO_179,8116.0,8110.997838444335,-5.002161555665225,5.002161555665225,8111.4773000000005,8102.7855500000005,8.691749999999956,50.0,0.944837166777025,0.05516283322297499,PREDICT,
Ba-116,56,60,116,HEAVY_100_TO_179,8162.0,8157.938175524935,-4.0618244750648955,4.0618244750648955,8158.34325,8151.0,7.343249999999898,50.0,0.944837166777025,0.05516283322297499,PREDICT,
Ba-117,56,61,117,HEAVY_100_TO_179,8187.9546,8186.447962531496,-1.5066374685038681,1.5066374685038681,8186.46775,8172.838266666666,13.629483333334065,51.9593470315762,0.9985481864558057,0.001451813544194288,PREDICT,
Ba-118,56,62,118,HEAVY_100_TO_179,8227.0,8225.937407934798,-1.0625920652018976,1.0625920652018976,8225.956066666666,8213.10405,12.852016666665804,51.9593470315762,0.9985481864558057,0.001451813544194288,PREDICT,
Ba-119,56,63,119,HEAVY_100_TO_179,8245.9287,8246.850623819322,0.9219238193218189,0.9219238193218189,8246.873833333333,8230.887266666665,15.986566666668296,51.9593470315762,0.9985481864558057,0.001451813544194288,PREDICT,
Ba-120,56,64,120,HEAVY_100_TO_179,8280.2949,8280.844215551675,0.5493155516742263,0.5493155516742263,8280.867649999998,8264.726149999999,16.141499999999724,51.9593470315762,0.9985481864558057,0.001451813544194288,PREDICT,
Ba-121,56,65,121,HEAVY_100_TO_179,8293.9083,8293.050993046782,-0.8573069532176305,0.8573069532176305,8293.069366666667,8280.413733333335,12.655633333331934,51.9593470315762,0.9985481864558057,0.001451813544194288,PREDICT,
Ba-122,56,66,122,HEAVY_100_TO_179,8323.7567,8322.93536945038,-0.8213305496192334,0.8213305496192334,8322.957416666666,8307.771433333332,15.185983333334661,51.9593470315762,0.9985481864558057,0.001451813544194288,PREDICT,
Ba-123,56,67,123,HEAVY_100_TO_179,8330.2086,8330.640988058045,0.432388058045035,0.432388058045035,8330.660349999998,8317.323966666667,13.336383333331469,51.9593470315762,0.9985481864558057,0.001451813544194288,PREDICT,
Ba-124,56,68,124,HEAVY_100_TO_179,8355.8209,8356.246721265199,0.42582126519846497,0.42582126519846497,8356.269816666665,8340.361849999998,15.907966666667562,51.9593470315762,0.9985481864558057,0.001451813544194288,PREDICT,
Ba-125,56,69,125,HEAVY_100_TO_179,8358.1784,8358.261801751805,0.08340175180455844,0.08340175180455844,8358.278166666667,8347.006116666666,11.2720500000014,51.9593470315762,0.9985481864558057,0.001451813544194288,PREDICT,
Ba-126,56,70,126,HEAVY_100_TO_179,8379.7187,8379.639284084102,-0.07941591589769814,0.07941591589769814,8379.66085,8364.806383333333,14.854466666667577,51.9593470315762,0.9985481864558057,0.001451813544194288,PREDICT,
Ba-127,56,71,127,HEAVY_100_TO_179,8378.456,8378.030818053174,-0.425181946826342,0.425181946826342,8378.046383333332,8367.325116666665,10.721266666667361,51.9593470315762,0.9985481864558057,0.001451813544194288,PREDICT,
Ba-128,56,72,128,HEAVY_100_TO_179,8395.9878,8395.935344344654,-0.052455655346420826,0.052455655346420826,8395.9552,8382.27875,13.676450000000841,51.9593470315762,0.9985481864558057,0.001451813544194288,PREDICT,
Ba-129,56,73,129,HEAVY_100_TO_179,8391.0811,8391.59128355381,0.5101835538098385,0.5101835538098385,8391.607350000002,8380.540883333333,11.06646666666893,51.9593470315762,0.9985481864558057,0.001451813544194288,PREDICT,
Ba-130,56,74,130,HEAVY_100_TO_179,8405.513,8405.572822903152,0.05982290315114369,0.05982290315114369,8405.593033333334,8391.672216666666,13.920816666668543,51.9593470315762,0.9985481864558057,0.001451813544194288,PREDICT,
Ba-131,56,75,131,HEAVY_100_TO_179,8398.5511,8398.177378583816,-0.3737214161847078,0.3737214161847078,8398.192916666667,8387.490383333332,10.70253333333494,51.9593470315762,0.9985481864558057,0.001451813544194288,PREDICT,
Ba-132,56,76,132,HEAVY_100_TO_179,8409.3747,8409.313005475631,-0.0616945243691589,0.0616945243691589,8409.333333333332,8395.331633333335,14.001699999997072,51.9593470315762,0.9985481864558057,0.001451813544194288,PREDICT,
Ba-133,56,77,133,HEAVY_100_TO_179,8400.2059,8400.222574643592,0.016674643591613858,0.016674643591613858,8400.238749999999,8389.097266666668,11.141483333331053,51.9593470315762,0.9985481864558057,0.001451813544194288,PREDICT,
Ba-134,56,78,134,HEAVY_100_TO_179,8408.1731,8408.245673433903,0.07257343390301685,0.07257343390301685,8408.265,8394.952983333334,13.312016666664931,51.9593470315762,0.9985481864558057,0.001451813544194288,PREDICT,
Ba-135,56,79,135,HEAVY_100_TO_179,8397.5345,8400.407803758417,2.8733037584170233,2.8733037584170233,8400.42805,8386.482566666666,13.945483333334778,51.9593470315762,0.9985481864558057,0.001451813544194288,PREDICT,
Ba-136,56,80,136,HEAVY_100_TO_179,8402.7566,8407.284804386212,4.528204386211655,4.528204386211655,8407.309416666667,8390.356633333333,16.952783333334082,51.9593470315762,0.9985481864558057,0.001451813544194288,PREDICT,
Ba-137,56,81,137,HEAVY_100_TO_179,8391.8288,8388.645352801948,-3.183447198050999,3.183447198050999,8388.655383333331,8381.746416666667,6.908966666664128,51.9593470315762,0.9985481864558057,0.001451813544194288,PREDICT,
Ba-138,56,82,138,HEAVY_100_TO_179,8393.4222,8384.078036540875,-9.344163459125411,9.344163459125411,8384.08025,8382.555633333333,1.524616666667498,51.9593470315762,0.9985481864558057,0.001451813544194288,PREDICT,
Ba-139,56,83,139,HEAVY_100_TO_179,8367.0194,8365.33804494076,-1.6813550592396496,1.6813550592396496,8365.350416666664,8356.828850000002,8.521566666662693,51.9593470315762,0.9985481864558057,0.001451813544194288,PREDICT,
Ba-140,56,84,140,HEAVY_100_TO_179,8353.15,8358.20347456754,5.053474567539524,5.053474567539524,8358.227416666665,8341.736249999998,16.491166666666686,51.9593470315762,0.9985481864558057,0.001451813544194288,PREDICT,
Ba-141,56,85,141,HEAVY_100_TO_179,8326.0774,8328.217737979903,2.1403379799030517,2.1403379799030517,8328.233483333333,8317.388183333334,10.845299999999042,51.9593470315762,0.9985481864558057,0.001451813544194288,PREDICT,
Ba-142,56,86,142,HEAVY_100_TO_179,8310.9718,8310.894608944445,-0.07719105555406713,0.07719105555406713,8310.911349999998,8299.380216666665,11.531133333333855,51.9593470315762,0.9985481864558057,0.001451813544194288,PREDICT,
Ba-143,56,87,143,HEAVY_100_TO_179,8281.9878,8282.194795342533,0.2069953425325366,0.2069953425325366,8282.207683333334,8273.330516666665,8.877166666668927,51.9593470315762,0.9985481864558057,0.001451813544194288,PREDICT,
Ba-144,56,88,144,HEAVY_100_TO_179,8265.4549,8264.77557929663,-0.6793207033697399,0.6793207033697399,8264.790433333334,8254.559066666669,10.231366666665053,51.9593470315762,0.9985481864558057,0.001451813544194288,PREDICT,
Ba-145,56,89,145,HEAVY_100_TO_179,8234.7991,8233.820198564848,-0.9789014351517835,0.9789014351517835,8233.831050000003,8226.356650000002,7.474400000000969,51.9593470315762,0.9985481864558057,0.001451813544194288,PREDICT,
Ba-146,56,90,146,HEAVY_100_TO_179,8215.5293,8215.892732186505,0.3634321865047241,0.3634321865047241,8215.909083333334,8204.646516666664,11.262566666669954,51.9593470315762,0.9985481864558057,0.001451813544194288,PREDICT,
Ba-147,56,91,147,HEAVY_100_TO_179,8183.2405,8184.253657047358,1.0131570473577085,1.0131570473577085,8184.267766666666,8174.54915,9.718616666666094,51.9593470315762,0.9985481864558057,0.001451813544194288,PREDICT,
Ba-148,56,92,148,HEAVY_100_TO_179,8164.1118,8164.487936636032,0.3761366360322427,0.3761366360322427,8164.50405,8153.405266666666,11.098783333333813,51.9593470315762,0.9985481864558057,0.001451813544194288,PREDICT,
Ba-149,56,93,149,HEAVY_100_TO_179,8131.8495,8131.848017675091,-0.0014823249093751656,0.0014823249093751656,8131.860483333332,8123.274216666667,8.586266666665324,51.9593470315762,0.9985481864558057,0.001451813544194288,PREDICT,
Ba-150,56,94,150,HEAVY_100_TO_179,8111.8405,8111.303258178194,-0.5372418218066741,0.5372418218066741,8111.3196499999995,8100.029066666667,11.290583333332506,51.9593470315762,0.9985481864558057,0.001451813544194288,PREDICT,
Ba-151,56,95,151,HEAVY_100_TO_179,8079.0,8077.3068574294175,-1.693142570582495,1.693142570582495,8077.42475,8070.166666666666,7.258083333334071,52.34850290839312,0.9837570657200194,0.016242934279980505,PREDICT,
Ba-152,56,96,152,HEAVY_100_TO_179,8057.0,8056.253701719781,-0.7462982802189799,0.7462982802189799,8056.42025,8046.166666666666,10.253583333334063,52.34850290839312,0.9837570657200194,0.016242934279980505,PREDICT,
Ba-153,56,97,153,HEAVY_100_TO_179,8023.0,8025.149003298314,2.1490032983138008,2.1490032983138008,8026.1505,8015.5,10.650499999999738,50.0,0.9059671657025805,0.09403283429741938,PREDICT,
Ba-154,56,98,154,HEAVY_100_TO_179,8001.0,8002.1595,1.1594999999997526,1.1594999999997526,8002.1595,7988.0,14.159499999999753,,1.0,0.0,PREDICT,
La-116,57,59,116,HEAVY_100_TO_179,8032.0,8049.0,17.0,17.0,8049.0,8058.4289,9.428899999999885,,1.0,0.0,PREDICT,
La-117,57,60,117,HEAVY_100_TO_179,8086.0,8101.0,15.0,15.0,8101.0,8108.0,7.0,,1.0,0.0,PREDICT,
La-118,57,61,118,HEAVY_100_TO_179,8114.0,8106.464097385088,-7.53590261491172,7.53590261491172,8105.5,8122.9773000000005,17.47730000000047,50.0,0.944837166777025,0.05516283322297499,PREDICT,
La-119,57,62,119,HEAVY_100_TO_179,8159.0,8151.84146654447,-7.1585334555302325,7.1585334555302325,8151.5,8172.522466666667,21.022466666667242,52.34850290839312,0.9837570657200194,0.016242934279980505,PREDICT,
La-120,57,63,120,HEAVY_100_TO_179,8179.0,8180.9704945678195,1.9704945678195145,1.9704945678195145,8180.951233333332,8194.21825,13.267016666667587,51.9593470315762,0.9985481864558057,0.001451813544194288,PREDICT,
La-121,57,64,121,HEAVY_100_TO_179,8217.0,8218.912659701984,1.912659701984012,1.912659701984012,8218.8927,8232.640816666666,13.748116666665737,51.9593470315762,0.9985481864558057,0.001451813544194288,PREDICT,
La-122,57,65,122,HEAVY_100_TO_179,8235.0,8233.81199210962,-1.1880078903795948,1.1880078903795948,8233.7906,8248.52535,14.734749999999622,51.9593470315762,0.9985481864558057,0.001451813544194288,PREDICT,
La-123,57,66,123,HEAVY_100_TO_179,8267.0,8265.695823095752,-1.3041769042483793,1.3041769042483793,8265.672333333332,8281.851933333332,16.179599999999482,51.9593470315762,0.9985481864558057,0.001451813544194288,PREDICT,
La-124,57,67,124,HEAVY_100_TO_179,8278.2926,8278.936928620236,0.644328620235683,0.644328620235683,8278.919466666668,8290.947149999998,12.02768333333006,51.9593470315762,0.9985481864558057,0.001451813544194288,PREDICT,
La-125,57,68,125,HEAVY_100_TO_179,8304.6438,8304.875291437456,0.2314914374564978,0.2314914374564978,8304.853316666668,8319.989399999999,15.136083333331044,51.9593470315762,0.9985481864558057,0.001451813544194288,PREDICT,
La-126,57,69,126,HEAVY_100_TO_179,8312.4268,8311.80761187252,-0.6191881274789921,0.6191881274789921,8311.790016666666,8323.909483333333,12.119466666666995,51.9593470315762,0.9985481864558057,0.001451813544194288,PREDICT,
La-127,57,70,127,HEAVY_100_TO_179,8333.5412,8334.252253014369,0.7110530143690994,0.7110530143690994,8334.231199999998,8348.732383333332,14.501183333333756,51.9593470315762,0.9985481864558057,0.001451813544194288,PREDICT,
La-128,57,71,128,HEAVY_100_TO_179,8337.1904,8338.087053413286,0.8966534132869128,0.8966534132869128,8338.071049999999,8349.0941,11.023050000001604,51.9593470315762,0.9985481864558057,0.001451813544194288,PREDICT,
La-129,57,72,129,HEAVY_100_TO_179,8356.0449,8355.379358598857,-0.6655414011438552,0.6655414011438552,8355.358316666665,8369.851866666666,14.49355000000105,51.9593470315762,0.9985481864558057,0.001451813544194288,PREDICT,
La-130,57,73,130,HEAVY_100_TO_179,8356.1919,8355.494480859084,-0.6974191409153718,0.6974191409153718,8355.478266666667,8366.646499999999,11.168233333331955,51.9593470315762,0.9985481864558057,0.001451813544194288,PREDICT,
La-131,57,74,131,HEAVY_100_TO_179,8370.3676,8370.554333335827,0.1867333358277392,0.1867333358277392,8370.534533333335,8384.172649999999,13.638116666663336,51.9593470315762,0.9985481864558057,0.001451813544194288,PREDICT,
La-132,57,75,132,HEAVY_100_TO_179,8367.7559,8368.261959986436,0.5060599864355027,0.5060599864355027,8368.246866666665,8378.643049999999,10.396183333334193,51.9593470315762,0.9985481864558057,0.001451813544194288,PREDICT,
La-133,57,76,133,HEAVY_100_TO_179,8378.8415,8379.142081864808,0.3005818648070999,0.3005818648070999,8379.122266666665,8392.770849999999,13.64858333333359,51.9593470315762,0.9985481864558057,0.001451813544194288,PREDICT,
La-134,57,77,134,HEAVY_100_TO_179,8374.4888,8374.008915344239,-0.47988465576054296,0.47988465576054296,8373.992166666665,8385.528550000003,11.536383333337653,51.9593470315762,0.9985481864558057,0.001451813544194288,PREDICT,
La-135,57,78,135,HEAVY_100_TO_179,8382.7972,8382.440145239936,-0.3570547600647842,0.3570547600647842,8382.420416666668,8396.009333333332,13.588916666663863,51.9593470315762,0.9985481864558057,0.001451813544194288,PREDICT,
La-136,57,79,136,HEAVY_100_TO_179,8376.0512,8379.263271796255,3.212071796255259,3.212071796255259,8379.2522,8386.878383333335,7.626183333333756,51.9593470315762,0.9985481864558057,0.001451813544194288,PREDICT,
La-137,57,80,137,HEAVY_100_TO_179,8381.8807,8386.867602427583,4.986902427583118,4.986902427583118,8386.856183333333,8394.721583333336,7.86540000000241,51.9593470315762,0.9985481864558057,0.001451813544194288,PREDICT,
La-138,57,81,138,HEAVY_100_TO_179,8375.0835,8371.515323206904,-3.568176793096427,3.568176793096427,8371.495016666666,8385.482033333334,13.987016666667841,51.9593470315762,0.9985481864558057,0.001451813544194288,PREDICT,
La-139,57,82,139,HEAVY_100_TO_179,8377.9987,8368.599886019641,-9.398813980358682,9.398813980358682,8368.569749999999,8389.327249999998,20.75749999999971,51.9593470315762,0.9985481864558057,0.001451813544194288,PREDICT,
La-140,57,83,140,HEAVY_100_TO_179,8355.0201,8354.37617483905,-0.6439251609499479,0.6439251609499479,8354.35995,8365.535516666667,11.175566666666782,51.9593470315762,0.9985481864558057,0.001451813544194288,PREDICT,
La-141,57,84,141,HEAVY_100_TO_179,8343.205,8348.099018397228,4.8940183972281375,4.8940183972281375,8348.0892,8354.85205,6.762849999999162,51.9593470315762,0.9985481864558057,0.001451813544194288,PREDICT,
La-142,57,85,142,HEAVY_100_TO_179,8320.8263,8321.796453824483,0.9701538244826224,0.9701538244826224,8321.785216666667,8329.525300000001,7.7400833333340415,51.9593470315762,0.9985481864558057,0.001451813544194288,PREDICT,
La-143,57,86,143,HEAVY_100_TO_179,8306.1271,8306.286138344736,0.15903834473647294,0.15903834473647294,8306.269483333333,8317.74135,11.471866666666756,51.9593470315762,0.9985481864558057,0.001451813544194288,PREDICT,
La-144,57,87,144,HEAVY_100_TO_179,8281.4283,8282.438839377002,1.010539377002715,1.010539377002715,8282.4273,8290.37555,7.948250000001281,51.9593470315762,0.9985481864558057,0.001451813544194288,PREDICT,
La-145,57,88,145,HEAVY_100_TO_179,8266.0873,8265.238064044892,-0.8492359551073605,0.8492359551073605,8265.221049999998,8276.940216666666,11.719166666667661,51.9593470315762,0.9985481864558057,0.001451813544194288,PREDICT,
La-146,57,89,146,HEAVY_100_TO_179,8239.9988,8238.400426932769,-1.5983730672305683,1.5983730672305683,8238.3865,8247.979283333334,9.5927833333335,51.9593470315762,0.9985481864558057,0.001451813544194288,PREDICT,
La-147,57,90,147,HEAVY_100_TO_179,8221.5536,8222.33925113114,0.7856511311401846,0.7856511311401846,8222.324083333333,8232.771566666666,10.447483333333366,51.9593470315762,0.9985481864558057,0.001451813544194288,PREDICT,
La-148,57,91,148,HEAVY_100_TO_179,8193.7165,8195.727054630723,2.010554630722254,2.010554630722254,8195.717083333333,8202.58525,6.8681666666670935,51.9593470315762,0.9985481864558057,0.001451813544194288,PREDICT,
La-149,57,92,149,HEAVY_100_TO_179,8176.1915,8175.899542224339,-0.29195777566110337,0.29195777566110337,8175.883583333332,8186.875966666665,10.992383333332327,51.9593470315762,0.9985481864558057,0.001451813544194288,PREDICT,
La-150,57,93,150,HEAVY_100_TO_179,8149.4339,8148.658081318571,-0.7758186814289729,0.7758186814289729,8148.644533333333,8157.9763,9.331766666667136,51.9593470315762,0.9985481864558057,0.001451813544194288,PREDICT,
La-151,57,94,151,HEAVY_100_TO_179,8129.0436,8129.884972472748,0.8413724727479348,0.8413724727479348,8129.868733333335,8141.05415,11.185416666665333,51.9593470315762,0.9985481864558057,0.001451813544194288,PREDICT,
La-152,57,95,152,HEAVY_100_TO_179,8102.0,8101.8497478903855,-0.15025210961448465,0.15025210961448465,8101.836516666666,8110.9501,9.113583333333736,51.9593470315762,0.9985481864558057,0.001451813544194288,PREDICT,
La-153,57,96,153,HEAVY_100_TO_179,8081.0,8080.01359839414,-0.98640160586001,0.98640160586001,8079.99715,8091.3267000000005,11.329550000000381,51.9593470315762,0.9985481864558057,0.001451813544194288,PREDICT,
La-154,57,97,154,HEAVY_100_TO_179,8051.0,8049.656382369082,-1.3436176309178336,1.3436176309178336,8049.5,8059.127716666667,9.627716666666856,52.34850290839312,0.9837570657200194,0.016242934279980505,PREDICT,
La-155,57,98,155,HEAVY_100_TO_179,8028.0,8026.941302665784,-1.058697334216049,1.058697334216049,8026.5,8034.5,8.0,50.0,0.944837166777025,0.05516283322297499,PREDICT,
La-156,57,99,156,HEAVY_100_TO_179,7997.0,8000.0,3.0,3.0,8000.0,8015.0,15.0,,1.0,0.0,PREDICT,
La-157,57,100,157,HEAVY_100_TO_179,7972.0,7975.0,3.0,3.0,7975.0,7993.0,18.0,,1.0,0.0,PREDICT,
Ce-119,58,61,119,HEAVY_100_TO_179,8058.0,8071.0,13.0,13.0,8071.0,8040.0454,30.954600000000028,,1.0,0.0,PREDICT,
Ce-120,58,62,120,HEAVY_100_TO_179,8108.0,8115.4639545489845,7.463954548984475,7.463954548984475,8119.0,8096.0,23.0,50.0,0.8462588934341168,0.15374110656588325,PREDICT,
Ce-121,58,63,121,HEAVY_100_TO_179,8132.0,8125.1690230006625,-6.8309769993375085,6.8309769993375085,8125.5,8119.5,6.0,50.0,0.944837166777025,0.05516283322297499,PREDICT,
Ce-122,58,64,122,HEAVY_100_TO_179,8174.0,8168.334065161266,-5.665934838733847,5.665934838733847,8168.5,8158.284183333333,10.215816666666797,52.34850290839312,0.9837570657200194,0.016242934279980505,PREDICT,
Ce-123,58,65,123,HEAVY_100_TO_179,8193.0,8192.848823029077,-0.1511769709231885,0.1511769709231885,8192.867966666667,8179.68195,13.186016666666546,51.9593470315762,0.9985481864558057,0.001451813544194288,PREDICT,
Ce-124,58,66,124,HEAVY_100_TO_179,8229.0,8228.99745771173,-0.0025422882699785987,0.0025422882699785987,8229.017749999999,8215.040550000002,13.977199999997538,51.9593470315762,0.9985481864558057,0.001451813544194288,PREDICT,
Ce-125,58,67,125,HEAVY_100_TO_179,8242.0,8242.019737991159,0.01973799115876318,0.01973799115876318,8242.03795,8229.493633333333,12.544316666666418,51.9593470315762,0.9985481864558057,0.001451813544194288,PREDICT,
Ce-126,58,68,126,HEAVY_100_TO_179,8273.2581,8272.726880000177,-0.5312199998224969,0.5312199998224969,8272.747866666668,8258.292383333332,14.455483333336815,51.9593470315762,0.9985481864558057,0.001451813544194288,PREDICT,
Ce-127,58,69,127,HEAVY_100_TO_179,8280.7922,8280.87784336664,0.0856433666394878,0.0856433666394878,8280.894583333333,8269.3642,11.530383333332793,51.9593470315762,0.9985481864558057,0.001451813544194288,PREDICT,
Ce-128,58,70,128,HEAVY_100_TO_179,8306.9259,8307.406267249276,0.48036724927624164,0.48036724927624164,8307.429283333331,8291.575949999999,15.853333333332557,51.9593470315762,0.9985481864558057,0.001451813544194288,PREDICT,
Ce-129,58,71,129,HEAVY_100_TO_179,8310.9411,8310.804136565785,-0.13696343421543133,0.13696343421543133,8310.821049999999,8299.171183333332,11.64986666666664,51.9593470315762,0.9985481864558057,0.001451813544194288,PREDICT,
Ce-130,58,72,130,HEAVY_100_TO_179,8333.2164,8332.974007072218,-0.2423929277811112,0.2423929277811112,8332.99385,8319.326166666666,13.667683333334935,51.9593470315762,0.9985481864558057,0.001451813544194288,PREDICT,
Ce-131,58,73,131,HEAVY_100_TO_179,8333.3969,8333.369244924766,-0.0276550752332696,0.0276550752332696,8333.384416666666,8322.934216666665,10.450200000001132,51.9593470315762,0.9985481864558057,0.001451813544194288,PREDICT,
Ce-132,58,74,132,HEAVY_100_TO_179,8352.3223,8352.52367053608,0.20137053608050337,0.20137053608050337,8352.543949999997,8338.575583333335,13.968366666662405,51.9593470315762,0.9985481864558057,0.001451813544194288,PREDICT,
Ce-133,58,75,133,HEAVY_100_TO_179,8349.8301,8350.540534853155,0.7104348531556752,0.7104348531556752,8350.556866666668,8339.307616666667,11.249250000000757,51.9593470315762,0.9985481864558057,0.001451813544194288,PREDICT,
Ce-134,58,76,134,HEAVY_100_TO_179,8365.7716,8365.660693945583,-0.11090605441677326,0.11090605441677326,8365.680266666666,8352.198699999999,13.481566666667277,51.9593470315762,0.9985481864558057,0.001451813544194288,PREDICT,
Ce-135,58,77,135,HEAVY_100_TO_179,8361.9861,8360.72903677994,-1.257063220060445,1.257063220060445,8360.74265,8351.36595,9.37670000000071,51.9593470315762,0.9985481864558057,0.001451813544194288,PREDICT,
Ce-136,58,78,136,HEAVY_100_TO_179,8373.7624,8373.75152725085,-0.010872749149712035,0.010872749149712035,8373.770466666669,8360.725116666667,13.045350000002145,51.9593470315762,0.9985481864558057,0.001451813544194288,PREDICT,
Ce-137,58,79,137,HEAVY_100_TO_179,8367.2497,8370.74355518374,3.4938551837403793,3.4938551837403793,8370.76405,8356.647350000001,14.116699999998673,51.9593470315762,0.9985481864558057,0.001451813544194288,PREDICT,
Ce-138,58,80,138,HEAVY_100_TO_179,8377.0408,8381.212879224906,4.1720792249052465,4.1720792249052465,8381.237666666666,8364.164233333333,17.073433333333014,51.9593470315762,0.9985481864558057,0.001451813544194288,PREDICT,
Ce-139,58,81,139,HEAVY_100_TO_179,8370.4664,8367.308913005396,-3.1574869946034596,3.1574869946034596,8367.319766666666,8359.843833333332,7.47593333333316,51.9593470315762,0.9985481864558057,0.001451813544194288,PREDICT,
Ce-140,58,82,140,HEAVY_100_TO_179,8376.3045,8367.981896801632,-8.322603198368597,8.322603198368597,8367.986600000002,8364.747066666665,3.2395333333370218,51.9593470315762,0.9985481864558057,0.001451813544194288,PREDICT,
Ce-141,58,83,141,HEAVY_100_TO_179,8355.3956,8353.89414838599,-1.5014516140090564,1.5014516140090564,8353.907616666665,8344.63075,9.276866666665228,51.9593470315762,0.9985481864558057,0.001451813544194288,PREDICT,
Ce-142,58,84,142,HEAVY_100_TO_179,8347.07,8351.428541864854,4.358541864854487,4.358541864854487,8351.452316666666,8335.076383333333,16.375933333332796,51.9593470315762,0.9985481864558057,0.001451813544194288,PREDICT,
Ce-143,58,85,143,HEAVY_100_TO_179,8324.6765,8326.333440726428,1.6569407264287292,1.6569407264287292,8326.3489,8315.700650000002,10.64824999999837,51.9593470315762,0.9985481864558057,0.001451813544194288,PREDICT,
Ce-144,58,86,144,HEAVY_100_TO_179,8314.7612,8314.253677801875,-0.5075221981260256,0.5075221981260256,8314.27005,8302.992983333334,11.277066666665633,51.9593470315762,0.9985481864558057,0.001451813544194288,PREDICT,
Ce-145,58,87,145,HEAVY_100_TO_179,8289.8762,8289.851121745622,-0.025078254378968268,0.025078254378968268,8289.8651,8280.236966666667,9.628133333333608,51.9593470315762,0.9985481864558057,0.001451813544194288,PREDICT,
Ce-146,58,88,146,HEAVY_100_TO_179,8278.5081,8278.717118910105,0.20901891010544205,0.20901891010544205,8278.733700000003,8267.312750000001,11.42095000000154,51.9593470315762,0.9985481864558057,0.001451813544194288,PREDICT,
Ce-147,58,89,147,HEAVY_100_TO_179,8252.5274,8252.566493893726,0.03909389372529404,0.03909389372529404,8252.578000000001,8244.652666666667,7.925333333334493,51.9593470315762,0.9985481864558057,0.001451813544194288,PREDICT,
Ce-148,58,90,148,HEAVY_100_TO_179,8240.3876,8240.443972738203,0.05637273820320843,0.05637273820320843,8240.460533333333,8229.053699999999,11.406833333334362,51.9593470315762,0.9985481864558057,0.001451813544194288,PREDICT,
Ce-149,58,91,149,HEAVY_100_TO_179,8214.2294,8215.211035690672,0.9816356906721921,0.9816356906721921,8215.224166666667,8206.179633333331,9.044533333335494,51.9593470315762,0.9985481864558057,0.001451813544194288,PREDICT,
Ce-150,58,92,150,HEAVY_100_TO_179,8201.123,8201.825171642366,0.7021716423660109,0.7021716423660109,8201.840383333334,8191.362666666667,10.47771666666722,51.9593470315762,0.9985481864558057,0.001451813544194288,PREDICT,
Ce-151,58,93,151,HEAVY_100_TO_179,8176.2779,8175.554467106948,-0.7234328930517222,0.7234328930517222,8175.565033333332,8168.287083333334,7.277949999998782,51.9593470315762,0.9985481864558057,0.001451813544194288,PREDICT,
Ce-152,58,94,152,HEAVY_100_TO_179,8161.0,8160.002888833261,-0.9971111667391597,0.9971111667391597,8160.017399999999,8150.0221999999985,9.995200000000295,51.9593470315762,0.9985481864558057,0.001451813544194288,PREDICT,
Ce-153,58,95,153,HEAVY_100_TO_179,8134.0,8133.633969527914,-0.36603047208609496,0.36603047208609496,8133.647033333335,8124.648766666666,8.998266666668314,51.9593470315762,0.9985481864558057,0.001451813544194288,PREDICT,
Ce-154,58,96,154,HEAVY_100_TO_179,8116.0,8116.63042796738,0.6304279673795463,0.6304279673795463,8116.6461666666655,8105.805449999999,10.840716666666594,51.9593470315762,0.9985481864558057,0.001451813544194288,PREDICT,
Ce-155,58,97,155,HEAVY_100_TO_179,8087.0,8087.440386076294,0.44038607629408943,0.44038607629408943,8087.453683333333,8078.294616666667,9.159066666666149,51.9593470315762,0.9985481864558057,0.001451813544194288,PREDICT,
Ce-156,58,98,156,HEAVY_100_TO_179,8068.0,8065.354666616245,-2.6453333837553146,2.6453333837553146,8065.5,8056.552516666665,8.947483333335185,52.34850290839312,0.9837570657200194,0.016242934279980505,PREDICT,
Ce-157,58,99,157,HEAVY_100_TO_179,8037.0,8034.613860167438,-2.386139832561639,2.386139832561639,8035.0,8028.0,7.0,50.0,0.944837166777025,0.05516283322297499,PREDICT,
Ce-158,58,100,158,HEAVY_100_TO_179,8015.0,8018.542491068389,3.542491068388699,3.542491068388699,8020.0,8004.5,15.5,50.0,0.9059671657025805,0.09403283429741938,PREDICT,
Ce-159,58,101,159,HEAVY_100_TO_179,7983.0,7987.0,4.0,4.0,7987.0,7976.0,11.0,,1.0,0.0,PREDICT,
Pr-121,59,62,121,HEAVY_100_TO_179,8033.0,8041.0,8.0,8.0,8041.0,8057.0,16.0,,1.0,0.0,PREDICT,
Pr-122,59,63,122,HEAVY_100_TO_179,8060.0,8072.0,12.0,12.0,8072.0,8085.0,13.0,,1.0,0.0,PREDICT,
Pr-123,59,64,123,HEAVY_100_TO_179,8104.0,8100.7722796651215,-3.2277203348785406,3.2277203348785406,8100.0,8114.0,14.0,50.0,0.944837166777025,0.05516283322297499,PREDICT,
Pr-124,59,65,124,HEAVY_100_TO_179,8128.0,8122.316737218459,-5.683262781541089,5.683262781541089,8122.0,8141.5,19.5,52.34850290839312,0.9837570657200194,0.016242934279980505,PREDICT,
Pr-125,59,66,125,HEAVY_100_TO_179,8167.0,8165.45888661611,-1.5411133838897513,1.5411133838897513,8165.4365333333335,8180.833333333333,15.39679999999953,51.9593470315762,0.9985481864558057,0.001451813544194288,PREDICT,
Pr-126,59,67,126,HEAVY_100_TO_179,8184.0,8184.002385632647,0.00238563264701952,0.00238563264701952,8183.983316666667,8197.1179,13.134583333332557,51.9593470315762,0.9985481864558057,0.001451813544194288,PREDICT,
Pr-127,59,68,127,HEAVY_100_TO_179,8216.0,8215.917603546699,-0.08239645330104395,0.08239645330104395,8215.896549999998,8230.398099999999,14.501550000000861,51.9593470315762,0.9985481864558057,0.001451813544194288,PREDICT,
Pr-128,59,69,128,HEAVY_100_TO_179,8228.9141,8228.598866483379,-0.31523351662144705,0.31523351662144705,8228.581383333332,8240.623666666666,12.042283333334126,51.9593470315762,0.9985481864558057,0.001451813544194288,PREDICT,
Pr-129,59,70,129,HEAVY_100_TO_179,8254.3808,8255.241219672935,0.8604196729338582,0.8604196729338582,8255.219466666666,8270.202800000001,14.983333333335395,51.9593470315762,0.9985481864558057,0.001451813544194288,PREDICT,
Pr-130,59,71,130,HEAVY_100_TO_179,8263.7565,8264.170187646136,0.41368764613616804,0.41368764613616804,8264.154250000001,8275.132000000001,10.977750000000015,51.9593470315762,0.9985481864558057,0.001451813544194288,PREDICT,
Pr-131,59,72,131,HEAVY_100_TO_179,8286.1439,8285.625845187262,-0.5180548127373186,0.5180548127373186,8285.605000000001,8299.963033333332,14.35803333333024,51.9593470315762,0.9985481864558057,0.001451813544194288,PREDICT,
Pr-132,59,73,132,HEAVY_100_TO_179,8291.5377,8291.28742925827,-0.25027074173158326,0.25027074173158326,8291.271633333334,8302.151766666666,10.880133333332196,51.9593470315762,0.9985481864558057,0.001451813544194288,PREDICT,
Pr-133,59,74,133,HEAVY_100_TO_179,8310.2588,8310.719544433388,0.46074443338875426,0.46074443338875426,8310.700166666666,8324.047450000002,13.347283333336236,51.9593470315762,0.9985481864558057,0.001451813544194288,PREDICT,
Pr-134,59,75,134,HEAVY_100_TO_179,8312.8817,8313.882252188569,1.0005521885686903,1.0005521885686903,8313.8684,8323.409699999997,9.541299999997136,51.9593470315762,0.9985481864558057,0.001451813544194288,PREDICT,
Pr-135,59,76,135,HEAVY_100_TO_179,8328.9284,8328.719965552638,-0.2084344473623787,0.2084344473623787,8328.700016666666,8342.440683333332,13.740666666666584,51.9593470315762,0.9985481864558057,0.001451813544194288,PREDICT,
Pr-136,59,77,136,HEAVY_100_TO_179,8330.0089,8328.409489331765,-1.5994106682355778,1.5994106682355778,8328.391799999998,8340.576100000002,12.184300000004441,51.9593470315762,0.9985481864558057,0.001451813544194288,PREDICT,
Pr-137,59,78,137,HEAVY_100_TO_179,8341.7074,8341.611280503672,-0.09611949632744654,0.09611949632744654,8341.592133333335,8354.780583333331,13.18844999999601,51.9593470315762,0.9985481864558057,0.001451813544194288,PREDICT,
Pr-138,59,79,138,HEAVY_100_TO_179,8339.2195,8342.829380807532,3.6098808075330453,3.6098808075330453,8342.819316666666,8349.751433333333,6.932116666666843,51.9593470315762,0.9985481864558057,0.001451813544194288,PREDICT,
Pr-139,59,80,139,HEAVY_100_TO_179,8349.5208,8354.080949393345,4.560149393344545,4.560149393344545,8354.069,8362.299666666666,8.230666666666366,51.9593470315762,0.9985481864558057,0.001451813544194288,PREDICT,
Pr-140,59,81,140,HEAVY_100_TO_179,8346.5163,8343.443214282888,-3.0730857171110983,3.0730857171110983,8343.423466666667,8357.0255,13.602033333332656,51.9593470315762,0.9985481864558057,0.001451813544194288,PREDICT,
Pr-141,59,82,141,HEAVY_100_TO_179,8353.9852,8345.35598549541,-8.629214504589982,8.629214504589982,8345.326549999998,8365.601533333334,20.274983333336422,51.9593470315762,0.9985481864558057,0.001451813544194288,PREDICT,
Pr-142,59,83,142,HEAVY_100_TO_179,8336.3032,8335.464584549643,-0.8386154503568832,0.8386154503568832,8335.447516666665,8347.203766666666,11.756250000000364,51.9593470315762,0.9985481864558057,0.001451813544194288,PREDICT,
Pr-143,59,84,143,HEAVY_100_TO_179,8329.428,8334.076728880951,4.648728880951239,4.648728880951239,8334.065666666667,8341.685249999999,7.61958333333132,51.9593470315762,0.9985481864558057,0.001451813544194288,PREDICT,
Pr-144,59,85,144,HEAVY_100_TO_179,8311.5411,8311.756034671189,0.21493467118853005,0.21493467118853005,8311.742599999998,8320.996316666666,9.25371666666797,51.9593470315762,0.9985481864558057,0.001451813544194288,PREDICT,
Pr-145,59,86,145,HEAVY_100_TO_179,8302.1285,8301.282512545757,-0.8459874542440957,0.8459874542440957,8301.2638,8314.152883333334,12.889083333333474,51.9593470315762,0.9985481864558057,0.001451813544194288,PREDICT,
Pr-146,59,87,146,HEAVY_100_TO_179,8280.325,8281.528882613693,1.203882613692258,1.203882613692258,8281.515533333335,8290.710433333334,9.194899999998597,51.9593470315762,0.9985481864558057,0.001451813544194288,PREDICT,
Pr-147,59,88,147,HEAVY_100_TO_179,8270.54,8270.753709380651,0.21370938065047085,0.21370938065047085,8270.736600000002,8282.521433333332,11.784833333329516,51.9593470315762,0.9985481864558057,0.001451813544194288,PREDICT,
Pr-148,59,89,148,HEAVY_100_TO_179,8249.5409,8249.742090755817,0.2011907558171515,0.2011907558171515,8249.730066666667,8258.012183333334,8.282116666667207,51.9593470315762,0.9985481864558057,0.001451813544194288,PREDICT,
Pr-149,59,90,149,HEAVY_100_TO_179,8238.304,8239.9345837755,1.6305837755007815,1.6305837755007815,8239.920666666669,8249.506683333335,9.586016666666183,51.9593470315762,0.9985481864558057,0.001451813544194288,PREDICT,
Pr-150,59,91,150,HEAVY_100_TO_179,8218.9316,8219.835954122995,0.904354122994846,0.904354122994846,8219.826466666666,8226.361366666664,6.534899999998743,51.9593470315762,0.9985481864558057,0.001451813544194288,PREDICT,
Pr-151,59,92,151,HEAVY_100_TO_179,8207.8824,8206.64610592365,-1.2362940763505321,1.2362940763505321,8206.630766666665,8217.196349999998,10.565583333333052,51.9593470315762,0.9985481864558057,0.001451813544194288,PREDICT,
Pr-152,59,93,152,HEAVY_100_TO_179,8187.1049,8185.03921103424,-2.0656889657602733,2.0656889657602733,8185.0249,8194.882249999999,9.857349999998405,51.9593470315762,0.9985481864558057,0.001451813544194288,PREDICT,
Pr-153,59,94,153,HEAVY_100_TO_179,8172.0371,8171.941876806792,-0.09522319320785755,0.09522319320785755,8171.927966666666,8181.509183333333,9.581216666666478,51.9593470315762,0.9985481864558057,0.001451813544194288,PREDICT,
Pr-154,59,95,154,HEAVY_100_TO_179,8147.2994,8148.581856361691,1.282456361691402,1.282456361691402,8148.570466666665,8156.415616666667,7.845150000001922,51.9593470315762,0.9985481864558057,0.001451813544194288,PREDICT,
Pr-155,59,96,155,HEAVY_100_TO_179,8131.0398,8131.10294374961,0.06314374961038993,0.06314374961038993,8131.089,8140.6933666666655,9.604366666665555,51.9593470315762,0.9985481864558057,0.001451813544194288,PREDICT,
Pr-156,59,97,156,HEAVY_100_TO_179,8105.2337,8104.861659346672,-0.3720406533275309,0.3720406533275309,8104.848783333333,8113.717699999999,8.868916666666337,51.9593470315762,0.9985481864558057,0.001451813544194288,PREDICT,
Pr-157,59,98,157,HEAVY_100_TO_179,8085.817,8085.70221942898,-0.11478057101976447,0.11478057101976447,8085.687016666665,8096.158583333333,10.471566666667968,51.9593470315762,0.9985481864558057,0.001451813544194288,PREDICT,
Pr-158,59,99,158,HEAVY_100_TO_179,8059.0,8057.279140465712,-1.720859534288138,1.720859534288138,8057.11685,8067.1083,9.991449999999531,52.34850290839312,0.9837570657200194,0.016242934279980505,PREDICT,
Pr-159,59,100,159,HEAVY_100_TO_179,8037.0,8036.088298724571,-0.9117012754286407,0.9117012754286407,8035.9085,8046.977849999999,11.069349999999758,52.34850290839312,0.9837570657200194,0.016242934279980505,PREDICT,
Pr-160,59,101,160,HEAVY_100_TO_179,8009.0,8012.741259056226,3.7412590562262267,3.7412590562262267,8012.7663,8012.5,0.26630000000022847,50.0,0.9059671657025805,0.09403283429741938,PREDICT,
Pr-161,59,102,161,HEAVY_100_TO_179,7986.0,7988.183,2.1829999999999927,2.1829999999999927,7988.183,8002.0,13.817000000000007,,1.0,0.0,PREDICT,
Nd-124,60,64,124,HEAVY_100_TO_179,8054.0,8067.0,13.0,13.0,8067.0,8034.0,33.0,,1.0,0.0,PREDICT,
Nd-125,60,65,125,HEAVY_100_TO_179,8080.0,8089.156472335852,9.156472335852413,9.156472335852413,8093.0,8068.0,25.0,50.0,0.8462588934341168,0.15374110656588325,PREDICT,
Nd-126,60,66,126,HEAVY_100_TO_179,8122.0,8115.380885148613,-6.619114851387167,6.619114851387167,8115.5,8108.166666666666,7.33333333333394,52.34850290839312,0.9837570657200194,0.016242934279980505,PREDICT,
Nd-127,60,67,127,HEAVY_100_TO_179,8142.0,8135.3862994600395,-6.613700539960519,6.613700539960519,8135.5,8128.499999999999,7.0000000000009095,52.34850290839312,0.9837570657200194,0.016242934279980505,PREDICT,
Nd-128,60,68,128,HEAVY_100_TO_179,8177.0,8177.8533111488605,0.8533111488604845,0.8533111488604845,8177.874,8163.6236499999995,14.250350000000253,51.9593470315762,0.9985481864558057,0.001451813544194288,PREDICT,
Nd-129,60,69,129,HEAVY_100_TO_179,8191.0,8191.146640130063,0.14664013006313326,0.14664013006313326,8191.164333333332,8178.977366666666,12.186966666666194,51.9593470315762,0.9985481864558057,0.001451813544194288,PREDICT,
Nd-130,60,70,130,HEAVY_100_TO_179,8222.5136,8221.262673248479,-1.250926751521547,1.250926751521547,8221.28375,8206.766216666665,14.51753333333545,51.9593470315762,0.9985481864558057,0.001451813544194288,PREDICT,
Nd-131,60,71,131,HEAVY_100_TO_179,8230.3045,8230.446021244516,0.1415212445153884,0.1415212445153884,8230.4624,8219.180816666667,11.281583333333401,51.9593470315762,0.9985481864558057,0.001451813544194288,PREDICT,
Nd-132,60,72,132,HEAVY_100_TO_179,8256.8104,8257.762400309417,0.9520003094166896,0.9520003094166896,8257.783016666668,8243.5826,14.200416666668389,51.9593470315762,0.9985481864558057,0.001451813544194288,PREDICT,
Nd-133,60,73,133,HEAVY_100_TO_179,8262.232,8262.191601739476,-0.04039826052394346,0.04039826052394346,8262.207199999999,8251.463216666665,10.743983333333745,51.9593470315762,0.9985481864558057,0.001451813544194288,PREDICT,
Nd-134,60,74,134,HEAVY_100_TO_179,8285.5391,8285.527207122546,-0.011892877453647088,0.011892877453647088,8285.547366666666,8271.6616,13.885766666666314,51.9593470315762,0.9985481864558057,0.001451813544194288,PREDICT,
Nd-135,60,75,135,HEAVY_100_TO_179,8288.1536,8288.869008840375,0.7154088403749483,0.7154088403749483,8288.886016666667,8277.171133333333,11.714883333334,51.9593470315762,0.9985481864558057,0.001451813544194288,PREDICT,
Nd-136,60,76,136,HEAVY_100_TO_179,8308.5127,8308.22335514915,-0.2893448508493748,0.2893448508493748,8308.2434,8294.436633333335,13.806766666664771,51.9593470315762,0.9985481864558057,0.001451813544194288,PREDICT,
Nd-137,60,77,137,HEAVY_100_TO_179,8309.5892,8308.240506576509,-1.348693423491568,1.348693423491568,8308.255299999997,8298.065683333332,10.189616666664733,51.9593470315762,0.9985481864558057,0.001451813544194288,PREDICT,
Nd-138,60,78,138,HEAVY_100_TO_179,8325.4946,8325.636153891677,0.14155389167717658,0.14155389167717658,8325.656116666667,8311.905883333331,13.750233333335927,51.9593470315762,0.9985481864558057,0.001451813544194288,PREDICT,
Nd-139,60,79,139,HEAVY_100_TO_179,8323.6642,8326.937510659116,3.27331065911676,3.27331065911676,8326.957250000001,8313.360916666665,13.596333333336588,51.9593470315762,0.9985481864558057,0.001451813544194288,PREDICT,
Nd-140,60,80,140,HEAVY_100_TO_179,8337.864,8341.75351761152,3.889517611520205,3.889517611520205,8341.777666666667,8325.143950000001,16.63371666666535,51.9593470315762,0.9985481864558057,0.001451813544194288,PREDICT,
Nd-141,60,81,141,HEAVY_100_TO_179,8335.5074,8332.962155293873,-2.5452447061270504,2.5452447061270504,8332.97275,8325.675183333333,7.29756666666799,51.9593470315762,0.9985481864558057,0.001451813544194288,PREDICT,
Nd-142,60,82,142,HEAVY_100_TO_179,8346.031,8338.255097704248,-7.77590229575253,7.77590229575253,8338.260583333333,8334.482116666666,3.7784666666666453,51.9593470315762,0.9985481864558057,0.001451813544194288,PREDICT,
Nd-143,60,83,143,HEAVY_100_TO_179,8330.4893,8328.572882164446,-1.9164178355531476,1.9164178355531476,8328.585833333333,8319.665149999999,8.920683333333727,51.9593470315762,0.9985481864558057,0.001451813544194288,PREDICT,
Nd-144,60,84,144,HEAVY_100_TO_179,8326.9237,8330.885111692094,3.961411692094771,3.961411692094771,8330.908833333335,8314.569516666666,16.33931666666831,51.9593470315762,0.9985481864558057,0.001451813544194288,PREDICT,
Nd-145,60,85,145,HEAVY_100_TO_179,8309.1883,8310.886506426441,1.6982064264411747,1.6982064264411747,8310.903416666666,8299.25575,11.647666666665828,51.9593470315762,0.9985481864558057,0.001451813544194288,PREDICT,
Nd-146,60,86,146,HEAVY_100_TO_179,8304.0927,8303.449274570645,-0.6434254293544655,0.6434254293544655,8303.466016666665,8291.934166666666,11.531849999999395,51.9593470315762,0.9985481864558057,0.001451813544194288,PREDICT,
Nd-147,60,87,147,HEAVY_100_TO_179,8283.6036,8282.94699962696,-0.6566003730404191,0.6566003730404191,8282.960766666665,8273.478116666665,9.482649999999921,51.9593470315762,0.9985481864558057,0.001451813544194288,PREDICT,
Nd-148,60,88,148,HEAVY_100_TO_179,8277.1778,8277.274186683764,0.0963866837646492,0.0963866837646492,8277.292483333335,8264.689866666666,12.602616666668837,51.9593470315762,0.9985481864558057,0.001451813544194288,PREDICT,
Nd-149,60,89,149,HEAVY_100_TO_179,8255.4437,8256.940863977348,1.497163977348464,1.497163977348464,8256.95655,8246.152116666666,10.8044333333346,51.9593470315762,0.9985481864558057,0.001451813544194288,PREDICT,
Nd-150,60,90,150,HEAVY_100_TO_179,8249.5789,8251.365419351861,1.7865193518609885,1.7865193518609885,8251.383433333333,8238.975516666667,12.407916666665187,51.9593470315762,0.9985481864558057,0.001451813544194288,PREDICT,
Nd-151,60,91,151,HEAVY_100_TO_179,8230.2741,8231.021377432551,0.747277432550618,0.747277432550618,8231.033166666664,8222.912816666667,8.120349999997416,51.9593470315762,0.9985481864558057,0.001451813544194288,PREDICT,
Nd-152,60,92,152,HEAVY_100_TO_179,8224.0078,8222.356813477058,-1.650986522941821,1.650986522941821,8222.36795,8214.697183333334,7.670766666666168,51.9593470315762,0.9985481864558057,0.001451813544194288,PREDICT,
Nd-153,60,93,153,HEAVY_100_TO_179,8204.5832,8202.44248336716,-2.1407166328390304,2.1407166328390304,8202.450933333335,8196.630650000001,5.820283333334373,51.9593470315762,0.9985481864558057,0.001451813544194288,PREDICT,
Nd-154,60,94,154,HEAVY_100_TO_179,8192.3491,8192.78796153448,0.43886153447965626,0.43886153447965626,8192.800899999998,8183.8889666666655,8.911933333332854,51.9593470315762,0.9985481864558057,0.001451813544194288,PREDICT,
Nd-155,60,95,155,HEAVY_100_TO_179,8170.305,8171.304658046665,0.9996580466649903,0.9996580466649903,8171.3174500000005,8162.506433333332,8.811016666668365,51.9593470315762,0.9985481864558057,0.001451813544194288,PREDICT,
Nd-156,60,96,156,HEAVY_100_TO_179,8156.3265,8155.860767436537,-0.4657325634634617,0.4657325634634617,8155.872333333334,8147.905816666666,7.966516666667303,51.9593470315762,0.9985481864558057,0.001451813544194288,PREDICT,
Nd-157,60,97,157,HEAVY_100_TO_179,8132.1671,8131.644711782054,-0.522388217945263,0.522388217945263,8131.654400000001,8124.981216666667,6.6731833333342365,51.9593470315762,0.9985481864558057,0.001451813544194288,PREDICT,
Nd-158,60,98,158,HEAVY_100_TO_179,8114.9529,8115.12419117221,0.17129117220974877,0.17129117220974877,8115.13695,8106.34875,8.78819999999996,51.9593470315762,0.9985481864558057,0.001451813544194288,PREDICT,
Nd-159,60,99,159,HEAVY_100_TO_179,8088.8224,8089.050199266147,0.22779926614657597,0.22779926614657597,8089.060566666666,8081.9195666666665,7.140999999999622,51.9593470315762,0.9985481864558057,0.001451813544194288,PREDICT,
Nd-160,60,100,160,HEAVY_100_TO_179,8069.9662,8068.364258970066,-1.6019410299340962,1.6019410299340962,8068.47645,8061.569383333333,6.907066666667561,52.34850290839312,0.9837570657200194,0.016242934279980505,PREDICT,
Nd-161,60,101,161,HEAVY_100_TO_179,8042.0,8040.330980208325,-1.6690197916750549,1.6690197916750549,8040.4112000000005,8035.472449999999,4.938750000001164,52.34850290839312,0.9837570657200194,0.016242934279980505,PREDICT,
Nd-162,60,102,162,HEAVY_100_TO_179,8022.0,8023.94706649583,1.9470664958298585,1.9470664958298585,8024.9794999999995,8014.0,10.979499999999462,50.0,0.9059671657025805,0.09403283429741938,PREDICT,
Nd-163,60,103,163,HEAVY_100_TO_179,7992.0,7995.1776,3.177599999999984,3.177599999999984,7995.1776,7987.0,8.177599999999984,,1.0,0.0,PREDICT,
Pm-126,61,65,126,HEAVY_100_TO_179,8008.0,8019.0,11.0,11.0,8019.0,8032.0,13.0,,1.0,0.0,PREDICT,
Pm-127,61,66,127,HEAVY_100_TO_179,8052.0,8064.23129446717,12.2312944671703,12.2312944671703,8065.0,8060.0,5.0,50.0,0.8462588934341168,0.15374110656588325,PREDICT,
Pm-128,61,67,128,HEAVY_100_TO_179,8075.0,8069.795079972752,-5.204920027247681,5.204920027247681,8069.5,8087.666666666666,18.16666666666606,52.34850290839312,0.9837570657200194,0.016242934279980505,PREDICT,
Pm-129,61,68,129,HEAVY_100_TO_179,8114.0,8107.800494284179,-6.199505715821033,6.199505715821033,8107.5,8126.0,18.5,52.34850290839312,0.9837570657200194,0.016242934279980505,PREDICT,
Pm-130,61,69,130,HEAVY_100_TO_179,8131.0,8131.114875233841,0.11487523384130327,0.11487523384130327,8131.097816666666,8142.84765,11.7498333333333,51.9593470315762,0.9985481864558057,0.001451813544194288,PREDICT,
Pm-131,61,70,131,HEAVY_100_TO_179,8163.0,8164.077346724758,1.077346724758172,1.077346724758172,8164.057183333334,8177.945599999999,13.888416666664853,51.9593470315762,0.9985481864558057,0.001451813544194288,PREDICT,
Pm-132,61,71,132,HEAVY_100_TO_179,8177.0,8176.505924655407,-0.49407534459260205,0.49407534459260205,8176.488616666666,8188.410250000001,11.921633333335194,51.9593470315762,0.9985481864558057,0.001451813544194288,PREDICT,
Pm-133,61,72,133,HEAVY_100_TO_179,8204.2841,8203.60643024555,-0.6776697544501076,0.6776697544501076,8203.586933333332,8217.016283333334,13.42935000000216,51.9593470315762,0.9985481864558057,0.001451813544194288,PREDICT,
Pm-134,61,73,134,HEAVY_100_TO_179,8213.4131,8213.936258583019,0.5231585830188124,0.5231585830188124,8213.921166666667,8224.316383333333,10.395216666665874,51.9593470315762,0.9985481864558057,0.001451813544194288,PREDICT,
Pm-135,61,74,135,HEAVY_100_TO_179,8236.7933,8237.219041678765,0.42574167876591673,0.42574167876591673,8237.199250000001,8250.831633333335,13.632383333333564,51.9593470315762,0.9985481864558057,0.001451813544194288,PREDICT,
Pm-136,61,75,136,HEAVY_100_TO_179,8243.7207,8243.513896025492,-0.2068039745081478,0.2068039745081478,8243.496633333332,8255.387066666664,11.890433333332112,51.9593470315762,0.9985481864558057,0.001451813544194288,PREDICT,
Pm-137,61,76,137,HEAVY_100_TO_179,8263.6516,8263.544376149654,-0.10722385034569015,0.10722385034569015,8263.522966666666,8278.269683333332,14.746716666666543,51.9593470315762,0.9985481864558057,0.001451813544194288,PREDICT,
Pm-138,61,77,138,HEAVY_100_TO_179,8268.3558,8268.549724331631,0.19392433163193346,0.19392433163193346,8268.532366666668,8280.488216666668,11.955850000000282,51.9593470315762,0.9985481864558057,0.001451813544194288,PREDICT,
Pm-139,61,78,139,HEAVY_100_TO_179,8285.5473,8285.993348493066,0.44604849306597316,0.44604849306597316,8285.9735,8299.645016666667,13.67151666666723,51.9593470315762,0.9985481864558057,0.001451813544194288,PREDICT,
Pm-140,61,79,140,HEAVY_100_TO_179,8289.0958,8291.85008052639,2.754280526391085,2.754280526391085,8291.840066666666,8298.737549999998,6.897483333332275,51.9593470315762,0.9985481864558057,0.001451813544194288,PREDICT,
Pm-141,61,80,141,HEAVY_100_TO_179,8303.9405,8307.815456650831,3.874956650830427,3.874956650830427,8307.802616666666,8316.646716666666,8.844100000000253,51.9593470315762,0.9985481864558057,0.001451813544194288,PREDICT,
Pm-142,61,81,142,HEAVY_100_TO_179,8306.6587,8303.444453536104,-3.2142464638964157,3.2142464638964157,8303.426666666664,8315.67815,12.251483333335273,51.9593470315762,0.9985481864558057,0.001451813544194288,PREDICT,
Pm-143,61,82,143,HEAVY_100_TO_179,8317.7341,8309.441603695346,-8.292496304653469,8.292496304653469,8309.412783333333,8329.264066666668,19.851283333335232,51.9593470315762,0.9985481864558057,0.001451813544194288,PREDICT,
Pm-144,61,83,144,HEAVY_100_TO_179,8305.2969,8304.00583454771,-1.291065452289331,1.291065452289331,8303.98845,8315.962816666666,11.974366666665446,51.9593470315762,0.9985481864558057,0.001451813544194288,PREDICT,
Pm-145,61,84,145,HEAVY_100_TO_179,8302.6583,8307.170255548981,4.5119555489818595,4.5119555489818595,8307.158833333331,8315.02638333333,7.867549999999028,51.9593470315762,0.9985481864558057,0.001451813544194288,PREDICT,
Pm-146,61,85,146,HEAVY_100_TO_179,8288.655,8290.61704644285,1.9620464428498963,1.9620464428498963,8290.604933333332,8298.948366666666,8.34343333333345,51.9593470315762,0.9985481864558057,0.001451813544194288,PREDICT,
Pm-147,61,86,147,HEAVY_100_TO_179,8284.3712,8282.975982076825,-1.3952179231746413,1.3952179231746413,8282.956266666668,8296.536116666664,13.57984999999644,51.9593470315762,0.9985481864558057,0.001451813544194288,PREDICT,
Pm-148,61,87,148,HEAVY_100_TO_179,8268.2283,8266.423795190927,-1.804504809073478,1.804504809073478,8266.407299999999,8277.769083333334,11.361783333335552,51.9593470315762,0.9985481864558057,0.001451813544194288,PREDICT,
Pm-149,61,88,149,HEAVY_100_TO_179,8261.5277,8263.143132595504,1.61543259550308,1.61543259550308,8263.127016666665,8274.227566666665,11.100549999999203,51.9593470315762,0.9985481864558057,0.001451813544194288,PREDICT,
Pm-150,61,89,150,HEAVY_100_TO_179,8243.8125,8247.352136654014,3.5396366540135205,3.5396366540135205,8247.343066666668,8253.590416666666,6.247349999997823,51.9593470315762,0.9985481864558057,0.001451813544194288,PREDICT,
Pm-151,61,90,151,HEAVY_100_TO_179,8241.2723,8241.856390862895,0.5840908628942998,0.5840908628942998,8241.842716666668,8251.261416666666,9.418699999998353,51.9593470315762,0.9985481864558057,0.001451813544194288,PREDICT,
Pm-152,61,91,152,HEAVY_100_TO_179,8226.1293,8224.872677211313,-1.2566227886873094,1.2566227886873094,8224.860566666666,8233.202233333332,8.341666666665333,51.9593470315762,0.9985481864558057,0.001451813544194288,PREDICT,
Pm-153,61,92,153,HEAVY_100_TO_179,8221.1536,8220.115170255956,-1.038429744043242,1.038429744043242,8220.101083333333,8229.804066666664,9.702983333330849,51.9593470315762,0.9985481864558057,0.001451813544194288,PREDICT,
Pm-154,61,93,154,HEAVY_100_TO_179,8204.717,8204.052719800955,-0.6642801990456064,0.6642801990456064,8204.041283333336,8211.91865,7.877366666663875,51.9593470315762,0.9985481864558057,0.001451813544194288,PREDICT,
Pm-155,61,94,155,HEAVY_100_TO_179,8195.2977,8195.521638687618,0.22393868761901103,0.22393868761901103,8195.510866666666,8202.930566666666,7.419700000000375,51.9593470315762,0.9985481864558057,0.001451813544194288,PREDICT,
Pm-156,61,95,156,HEAVY_100_TO_179,8176.7263,8177.099630704683,0.3733307046823029,0.3733307046823029,8177.091283333332,8182.8409,5.749616666667862,51.9593470315762,0.9985481864558057,0.001451813544194288,PREDICT,
Pm-157,61,96,157,HEAVY_100_TO_179,8164.1458,8163.590948784244,-0.554851215756571,0.554851215756571,8163.579983333332,8171.132916666667,7.552933333335204,51.9593470315762,0.9985481864558057,0.001451813544194288,PREDICT,
Pm-158,61,97,158,HEAVY_100_TO_179,8143.3622,8142.633657318156,-0.7285426818434644,0.7285426818434644,8142.6245666666655,8148.886149999999,6.261583333333874,51.9593470315762,0.9985481864558057,0.001451813544194288,PREDICT,
Pm-159,61,98,159,HEAVY_100_TO_179,8126.8601,8127.222444035185,0.36234403518483305,0.36234403518483305,8127.212716666667,8133.9128666666675,6.700150000000576,51.9593470315762,0.9985481864558057,0.001451813544194288,PREDICT,
Pm-160,61,99,160,HEAVY_100_TO_179,8103.6398,8104.460567474433,0.8207674744335236,0.8207674744335236,8104.453749999999,8109.149583333334,4.695833333335031,51.9593470315762,0.9985481864558057,0.001451813544194288,PREDICT,
Pm-161,61,100,161,HEAVY_100_TO_179,8085.9977,8086.558258765742,0.5605587657419164,0.5605587657419164,8086.549099999998,8092.857599999999,6.308500000001004,51.9593470315762,0.9985481864558057,0.001451813544194288,PREDICT,
Pm-162,61,101,162,HEAVY_100_TO_179,8061.0,8058.948146629039,-2.0518533709609983,2.0518533709609983,8058.8199,8066.715433333334,7.895533333333333,52.34850290839312,0.9837570657200194,0.016242934279980505,PREDICT,
Pm-163,61,102,163,HEAVY_100_TO_179,8042.0,8039.158775765196,-2.841224234804031,2.841224234804031,8038.99885,8048.8447166666665,9.845866666666552,52.34850290839312,0.9837570657200194,0.016242934279980505,PREDICT,
Pm-164,61,103,164,HEAVY_100_TO_179,8014.0,8018.185280121639,4.185280121639153,4.185280121639153,8018.3602,8016.5,1.8602000000000771,50.0,0.9059671657025805,0.09403283429741938,PREDICT,
Pm-165,61,104,165,HEAVY_100_TO_179,7992.0,7998.0023,6.002300000000105,6.002300000000105,7998.0023,8008.0,9.997699999999895,,1.0,0.0,PREDICT,
Sm-128,62,66,128,HEAVY_100_TO_179,7998.0,8008.0,10.0,10.0,8008.0,7982.0,26.0,,1.0,0.0,PREDICT,
Sm-129,62,67,129,HEAVY_100_TO_179,8023.0,8029.848307315399,6.848307315399325,6.848307315399325,8033.0,8012.5,20.5,50.0,0.8462588934341168,0.15374110656588325,PREDICT,
Sm-130,62,68,130,HEAVY_100_TO_179,8065.0,8059.724185833885,-5.275814166115197,5.275814166115197,8060.0,8055.0,5.0,50.0,0.944837166777025,0.05516283322297499,PREDICT,
Sm-131,62,69,131,HEAVY_100_TO_179,8085.0,8079.889006615753,-5.110993384247195,5.110993384247195,8080.0,8073.166666666667,6.83333333333303,52.34850290839312,0.9837570657200194,0.016242934279980505,PREDICT,
Sm-132,62,70,132,HEAVY_100_TO_179,8122.0,8120.661565277614,-1.3384347223864097,1.3384347223864097,8120.680583333333,8107.581066666666,13.099516666667114,51.9593470315762,0.9985481864558057,0.001451813544194288,PREDICT,
Sm-133,62,71,133,HEAVY_100_TO_179,8137.0,8135.643667792002,-1.3563322079980935,1.3563322079980935,8135.659216666667,8124.94925,10.709966666667242,51.9593470315762,0.9985481864558057,0.001451813544194288,PREDICT,
Sm-134,62,72,134,HEAVY_100_TO_179,8167.0,8168.102475064364,1.1024750643637162,1.1024750643637162,8168.1228999999985,8154.054333333333,14.068566666665902,51.9593470315762,0.9985481864558057,0.001451813544194288,PREDICT,
Sm-135,62,73,135,HEAVY_100_TO_179,8177.627,8179.003955399475,1.3769553994743546,1.3769553994743546,8179.022033333334,8166.570066666665,12.45196666666834,51.9593470315762,0.9985481864558057,0.001451813544194288,PREDICT,
Sm-136,62,74,136,HEAVY_100_TO_179,8205.9165,8205.629050592444,-0.2874494075549592,0.2874494075549592,8205.648883333333,8191.988216666666,13.660666666667566,51.9593470315762,0.9985481864558057,0.001451813544194288,PREDICT,
Sm-137,62,75,137,HEAVY_100_TO_179,8213.5527,8213.311793663575,-0.24090633642481407,0.24090633642481407,8213.3294,8201.202266666667,12.127133333333404,51.9593470315762,0.9985481864558057,0.001451813544194288,PREDICT,
Sm-138,62,76,138,HEAVY_100_TO_179,8237.9286,8237.647469916592,-0.2811300834073336,0.2811300834073336,8237.668283333333,8223.332133333332,14.336150000000998,51.9593470315762,0.9985481864558057,0.001451813544194288,PREDICT,
Sm-139,62,77,139,HEAVY_100_TO_179,8243.0786,8241.949304533224,-1.1292954667769664,1.1292954667769664,8241.964216666664,8231.692833333333,10.27138333333096,51.9593470315762,0.9985481864558057,0.001451813544194288,PREDICT,
Sm-140,62,78,140,HEAVY_100_TO_179,8263.8211,8264.291986920893,0.47088692089346296,0.47088692089346296,8264.31345,8249.529816666667,14.783633333332546,51.9593470315762,0.9985481864558057,0.001451813544194288,PREDICT,
Sm-141,62,79,141,HEAVY_100_TO_179,8265.846,8269.727306988067,3.881306988067081,3.881306988067081,8269.746300000003,8256.664033333334,13.082266666668147,51.9593470315762,0.9985481864558057,0.001451813544194288,PREDICT,
Sm-142,62,80,142,HEAVY_100_TO_179,8285.9407,8289.678998197922,3.7382981979226315,3.7382981979226315,8289.702950000003,8273.205100000001,16.497850000001563,51.9593470315762,0.9985481864558057,0.001451813544194288,PREDICT,
Sm-143,62,81,143,HEAVY_100_TO_179,8288.1825,8285.289969869875,-2.8925301301260333,2.8925301301260333,8285.297933333331,8279.81275,5.485183333332316,51.9593470315762,0.9985481864558057,0.001451813544194288,PREDICT,
Sm-144,62,82,144,HEAVY_100_TO_179,8303.68,8295.951291929647,-7.728708070353605,7.728708070353605,8295.956916666664,8292.082633333332,3.8742833333326416,51.9593470315762,0.9985481864558057,0.001451813544194288,PREDICT,
Sm-145,62,83,145,HEAVY_100_TO_179,8293.0139,8290.939302307366,-2.074597692633688,2.074597692633688,8290.95155,8282.515416666665,8.43613333333451,51.9593470315762,0.9985481864558057,0.001451813544194288,PREDICT,
Sm-146,62,84,146,HEAVY_100_TO_179,8293.8581,8297.59110065291,3.73300065291005,3.73300065291005,8297.614366666667,8281.588883333334,16.025483333332886,51.9593470315762,0.9985481864558057,0.001451813544194288,PREDICT,
Sm-147,62,85,147,HEAVY_100_TO_179,8280.5734,8282.277908264283,1.704508264283504,1.704508264283504,8282.295466666665,8270.201350000003,12.094116666661648,51.9593470315762,0.9985481864558057,0.001451813544194288,PREDICT,
Sm-148,62,86,148,HEAVY_100_TO_179,8279.6326,8279.013578200178,-0.6190217998228036,0.6190217998228036,8279.030316666665,8267.500966666665,11.529350000000704,51.9593470315762,0.9985481864558057,0.001451813544194288,PREDICT,
Sm-149,62,87,149,HEAVY_100_TO_179,8263.4683,8262.759914061708,-0.7083859382928495,0.7083859382928495,8262.772733333335,8253.942899999998,8.829833333336865,51.9593470315762,0.9985481864558057,0.001451813544194288,PREDICT,
Sm-150,62,88,150,HEAVY_100_TO_179,8261.6235,8262.32904567701,0.7055456770103774,0.7055456770103774,8262.348733333332,8248.788,13.560733333331882,51.9593470315762,0.9985481864558057,0.001451813544194288,PREDICT,
Sm-151,62,89,151,HEAVY_100_TO_179,8243.9735,8246.020142110336,2.046642110335597,2.046642110335597,8246.037199999999,8234.287833333332,11.749366666666901,51.9593470315762,0.9985481864558057,0.001451813544194288,PREDICT,
Sm-152,62,90,152,HEAVY_100_TO_179,8244.0645,8244.85252172764,0.7880217276397161,0.7880217276397161,8244.867933333335,8234.252516666667,10.615416666667443,51.9593470315762,0.9985481864558057,0.001451813544194288,PREDICT,
Sm-153,62,91,153,HEAVY_100_TO_179,8228.5373,8228.367559931577,-0.16974006842247036,0.16974006842247036,8228.37745,8221.565233333331,6.812216666668974,51.9593470315762,0.9985481864558057,0.001451813544194288,PREDICT,
Sm-154,62,92,154,HEAVY_100_TO_179,8226.8379,8226.213790157775,-0.6241098422251525,0.6241098422251525,8226.224766666668,8218.664216666664,7.560550000003786,51.9593470315762,0.9985481864558057,0.001451813544194288,PREDICT,
Sm-155,62,93,155,HEAVY_100_TO_179,8211.2258,8210.148367322276,-1.0774326777245733,1.0774326777245733,8210.156033333335,8204.875733333332,5.280300000002171,51.9593470315762,0.9985481864558057,0.001451813544194288,PREDICT,
Sm-156,62,94,156,HEAVY_100_TO_179,8205.0054,8204.64011173483,-0.36528826516951085,0.36528826516951085,8204.6502,8197.701466666667,6.9487333333327115,51.9593470315762,0.9985481864558057,0.001451813544194288,PREDICT,
Sm-157,62,95,157,HEAVY_100_TO_179,8187.0642,8187.376463105138,0.3122631051382996,0.3122631051382996,8187.384883333332,8181.585083333333,5.799799999998868,51.9593470315762,0.9985481864558057,0.001451813544194288,PREDICT,
Sm-158,62,96,158,HEAVY_100_TO_179,8177.3075,8177.335778618096,0.028278618096010177,0.028278618096010177,8177.345466666665,8170.6723999999995,6.673066666665363,51.9593470315762,0.9985481864558057,0.001451813544194288,PREDICT,
Sm-159,62,97,159,HEAVY_100_TO_179,8157.4963,8156.8323966019925,-0.6639033980072782,0.6639033980072782,8156.838816666666,8152.416716666666,4.4221000000006825,51.9593470315762,0.9985481864558057,0.001451813544194288,PREDICT,
Sm-160,62,98,160,HEAVY_100_TO_179,8144.6159,8144.448008081049,-0.16789191895077238,0.16789191895077238,8144.45705,8138.229033333332,6.228016666667827,51.9593470315762,0.9985481864558057,0.001451813544194288,PREDICT,
Sm-161,62,99,161,HEAVY_100_TO_179,8122.0418,8123.088476295909,1.0466762959085827,1.0466762959085827,8123.097033333332,8117.202999999999,5.894033333333027,51.9593470315762,0.9985481864558057,0.001451813544194288,PREDICT,
Sm-162,62,100,162,HEAVY_100_TO_179,8107.5745,8108.202918641694,0.6284186416942248,0.6284186416942248,8108.212883333333,8101.349266666667,6.863616666665621,51.9593470315762,0.9985481864558057,0.001451813544194288,PREDICT,
Sm-163,62,101,163,HEAVY_100_TO_179,8084.1653,8083.771311543804,-0.3939884561959843,0.3939884561959843,8083.7784833333335,8078.838599999999,4.939883333334365,51.9593470315762,0.9985481864558057,0.001451813544194288,PREDICT,
Sm-164,62,102,164,HEAVY_100_TO_179,8067.7803,8067.771228618453,-0.009071381547073543,0.009071381547073543,8067.780349999999,8061.4976,6.282749999999396,51.9593470315762,0.9985481864558057,0.001451813544194288,PREDICT,
Sm-165,62,103,165,HEAVY_100_TO_179,8041.0,8038.03923074166,-2.960769258340406,2.960769258340406,8038.08265,8035.409533333333,2.673116666667738,52.34850290839312,0.9837570657200194,0.016242934279980505,PREDICT,
Sm-166,62,104,166,HEAVY_100_TO_179,8023.0,8019.147976887726,-3.852023112273855,3.852023112273855,8019.39015,8015.0,4.390150000000176,50.0,0.944837166777025,0.05516283322297499,PREDICT,
Sm-167,62,105,167,HEAVY_100_TO_179,7992.0,7997.8347,5.834700000000339,5.834700000000339,7997.8347,7989.0,8.834700000000339,,1.0,0.0,PREDICT,
Sm-168,62,106,168,HEAVY_100_TO_179,7971.0,7978.2197,7.219699999999648,7.219699999999648,7978.2197,7965.0,13.219699999999648,,1.0,0.0,PREDICT,
Eu-130,63,67,130,HEAVY_100_TO_179,7950.0,7961.0,11.0,11.0,7961.0,7971.0,10.0,,1.0,0.0,PREDICT,
Eu-131,63,68,131,HEAVY_100_TO_179,7996.0,8005.0,9.0,9.0,8005.0,8016.0,11.0,,1.0,0.0,PREDICT,
Eu-132,63,69,132,HEAVY_100_TO_179,8018.0,8013.217116831898,-4.782883168101762,4.782883168101762,8012.5,8025.5,13.0,50.0,0.944837166777025,0.05516283322297499,PREDICT,
Eu-133,63,70,133,HEAVY_100_TO_179,8056.0,8051.795079972752,-4.204920027247681,4.204920027247681,8051.5,8069.666666666666,18.16666666666606,52.34850290839312,0.9837570657200194,0.016242934279980505,PREDICT,
Eu-134,63,71,134,HEAVY_100_TO_179,8075.0,8074.747630685019,-0.25236931498056947,0.25236931498056947,8074.729816666667,8087.0,12.27018333333308,51.9593470315762,0.9985481864558057,0.001451813544194288,PREDICT,
Eu-135,63,72,135,HEAVY_100_TO_179,8107.0,8107.198202988747,0.19820298874674336,0.19820298874674336,8107.179416666667,8120.119316666666,12.939899999999398,51.9593470315762,0.9985481864558057,0.001451813544194288,PREDICT,
Eu-136,63,73,136,HEAVY_100_TO_179,8122.0,8121.808195034236,-0.19180496576427686,0.19180496576427686,8121.7919,8133.015816666666,11.2239166666659,51.9593470315762,0.9985481864558057,0.001451813544194288,PREDICT,
Eu-137,63,74,137,HEAVY_100_TO_179,8150.5738,8150.5508641915,-0.022935808499823906,0.022935808499823906,8150.531583333333,8163.812116666666,13.280533333332642,51.9593470315762,0.9985481864558057,0.001451813544194288,PREDICT,
Eu-138,63,75,138,HEAVY_100_TO_179,8161.6211,8162.939188522571,1.318088522571088,1.318088522571088,8162.922666666667,8174.302816666666,11.380149999999048,51.9593470315762,0.9985481864558057,0.001451813544194288,PREDICT,
Eu-139,63,76,139,HEAVY_100_TO_179,8187.2187,8186.724959395014,-0.4937406049866695,0.4937406049866695,8186.703116666667,8201.748249999997,15.045133333330341,51.9593470315762,0.9985481864558057,0.001451813544194288,PREDICT,
Eu-140,63,77,140,HEAVY_100_TO_179,8197.733,8196.000479212065,-1.7325207879348454,1.7325207879348454,8195.982333333333,8208.4811,12.498766666667507,51.9593470315762,0.9985481864558057,0.001451813544194288,PREDICT,
Eu-141,63,78,141,HEAVY_100_TO_179,8217.6853,8218.735651266894,1.0503512668947224,1.0503512668947224,8218.716233333333,8232.091183333334,13.374950000001263,51.9593470315762,0.9985481864558057,0.001451813544194288,PREDICT,
Eu-142,63,79,142,HEAVY_100_TO_179,8226.396,8230.687091375155,4.291091375154792,4.291091375154792,8230.6793,8236.04595,5.366649999999936,51.9593470315762,0.9985481864558057,0.001451813544194288,PREDICT,
Eu-143,63,80,143,HEAVY_100_TO_179,8245.8177,8249.52577178581,3.708071785809807,3.708071785809807,8249.513199999998,8258.172566666666,8.659366666668575,51.9593470315762,0.9985481864558057,0.001451813544194288,PREDICT,
Eu-144,63,81,144,HEAVY_100_TO_179,8254.1744,8250.31203535349,-3.862364646509377,3.862364646509377,8250.294383333332,8262.452983333333,12.15860000000066,51.9593470315762,0.9985481864558057,0.001451813544194288,PREDICT,
Eu-145,63,82,145,HEAVY_100_TO_179,8269.2744,8261.061751113155,-8.212648886845273,8.212648886845273,8261.032183333333,8281.398283333334,20.366100000001097,51.9593470315762,0.9985481864558057,0.001451813544194288,PREDICT,
Eu-146,63,83,146,HEAVY_100_TO_179,8261.9327,8260.71990078306,-1.2127992169389472,1.2127992169389472,8260.702583333334,8272.630733333335,11.928150000001551,51.9593470315762,0.9985481864558057,0.001451813544194288,PREDICT,
Eu-147,63,84,147,HEAVY_100_TO_179,8263.5409,8267.712809339795,4.171909339795093,4.171909339795093,8267.700683333333,8276.053,8.35231666666732,51.9593470315762,0.9985481864558057,0.001451813544194288,PREDICT,
Eu-148,63,85,148,HEAVY_100_TO_179,8253.8155,8255.406694832765,1.5911948327648133,1.5911948327648133,8255.393900000001,8264.206900000001,8.813000000000102,51.9593470315762,0.9985481864558057,0.001451813544194288,PREDICT,
Eu-149,63,86,149,HEAVY_100_TO_179,8253.556,8252.251140097509,-1.3048599024914438,1.3048599024914438,8252.231216666667,8265.954350000002,13.723133333334772,51.9593470315762,0.9985481864558057,0.001451813544194288,PREDICT,
Eu-150,63,87,150,HEAVY_100_TO_179,8241.3481,8240.444170789357,-0.9039292106426728,0.9039292106426728,8240.428383333334,8251.302683333333,10.874299999999494,51.9593470315762,0.9985481864558057,0.001451813544194288,PREDICT,
Eu-151,63,88,151,HEAVY_100_TO_179,8239.2998,8241.484243852461,2.18444385246039,2.18444385246039,8241.468583333335,8252.25545,10.786866666665446,51.9593470315762,0.9985481864558057,0.001451813544194288,PREDICT,
Eu-152,63,89,152,HEAVY_100_TO_179,8226.5854,8229.236781978969,2.651381978968857,2.651381978968857,8229.226683333334,8236.182566666666,6.955883333332167,51.9593470315762,0.9985481864558057,0.001451813544194288,PREDICT,
Eu-153,63,90,153,HEAVY_100_TO_179,8228.7011,8228.439641651357,-0.2614583486429183,0.2614583486429183,8228.42495,8238.544466666666,10.119516666665731,51.9593470315762,0.9985481864558057,0.001451813544194288,PREDICT,
Eu-154,63,91,154,HEAVY_100_TO_179,8217.1006,8216.401344846263,-0.6992551537368854,0.6992551537368854,8216.389716666665,8224.399133333334,8.009416666669495,51.9593470315762,0.9985481864558057,0.001451813544194288,PREDICT,
Eu-155,63,92,155,HEAVY_100_TO_179,8216.676,8216.345077935286,-0.33092206471337704,0.33092206471337704,8216.33265,8224.892933333334,8.560283333334155,51.9593470315762,0.9985481864558057,0.001451813544194288,PREDICT,
Eu-156,63,93,156,HEAVY_100_TO_179,8204.6192,8203.717360480206,-0.901839519792702,0.901839519792702,8203.706999999999,8210.843233333333,7.1362333333345305,51.9593470315762,0.9985481864558057,0.001451813544194288,PREDICT,
Eu-157,63,94,157,HEAVY_100_TO_179,8199.7975,8199.314251765047,-0.48324823495386227,0.48324823495386227,8199.302783333333,8207.202166666668,7.899383333335209,51.9593470315762,0.9985481864558057,0.001451813544194288,PREDICT,
Eu-158,63,95,158,HEAVY_100_TO_179,8185.132,8185.379300091031,0.24730009103132033,0.24730009103132033,8185.371483333334,8190.755616666665,5.384133333331192,51.9593470315762,0.9985481864558057,0.001451813544194288,PREDICT,
Eu-159,63,96,159,HEAVY_100_TO_179,8176.6987,8177.0798728002965,0.38117280029655376,0.38117280029655376,8177.070133333333,8183.778616666666,6.708483333332879,51.9593470315762,0.9985481864558057,0.001451813544194288,PREDICT,
Eu-160,63,97,160,HEAVY_100_TO_179,8160.103,8159.80410746186,-0.2988925381396257,0.2988925381396257,8159.796233333332,8165.219883333331,5.423649999999725,51.9593470315762,0.9985481864558057,0.001451813544194288,PREDICT,
Eu-161,63,98,161,HEAVY_100_TO_179,8148.981,8148.512146689149,-0.46885331085104553,0.46885331085104553,8148.502199999999,8155.353416666667,6.851216666667824,51.9593470315762,0.9985481864558057,0.001451813544194288,PREDICT,
Eu-162,63,99,162,HEAVY_100_TO_179,8129.5593,8130.132234215628,0.5729342156282655,0.5729342156282655,8130.125733333334,8134.6035,4.477766666665957,51.9593470315762,0.9985481864558057,0.001451813544194288,PREDICT,
Eu-163,63,100,163,HEAVY_100_TO_179,8116.0172,8116.914020934538,0.8968209345375726,0.8968209345375726,8116.906149999999,8122.3276,5.421450000000732,51.9593470315762,0.9985481864558057,0.001451813544194288,PREDICT,
Eu-164,63,101,164,HEAVY_100_TO_179,8095.3686,8095.030611806147,-0.33798819385265233,0.33798819385265233,8095.022366666667,8100.701566666667,5.679199999999582,51.9593470315762,0.9985481864558057,0.001451813544194288,PREDICT,
Eu-165,63,102,165,HEAVY_100_TO_179,8080.0529,8079.357765537002,-0.6951344629978848,0.6951344629978848,8079.347966666666,8086.097366666668,6.749400000001515,51.9593470315762,0.9985481864558057,0.001451813544194288,PREDICT,
Eu-166,63,103,166,HEAVY_100_TO_179,8056.0,8056.1603705182,0.1603705181996702,0.1603705181996702,8056.152516666667,8061.5622,5.409683333333305,51.9593470315762,0.9985481864558057,0.001451813544194288,PREDICT,
Eu-167,63,104,167,HEAVY_100_TO_179,8038.0,8035.68303540576,-2.3169645942398347,2.3169645942398347,8035.526449999999,8045.166666666667,9.640216666667584,52.34850290839312,0.9837570657200194,0.016242934279980505,PREDICT,
Eu-168,63,105,168,HEAVY_100_TO_179,8012.0,8009.720651332892,-2.2793486671080245,2.2793486671080245,8009.5,8013.5,4.0,50.0,0.944837166777025,0.05516283322297499,PREDICT,
Eu-169,63,106,169,HEAVY_100_TO_179,7991.0,7995.764008668339,4.764008668338647,4.764008668338647,7995.9471,7994.0,1.9471000000003187,50.0,0.9059671657025805,0.09403283429741938,PREDICT,
Eu-170,63,107,170,HEAVY_100_TO_179,7963.0,7968.0,5.0,5.0,7968.0,7974.0,6.0,,1.0,0.0,PREDICT,
Gd-133,64,69,133,HEAVY_100_TO_179,7966.0,7976.0,10.0,10.0,7976.0,7951.0,25.0,,1.0,0.0,PREDICT,
Gd-134,64,70,134,HEAVY_100_TO_179,8008.0,8013.1557895285305,5.155789528530477,5.155789528530477,8016.0,7997.5,18.5,50.0,0.8462588934341168,0.15374110656588325,PREDICT,
Gd-135,64,71,135,HEAVY_100_TO_179,8028.0,8022.724185833885,-5.275814166115197,5.275814166115197,8023.0,8018.0,5.0,50.0,0.944837166777025,0.05516283322297499,PREDICT,
Gd-136,64,72,136,HEAVY_100_TO_179,8064.0,8059.856520747193,-4.143479252807083,4.143479252807083,8060.0,8051.166666666666,8.83333333333394,52.34850290839312,0.9837570657200194,0.016242934279980505,PREDICT,
Gd-137,64,73,137,HEAVY_100_TO_179,8080.0,8080.881557819876,0.8815578198764342,0.8815578198764342,8080.898499999999,8069.228833333333,11.669666666666672,51.9593470315762,0.9985481864558057,0.001451813544194288,PREDICT,
Gd-138,64,74,138,HEAVY_100_TO_179,8112.0,8112.921319196389,0.9213191963890495,0.9213191963890495,8112.940983333333,8099.396449999999,13.544533333333675,51.9593470315762,0.9985481864558057,0.001451813544194288,PREDICT,
Gd-139,64,75,139,HEAVY_100_TO_179,8126.0,8125.335567654971,-0.6644323450291267,0.6644323450291267,8125.352866666666,8113.437416666668,11.9154499999986,51.9593470315762,0.9985481864558057,0.001451813544194288,PREDICT,
Gd-140,64,76,140,HEAVY_100_TO_179,8154.9757,8153.8280921304595,-1.1476078695404794,1.1476078695404794,8153.848233333333,8139.975100000001,13.87313333333259,51.9593470315762,0.9985481864558057,0.001451813544194288,PREDICT,
Gd-141,64,77,141,HEAVY_100_TO_179,8164.609,8164.704301278259,0.09530127825837553,0.09530127825837553,8164.721116666666,8153.138783333333,11.582333333332826,51.9593470315762,0.9985481864558057,0.001451813544194288,PREDICT,
Gd-142,64,78,142,HEAVY_100_TO_179,8190.2569,8191.002484750508,0.7455847505079873,0.7455847505079873,8191.024733333332,8175.7000499999995,15.32468333333236,51.9593470315762,0.9985481864558057,0.001451813544194288,PREDICT,
Gd-143,64,79,143,HEAVY_100_TO_179,8198.3188,8200.796960950192,2.4781609501933417,2.4781609501933417,8200.815566666668,8188.0000666666665,12.81550000000152,51.9593470315762,0.9985481864558057,0.001451813544194288,PREDICT,
Gd-144,64,80,144,HEAVY_100_TO_179,8221.9382,8225.93495119324,3.996751193239106,3.996751193239106,8225.956816666667,8210.896016666666,15.060800000001109,51.9593470315762,0.9985481864558057,0.001451813544194288,PREDICT,
Gd-145,64,81,145,HEAVY_100_TO_179,8228.9485,8227.077624591835,-1.8708754081653751,1.8708754081653751,8227.087833333331,8220.056116666665,7.031716666666398,51.9593470315762,0.9985481864558057,0.001451813544194288,PREDICT,
Gd-146,64,82,146,HEAVY_100_TO_179,8249.5072,8241.367050854531,-8.140149145468968,8.140149145468968,8241.374133333331,8236.495766666667,4.878366666664078,51.9593470315762,0.9985481864558057,0.001451813544194288,PREDICT,
Gd-147,64,83,147,HEAVY_100_TO_179,8243.3366,8240.716379071828,-2.6202209281727846,2.6202209281727846,8240.728833333333,8232.150416666667,8.578416666665362,51.9593470315762,0.9985481864558057,0.001451813544194288,PREDICT,
Gd-148,64,84,148,HEAVY_100_TO_179,8248.3398,8252.163080608358,3.8232806083578907,3.8232806083578907,8252.187933333333,8235.069533333335,17.118399999997564,51.9593470315762,0.9985481864558057,0.001451813544194288,PREDICT,
Gd-149,64,85,149,HEAVY_100_TO_179,8239.4856,8241.341621068668,1.8560210686682694,1.8560210686682694,8241.359233333333,8229.228016666666,12.13121666666666,51.9593470315762,0.9985481864558057,0.001451813544194288,PREDICT,
Gd-150,64,86,150,HEAVY_100_TO_179,8242.6103,8242.093265236097,-0.5170347639032116,0.5170347639032116,8242.111533333333,8229.528583333333,12.582949999999983,51.9593470315762,0.9985481864558057,0.001451813544194288,PREDICT,
Gd-151,64,87,151,HEAVY_100_TO_179,8231.0446,8230.491647382049,-0.5529526179507229,0.5529526179507229,8230.505883333331,8220.70025,9.80563333333157,51.9593470315762,0.9985481864558057,0.001451813544194288,PREDICT,
Gd-152,64,88,152,HEAVY_100_TO_179,8233.4042,8234.308920619422,0.9047206194209139,0.9047206194209139,8234.329083333332,8220.441133333334,13.887949999998455,51.9593470315762,0.9985481864558057,0.001451813544194288,PREDICT,
Gd-153,64,89,153,HEAVY_100_TO_179,8220.4209,8222.350180231955,1.9292802319559996,1.9292802319559996,8222.367,8210.78165,11.58534999999938,51.9593470315762,0.9985481864558057,0.001451813544194288,PREDICT,
Gd-154,64,90,154,HEAVY_100_TO_179,8224.7996,8225.066157903879,0.26655790387849265,0.26655790387849265,8225.0808,8214.995416666667,10.085383333333084,51.9593470315762,0.9985481864558057,0.001451813544194288,PREDICT,
Gd-155,64,91,155,HEAVY_100_TO_179,8213.2541,8212.831218733894,-0.42288126610583276,0.42288126610583276,8212.84168333333,8205.633733333332,7.2079499999981635,51.9593470315762,0.9985481864558057,0.001451813544194288,PREDICT,
Gd-156,64,92,156,HEAVY_100_TO_179,8215.3253,8214.999892112373,-0.3254078876270796,0.3254078876270796,8215.011449999998,8207.05045,7.960999999997512,51.9593470315762,0.9985481864558057,0.001451813544194288,PREDICT,
Gd-157,64,93,157,HEAVY_100_TO_179,8203.5072,8202.637357121579,-0.8698428784209682,0.8698428784209682,8202.645483333334,8197.0482,5.597283333334417,51.9593470315762,0.9985481864558057,0.001451813544194288,PREDICT,
Gd-158,64,94,158,HEAVY_100_TO_179,8201.8229,8201.578090557201,-0.24480944279821415,0.24480944279821415,8201.588783333333,8194.223666666665,7.3651166666677454,51.9593470315762,0.9985481864558057,0.001451813544194288,PREDICT,
Gd-159,64,95,159,HEAVY_100_TO_179,8187.6177,8188.122669493934,0.5049694939343681,0.5049694939343681,8188.13205,8181.670816666665,6.461233333335258,51.9593470315762,0.9985481864558057,0.001451813544194288,PREDICT,
Gd-160,64,96,160,HEAVY_100_TO_179,8183.0171,8183.008930762452,-0.008169237547917874,0.008169237547917874,8183.0196166666665,8175.659233333333,7.36038333333363,51.9593470315762,0.9985481864558057,0.001451813544194288,PREDICT,
Gd-161,64,97,161,HEAVY_100_TO_179,8167.1934,8166.585451543099,-0.6079484569008855,0.6079484569008855,8166.5908,8162.906816666666,3.683983333334254,51.9593470315762,0.9985481864558057,0.001451813544194288,PREDICT,
Gd-162,64,98,162,HEAVY_100_TO_179,8159.0373,8158.825949262632,-0.2113507373678658,0.2113507373678658,8158.835116666667,8152.520666666667,6.314449999999852,51.9593470315762,0.9985481864558057,0.001451813544194288,PREDICT,
Gd-163,64,99,163,HEAVY_100_TO_179,8140.756,8141.222156870797,0.46615687079702184,0.46615687079702184,8141.230716666666,8135.334783333332,5.895933333334142,51.9593470315762,0.9985481864558057,0.001451813544194288,PREDICT,
Gd-164,64,100,164,HEAVY_100_TO_179,8129.9978,8130.329304055195,0.33150405519518245,0.33150405519518245,8130.339349999998,8123.419766666666,6.919583333332412,51.9593470315762,0.9985481864558057,0.001451813544194288,PREDICT,
Gd-165,64,101,165,HEAVY_100_TO_179,8110.4428,8110.492150752804,0.04935075280445744,0.04935075280445744,8110.500300000001,8104.8871500000005,5.613150000000132,51.9593470315762,0.9985481864558057,0.001451813544194288,PREDICT,
Gd-166,64,102,166,HEAVY_100_TO_179,8097.226,8097.316385518034,0.09038551803405426,0.09038551803405426,8097.325650000001,8090.944333333333,6.381316666667772,51.9593470315762,0.9985481864558057,0.001451813544194288,PREDICT,
Gd-167,64,103,167,HEAVY_100_TO_179,8075.5428,8075.161558669772,-0.3812413302284767,0.3812413302284767,8075.169199999999,8069.905899999999,5.263300000000527,51.9593470315762,0.9985481864558057,0.001451813544194288,PREDICT,
Gd-168,64,104,168,HEAVY_100_TO_179,8060.0,8059.142829086601,-0.8571709133993863,0.8571709133993863,8059.151033333333,8053.5,5.651033333332634,51.9593470315762,0.9985481864558057,0.001451813544194288,PREDICT,
Gd-169,64,105,169,HEAVY_100_TO_179,8035.0,8032.731798643363,-2.2682013566372916,2.2682013566372916,8032.7714,8030.333333333334,2.4380666666656907,52.34850290839312,0.9837570657200194,0.016242934279980505,PREDICT,
Gd-170,64,106,170,HEAVY_100_TO_179,8017.0,8015.913371017173,-1.0866289828272784,1.0866289828272784,8016.0,8010.666666666666,5.33333333333394,52.34850290839312,0.9837570657200194,0.016242934279980505,PREDICT,
Gd-171,64,107,171,HEAVY_100_TO_179,7990.0,7993.520896262333,3.520896262332826,3.520896262332826,7994.4572,7984.5,9.95719999999983,50.0,0.9059671657025805,0.09403283429741938,PREDICT,
Gd-172,64,108,172,HEAVY_100_TO_179,7972.0,7974.0,2.0,2.0,7974.0,7965.0,9.0,,1.0,0.0,PREDICT,
Tb-135,65,70,135,HEAVY_100_TO_179,7939.0,7946.0,7.0,7.0,7946.0,7960.0,14.0,,1.0,0.0,PREDICT,
Tb-136,65,71,136,HEAVY_100_TO_179,7961.0,7969.3268,8.326799999999821,8.326799999999821,7969.3268,7981.0,11.673200000000179,,1.0,0.0,PREDICT,
Tb-137,65,72,137,HEAVY_100_TO_179,7999.0,7996.134372582064,-2.865627417935684,2.865627417935684,7995.5,8007.0,11.5,50.0,0.944837166777025,0.05516283322297499,PREDICT,
Tb-138,65,73,138,HEAVY_100_TO_179,8019.0,8015.072069486808,-3.927930513192223,3.927930513192223,8014.8366000000005,8029.333333333333,14.496733333332486,52.34850290839312,0.9837570657200194,0.016242934279980505,PREDICT,
Tb-139,65,74,139,HEAVY_100_TO_179,8052.0,8051.466610518973,-0.5333894810273705,0.5333894810273705,8051.4478,8064.404366666666,12.956566666665822,51.9593470315762,0.9985481864558057,0.001451813544194288,PREDICT,
Tb-140,65,75,140,HEAVY_100_TO_179,8068.6732,8068.309017889446,-0.36418211055388383,0.36418211055388383,8068.2907166666655,8080.896483333333,12.605766666667478,51.9593470315762,0.9985481864558057,0.001451813544194288,PREDICT,
Tb-141,65,76,141,HEAVY_100_TO_179,8097.4761,8097.24461392401,-0.23148607598977833,0.23148607598977833,8097.221783333333,8112.9473499999995,15.725566666666055,51.9593470315762,0.9985481864558057,0.001451813544194288,PREDICT,
Tb-142,65,77,142,HEAVY_100_TO_179,8111.508,8112.299666836756,0.7916668367561215,0.7916668367561215,8112.2827,8123.96935,11.686650000000554,51.9593470315762,0.9985481864558057,0.001451813544194288,PREDICT,
Tb-143,65,78,143,HEAVY_100_TO_179,8138.2176,8140.923712378364,2.706112378364196,2.706112378364196,8140.906366666667,8152.853983333332,11.947616666664544,51.9593470315762,0.9985481864558057,0.001451813544194288,PREDICT,
Tb-144,65,79,144,HEAVY_100_TO_179,8151.2877,8153.616609251463,2.328909251463301,2.328909251463301,8153.6046166666665,8161.865033333332,8.26041666666515,51.9593470315762,0.9985481864558057,0.001451813544194288,PREDICT,
Tb-145,65,80,145,HEAVY_100_TO_179,8178.5397,8178.694416606808,0.1547166068075967,0.1547166068075967,8178.679833333332,8188.7247,10.044866666667986,51.9593470315762,0.9985481864558057,0.001451813544194288,PREDICT,
Tb-146,65,81,146,HEAVY_100_TO_179,8187.1474,8184.115844799857,-3.031555200142975,3.031555200142975,8184.0976666666675,8196.618650000002,12.520983333334698,51.9593470315762,0.9985481864558057,0.001451813544194288,PREDICT,
Tb-147,65,82,147,HEAVY_100_TO_179,8206.625,8201.082012102112,-5.542987897888452,5.542987897888452,8201.054683333334,8219.878566666666,18.82388333333256,51.9593470315762,0.9985481864558057,0.001451813544194288,PREDICT,
Tb-148,65,83,148,HEAVY_100_TO_179,8204.3207,8203.45967940452,-0.8610205954810226,0.8610205954810226,8203.442183333333,8215.493366666666,12.051183333333029,51.9593470315762,0.9985481864558057,0.001451813544194288,PREDICT,
Tb-149,65,84,149,HEAVY_100_TO_179,8209.8153,8213.082968823295,3.2676688232950255,3.2676688232950255,8213.06785,8223.4816,10.413749999999709,51.9593470315762,0.9985481864558057,0.001451813544194288,PREDICT,
Tb-150,65,85,150,HEAVY_100_TO_179,8206.3396,8206.929403991822,0.5898039918229188,0.5898039918229188,8206.91575,8216.320533333334,9.404783333333398,51.9593470315762,0.9985481864558057,0.001451813544194288,PREDICT,
Tb-151,65,86,151,HEAVY_100_TO_179,8208.8743,8208.340649699805,-0.5336503001944948,0.5336503001944948,8208.320083333334,8222.486066666666,14.165983333332406,51.9593470315762,0.9985481864558057,0.001451813544194288,PREDICT,
Tb-152,65,87,152,HEAVY_100_TO_179,8202.0072,8202.194187710318,0.18698771031813521,0.18698771031813521,8202.179166666665,8212.525566666667,10.346400000002177,51.9593470315762,0.9985481864558057,0.001451813544194288,PREDICT,
Tb-153,65,88,153,HEAVY_100_TO_179,8205.0504,8206.55147314832,1.501073148319847,1.501073148319847,8206.534916666664,8217.938916666666,11.40400000000227,51.9593470315762,0.9985481864558057,0.001451813544194288,PREDICT,
Tb-154,65,89,154,HEAVY_100_TO_179,8196.6697,8198.527730231748,1.8580302317477617,1.8580302317477617,8198.516599999999,8206.183033333333,7.666433333333771,51.9593470315762,0.9985481864558057,0.001451813544194288,PREDICT,
Tb-155,65,90,155,HEAVY_100_TO_179,8202.9173,8202.530205751218,-0.387094248781068,0.387094248781068,8202.515200000002,8212.851066666666,10.335866666664515,51.9593470315762,0.9985481864558057,0.001451813544194288,PREDICT,
Tb-156,65,91,156,HEAVY_100_TO_179,8194.6415,8193.983681305173,-0.6578186948263465,0.6578186948263465,8193.971066666667,8202.65995,8.688883333332342,51.9593470315762,0.9985481864558057,0.001451813544194288,PREDICT,
Tb-157,65,92,157,HEAVY_100_TO_179,8198.1416,8197.904065985076,-0.23753401492467674,0.23753401492467674,8197.891316666666,8206.672966666665,8.78164999999899,51.9593470315762,0.9985481864558057,0.001451813544194288,PREDICT,
Tb-158,65,93,158,HEAVY_100_TO_179,8189.1556,8187.960200293621,-1.1953997063792485,1.1953997063792485,8187.948233333333,8196.190999999999,8.242766666666284,51.9593470315762,0.9985481864558057,0.001451813544194288,PREDICT,
Tb-159,65,94,159,HEAVY_100_TO_179,8188.8025,8188.668521933336,-0.13397806666398537,0.13397806666398537,8188.65675,8196.765183333331,8.10843333333105,51.9593470315762,0.9985481864558057,0.001451813544194288,PREDICT,
Tb-160,65,95,160,HEAVY_100_TO_179,8177.4676,8179.7326183912655,2.265018391265585,2.265018391265585,8179.726616666665,8183.860566666666,4.133950000001278,51.9593470315762,0.9985481864558057,0.001451813544194288,PREDICT,
Tb-161,65,96,161,HEAVY_100_TO_179,8174.4809,8174.88894338798,0.408043387980797,0.408043387980797,8174.8785499999985,8182.03745,7.1589000000012675,51.9593470315762,0.9985481864558057,0.001451813544194288,PREDICT,
Tb-162,65,97,162,HEAVY_100_TO_179,8164.0773,8161.21207416108,-2.865225838920196,2.865225838920196,8161.202233333333,8167.980533333333,6.778299999999945,51.9593470315762,0.9985481864558057,0.001451813544194288,PREDICT,
Tb-163,65,98,163,HEAVY_100_TO_179,8155.6322,8154.841765868777,-0.7904341312232646,0.7904341312232646,8154.830616666664,8162.510116666666,7.679500000002008,51.9593470315762,0.9985481864558057,0.001451813544194288,PREDICT,
Tb-164,65,99,164,HEAVY_100_TO_179,8139.9304,8141.495235798052,1.5648357980517176,1.5648357980517176,8141.489266666666,8145.6007666666665,4.111500000000888,51.9593470315762,0.9985481864558057,0.001451813544194288,PREDICT,
Tb-165,65,100,165,HEAVY_100_TO_179,8130.3259,8130.811155431564,0.48525543156392814,0.48525543156392814,8130.801983333333,8137.1196666666665,6.317683333333662,51.9593470315762,0.9985481864558057,0.001451813544194288,PREDICT,
Tb-166,65,101,166,HEAVY_100_TO_179,8113.223,8113.314101032009,0.09110103200873709,0.09110103200873709,8113.306049999999,8118.851549999999,5.545500000000175,51.9593470315762,0.9985481864558057,0.001451813544194288,PREDICT,
Tb-167,65,102,167,HEAVY_100_TO_179,8101.441,8101.954484942552,0.5134849425521679,0.5134849425521679,8101.945233333332,8108.317683333333,6.372450000000754,51.9593470315762,0.9985481864558057,0.001451813544194288,PREDICT,
Tb-168,65,103,168,HEAVY_100_TO_179,8082.798,8082.502418751011,-0.2955812489890377,0.2955812489890377,8082.4936,8088.5679,6.074300000000221,51.9593470315762,0.9985481864558057,0.001451813544194288,PREDICT,
Tb-169,65,104,169,HEAVY_100_TO_179,8069.0,8067.9177128122765,-1.082287187723523,1.082287187723523,8067.906349999998,8075.732983333333,7.826633333334939,51.9593470315762,0.9985481864558057,0.001451813544194288,PREDICT,
Tb-170,65,105,170,HEAVY_100_TO_179,8047.0,8046.5023418710125,-0.49765812898749573,0.49765812898749573,8046.494833333331,8051.666666666666,5.171833333334689,51.9593470315762,0.9985481864558057,0.001451813544194288,PREDICT,
Tb-171,65,106,171,HEAVY_100_TO_179,8030.0,8028.62994347424,-1.3700565257604467,1.3700565257604467,8028.5,8036.5,8.0,52.34850290839312,0.9837570657200194,0.016242934279980505,PREDICT,
Tb-172,65,107,172,HEAVY_100_TO_179,8006.0,8005.100164761392,-0.8998352386079205,0.8998352386079205,8005.0,8011.166666666666,6.16666666666606,52.34850290839312,0.9837570657200194,0.016242934279980505,PREDICT,
Tb-173,65,108,173,HEAVY_100_TO_179,7988.0,7991.0470164171475,3.0470164171474607,3.0470164171474607,7991.0,7991.5,0.5,50.0,0.9059671657025805,0.09403283429741938,PREDICT,
Tb-174,65,109,174,HEAVY_100_TO_179,7963.0,7965.0,2.0,2.0,7965.0,7975.0,10.0,,1.0,0.0,PREDICT,
Dy-138,66,72,138,HEAVY_100_TO_179,7950.0,7955.0,5.0,5.0,7955.0,7934.0,21.0,,1.0,0.0,PREDICT,
Dy-139,66,73,139,HEAVY_100_TO_179,7971.0,7976.418673897979,5.418673897978806,5.418673897978806,7978.9473,7962.5,16.447299999999814,50.0,0.8462588934341168,0.15374110656588325,PREDICT,
Dy-140,66,74,140,HEAVY_100_TO_179,8008.0,8005.342984968625,-2.6570150313746126,2.6570150313746126,8005.5,7995.833333333332,9.66666666666788,52.34850290839312,0.9837570657200194,0.016242934279980505,PREDICT,
Dy-141,66,75,141,HEAVY_100_TO_179,8027.0,8022.900561197634,-4.099438802366421,4.099438802366421,8023.02635,8015.282133333333,7.744216666666944,52.34850290839312,0.9837570657200194,0.016242934279980505,PREDICT,
Dy-142,66,76,142,HEAVY_100_TO_179,8061.0,8059.687839318626,-1.3121606813738254,1.3121606813738254,8059.707999999999,8045.8214499999995,13.88654999999926,51.9593470315762,0.9985481864558057,0.001451813544194288,PREDICT,
Dy-143,66,77,143,HEAVY_100_TO_179,8075.0527,8074.613276425403,-0.43942357459764025,0.43942357459764025,8074.630933333334,8062.468966666667,12.161966666666558,51.9593470315762,0.9985481864558057,0.001451813544194288,PREDICT,
Dy-144,66,78,144,HEAVY_100_TO_179,8105.5902,8106.56217496768,0.9719749676805804,0.9719749676805804,8106.584699999999,8091.069599999999,15.51510000000053,51.9593470315762,0.9985481864558057,0.001451813544194288,PREDICT,
Dy-145,66,79,145,HEAVY_100_TO_179,8116.8884,8120.176340803909,3.2879408039088958,3.2879408039088958,8120.1975999999995,8105.554399999999,14.643200000000434,51.9593470315762,0.9985481864558057,0.001451813544194288,PREDICT,
Dy-146,66,80,146,HEAVY_100_TO_179,8146.1128,8149.309425459616,3.196625459616371,3.196625459616371,8149.330550000001,8134.780099999999,14.550450000001547,51.9593470315762,0.9985481864558057,0.001451813544194288,PREDICT,
Dy-147,66,81,147,HEAVY_100_TO_179,8156.768,8154.024581867053,-2.7434181329472267,2.7434181329472267,8154.035133333333,8146.76735,7.267783333332773,51.9593470315762,0.9985481864558057,0.001451813544194288,PREDICT,
Dy-148,66,82,148,HEAVY_100_TO_179,8180.943,8173.7485808898555,-7.194419110144736,7.194419110144736,8173.756983333333,8167.969433333334,5.787549999999101,51.9593470315762,0.9985481864558057,0.001451813544194288,PREDICT,
Dy-149,66,83,149,HEAVY_100_TO_179,8179.0972,8177.178063162601,-1.919136837399492,1.919136837399492,8177.191299999999,8168.07385,9.117449999998826,51.9593470315762,0.9985481864558057,0.001451813544194288,PREDICT,
Dy-150,66,84,150,HEAVY_100_TO_179,8189.1495,8192.674710641695,3.5252106416946845,3.5252106416946845,8192.699516666667,8175.613283333333,17.08623333333435,51.9593470315762,0.9985481864558057,0.001451813544194288,PREDICT,
Dy-151,66,85,151,HEAVY_100_TO_179,8184.6789,8186.360924134746,1.682024134745916,1.682024134745916,8186.378233333334,8174.455766666666,11.922466666667788,51.9593470315762,0.9985481864558057,0.001451813544194288,PREDICT,
Dy-152,66,86,152,HEAVY_100_TO_179,8192.9171,8192.603873930524,-0.31322606947651366,0.31322606947651366,8192.623399999999,8179.173966666667,13.449433333331399,51.9593470315762,0.9985481864558057,0.001451813544194288,PREDICT,
Dy-153,66,87,153,HEAVY_100_TO_179,8185.7514,8185.387912139504,-0.36348786049620685,0.36348786049620685,8185.402949999998,8175.044966666666,10.357983333331504,51.9593470315762,0.9985481864558057,0.001451813544194288,PREDICT,
Dy-154,66,88,154,HEAVY_100_TO_179,8193.1305,8193.669789770269,0.5392897702695336,0.5392897702695336,8193.68925,8180.285166666667,13.404083333332892,51.9593470315762,0.9985481864558057,0.001451813544194288,PREDICT,
Dy-155,66,89,155,HEAVY_100_TO_179,8184.357,8185.86081217486,1.5038121748602862,1.5038121748602862,8185.8762166666675,8175.2657,10.610516666667536,51.9593470315762,0.9985481864558057,0.001451813544194288,PREDICT,
Dy-156,66,90,156,HEAVY_100_TO_179,8192.4366,8192.662957052808,0.22635705280663387,0.22635705280663387,8192.67858333333,8181.915299999999,10.763283333331856,51.9593470315762,0.9985481864558057,0.001451813544194288,PREDICT,
Dy-157,66,91,157,HEAVY_100_TO_179,8184.6287,8184.105667062834,-0.5230329371661355,0.5230329371661355,8184.11735,8176.070216666667,8.047133333333477,51.9593470315762,0.9985481864558057,0.001451813544194288,PREDICT,
Dy-158,66,92,158,HEAVY_100_TO_179,8190.1298,8189.882206143567,-0.24759385643301357,0.24759385643301357,8189.895133333333,8180.990966666666,8.904166666667152,51.9593470315762,0.9985481864558057,0.001451813544194288,PREDICT,
Dy-159,66,93,159,HEAVY_100_TO_179,8181.5842,8180.924530438672,-0.6596695613279735,0.6596695613279735,8180.935166666666,8173.609000000001,7.3261666666649035,51.9593470315762,0.9985481864558057,0.001451813544194288,PREDICT,
Dy-160,66,94,160,HEAVY_100_TO_179,8184.0526,8183.853246129466,-0.19935387053374143,0.19935387053374143,8183.865283333333,8175.5741333333335,8.291149999999107,51.9593470315762,0.9985481864558057,0.001451813544194288,PREDICT,
Dy-161,66,95,161,HEAVY_100_TO_179,8173.3093,8174.1448910231065,0.8355910231066446,0.8355910231066446,8174.155966666666,8166.527133333333,7.628833333333205,51.9593470315762,0.9985481864558057,0.001451813544194288,PREDICT,
Dy-162,66,96,162,HEAVY_100_TO_179,8173.4555,8173.930076355612,0.4745763556120437,0.4745763556120437,8173.94215,8165.625899999999,8.316250000000764,51.9593470315762,0.9985481864558057,0.001451813544194288,PREDICT,
Dy-163,66,97,163,HEAVY_100_TO_179,8161.784,8161.061821710674,-0.7221782893257114,0.7221782893257114,8161.067999999999,8156.812433333333,4.255566666666709,51.9593470315762,0.9985481864558057,0.001451813544194288,PREDICT,
Dy-164,66,98,164,HEAVY_100_TO_179,8158.7129,8157.717269309171,-0.9956306908297847,0.9956306908297847,8157.726216666666,8151.563333333333,6.162883333333411,51.9593470315762,0.9985481864558057,0.001451813544194288,PREDICT,
Dy-165,66,99,165,HEAVY_100_TO_179,8143.9083,8143.755739913358,-0.15256008664164256,0.15256008664164256,8143.763816666665,8138.200599999999,5.563216666665539,51.9593470315762,0.9985481864558057,0.001451813544194288,PREDICT,
Dy-166,66,100,166,HEAVY_100_TO_179,8137.2793,8137.908163045336,0.6288630453354926,0.6288630453354926,8137.918883333334,8130.534816666666,7.384066666667422,51.9593470315762,0.9985481864558057,0.001451813544194288,PREDICT,
Dy-167,66,101,167,HEAVY_100_TO_179,8120.8782,8121.803354415805,0.925154415805082,0.925154415805082,8121.812599999999,8115.444299999999,6.36830000000009,51.9593470315762,0.9985481864558057,0.001451813544194288,PREDICT,
Dy-168,66,102,168,HEAVY_100_TO_179,8112.5293,8112.889932014936,0.3606320149356179,0.3606320149356179,8112.900716666667,8105.472316666665,7.428400000001602,51.9593470315762,0.9985481864558057,0.001451813544194288,PREDICT,
Dy-169,66,103,169,HEAVY_100_TO_179,8094.7566,8093.593845440949,-1.1627545590508817,1.1627545590508817,8093.60075,8088.844933333333,4.75581666666676,51.9593470315762,0.9985481864558057,0.001451813544194288,PREDICT,
Dy-170,66,104,170,HEAVY_100_TO_179,8084.0,8082.9638285116835,-1.0361714883165405,1.0361714883165405,8082.972983333333,8076.667199999999,6.305783333334148,51.9593470315762,0.9985481864558057,0.001451813544194288,PREDICT,
Dy-171,66,105,171,HEAVY_100_TO_179,8062.0,8062.683345832378,0.6833458323781088,0.6833458323781088,8062.691366666666,8057.166666666667,5.524699999999029,51.9593470315762,0.9985481864558057,0.001451813544194288,PREDICT,
Dy-172,66,106,172,HEAVY_100_TO_179,8049.0,8049.734598108161,0.7345981081607533,0.7345981081607533,8049.745116666667,8042.5,7.245116666666945,51.9593470315762,0.9985481864558057,0.001451813544194288,PREDICT,
Dy-173,66,107,173,HEAVY_100_TO_179,8026.0,8023.948564041446,-2.051435958554066,2.051435958554066,8024.0,8020.833333333332,3.1666666666678793,52.34850290839312,0.9837570657200194,0.016242934279980505,PREDICT,
Dy-174,66,108,174,HEAVY_100_TO_179,8011.0,8008.913371017173,-2.0866289828272784,2.0866289828272784,8009.0,8003.666666666666,5.33333333333394,52.34850290839312,0.9837570657200194,0.016242934279980505,PREDICT,
Dy-175,66,109,175,HEAVY_100_TO_179,7986.0,7989.059671657025,3.0596716570253193,3.0596716570253193,7990.0,7980.0,10.0,50.0,0.9059671657025805,0.09403283429741938,PREDICT,
Dy-176,66,110,176,HEAVY_100_TO_179,7969.0,7973.0,4.0,4.0,7973.0,7961.0,12.0,,1.0,0.0,PREDICT,
Ho-140,67,73,140,HEAVY_100_TO_179,7906.0,7912.9023,6.902299999999741,6.902299999999741,7912.9023,7923.0,10.097700000000259,,1.0,0.0,PREDICT,
Ho-141,67,74,141,HEAVY_100_TO_179,7943.0,7949.586717402206,6.586717402205977,6.586717402205977,7949.4208,7950.5,1.079200000000128,50.0,0.8462588934341168,0.15374110656588325,PREDICT,
Ho-142,67,75,142,HEAVY_100_TO_179,7965.0,7961.78717093392,-3.212829066080303,3.212829066080303,7961.54885,7976.221133333333,14.672283333332416,52.34850290839312,0.9837570657200194,0.016242934279980505,PREDICT,
Ho-143,67,76,143,HEAVY_100_TO_179,7999.0,7996.07868714215,-2.921312857850353,2.921312857850353,7995.7896,8013.587316666667,17.79771666666693,52.34850290839312,0.9837570657200194,0.016242934279980505,PREDICT,
Ho-144,67,77,144,HEAVY_100_TO_179,8017.0977,8016.35034527763,-0.7473547223698915,0.7473547223698915,8016.331783333333,8029.117133333333,12.785350000000108,51.9593470315762,0.9985481864558057,0.001451813544194288,PREDICT,
Ho-145,67,78,145,HEAVY_100_TO_179,8048.5792,8049.3359486709005,0.7567486709003788,0.7567486709003788,8049.316233333333,8062.8960333333325,13.579799999999523,51.9593470315762,0.9985481864558057,0.001451813544194288,PREDICT,
Ho-146,67,79,146,HEAVY_100_TO_179,8063.2426,8067.423121900683,4.180521900683743,4.180521900683743,8067.411216666667,8075.6114666666645,8.20024999999714,51.9593470315762,0.9985481864558057,0.001451813544194288,PREDICT,
Ho-147,67,80,147,HEAVY_100_TO_179,8094.0381,8097.14901965027,3.1109196502702616,3.1109196502702616,8097.135016666667,8106.780183333332,9.645166666665318,51.9593470315762,0.9985481864558057,0.001451813544194288,PREDICT,
Ho-148,67,81,148,HEAVY_100_TO_179,8108.9797,8105.0751628171665,-3.9045371828333373,3.9045371828333373,8105.053766666666,8119.7913,14.737533333333886,51.9593470315762,0.9985481864558057,0.001451813544194288,PREDICT,
Ho-149,67,82,149,HEAVY_100_TO_179,8133.255,8126.036128808255,-7.218871191745166,7.218871191745166,8126.007133333333,8145.979033333335,19.97190000000228,51.9593470315762,0.9985481864558057,0.001451813544194288,PREDICT,
Ho-150,67,83,150,HEAVY_100_TO_179,8134.8423,8133.6295887276065,-1.2127112723937898,1.2127112723937898,8133.611816666666,8145.8531,12.24128333333465,51.9593470315762,0.9985481864558057,0.001451813544194288,PREDICT,
Ho-151,67,84,151,HEAVY_100_TO_179,8145.5267,8149.0683780239215,3.541678023921122,3.541678023921122,8149.0542,8158.819933333332,9.765733333332719,51.9593470315762,0.9985481864558057,0.001451813544194288,PREDICT,
Ho-152,67,85,152,HEAVY_100_TO_179,8144.9193,8146.295403312781,1.376103312781197,1.376103312781197,8146.281916666665,8155.5714333333335,9.289516666668533,51.9593470315762,0.9985481864558057,0.001451813544194288,PREDICT,
Ho-153,67,86,153,HEAVY_100_TO_179,8153.6372,8153.77579150862,0.1385915086202658,0.1385915086202658,8153.756083333334,8167.330950000001,13.574866666667731,51.9593470315762,0.9985481864558057,0.001451813544194288,PREDICT,
Ho-154,67,87,154,HEAVY_100_TO_179,8150.6825,8151.360783526957,0.678283526956875,0.678283526956875,8151.346,8161.528800000001,10.182800000001407,51.9593470315762,0.9985481864558057,0.001451813544194288,PREDICT,
Ho-155,67,88,155,HEAVY_100_TO_179,8159.2055,8159.429466237894,0.22396623789427395,0.22396623789427395,8159.410783333332,8172.279449999999,12.868666666667195,51.9593470315762,0.9985481864558057,0.001451813544194288,PREDICT,
Ho-156,67,89,156,HEAVY_100_TO_179,8155.428,8155.528224592649,0.1002245926492833,0.1002245926492833,8155.515649999999,8164.176949999999,8.661299999999756,51.9593470315762,0.9985481864558057,0.001451813544194288,PREDICT,
Ho-157,67,90,157,HEAVY_100_TO_179,8163.1373,8163.432096796023,0.29479679602263786,0.29479679602263786,8163.416299999999,8174.297033333333,10.88073333333432,51.9593470315762,0.9985481864558057,0.001451813544194288,PREDICT,
Ho-158,67,91,158,HEAVY_100_TO_179,8158.4709,8158.349516670638,-0.12138332936228835,0.12138332936228835,8158.336416666667,8167.3596166666675,9.023200000000543,51.9593470315762,0.9985481864558057,0.001451813544194288,PREDICT,
Ho-159,67,92,159,HEAVY_100_TO_179,8165.1066,8164.819554464197,-0.28704553580337233,0.28704553580337233,8164.805049999999,8174.795633333333,9.990583333334143,51.9593470315762,0.9985481864558057,0.001451813544194288,PREDICT,
Ho-160,67,93,160,HEAVY_100_TO_179,8158.6004,8158.709407265383,0.10900726538238814,0.10900726538238814,8158.697099999999,8167.174266666667,8.477166666667472,51.9593470315762,0.9985481864558057,0.001451813544194288,PREDICT,
Ho-161,67,94,161,HEAVY_100_TO_179,8163.1134,8163.04602182381,-0.06737817618977715,0.06737817618977715,8163.0329999999985,8172.002350000001,8.969350000002123,51.9593470315762,0.9985481864558057,0.001451813544194288,PREDICT,
Ho-162,67,95,162,HEAVY_100_TO_179,8155.4126,8155.365558360863,-0.047041639136296,0.047041639136296,8155.355166666664,8162.5129,7.157733333335273,51.9593470315762,0.9985481864558057,0.001451813544194288,PREDICT,
Ho-163,67,96,163,HEAVY_100_TO_179,8156.967,8157.479269399233,0.5122693992334462,0.5122693992334462,8157.468366666666,8164.9781,7.509733333334225,51.9593470315762,0.9985481864558057,0.001451813544194288,PREDICT,
Ho-164,67,97,164,HEAVY_100_TO_179,8147.9234,8148.044808339825,0.12140833982539334,0.12140833982539334,8148.036183333332,8153.977033333333,5.940850000000864,51.9593470315762,0.9985481864558057,0.001451813544194288,PREDICT,
Ho-165,67,98,165,HEAVY_100_TO_179,8146.9591,8146.2089647196035,-0.7501352803965347,0.7501352803965347,8146.197533333332,8154.071400000001,7.873866666668619,51.9593470315762,0.9985481864558057,0.001451813544194288,PREDICT,
Ho-166,67,99,166,HEAVY_100_TO_179,8135.4933,8134.961722538766,-0.5315774612345194,0.5315774612345194,8134.952533333332,8141.282,6.3294666666679404,51.9593470315762,0.9985481864558057,0.001451813544194288,PREDICT,
Ho-167,67,100,167,HEAVY_100_TO_179,8130.3732,8130.595493089214,0.22229308921396296,0.22229308921396296,8130.586016666667,8137.113316666667,6.527299999999741,51.9593470315762,0.9985481864558057,0.001451813544194288,PREDICT,
Ho-168,67,101,168,HEAVY_100_TO_179,8116.8061,8117.208927978943,0.40282797894360556,0.40282797894360556,8117.201766666668,8122.134433333333,4.9326666666647725,51.9593470315762,0.9985481864558057,0.001451813544194288,PREDICT,
Ho-169,67,102,169,HEAVY_100_TO_179,8109.0622,8109.166611363623,0.10441136362260295,0.10441136362260295,8109.157016666666,8115.765783333333,6.608766666667179,51.9593470315762,0.9985481864558057,0.001451813544194288,PREDICT,
Ho-170,67,103,170,HEAVY_100_TO_179,8093.7902,8093.630179102696,-0.16002089730409352,0.16002089730409352,8093.6218499999995,8099.358883333333,5.737033333333784,51.9593470315762,0.9985481864558057,0.001451813544194288,PREDICT,
Ho-171,67,104,171,HEAVY_100_TO_179,8083.6021,8083.822588936924,0.22048893692408456,0.22048893692408456,8083.812599999999,8090.692916666667,6.880316666667568,51.9593470315762,0.9985481864558057,0.001451813544194288,PREDICT,
Ho-172,67,105,172,HEAVY_100_TO_179,8066.0,8066.232800940263,0.2328009402626776,0.2328009402626776,8066.2257833333315,8071.059466666666,4.833683333334193,51.9593470315762,0.9985481864558057,0.001451813544194288,PREDICT,
Ho-173,67,106,173,HEAVY_100_TO_179,8054.0,8053.567109324565,-0.43289067543537385,0.43289067543537385,8053.5577,8060.038783333333,6.4810833333331175,51.9593470315762,0.9985481864558057,0.001451813544194288,PREDICT,
Ho-174,67,107,174,HEAVY_100_TO_179,8034.0,8033.542629532128,-0.4573704678723516,0.4573704678723516,8033.534966666666,8038.8131,5.278133333334154,51.9593470315762,0.9985481864558057,0.001451813544194288,PREDICT,
Ho-175,67,108,175,HEAVY_100_TO_179,8019.0,8017.148893564233,-1.8511064357671785,1.8511064357671785,8017.0,8026.166666666666,9.16666666666606,52.34850290839312,0.9837570657200194,0.016242934279980505,PREDICT,
Ho-176,67,109,176,HEAVY_100_TO_179,7997.0,7995.616407695673,-1.3835923043270668,1.3835923043270668,7995.5,8002.666666666667,7.16666666666697,52.34850290839312,0.9837570657200194,0.016242934279980505,PREDICT,
Ho-177,67,110,177,HEAVY_100_TO_179,7980.0,7983.999999999999,3.9999999999990905,3.9999999999990905,7984.0,7984.0,0.0,50.0,0.9059671657025805,0.09403283429741938,PREDICT,
Ho-178,67,111,178,HEAVY_100_TO_179,7957.0,7960.0,3.0,3.0,7960.0,7969.0,9.0,,1.0,0.0,PREDICT,
Er-142,68,74,142,HEAVY_100_TO_179,7893.0,7901.4873,8.487299999999777,8.487299999999777,7901.4873,7878.0,23.487299999999777,,1.0,0.0,PREDICT,
Er-143,68,75,143,HEAVY_100_TO_179,7917.0,7921.060452508389,4.060452508389062,4.060452508389062,7923.524,7907.5,16.024000000000342,50.0,0.8462588934341168,0.15374110656588325,PREDICT,
Er-144,68,76,144,HEAVY_100_TO_179,7956.0,7951.32848775853,-4.671512241469827,4.671512241469827,7951.75635,7944.0,7.756349999999657,50.0,0.944837166777025,0.05516283322297499,PREDICT,
Er-145,68,77,145,HEAVY_100_TO_179,7975.0,7971.396588950758,-3.603411049241913,3.603411049241913,7971.737999999999,7965.54885,6.189149999999245,50.0,0.944837166777025,0.05516283322297499,PREDICT,
Er-146,68,78,146,HEAVY_100_TO_179,8010.5127,8011.240558821782,0.7278588217814104,0.7278588217814104,8011.262233333333,7996.332966666668,14.929266666665171,51.9593470315762,0.9985481864558057,0.001451813544194288,PREDICT,
Er-147,68,79,147,HEAVY_100_TO_179,8026.476,8029.6355290723395,3.159529072339865,3.159529072339865,8029.658483333334,8013.847733333333,15.810750000000553,51.9593470315762,0.9985481864558057,0.001451813544194288,PREDICT,
Er-148,68,80,148,HEAVY_100_TO_179,8059.6924,8062.558329973381,2.865929973380844,2.865929973380844,8062.581183333334,8046.839933333333,15.741250000000946,51.9593470315762,0.9985481864558057,0.001451813544194288,PREDICT,
Er-149,68,81,149,HEAVY_100_TO_179,8074.9558,8071.917006765756,-3.0387932342437125,3.0387932342437125,8071.929633333332,8063.232533333333,8.69709999999941,51.9593470315762,0.9985481864558057,0.001451813544194288,PREDICT,
Er-150,68,82,150,HEAVY_100_TO_179,8102.1962,8095.5343617320805,-6.661838267919848,6.661838267919848,8095.543166666666,8089.478383333334,6.064783333332343,51.9593470315762,0.9985481864558057,0.001451813544194288,PREDICT,
Er-151,68,83,151,HEAVY_100_TO_179,8104.8723,8103.180725080922,-1.6915749190784481,1.6915749190784481,8103.194066666667,8094.004466666665,9.18960000000152,51.9593470315762,0.9985481864558057,0.001451813544194288,PREDICT,
Er-152,68,84,152,HEAVY_100_TO_179,8119.3485,8122.768049524521,3.419549524521244,3.419549524521244,8122.791933333334,8106.340916666668,16.451016666665964,51.9593470315762,0.9985481864558057,0.001451813544194288,PREDICT,
Er-153,68,85,153,HEAVY_100_TO_179,8118.8154,8120.970361383441,2.1549613834404227,2.1549613834404227,8120.989216666665,8108.001816666666,12.98739999999907,51.9593470315762,0.9985481864558057,0.001451813544194288,PREDICT,
Er-154,68,86,154,HEAVY_100_TO_179,8132.3919,8132.464351183918,0.07245118391801952,0.07245118391801952,8132.484066666666,8118.904166666666,13.579899999999725,51.9593470315762,0.9985481864558057,0.001451813544194288,PREDICT,
Er-155,68,87,155,HEAVY_100_TO_179,8129.4444,8128.838348665657,-0.6060513343436469,0.6060513343436469,8128.852983333332,8118.772716666666,10.08026666666592,51.9593470315762,0.9985481864558057,0.001451813544194288,PREDICT,
Er-156,68,88,156,HEAVY_100_TO_179,8141.9084,8141.681542534469,-0.22685746553088393,0.22685746553088393,8141.700899999998,8128.3676,13.333299999998417,51.9593470315762,0.9985481864558057,0.001451813544194288,PREDICT,
Er-157,68,89,157,HEAVY_100_TO_179,8136.3757,8137.351494291775,0.9757942917758555,0.9757942917758555,8137.366033333333,8127.351633333334,10.014399999999114,51.9593470315762,0.9985481864558057,0.001451813544194288,PREDICT,
Er-158,68,90,158,HEAVY_100_TO_179,8147.927,8148.2715477224865,0.34454772248682275,0.34454772248682275,8148.288766666666,8136.428466666666,11.86029999999937,51.9593470315762,0.9985481864558057,0.001451813544194288,PREDICT,
Er-159,68,91,159,HEAVY_100_TO_179,8142.7742,8142.448810118376,-0.3253898816237779,0.3253898816237779,8142.461549999999,8133.686399999999,8.775150000000394,51.9593470315762,0.9985481864558057,0.001451813544194288,PREDICT,
Er-160,68,92,160,HEAVY_100_TO_179,8151.7217,8151.712677391596,-0.009022608403938648,0.009022608403938648,8151.727349999999,8141.62095,10.106399999998757,51.9593470315762,0.9985481864558057,0.001451813544194288,PREDICT,
Er-161,68,93,161,HEAVY_100_TO_179,8145.8628,8145.612559945893,-0.25024005410705286,0.25024005410705286,8145.624583333334,8137.342949999999,8.281633333334867,51.9593470315762,0.9985481864558057,0.001451813544194288,PREDICT,
Er-162,68,94,162,HEAVY_100_TO_179,8152.3959,8152.16827040822,-0.2276295917799871,0.2276295917799871,8152.181383333333,8143.149283333333,9.032099999999446,51.9593470315762,0.9985481864558057,0.001451813544194288,PREDICT,
Er-163,68,95,163,HEAVY_100_TO_179,8144.7403,8144.768899093356,0.028599093355296645,0.028599093355296645,8144.780166666666,8137.019133333331,7.761033333335035,51.9593470315762,0.9985481864558057,0.001451813544194288,PREDICT,
Er-164,68,96,164,HEAVY_100_TO_179,8149.0191,8149.3314048983675,0.3123048983670742,0.3123048983670742,8149.343966666665,8140.691499999998,8.652466666667351,51.9593470315762,0.9985481864558057,0.001451813544194288,PREDICT,
Er-165,68,97,165,HEAVY_100_TO_179,8139.9348,8140.494688085655,0.559888085655075,0.559888085655075,8140.505233333333,8133.241733333332,7.263500000000931,51.9593470315762,0.9985481864558057,0.001451813544194288,PREDICT,
Er-166,68,98,166,HEAVY_100_TO_179,8141.9479,8141.670778269003,-0.2771217309973508,0.2771217309973508,8141.681066666668,8134.594483333332,7.086583333335511,51.9593470315762,0.9985481864558057,0.001451813544194288,PREDICT,
Er-167,68,99,167,HEAVY_100_TO_179,8131.7352,8130.8738884212025,-0.8613115787975403,0.8613115787975403,8130.8816166666675,8125.55845,5.323166666667021,51.9593470315762,0.9985481864558057,0.001451813544194288,PREDICT,
Er-168,68,100,168,HEAVY_100_TO_179,8129.5897,8129.353303147226,-0.23639685277430544,0.23639685277430544,8129.363149999999,8122.5807,6.782449999998789,51.9593470315762,0.9985481864558057,0.001451813544194288,PREDICT,
Er-169,68,101,169,HEAVY_100_TO_179,8117.0078,8117.319840343911,0.3120403439106667,0.3120403439106667,8117.327933333332,8111.753533333333,5.574399999999514,51.9593470315762,0.9985481864558057,0.001451813544194288,PREDICT,
Er-170,68,102,170,HEAVY_100_TO_179,8111.9529,8112.328896944367,0.3759969443672162,0.3759969443672162,8112.338616666668,8105.643733333334,6.694883333333564,51.9593470315762,0.9985481864558057,0.001451813544194288,PREDICT,
Er-171,68,103,171,HEAVY_100_TO_179,8097.7404,8097.875365835109,0.13496583510914206,0.13496583510914206,8097.882666666666,8092.8539,5.028766666666343,51.9593470315762,0.9985481864558057,0.001451813544194288,PREDICT,
Er-172,68,104,172,HEAVY_100_TO_179,8090.4052,8090.0283188133135,-0.37688118668665993,0.37688118668665993,8090.036983333333,8084.068916666665,5.9680666666681645,51.9593470315762,0.9985481864558057,0.001451813544194288,PREDICT,
Er-173,68,105,173,HEAVY_100_TO_179,8074.0,8073.485692723968,-0.5143072760320138,0.5143072760320138,8073.492299999999,8068.941250000001,4.551049999998213,51.9593470315762,0.9985481864558057,0.001451813544194288,PREDICT,
Er-174,68,106,174,HEAVY_100_TO_179,8064.0,8064.435773611992,0.4357736119918627,0.4357736119918627,8064.444650000001,8058.33065,6.114000000001397,51.9593470315762,0.9985481864558057,0.001451813544194288,PREDICT,
Er-175,68,107,175,HEAVY_100_TO_179,8045.0,8045.701767341888,0.7017673418877166,0.7017673418877166,8045.7099333333335,8040.08525,5.624683333333451,51.9593470315762,0.9985481864558057,0.001451813544194288,PREDICT,
Er-176,68,108,176,HEAVY_100_TO_179,8034.0,8033.5896158728565,-0.4103841271435158,0.4103841271435158,8033.599133333333,8027.043566666666,6.555566666666891,51.9593470315762,0.9985481864558057,0.001451813544194288,PREDICT,
Er-177,68,109,177,HEAVY_100_TO_179,8013.0,8010.448564041446,-2.551435958554066,2.551435958554066,8010.5,8007.333333333334,3.1666666666660603,52.34850290839312,0.9837570657200194,0.016242934279980505,PREDICT,
Er-178,68,110,178,HEAVY_100_TO_179,7999.0,7996.916078172886,-2.0839218271139544,2.0839218271139544,7997.0,7991.833333333334,5.16666666666606,52.34850290839312,0.9837570657200194,0.016242934279980505,PREDICT,
Er-179,68,111,179,HEAVY_100_TO_179,7976.0,7979.965638822728,3.9656388227276693,3.9656388227276693,7981.0,7970.0,11.0,50.0,0.9059671657025805,0.09403283429741938,PREDICT,
Er-180,68,112,180,VERY_HEAVY_A_GE_180,7960.0,7964.0,4.0,4.0,7964.0,7954.0,10.0,,1.0,0.0,PREDICT,
Tm-144,69,75,144,HEAVY_100_TO_179,7850.0,7859.4989,9.498899999999594,9.498899999999594,7859.4989,7869.0,9.501100000000406,,1.0,0.0,PREDICT,
Tm-145,69,76,145,HEAVY_100_TO_179,7889.0,7893.6356,4.635599999999613,4.635599999999613,7893.6356,7913.0,19.364400000000387,,1.0,0.0,PREDICT,
Tm-146,69,77,146,HEAVY_100_TO_179,7914.0,7909.250550000001,-4.749449999999342,4.749449999999342,7909.250550000001,7932.9023,23.651749999999083,,1.0,0.0,PREDICT,
Tm-147,69,78,147,HEAVY_100_TO_179,7948.8178,7947.1485135743615,-1.6692864256383473,1.6692864256383473,7946.5,7958.25635,11.756349999999657,50.0,0.944837166777025,0.05516283322297499,PREDICT,
Tm-148,69,79,148,HEAVY_100_TO_179,7968.5011,7972.27258130288,3.7714813028796925,3.7714813028796925,7972.260216666666,7980.776899999998,8.516683333332367,51.9593470315762,0.9985481864558057,0.001451813544194288,PREDICT,
Tm-149,69,80,149,HEAVY_100_TO_179,8004.0,8005.889929152262,1.8899291522620842,1.8899291522620842,8005.874083333334,8016.788583333333,10.914499999998952,51.9593470315762,0.9985481864558057,0.001451813544194288,PREDICT,
Tm-150,69,81,150,HEAVY_100_TO_179,8021.0,8018.613069654904,-2.3869303450956068,2.3869303450956068,8018.591700000001,8033.310983333334,14.719283333332896,51.9593470315762,0.9985481864558057,0.001451813544194288,PREDICT,
Tm-151,69,82,151,HEAVY_100_TO_179,8050.0576,8044.000103786428,-6.057496213572449,6.057496213572449,8043.972433333332,8063.031666666668,19.059233333335214,51.9593470315762,0.9985481864558057,0.001451813544194288,PREDICT,
Tm-152,69,83,152,HEAVY_100_TO_179,8056.4387,8053.808437599472,-2.6302624005274993,2.6302624005274993,8053.788616666667,8067.441149999999,13.65253333333203,51.9593470315762,0.9985481864558057,0.001451813544194288,PREDICT,
Tm-153,69,84,153,HEAVY_100_TO_179,8071.2571,8074.731172505908,3.474072505908225,3.474072505908225,8074.717649999999,8084.031866666667,9.314216666668472,51.9593470315762,0.9985481864558057,0.001451813544194288,PREDICT,
Tm-154,69,85,154,HEAVY_100_TO_179,8074.209,8077.006385284263,2.7973852842633278,2.7973852842633278,8076.994699999999,8085.043449999999,8.048749999999927,51.9593470315762,0.9985481864558057,0.001451813544194288,PREDICT,
Tm-155,69,86,155,HEAVY_100_TO_179,8088.376,8088.0080445140275,-0.3679554859727432,0.3679554859727432,8087.988316666667,8101.5767333333315,13.58841666666467,51.9593470315762,0.9985481864558057,0.001451813544194288,PREDICT,
Tm-156,69,87,156,HEAVY_100_TO_179,8089.6032,8089.079517783949,-0.5236822160504744,0.5236822160504744,8089.063749999999,8099.924499999999,10.860749999999825,51.9593470315762,0.9985481864558057,0.001451813544194288,PREDICT,
Tm-157,69,88,157,HEAVY_100_TO_179,8101.4285,8102.148154165175,0.7196541651746884,0.7196541651746884,8102.129316666667,8115.104466666666,12.975149999998393,51.9593470315762,0.9985481864558057,0.001451813544194288,PREDICT,
Tm-158,69,89,158,HEAVY_100_TO_179,8101.1994,8101.657509503365,0.4581095033645397,0.4581095033645397,8101.644433333333,8110.651216666666,9.00678333333326,51.9593470315762,0.9985481864558057,0.001451813544194288,PREDICT,
Tm-159,69,90,159,HEAVY_100_TO_179,8112.7549,8112.40451854857,-0.3503814514297119,0.3503814514297119,8112.3871666666655,8124.339033333331,11.95186666666541,51.9593470315762,0.9985481864558057,0.001451813544194288,PREDICT,
Tm-160,69,91,160,HEAVY_100_TO_179,8110.8124,8110.994365842187,0.18196584218731005,0.18196584218731005,8110.981366666666,8119.935116666666,8.953749999999673,51.9593470315762,0.9985481864558057,0.001451813544194288,PREDICT,
Tm-161,69,92,161,HEAVY_100_TO_179,8120.4906,8120.673460414696,0.18286041469582415,0.18286041469582415,8120.658633333333,8130.871433333334,10.212800000001153,51.9593470315762,0.9985481864558057,0.001451813544194288,PREDICT,
Tm-162,69,93,162,HEAVY_100_TO_179,8117.5868,8116.967688195124,-0.619111804876411,0.619111804876411,8116.954683333333,8125.91235,8.957666666666228,51.9593470315762,0.9985481864558057,0.001451813544194288,PREDICT,
Tm-163,69,94,163,HEAVY_100_TO_179,8124.9774,8124.817587165355,-0.1598128346449812,0.1598128346449812,8124.803416666666,8134.563966666666,9.760549999999967,51.9593470315762,0.9985481864558057,0.001451813544194288,PREDICT,
Tm-164,69,95,164,HEAVY_100_TO_179,8119.6534,8120.0660462262495,0.4126462262493078,0.4126462262493078,8120.054333333332,8128.1221000000005,8.067766666668831,51.9593470315762,0.9985481864558057,0.001451813544194288,PREDICT,
Tm-165,69,96,165,HEAVY_100_TO_179,8125.5489,8125.892084742302,0.3431847423025829,0.3431847423025829,8125.879866666665,8134.2956,8.415733333335083,51.9593470315762,0.9985481864558057,0.001451813544194288,PREDICT,
Tm-166,69,97,166,HEAVY_100_TO_179,8118.9357,8119.229697109718,0.29399710971756576,0.29399710971756576,8119.2198,8126.036866666667,6.817066666667415,51.9593470315762,0.9985481864558057,0.001451813544194288,PREDICT,
Tm-167,69,98,167,HEAVY_100_TO_179,8122.5826,8122.212803829831,-0.36979617016913835,0.36979617016913835,8122.200983333332,8130.342866666666,8.14188333333368,51.9593470315762,0.9985481864558057,0.001451813544194288,PREDICT,
Tm-168,69,99,168,HEAVY_100_TO_179,8114.9516,8114.528243808957,-0.42335619104323996,0.42335619104323996,8114.518383333334,8121.310216666666,6.7918333333318515,51.9593470315762,0.9985481864558057,0.001451813544194288,PREDICT,
Tm-169,69,100,169,HEAVY_100_TO_179,8114.4702,8114.658565370678,0.18836537067818426,0.18836537067818426,8114.648433333332,8121.627316666667,6.978883333335034,51.9593470315762,0.9985481864558057,0.001451813544194288,PREDICT,
Tm-170,69,101,170,HEAVY_100_TO_179,8105.5144,8105.736344830729,0.22194483072871662,0.22194483072871662,8105.729050000001,8110.753683333332,5.0246333333316215,51.9593470315762,0.9985481864558057,0.001451813544194288,PREDICT,
Tm-171,69,102,171,HEAVY_100_TO_179,8101.8931,8101.906557425693,0.01345742569264985,0.01345742569264985,8101.897349999999,8108.239366666667,6.342016666667405,51.9593470315762,0.9985481864558057,0.001451813544194288,PREDICT,
Tm-172,69,103,172,HEAVY_100_TO_179,8091.0367,8090.767036344139,-0.26966365586031316,0.26966365586031316,8090.7595666666675,8095.904633333333,5.145066666665116,51.9593470315762,0.9985481864558057,0.001451813544194288,PREDICT,
Tm-173,69,104,173,HEAVY_100_TO_179,8084.4633,8084.204693955309,-0.25860604469107784,0.25860604469107784,8084.195233333334,8090.711649999999,6.516416666665464,51.9593470315762,0.9985481864558057,0.001451813544194288,PREDICT,
Tm-174,69,105,174,HEAVY_100_TO_179,8070.6432,8070.360879064694,-0.2823209353064158,0.2823209353064158,8070.352999999999,8075.7800499999985,5.427049999999326,51.9593470315762,0.9985481864558057,0.001451813544194288,PREDICT,
Tm-175,69,106,175,HEAVY_100_TO_179,8061.7673,8062.001318423819,0.2340184238182701,0.2340184238182701,8061.99335,8067.481949999999,5.488599999999678,51.9593470315762,0.9985481864558057,0.001451813544194288,PREDICT,
Tm-176,69,107,176,HEAVY_100_TO_179,8045.1214,8046.095956937273,0.9745569372726095,0.9745569372726095,8046.089349999999,8050.640166666666,4.550816666666833,51.9593470315762,0.9985481864558057,0.001451813544194288,PREDICT,
Tm-177,69,108,177,HEAVY_100_TO_179,8035.0,8034.944787654081,-0.0552123459192444,0.0552123459192444,8034.934316666666,8042.1466666666665,7.212350000000697,51.9593470315762,0.9985481864558057,0.001451813544194288,PREDICT,
Tm-178,69,109,178,HEAVY_100_TO_179,8017.0,8015.65083326446,-1.349166735540166,1.349166735540166,8015.6404,8022.826766666666,7.18636666666589,51.9593470315762,0.9985481864558057,0.001451813544194288,PREDICT,
Tm-179,69,110,179,HEAVY_100_TO_179,8004.0,8002.1517899501305,-1.8482100498695218,1.8482100498695218,8002.0,8011.3449833333325,9.344983333332493,52.34850290839312,0.9837570657200194,0.016242934279980505,PREDICT,
Tm-180,69,111,180,VERY_HEAVY_A_GE_180,7983.0,7982.556200145183,-0.44379985481737094,0.44379985481737094,7982.5,7989.166666666667,6.66666666666697,50.0,0.9915699782225356,0.008430021777464462,PREDICT,
Tm-181,69,112,181,VERY_HEAVY_A_GE_180,7969.0,7972.966509228225,3.9665092282248224,3.9665092282248224,7973.0,7972.0,1.0,50.0,0.9665092282253679,0.033490771774632014,PREDICT,
Tm-182,69,113,182,VERY_HEAVY_A_GE_180,7948.0,7949.0,1.0,1.0,7949.0,7959.0,10.0,,1.0,0.0,PREDICT,
Yb-148,70,78,148,HEAVY_100_TO_179,7906.0,7914.5629,8.5628999999999,8.5628999999999,7914.5629,7887.122899999999,27.44000000000051,,1.0,0.0,PREDICT,
Yb-149,70,79,149,HEAVY_100_TO_179,7927.0,7941.16637639673,14.166376396729902,14.166376396729902,7945.511200000001,7917.250550000001,28.26065000000017,50.0,0.8462588934341168,0.15374110656588325,PREDICT,
Yb-150,70,80,150,HEAVY_100_TO_179,7965.0,7960.347935746849,-4.652064253151366,4.652064253151366,7960.71855,7954.0,6.7185499999995955,50.0,0.944837166777025,0.05516283322297499,PREDICT,
Yb-151,70,81,151,HEAVY_100_TO_179,7983.7556,7974.4568051648685,-9.298794835131957,9.298794835131957,7974.5,7971.840699999999,2.659300000001167,52.34850290839312,0.9837570657200194,0.016242934279980505,PREDICT,
Yb-152,70,82,152,HEAVY_100_TO_179,8015.4371,8008.666387304733,-6.770712695267321,6.770712695267321,8008.675016666668,8002.7311666666665,5.943850000001476,51.9593470315762,0.9985481864558057,0.001451813544194288,PREDICT,
Yb-153,70,83,153,HEAVY_100_TO_179,8022.0,8020.079768921869,-1.9202310781311098,1.9202310781311098,8020.093483333333,8010.647083333332,9.446400000000722,51.9593470315762,0.9985481864558057,0.001451813544194288,PREDICT,
Yb-154,70,84,154,HEAVY_100_TO_179,8039.9402,8044.04062502616,4.100425026160337,4.100425026160337,8044.065216666666,8027.126649999998,16.93856666666761,51.9593470315762,0.9985481864558057,0.001451813544194288,PREDICT,
Yb-155,70,85,155,HEAVY_100_TO_179,8043.8234,8046.184865536087,2.361465536087053,2.361465536087053,8046.203666666666,8033.253566666667,12.95009999999911,51.9593470315762,0.9985481864558057,0.001451813544194288,PREDICT,
Yb-156,70,86,156,HEAVY_100_TO_179,8061.7107,8061.408720728791,-0.30197927120843815,0.30197927120843815,8061.426983333333,8048.847816666666,12.579166666666424,51.9593470315762,0.9985481864558057,0.001451813544194288,PREDICT,
Yb-157,70,87,157,HEAVY_100_TO_179,8062.7551,8062.498986334819,-0.25611366518114664,0.25611366518114664,8062.513116666667,8052.780233333332,9.73288333333494,51.9593470315762,0.9985481864558057,0.001451813544194288,PREDICT,
Yb-158,70,88,158,HEAVY_100_TO_179,8079.1999,8079.083419860046,-0.11648013995363726,0.11648013995363726,8079.102483333332,8065.971683333331,13.130800000000818,51.9593470315762,0.9985481864558057,0.001451813544194288,PREDICT,
Yb-159,70,89,159,HEAVY_100_TO_179,8078.0428,8078.258628720847,0.21582872084673,0.21582872084673,8078.272416666667,8068.775366666667,9.497049999999945,51.9593470315762,0.9985481864558057,0.001451813544194288,PREDICT,
Yb-160,70,90,160,HEAVY_100_TO_179,8092.5614,8092.617909269753,0.05650926975340553,0.05650926975340553,8092.634533333332,8081.183983333333,11.450549999998657,51.9593470315762,0.9985481864558057,0.001451813544194288,PREDICT,
Yb-161,70,91,161,HEAVY_100_TO_179,8090.3861,8090.155129640632,-0.23097035936734756,0.23097035936734756,8090.167299999999,8081.784433333332,8.382866666666814,51.9593470315762,0.9985481864558057,0.001451813544194288,PREDICT,
Yb-162,70,92,162,HEAVY_100_TO_179,8102.5333,8102.692436479286,0.15913647928573482,0.15913647928573482,8102.707699999998,8092.194283333334,10.513416666663943,51.9593470315762,0.9985481864558057,0.001451813544194288,PREDICT,
Yb-163,70,93,163,HEAVY_100_TO_179,8099.1069,8099.43065865388,0.3237586538798496,0.3237586538798496,8099.4432,8090.804800000001,8.63839999999891,51.9593470315762,0.9985481864558057,0.001451813544194288,PREDICT,
Yb-164,70,94,164,HEAVY_100_TO_179,8109.4149,8109.239629290822,-0.1752707091773118,0.1752707091773118,8109.253533333332,8099.6765166666655,9.577016666666168,51.9593470315762,0.9985481864558057,0.001451813544194288,PREDICT,
Yb-165,70,95,165,HEAVY_100_TO_179,8104.8399,8104.376066507478,-0.4638334925220988,0.4638334925220988,8104.388150000001,8096.065116666665,8.323033333335843,51.9593470315762,0.9985481864558057,0.001451813544194288,PREDICT,
Yb-166,70,96,166,HEAVY_100_TO_179,8112.4591,8112.6638762942275,0.20477629422748578,0.20477629422748578,8112.677366666665,8103.385283333333,9.292083333331902,51.9593470315762,0.9985481864558057,0.001451813544194288,PREDICT,
Yb-167,70,97,167,HEAVY_100_TO_179,8106.202,8106.731239931545,0.5292399315449074,0.5292399315449074,8106.742083333332,8099.2732166666665,7.468866666665235,51.9593470315762,0.9985481864558057,0.001451813544194288,PREDICT,
Yb-168,70,98,168,HEAVY_100_TO_179,8111.887,8111.560782954028,-0.3262170459720437,0.3262170459720437,8111.572066666666,8103.799916666666,7.772149999999783,51.9593470315762,0.9985481864558057,0.001451813544194288,PREDICT,
Yb-169,70,99,169,HEAVY_100_TO_179,8104.5206,8104.003252418568,-0.5173475814317499,0.5173475814317499,8104.011816666665,8098.112816666668,5.8989999999976135,51.9593470315762,0.9985481864558057,0.001451813544194288,PREDICT,
Yb-170,70,100,170,HEAVY_100_TO_179,8106.6101,8106.815393394402,0.20529339440236072,0.20529339440236072,8106.826466666666,8099.199266666666,7.627200000000812,51.9593470315762,0.9985481864558057,0.001451813544194288,PREDICT,
Yb-171,70,101,171,HEAVY_100_TO_179,8097.8826,8098.434886165593,0.5522861655927045,0.5522861655927045,8098.44425,8091.9945,6.449749999999767,51.9593470315762,0.9985481864558057,0.001451813544194288,PREDICT,
Yb-172,70,102,172,HEAVY_100_TO_179,8097.4295,8097.633096619467,0.2035966194671346,0.2035966194671346,8097.643416666668,8090.535033333334,7.108383333334132,51.9593470315762,0.9985481864558057,0.001451813544194288,PREDICT,
Yb-173,70,103,173,HEAVY_100_TO_179,8087.4276,8086.782399209144,-0.645200790855597,0.645200790855597,8086.789483333333,8081.909983333332,4.879500000000917,51.9593470315762,0.9985481864558057,0.001451813544194288,PREDICT,
Yb-174,70,104,174,HEAVY_100_TO_179,8083.8481,8082.776842331521,-1.0712576684791202,1.0712576684791202,8082.785083333333,8077.1087333333335,5.676349999999729,51.9593470315762,0.9985481864558057,0.001451813544194288,PREDICT,
Yb-175,70,105,175,HEAVY_100_TO_179,8070.9253,8070.946071515265,0.020771515265550988,0.020771515265550988,8070.954033333333,8065.469983333334,5.484049999999115,51.9593470315762,0.9985481864558057,0.001451813544194288,PREDICT,
Yb-176,70,106,176,HEAVY_100_TO_179,8064.0853,8065.475208556632,1.3899085566326903,1.3899085566326903,8065.486216666665,8057.903899999999,7.5823166666659745,51.9593470315762,0.9985481864558057,0.001451813544194288,PREDICT,
Yb-177,70,107,177,HEAVY_100_TO_179,8049.9741,8050.702802342565,0.7287023425642474,0.7287023425642474,8050.7122666666655,8044.193300000001,6.51896666666471,51.9593470315762,0.9985481864558057,0.001451813544194288,PREDICT,
Yb-178,70,108,178,HEAVY_100_TO_179,8042.7386,8042.072231780607,-0.6663682193930072,0.6663682193930072,8042.082183333333,8035.227616666668,6.85456666666505,51.9593470315762,0.9985481864558057,0.001451813544194288,PREDICT,
Yb-179,70,109,179,HEAVY_100_TO_179,8026.0,8024.988210635834,-1.0117893641663613,1.0117893641663613,8024.995183333333,8020.192433333332,4.802750000001652,51.9593470315762,0.9985481864558057,0.001451813544194288,PREDICT,
Yb-180,70,110,180,VERY_HEAVY_A_GE_180,8016.0,8015.299921848761,-0.700078151238813,0.700078151238813,8015.311516666667,8008.313716666666,6.997800000001007,50.0,0.9983430766945874,0.0016569233054126067,PREDICT,
Yb-181,70,111,181,VERY_HEAVY_A_GE_180,7996.0,7996.160749788382,0.16074978838241805,0.16074978838241805,7996.1709833333325,7989.99475,6.176233333332675,50.0,0.9983430766945874,0.0016569233054126067,PREDICT,
Yb-182,70,112,182,VERY_HEAVY_A_GE_180,7984.0,7983.4487555836195,-0.5512444163805412,0.5512444163805412,7983.5,7977.421200000001,6.078799999999319,50.0,0.9915699782225356,0.008430021777464462,PREDICT,
Yb-183,70,113,183,VERY_HEAVY_A_GE_180,7963.0,7962.420886970732,-0.5791130292682283,0.5791130292682283,7962.5,7957.5,5.0,50.0,0.9841773941464363,0.0158226058535637,PREDICT,
Yb-184,70,114,184,VERY_HEAVY_A_GE_180,7951.0,7952.0,1.0,1.0,7952.0,7945.6968,6.303200000000288,,1.0,0.0,PREDICT,
Yb-185,70,115,185,VERY_HEAVY_A_GE_180,7929.0,7930.0,1.0,1.0,7930.0,7925.0,5.0,,1.0,0.0,PREDICT,
Lu-150,71,79,150,HEAVY_100_TO_179,7866.0,7884.0,18.0,18.0,7884.0,7885.4989,1.498899999999594,,1.0,0.0,PREDICT,
Lu-151,71,80,151,HEAVY_100_TO_179,7904.0,7930.739500000001,26.73950000000059,26.73950000000059,7930.739500000001,7926.0,4.739500000000589,,1.0,0.0,PREDICT,
Lu-152,71,81,152,HEAVY_100_TO_179,7926.0,7917.875864433348,-8.124135566651603,8.124135566651603,7917.0,7932.8778,15.877800000000207,50.0,0.944837166777025,0.05516283322297499,PREDICT,
Lu-153,71,82,153,HEAVY_100_TO_179,7959.0882,7946.128259502599,-12.959940497401476,12.959940497401476,7945.71845,7970.948466666665,25.230016666664596,52.34850290839312,0.9837570657200194,0.016242934279980505,PREDICT,
Lu-154,71,83,154,HEAVY_100_TO_179,7968.0,7966.840107898831,-1.1598921011691345,1.1598921011691345,7966.82205,7979.2602166666675,12.438166666667712,51.9593470315762,0.9985481864558057,0.001451813544194288,PREDICT,
Lu-155,71,84,155,HEAVY_100_TO_179,7987.4369,7991.846459049025,4.40955904902512,4.40955904902512,7991.83385,8000.518883333333,8.685033333333195,51.9593470315762,0.9985481864558057,0.001451813544194288,PREDICT,
Lu-156,71,85,156,HEAVY_100_TO_179,7995.3752,7997.001835176677,1.6266351766762455,1.6266351766762455,7996.989216666667,8005.680766666666,8.691549999999552,51.9593470315762,0.9985481864558057,0.001451813544194288,PREDICT,
Lu-157,71,86,157,HEAVY_100_TO_179,8013.3128,8012.732493791226,-0.5803062087734361,0.5803062087734361,8012.713483333332,8025.807766666665,13.094283333332896,51.9593470315762,0.9985481864558057,0.001451813544194288,PREDICT,
Lu-158,71,87,158,HEAVY_100_TO_179,8018.5685,8018.729815167323,0.16131516732275486,0.16131516732275486,8018.715999999999,8028.2318,9.515800000000127,51.9593470315762,0.9985481864558057,0.001451813544194288,PREDICT,
Lu-159,71,88,159,HEAVY_100_TO_179,8034.6009,8035.060690522405,0.4597905224045462,0.4597905224045462,8035.042983333333,8047.239583333333,12.196600000000217,51.9593470315762,0.9985481864558057,0.001451813544194288,PREDICT,
Lu-160,71,89,160,HEAVY_100_TO_179,8038.3387,8038.568015799193,0.22931579919259093,0.22931579919259093,8038.555483333332,8047.187766666668,8.63228333333609,51.9593470315762,0.9985481864558057,0.001451813544194288,PREDICT,
Lu-161,71,90,161,HEAVY_100_TO_179,8052.7821,8052.530692129438,-0.25140787056261615,0.25140787056261615,8052.514000000001,8064.011433333333,11.497433333332083,51.9593470315762,0.9985481864558057,0.001451813544194288,PREDICT,
Lu-162,71,91,162,HEAVY_100_TO_179,8054.5596,8053.983883346932,-0.5757166530675022,0.5757166530675022,8053.971316666666,8062.627166666667,8.65585000000101,51.9593470315762,0.9985481864558057,0.001451813544194288,PREDICT,
Lu-163,71,92,163,HEAVY_100_TO_179,8066.6848,8066.738099062125,0.05329906212500646,0.05329906212500646,8066.723216666665,8076.974116666666,10.250900000000911,51.9593470315762,0.9985481864558057,0.001451813544194288,PREDICT,
Lu-164,71,93,164,HEAVY_100_TO_179,8065.8043,8066.04514545847,0.2408454584701758,0.2408454584701758,8066.0332499999995,8074.226766666667,8.193516666667165,51.9593470315762,0.9985481864558057,0.001451813544194288,PREDICT,
Lu-165,71,94,165,HEAVY_100_TO_179,8076.746,8076.734770621201,-0.01122937879881647,0.01122937879881647,8076.720433333334,8086.5958666666675,9.875433333333604,51.9593470315762,0.9985481864558057,0.001451813544194288,PREDICT,
Lu-166,71,95,166,HEAVY_100_TO_179,8074.1756,8074.778282342228,0.6026823422280358,0.6026823422280358,8074.766566666667,8082.83625,8.06968333333316,51.9593470315762,0.9985481864558057,0.001451813544194288,PREDICT,
Lu-167,71,96,167,HEAVY_100_TO_179,8083.1722,8083.501598199954,0.3293981999540847,0.3293981999540847,8083.488383333333,8092.590699999999,9.102316666665502,51.9593470315762,0.9985481864558057,0.001451813544194288,PREDICT,
Lu-168,71,97,168,HEAVY_100_TO_179,8080.4026,8079.9003401029595,-0.502259897040858,0.502259897040858,8079.88985,8087.115366666666,7.225516666666408,51.9593470315762,0.9985481864558057,0.001451813544194288,PREDICT,
Lu-169,71,98,169,HEAVY_100_TO_179,8086.3233,8085.9395197655485,-0.38378023445147846,0.38378023445147846,8085.926666666666,8094.7798,8.853133333333972,51.9593470315762,0.9985481864558057,0.001451813544194288,PREDICT,
Lu-170,71,99,170,HEAVY_100_TO_179,8081.6686,8081.495602181081,-0.17299781891870225,0.17299781891870225,8081.485733333333,8088.283333333332,6.797599999998965,51.9593470315762,0.9985481864558057,0.001451813544194288,PREDICT,
Lu-171,71,100,171,HEAVY_100_TO_179,8084.6621,8084.861843084527,0.199743084527654,0.199743084527654,8084.850766666667,8092.4801333333335,7.629366666666101,51.9593470315762,0.9985481864558057,0.001451813544194288,PREDICT,
Lu-172,71,101,172,HEAVY_100_TO_179,8078.2334,8078.853330176936,0.619930176935668,0.619930176935668,8078.844483333332,8084.938133333335,6.093650000002526,51.9593470315762,0.9985481864558057,0.001451813544194288,PREDICT,
Lu-173,71,102,173,HEAVY_100_TO_179,8079.0312,8079.2502475817355,0.21904758173513983,0.21904758173513983,8079.240066666667,8086.252616666665,7.0125499999976455,51.9593470315762,0.9985481864558057,0.001451813544194288,PREDICT,
Lu-174,71,103,174,HEAVY_100_TO_179,8071.454,8070.891336722375,-0.5626632776247789,0.5626632776247789,8070.8822,8077.175516666666,6.293316666666215,51.9593470315762,0.9985481864558057,0.001451813544194288,PREDICT,
Lu-175,71,104,175,HEAVY_100_TO_179,8069.1412,8068.375357954867,-0.7658420451334678,0.7658420451334678,8068.364383333333,8075.923633333334,7.559250000001157,51.9593470315762,0.9985481864558057,0.001451813544194288,PREDICT,
Lu-176,71,105,176,HEAVY_100_TO_179,8059.0209,8058.968455703181,-0.052444296819885494,0.052444296819885494,8058.9608,8064.234,5.273200000000543,51.9593470315762,0.9985481864558057,0.001451813544194288,PREDICT,
Lu-177,71,106,177,HEAVY_100_TO_179,8053.4495,8054.324801365008,0.875301365008454,0.875301365008454,8054.316849999999,8059.7937,5.476850000000923,51.9593470315762,0.9985481864558057,0.001451813544194288,PREDICT,
Lu-178,71,107,178,HEAVY_100_TO_179,8042.0554,8042.804228271649,0.7488282716485628,0.7488282716485628,8042.797866666668,8047.179700000001,4.3818333333329065,51.9593470315762,0.9985481864558057,0.001451813544194288,PREDICT,
Lu-179,71,108,179,HEAVY_100_TO_179,8035.0744,8034.604935653788,-0.4694643462125896,0.4694643462125896,8034.594116666666,8042.046166666667,7.452050000000781,51.9593470315762,0.9985481864558057,0.001451813544194288,PREDICT,
Lu-180,71,109,180,VERY_HEAVY_A_GE_180,8022.0394,8021.0434407228395,-0.995959277160182,0.995959277160182,8021.03345,8027.063133333333,6.029683333333196,50.0,0.9983430766945874,0.0016569233054126067,PREDICT,
Lu-181,71,110,181,VERY_HEAVY_A_GE_180,8011.9301,8011.861147668531,-0.06895233146860846,0.06895233146860846,8011.849683333334,8018.768733333332,6.919049999998606,50.0,0.9983430766945874,0.0016569233054126067,PREDICT,
Lu-182,71,111,182,VERY_HEAVY_A_GE_180,7996.0,7996.358449773705,0.3584497737047059,0.3584497737047059,7996.350366666667,8001.228750000001,4.878383333334568,50.0,0.9983430766945874,0.0016569233054126067,PREDICT,
Lu-183,71,112,183,VERY_HEAVY_A_GE_180,7984.8125,7984.950357115367,0.1378571153672965,0.1378571153672965,7984.941,7990.588283333333,5.64728333333278,50.0,0.9983430766945874,0.0016569233054126067,PREDICT,
Lu-184,71,113,184,VERY_HEAVY_A_GE_180,7967.0,7967.167028176263,0.16702817626264732,0.16702817626264732,7967.160099999999,7971.341449999998,4.181349999998929,50.0,0.9983430766945874,0.0016569233054126067,PREDICT,
Lu-185,71,114,185,VERY_HEAVY_A_GE_180,7955.0,7953.965511196834,-1.0344888031659139,1.0344888031659139,7953.90625,7957.6516,3.745350000000144,50.0,0.9841773941464363,0.0158226058535637,PREDICT,
Lu-186,71,115,186,VERY_HEAVY_A_GE_180,7936.0,7935.047467817561,-0.9525321824394268,0.9525321824394268,7935.0,7938.0,3.0,50.0,0.9841773941464363,0.0158226058535637,PREDICT,
Lu-187,71,116,187,VERY_HEAVY_A_GE_180,7923.0,7925.1875,2.1875,2.1875,7925.1875,7934.0,8.8125,,1.0,0.0,PREDICT,
Lu-188,71,117,188,VERY_HEAVY_A_GE_180,7903.0,7905.0,2.0,2.0,7905.0,7912.0,7.0,,1.0,0.0,PREDICT,
Hf-153,72,81,153,HEAVY_100_TO_179,7882.0,7898.0,16.0,16.0,7898.0,7868.2444,29.755600000000413,,1.0,0.0,PREDICT,
Hf-154,72,82,154,HEAVY_100_TO_179,7918.0,7921.673552853963,3.673552853962974,3.673552853962974,7924.0588,7908.5441,15.51469999999972,50.0,0.8462588934341168,0.15374110656588325,PREDICT,
Hf-155,72,83,155,HEAVY_100_TO_179,7929.0,7920.956685508586,-8.043314491414094,8.043314491414094,7921.0,7918.333333333334,2.6666666666660603,52.34850290839312,0.9837570657200194,0.016242934279980505,PREDICT,
Hf-156,72,84,156,HEAVY_100_TO_179,7952.6676,7949.479077177188,-3.188522822812047,3.188522822812047,7949.638199999999,7939.841766666666,9.79643333333297,52.34850290839312,0.9837570657200194,0.016242934279980505,PREDICT,
Hf-157,72,85,157,HEAVY_100_TO_179,7960.0,7961.835721263008,1.835721263008054,1.835721263008054,7961.85325,7949.779566666667,12.073683333333065,51.9593470315762,0.9985481864558057,0.001451813544194288,PREDICT,
Hf-158,72,86,158,HEAVY_100_TO_179,7981.2764,7981.826217903155,0.5498179031555992,0.5498179031555992,7981.84495,7968.942399999999,12.902550000000701,51.9593470315762,0.9985481864558057,0.001451813544194288,PREDICT,
Hf-159,72,87,159,HEAVY_100_TO_179,7986.561,7986.568276284243,0.007276284243744158,0.007276284243744158,7986.581799999999,7977.266749999999,9.315050000000156,51.9593470315762,0.9985481864558057,0.001451813544194288,PREDICT,
Hf-160,72,88,160,HEAVY_100_TO_179,8006.3791,8006.164633372203,-0.21446662779726466,0.21446662779726466,8006.182033333333,7994.19705,11.98498333333282,51.9593470315762,0.9985481864558057,0.001451813544194288,PREDICT,
Hf-161,72,89,161,HEAVY_100_TO_179,8009.1245,8009.220504261964,0.09600426196448097,0.09600426196448097,8009.233333333332,8000.39675,8.836583333331873,51.9593470315762,0.9985481864558057,0.001451813544194288,PREDICT,
Hf-162,72,90,162,HEAVY_100_TO_179,8027.1171,8027.159820662262,0.04272066226167226,0.04272066226167226,8027.176366666667,8015.779583333333,11.396783333333588,51.9593470315762,0.9985481864558057,0.001451813544194288,PREDICT,
Hf-163,72,91,163,HEAVY_100_TO_179,8028.0072,8027.862404574537,-0.1447954254626893,0.1447954254626893,8027.873866666666,8019.978849999999,7.8950166666672885,51.9593470315762,0.9985481864558057,0.001451813544194288,PREDICT,
Hf-164,72,92,164,HEAVY_100_TO_179,8043.8142,8043.700314513858,-0.11388548614195315,0.11388548614195315,8043.715016666667,8033.588266666667,10.126750000000357,51.9593470315762,0.9985481864558057,0.001451813544194288,PREDICT,
Hf-165,72,93,165,HEAVY_100_TO_179,8042.8728,8042.965296045364,0.09249604536398692,0.09249604536398692,8042.977533333335,8034.548566666667,8.428966666667293,51.9593470315762,0.9985481864558057,0.001451813544194288,PREDICT,
Hf-166,72,94,166,HEAVY_100_TO_179,8056.4386,8056.56503606906,0.12643606905930938,0.12643606905930938,8056.57965,8046.513666666667,10.065983333332952,51.9593470315762,0.9985481864558057,0.001451813544194288,PREDICT,
Hf-167,72,95,167,HEAVY_100_TO_179,8054.185,8054.076641019695,-0.1083589803056384,0.1083589803056384,8054.088616666668,8045.839866666665,8.248750000002474,51.9593470315762,0.9985481864558057,0.001451813544194288,PREDICT,
Hf-168,72,96,168,HEAVY_100_TO_179,8065.5536,8065.602673331104,0.049073331103500095,0.049073331103500095,8065.61685,8055.85205,9.764799999999923,51.9593470315762,0.9985481864558057,0.001451813544194288,PREDICT,
Hf-169,72,97,169,HEAVY_100_TO_179,8061.7791,8062.010372115707,0.23127211570681538,0.23127211570681538,8062.020933333334,8054.746433333335,7.274499999999534,51.9593470315762,0.9985481864558057,0.001451813544194288,PREDICT,
Hf-170,72,98,170,HEAVY_100_TO_179,8070.8762,8070.690344213327,-0.1858557866726187,0.1858557866726187,8070.702883333333,8062.066016666668,8.63686666666581,51.9593470315762,0.9985481864558057,0.001451813544194288,PREDICT,
Hf-171,72,99,171,HEAVY_100_TO_179,8066.0687,8066.029019361845,-0.039680638155005,0.039680638155005,8066.039083333333,8059.107083333333,6.931999999999789,51.9593470315762,0.9985481864558057,0.001451813544194288,PREDICT,
Hf-172,72,100,172,HEAVY_100_TO_179,8071.7439,8071.775844174509,0.03194417450868059,0.03194417450868059,8071.787866666666,8063.50685,8.281016666665892,51.9593470315762,0.9985481864558057,0.001451813544194288,PREDICT,
Hf-173,72,101,173,HEAVY_100_TO_179,8066.0164,8065.60828895287,-0.40811104713066015,0.40811104713066015,8065.618199999999,8058.791533333332,6.826666666666824,51.9593470315762,0.9985481864558057,0.001451813544194288,PREDICT,
Hf-174,72,102,174,HEAVY_100_TO_179,8068.5341,8068.67180079865,0.13770079865025764,0.13770079865025764,8068.682866666666,8061.060766666666,7.622100000000501,51.9593470315762,0.9985481864558057,0.001451813544194288,PREDICT,
Hf-175,72,103,175,HEAVY_100_TO_179,8060.7625,8061.123204472657,0.3607044726568347,0.3607044726568347,8061.132583333334,8054.672483333333,6.460100000001148,51.9593470315762,0.9985481864558057,0.001451813544194288,PREDICT,
Hf-176,72,104,176,HEAVY_100_TO_179,8061.3604,8060.863326748772,-0.49707325122744805,0.49707325122744805,8060.8726333333325,8054.462316666667,6.410316666665494,51.9593470315762,0.9985481864558057,0.001451813544194288,PREDICT,
Hf-177,72,105,177,HEAVY_100_TO_179,8051.8365,8051.53008360174,-0.3064163982598984,0.3064163982598984,8051.536699999999,8046.9793666666665,4.557333333332281,51.9593470315762,0.9985481864558057,0.001451813544194288,PREDICT,
Hf-178,72,106,178,HEAVY_100_TO_179,8049.4438,8050.2890517576625,0.8452517576624814,0.8452517576624814,8050.299499999999,8043.102816666667,7.196683333331748,51.9593470315762,0.9985481864558057,0.001451813544194288,PREDICT,
Hf-179,72,107,179,HEAVY_100_TO_179,8038.5474,8039.086566642062,0.5391666420619003,0.5391666420619003,8039.094,8033.97395,5.120050000000447,51.9593470315762,0.9985481864558057,0.001451813544194288,PREDICT,
Hf-180,72,108,180,VERY_HEAVY_A_GE_180,8034.9319,8034.165181415442,-0.7667185845575659,0.7667185845575659,8034.1740666666665,8028.811566666666,5.362500000000182,50.0,0.9983430766945874,0.0016569233054126067,PREDICT,
Hf-181,72,109,181,VERY_HEAVY_A_GE_180,8022.003,8021.41133336908,-0.5916666309194625,0.5916666309194625,8021.418,8017.3945,4.023499999999331,50.0,0.9983430766945874,0.0016569233054126067,PREDICT,
Hf-182,72,110,182,VERY_HEAVY_A_GE_180,8014.8381,8014.802226967708,-0.0358730322923293,0.0358730322923293,8014.811966666665,8008.933783333332,5.878183333333254,50.0,0.9983430766945874,0.0016569233054126067,PREDICT,
Hf-183,72,111,183,VERY_HEAVY_A_GE_180,8000.0315,7999.717033836334,-0.31446616366611124,0.31446616366611124,7999.724833333333,7995.017616666666,4.707216666666682,50.0,0.9983430766945874,0.0016569233054126067,PREDICT,
Hf-184,72,112,184,VERY_HEAVY_A_GE_180,7990.7228,7990.92962115967,0.2068211596706533,0.2068211596706533,7990.938883333332,7985.348899999999,5.589983333333294,50.0,0.9983430766945874,0.0016569233054126067,PREDICT,
Hf-185,72,113,185,VERY_HEAVY_A_GE_180,7973.9711,7974.845024852887,0.8739248528872849,0.8739248528872849,7974.853833333333,7969.537666666666,5.316166666666504,50.0,0.9983430766945874,0.0016569233054126067,PREDICT,
Hf-186,72,114,186,VERY_HEAVY_A_GE_180,7964.3032,7964.499389768772,0.19618976877154637,0.19618976877154637,7964.508849999999,7958.799333333332,5.709516666667696,50.0,0.9983430766945874,0.0016569233054126067,PREDICT,
Hf-187,72,115,187,VERY_HEAVY_A_GE_180,7947.0,7945.457571741223,-1.5424282587773632,1.5424282587773632,7945.485549999999,7942.166666666666,3.3188833333333605,50.0,0.9915699782225356,0.008430021777464462,PREDICT,
Hf-188,72,116,188,VERY_HEAVY_A_GE_180,7936.0,7934.585910869539,-1.4140891304614343,1.4140891304614343,7934.6516,7930.5,4.151600000000144,50.0,0.9841773941464363,0.0158226058535637,PREDICT,
Hf-189,72,117,189,VERY_HEAVY_A_GE_180,7917.0,7919.776751328385,2.7767513283852168,2.7767513283852168,7920.0289,7912.5,7.528900000000249,50.0,0.9665092282253679,0.033490771774632014,PREDICT,
Hf-190,72,118,190,VERY_HEAVY_A_GE_180,7905.0,7907.6968,2.696799999999712,2.696799999999712,7907.6968,7898.0,9.696799999999712,,1.0,0.0,PREDICT,
Ta-155,73,82,155,HEAVY_100_TO_179,7858.0,7863.3958,5.395800000000236,5.395800000000236,7863.3958,7876.9118,13.515999999999622,,1.0,0.0,PREDICT,
Ta-156,73,83,156,HEAVY_100_TO_179,7872.0,7876.155524361629,4.155524361629432,4.155524361629432,7875.7296,7878.5,2.770400000000336,50.0,0.8462588934341168,0.15374110656588325,PREDICT,
Ta-157,73,84,157,HEAVY_100_TO_179,7896.0608,7893.601281574209,-2.4595184257914298,2.4595184257914298,7893.3629,7908.038916666667,14.676016666667238,52.34850290839312,0.9837570657200194,0.016242934279980505,PREDICT,
Ta-158,73,85,158,HEAVY_100_TO_179,7907.0,7905.329610597535,-1.6703894024649344,1.6703894024649344,7905.135200000001,7917.104133333332,11.968933333331734,52.34850290839312,0.9837570657200194,0.016242934279980505,PREDICT,
Ta-159,73,86,159,HEAVY_100_TO_179,7928.7258,7929.0429850281835,0.3171850281833031,0.3171850281833031,7929.02545,7941.103466666666,12.078016666665462,51.9593470315762,0.9985481864558057,0.001451813544194288,PREDICT,
Ta-160,73,87,160,HEAVY_100_TO_179,7938.2704,7937.743031606997,-0.5273683930035986,0.5273683930035986,7937.729166666665,7947.279249999999,9.550083333333532,51.9593470315762,0.9985481864558057,0.001451813544194288,PREDICT,
Ta-161,73,88,161,HEAVY_100_TO_179,7957.45,7957.242368350768,-0.20763164923209843,0.20763164923209843,7957.22495,7969.222599999998,11.99764999999843,51.9593470315762,0.9985481864558057,0.001451813544194288,PREDICT,
Ta-162,73,89,162,HEAVY_100_TO_179,7964.3432,7964.862143721287,0.5189437212866324,0.5189437212866324,7964.850233333333,7973.054033333332,8.203799999999319,51.9593470315762,0.9985481864558057,0.001451813544194288,PREDICT,
Ta-163,73,90,163,HEAVY_100_TO_179,7981.8905,7982.421125455128,0.5306254551278471,0.5306254551278471,7982.405266666666,7993.3287,10.923433333334287,51.9593470315762,0.9985481864558057,0.001451813544194288,PREDICT,
Ta-164,73,91,164,HEAVY_100_TO_179,7986.9978,7986.605835902583,-0.391964097417258,0.391964097417258,7986.593216666666,7995.285266666667,8.692050000000563,51.9593470315762,0.9985481864558057,0.001451813544194288,PREDICT,
Ta-165,73,92,165,HEAVY_100_TO_179,8003.0547,8002.448936365634,-0.6057636343657578,0.6057636343657578,8002.433316666666,8013.192066666665,10.758749999999054,51.9593470315762,0.9985481864558057,0.001451813544194288,PREDICT,
Ta-166,73,93,166,HEAVY_100_TO_179,8004.9714,8005.188924134897,0.2175241348968484,0.2175241348968484,8005.177716666668,8012.897349999999,7.7196333333313305,51.9593470315762,0.9985481864558057,0.001451813544194288,PREDICT,
Ta-167,73,94,167,HEAVY_100_TO_179,8018.8614,8019.075553499021,0.21415349902144953,0.21415349902144953,8019.061283333333,8028.890483333334,9.829200000000128,51.9593470315762,0.9985481864558057,0.001451813544194288,PREDICT,
Ta-168,73,95,168,HEAVY_100_TO_179,8019.4287,8019.406637924016,-0.02206207598464971,0.02206207598464971,8019.394699999999,8027.617466666665,8.222766666665848,51.9593470315762,0.9985481864558057,0.001451813544194288,PREDICT,
Ta-169,73,96,169,HEAVY_100_TO_179,8030.9577,8031.262600689889,0.30490068988910934,0.30490068988910934,8031.248583333332,8040.90365,9.655066666668063,51.9593470315762,0.9985481864558057,0.001451813544194288,PREDICT,
Ta-170,73,97,170,HEAVY_100_TO_179,8030.2965,8030.529532715216,0.23303271521581337,0.23303271521581337,8030.5188333333335,8037.888499999999,7.36966666666558,51.9593470315762,0.9985481864558057,0.001451813544194288,PREDICT,
Ta-171,73,98,171,HEAVY_100_TO_179,8039.7914,8039.477805764715,-0.31359423528465413,0.31359423528465413,8039.463966666665,8048.996249999998,9.532283333332998,51.9593470315762,0.9985481864558057,0.001451813544194288,PREDICT,
Ta-172,73,99,172,HEAVY_100_TO_179,8037.7056,8037.494101490832,-0.21149850916845025,0.21149850916845025,8037.482983333332,8045.141099999999,7.658116666666501,51.9593470315762,0.9985481864558057,0.001451813544194288,PREDICT,
Ta-173,73,100,173,HEAVY_100_TO_179,8044.065,8044.205995182679,0.14099518267903477,0.14099518267903477,8044.193566666668,8052.754250000001,8.560683333333145,51.9593470315762,0.9985481864558057,0.001451813544194288,PREDICT,
Ta-174,73,101,174,HEAVY_100_TO_179,8040.4528,8040.0463566301505,-0.40644336984951224,0.40644336984951224,8040.034716666667,8048.052250000001,8.017533333333631,51.9593470315762,0.9985481864558057,0.001451813544194288,PREDICT,
Ta-175,73,102,175,HEAVY_100_TO_179,8044.4456,8044.377864421549,-0.06773557845099276,0.06773557845099276,8044.366216666665,8052.389116666665,8.022899999999936,51.9593470315762,0.9985481864558057,0.001451813544194288,PREDICT,
Ta-176,73,103,176,HEAVY_100_TO_179,8038.6706,8039.711756698666,1.0411566986658727,1.0411566986658727,8039.7032,8045.597,5.893799999999828,51.9593470315762,0.9985481864558057,0.001451813544194288,PREDICT,
Ta-177,73,104,177,HEAVY_100_TO_179,8040.8289,8040.787532861926,-0.041367138074747345,0.041367138074747345,8040.776666666667,8048.261233333334,7.484566666666979,51.9593470315762,0.9985481864558057,0.001451813544194288,PREDICT,
Ta-178,73,105,178,HEAVY_100_TO_179,8035.0,8034.199121475276,-0.8008785247238848,0.8008785247238848,8034.190333333334,8040.24355,6.053216666666231,51.9593470315762,0.9985481864558057,0.001451813544194288,PREDICT,
Ta-179,73,106,179,HEAVY_100_TO_179,8033.5869,8034.300427369333,0.7135273693329509,0.7135273693329509,8034.291666666666,8040.325983333334,6.034316666668019,51.9593470315762,0.9985481864558057,0.001451813544194288,PREDICT,
Ta-180,73,107,180,VERY_HEAVY_A_GE_180,8025.8864,8026.358960474344,0.4725604743434815,0.4725604743434815,8026.35145,8030.884233333334,4.5327833333340095,50.0,0.9983430766945874,0.0016569233054126067,PREDICT,
Ta-181,73,108,181,VERY_HEAVY_A_GE_180,8023.405,8022.364676194218,-1.0403238057815543,1.0403238057815543,8022.352866666666,8029.4802500000005,7.127383333334365,50.0,0.9983430766945874,0.0016569233054126067,PREDICT,
Ta-182,73,109,182,VERY_HEAVY_A_GE_180,8012.6332,8011.963590892658,-0.6696091073417847,0.6696091073417847,8011.953983333333,8017.752416666666,5.798433333333378,50.0,0.9983430766945874,0.0016569233054126067,PREDICT,
Ta-183,73,110,183,VERY_HEAVY_A_GE_180,8006.74,8007.053981880133,0.3139818801328147,0.3139818801328147,8007.044466666666,8012.787166666665,5.742699999998877,50.0,0.9983430766945874,0.0016569233054126067,PREDICT,
Ta-184,73,111,184,VERY_HEAVY_A_GE_180,7993.7535,7994.006622334469,0.25312233446948085,0.25312233446948085,7993.9982,7999.081316666667,5.083116666666683,50.0,0.9983430766945874,0.0016569233054126067,PREDICT,
Ta-185,73,112,185,VERY_HEAVY_A_GE_180,7986.3615,7986.4106782683,0.049178268300238415,0.049178268300238415,7986.400700000001,7992.422866666666,6.022166666664816,50.0,0.9983430766945874,0.0016569233054126067,PREDICT,
Ta-186,73,113,186,VERY_HEAVY_A_GE_180,7971.8357,7972.071812782664,0.23611278266434965,0.23611278266434965,7972.0634666666665,7977.100583333331,5.037116666664588,50.0,0.9983430766945874,0.0016569233054126067,PREDICT,
Ta-187,73,114,187,VERY_HEAVY_A_GE_180,7963.2123,7963.29452592466,0.08222592465972411,0.08222592465972411,7963.284333333331,7969.435850000001,6.151516666669522,50.0,0.9983430766945874,0.0016569233054126067,PREDICT,
Ta-188,73,115,188,VERY_HEAVY_A_GE_180,7948.0,7947.9400099190125,-0.05999008098751801,0.05999008098751801,7947.931549999999,7953.03735,5.105800000000272,50.0,0.9983430766945874,0.0016569233054126067,PREDICT,
Ta-189,73,116,189,VERY_HEAVY_A_GE_180,7938.0,7937.925542943636,-0.07445705636382627,0.07445705636382627,7937.914616666667,7944.508933333333,6.594316666665691,50.0,0.9983430766945874,0.0016569233054126067,PREDICT,
Ta-190,73,117,190,VERY_HEAVY_A_GE_180,7922.0,7921.868819132092,-0.1311808679083697,0.1311808679083697,7921.860716666666,7926.750783333333,4.890066666666826,50.0,0.9983430766945874,0.0016569233054126067,PREDICT,
Ta-191,73,118,191,VERY_HEAVY_A_GE_180,7911.0,7910.563290423414,-0.4367095765855993,0.4367095765855993,7910.5,7914.5,4.0,50.0,0.9841773941464363,0.0158226058535637,PREDICT,
Ta-192,73,119,192,VERY_HEAVY_A_GE_180,7894.0,7893.5,-0.5,0.5,7893.5,7905.0,11.5,,1.0,0.0,PREDICT,
Ta-193,73,120,193,VERY_HEAVY_A_GE_180,7883.0,7884.0,1.0,1.0,7884.0,7897.0,13.0,,1.0,0.0,PREDICT,
Ta-194,73,121,194,VERY_HEAVY_A_GE_180,7865.0,7866.0,1.0,1.0,7866.0,7876.0,10.0,,1.0,0.0,PREDICT,
W-157,74,83,157,HEAVY_100_TO_179,7828.0,7833.0,5.0,5.0,7833.0,7815.0,18.0,,1.0,0.0,PREDICT,
W-158,74,84,158,HEAVY_100_TO_179,7855.0,7859.2624738119775,4.262473811977543,4.262473811977543,7861.757200000001,7845.5304,16.226800000001276,50.0,0.8462588934341168,0.15374110656588325,PREDICT,
W-159,74,85,159,HEAVY_100_TO_179,7867.0,7864.380885148613,-2.6191148513871667,2.6191148513871667,7864.5,7857.166666666667,7.33333333333303,52.34850290839312,0.9837570657200194,0.016242934279980505,PREDICT,
W-160,74,86,160,HEAVY_100_TO_179,7892.7893,7889.271225713355,-3.51807428664506,3.51807428664506,7889.4107,7880.823933333334,8.586766666666335,52.34850290839312,0.9837570657200194,0.016242934279980505,PREDICT,
W-161,74,87,161,HEAVY_100_TO_179,7901.0,7900.8614665958585,-0.13853340414152626,0.13853340414152626,7900.874466666665,7891.920099999999,8.95436666666592,51.9593470315762,0.9985481864558057,0.001451813544194288,PREDICT,
W-162,74,88,162,HEAVY_100_TO_179,7923.8214,7924.493566929472,0.6721669294720414,0.6721669294720414,7924.51135,7912.262483333333,12.2488666666668,51.9593470315762,0.9985481864558057,0.001451813544194288,PREDICT,
W-163,74,89,163,HEAVY_100_TO_179,7930.3043,7930.682942890598,0.37864289059780276,0.37864289059780276,7930.6961833333335,7921.57625,9.119933333333393,51.9593470315762,0.9985481864558057,0.001451813544194288,PREDICT,
W-164,74,90,164,HEAVY_100_TO_179,7951.4515,7951.340890141523,-0.11060985847689153,0.11060985847689153,7951.357333333332,7940.031366666666,11.325966666665408,51.9593470315762,0.9985481864558057,0.001451813544194288,PREDICT,
W-165,74,91,165,HEAVY_100_TO_179,7955.9704,7955.404590118244,-0.5658098817557402,0.5658098817557402,7955.416183333333,7947.430849999998,7.985333333334893,51.9593470315762,0.9985481864558057,0.001451813544194288,PREDICT,
W-166,74,92,166,HEAVY_100_TO_179,7974.8951,7974.779941784519,-0.1151582154807329,0.1151582154807329,7974.794533333333,7964.743966666667,10.050566666665873,51.9593470315762,0.9985481864558057,0.001451813544194288,PREDICT,
W-167,74,93,167,HEAVY_100_TO_179,7976.7045,7977.25751301426,0.553013014260614,0.553013014260614,7977.2689833333325,7969.368299999999,7.900683333333291,51.9593470315762,0.9985481864558057,0.001451813544194288,PREDICT,
W-168,74,94,168,HEAVY_100_TO_179,7993.9327,7993.943080876713,0.01038087671258836,0.01038087671258836,7993.957666666666,7983.911066666667,10.046599999999671,51.9593470315762,0.9985481864558057,0.001451813544194288,PREDICT,
W-169,74,95,169,HEAVY_100_TO_179,7994.5381,7994.151821975923,-0.38627802407700074,0.38627802407700074,7994.162849999999,7986.5668166666655,7.596033333333253,51.9593470315762,0.9985481864558057,0.001451813544194288,PREDICT,
W-170,74,96,170,HEAVY_100_TO_179,8008.9482,8009.032240753273,0.084040753273257,0.084040753273257,8009.0468833333325,7998.961166666666,10.085716666666485,51.9593470315762,0.9985481864558057,0.001451813544194288,PREDICT,
W-171,74,97,171,HEAVY_100_TO_179,8008.1158,8008.4333565671395,0.3175565671399454,0.3175565671399454,8008.44495,8000.459466666666,7.985483333333832,51.9593470315762,0.9985481864558057,0.001451813544194288,PREDICT,
W-172,74,98,172,HEAVY_100_TO_179,8020.1757,8020.115672068229,-0.060027931770491705,0.060027931770491705,8020.1293,8010.742466666665,9.386833333334835,51.9593470315762,0.9985481864558057,0.001451813544194288,PREDICT,
W-173,74,99,173,HEAVY_100_TO_179,8018.3337,8018.212659419265,-0.12104058073509805,0.12104058073509805,8018.223533333334,8010.733649999998,7.489883333335456,51.9593470315762,0.9985481864558057,0.001451813544194288,PREDICT,
W-174,74,100,174,HEAVY_100_TO_179,8027.2572,8027.145509534185,-0.11169046581471775,0.11169046581471775,8027.158099999998,8018.485866666665,8.67223333333277,51.9593470315762,0.9985481864558057,0.001451813544194288,PREDICT,
W-175,74,101,175,HEAVY_100_TO_179,8024.113,8023.669717384627,-0.4432826153733913,0.4432826153733913,8023.680083333333,8016.540083333333,7.139999999999418,51.9593470315762,0.9985481864558057,0.001451813544194288,PREDICT,
W-176,74,102,176,HEAVY_100_TO_179,8030.1131,8030.062216511296,-0.05088348870322079,0.05088348870322079,8030.073883333332,8022.03785,8.036033333331943,51.9593470315762,0.9985481864558057,0.001451813544194288,PREDICT,
W-177,74,103,177,HEAVY_100_TO_179,8025.0359,8025.538363437885,0.502463437885126,0.502463437885126,8025.54955,8017.844316666666,7.705233333334036,51.9593470315762,0.9985481864558057,0.001451813544194288,PREDICT,
W-178,74,104,178,HEAVY_100_TO_179,8029.2584,8029.431814224868,0.1734142248678836,0.1734142248678836,8029.443199999998,8021.60075,7.84244999999828,51.9593470315762,0.9985481864558057,0.001451813544194288,PREDICT,
W-179,74,105,179,HEAVY_100_TO_179,8023.2821,8023.242379771806,-0.039720228194710216,0.039720228194710216,8023.250799999999,8017.451000000001,5.799799999997958,51.9593470315762,0.9985481864558057,0.001451813544194288,PREDICT,
W-180,74,106,180,VERY_HEAVY_A_GE_180,8025.4434,8025.834900228478,0.3915002284775255,0.3915002284775255,8025.846866666666,8018.624783333332,7.222083333334012,50.0,0.9983430766945874,0.0016569233054126067,PREDICT,
W-181,74,107,181,VERY_HEAVY_A_GE_180,8017.9494,8018.070248878734,0.12084887873334083,0.12084887873334083,8018.079633333335,8012.41585,5.663783333334322,50.0,0.9983430766945874,0.0016569233054126067,PREDICT,
W-182,74,108,182,VERY_HEAVY_A_GE_180,8018.3096,8017.362234358364,-0.9473656416357699,0.9473656416357699,8017.3705666666665,8012.341783333333,5.028783333333195,50.0,0.9983430766945874,0.0016569233054126067,PREDICT,
W-183,74,109,183,VERY_HEAVY_A_GE_180,8008.3234,8007.49791574257,-0.8254842574306167,0.8254842574306167,8007.505316666668,8003.03865,4.466666666667152,50.0,0.9983430766945874,0.0016569233054126067,PREDICT,
W-184,74,110,184,VERY_HEAVY_A_GE_180,8005.0777,8005.514369583842,0.4366695838425585,0.4366695838425585,8005.525366666666,7998.888316666667,6.637049999998453,50.0,0.9983430766945874,0.0016569233054126067,PREDICT,
W-185,74,111,185,VERY_HEAVY_A_GE_180,7992.9083,7993.625422938981,0.7171229389805376,0.7171229389805376,7993.635233333333,7987.714383333332,5.920850000001337,50.0,0.9983430766945874,0.0016569233054126067,PREDICT,
W-186,74,112,186,VERY_HEAVY_A_GE_180,7988.6026,7988.441310198834,-0.16128980116627645,0.16128980116627645,7988.451816666667,7982.110866666666,6.340950000000703,50.0,0.9983430766945874,0.0016569233054126067,PREDICT,
W-187,74,113,187,VERY_HEAVY_A_GE_180,7975.1168,7974.637223799376,-0.4795762006233417,0.4795762006233417,7974.6456499999995,7969.5602,5.085449999999582,50.0,0.9983430766945874,0.0016569233054126067,PREDICT,
W-188,74,114,188,VERY_HEAVY_A_GE_180,7969.0532,7969.212678265439,0.15947826543833798,0.15947826543833798,7969.224183333333,7962.2805499999995,6.94363333333331,50.0,0.9983430766945874,0.0016569233054126067,PREDICT,
W-189,74,115,189,VERY_HEAVY_A_GE_180,7954.0,7954.374701099984,0.37470109998412227,0.37470109998412227,7954.383750000001,7948.922483333333,5.4612666666680525,50.0,0.9983430766945874,0.0016569233054126067,PREDICT,
W-190,74,116,190,VERY_HEAVY_A_GE_180,7947.5031,7947.4236279017605,-0.07947209823942103,0.07947209823942103,7947.435033333333,7940.551533333333,6.883499999999913,50.0,0.9983430766945874,0.0016569233054126067,PREDICT,
W-191,74,117,191,VERY_HEAVY_A_GE_180,7931.4359,7931.3049747325185,-0.13092526748187083,0.13092526748187083,7931.313866666667,7925.947333333333,5.366533333334701,50.0,0.9983430766945874,0.0016569233054126067,PREDICT,
W-192,74,118,192,VERY_HEAVY_A_GE_180,7924.0,7924.148204356751,0.1482043567511937,0.1482043567511937,7924.159866666667,7917.121333333333,7.0385333333342714,50.0,0.9983430766945874,0.0016569233054126067,PREDICT,
W-193,74,119,193,VERY_HEAVY_A_GE_180,7907.0,7907.1063378517065,0.1063378517064848,0.1063378517064848,7907.123933333332,7901.5,5.623933333332388,50.0,0.9968713210874217,0.003128678912578245,PREDICT,
W-194,74,120,194,VERY_HEAVY_A_GE_180,7899.0,7897.905064364879,-1.0949356351211463,1.0949356351211463,7898.0,7892.0,6.0,50.0,0.9841773941464363,0.0158226058535637,PREDICT,
W-195,74,121,195,VERY_HEAVY_A_GE_180,7881.0,7879.928798273659,-1.0712017263413145,1.0712017263413145,7880.0,7875.5,4.5,50.0,0.9841773941464363,0.0158226058535637,PREDICT,
W-196,74,122,196,VERY_HEAVY_A_GE_180,7872.0,7874.0,2.0,2.0,7874.0,7864.0,10.0,,1.0,0.0,PREDICT,
W-197,74,123,197,VERY_HEAVY_A_GE_180,7853.0,7855.0,2.0,2.0,7855.0,7848.0,7.0,,1.0,0.0,PREDICT,
Re-159,75,84,159,HEAVY_100_TO_179,7795.0,7801.7929,6.7929000000003725,6.7929000000003725,7801.7929,7813.9392,12.146299999999428,,1.0,0.0,PREDICT,
Re-160,75,85,160,HEAVY_100_TO_179,7810.0,7815.109481766439,5.109481766438876,5.109481766438876,7814.9477,7816.0,1.0523000000002867,50.0,0.8462588934341168,0.15374110656588325,PREDICT,
Re-161,75,86,161,HEAVY_100_TO_179,7836.3292,7833.167825595651,-3.1613744043488623,3.1613744043488623,7832.93275,7847.405233333333,14.472483333333003,52.34850290839312,0.9837570657200194,0.016242934279980505,PREDICT,
Re-162,75,87,162,HEAVY_100_TO_179,7848.0,7845.717201288009,-2.2827987119908357,2.2827987119908357,7845.52615,7857.2882666666665,11.76211666666677,52.34850290839312,0.9837570657200194,0.016242934279980505,PREDICT,
Re-163,75,88,163,HEAVY_100_TO_179,7870.8655,7871.249240800544,0.3837408005438192,0.3837408005438192,7871.232866666667,7882.511266666666,11.278399999999237,51.9593470315762,0.9985481864558057,0.001451813544194288,PREDICT,
Re-164,75,89,164,HEAVY_100_TO_179,7881.0523,7880.919172304286,-0.13312769571439276,0.13312769571439276,7880.905999999999,7889.978999999999,9.07300000000032,51.9593470315762,0.9985481864558057,0.001451813544194288,PREDICT,
Re-165,75,90,165,HEAVY_100_TO_179,7901.5201,7901.971739206655,0.4516392066552726,0.4516392066552726,7901.956083333333,7912.739750000001,10.783666666668069,51.9593470315762,0.9985481864558057,0.001451813544194288,PREDICT,
Re-166,75,91,166,HEAVY_100_TO_179,7909.6392,7910.291481623248,0.6522816232482,0.6522816232482,7910.280066666666,7918.142616666667,7.862550000000738,51.9593470315762,0.9985481864558057,0.001451813544194288,PREDICT,
Re-167,75,92,167,HEAVY_100_TO_179,7929.0,7928.579818447659,-0.42018155234109145,0.42018155234109145,7928.5645,7939.115750000001,10.551250000000437,51.9593470315762,0.9985481864558057,0.001451813544194288,PREDICT,
Re-168,75,93,168,HEAVY_100_TO_179,7935.1208,7934.296100111966,-0.824699888034047,0.824699888034047,7934.2844166666655,7942.331899999999,8.04748333333373,51.9593470315762,0.9985481864558057,0.001451813544194288,PREDICT,
Re-169,75,94,169,HEAVY_100_TO_179,7951.3963,7951.385351951949,-0.010948048051432124,0.010948048051432124,7951.370916666667,7961.313849999999,9.942933333331894,51.9593470315762,0.9985481864558057,0.001451813544194288,PREDICT,
Re-170,75,95,170,HEAVY_100_TO_179,7955.012,7955.532437588418,0.5204375884186447,0.5204375884186447,7955.522266666666,7962.527933333333,7.005666666666912,51.9593470315762,0.9985481864558057,0.001451813544194288,PREDICT,
Re-171,75,96,171,HEAVY_100_TO_179,7969.4131,7969.579972830047,0.16687283004739584,0.16687283004739584,7969.565933333334,7979.236249999999,9.670316666664803,51.9593470315762,0.9985481864558057,0.001451813544194288,PREDICT,
Re-172,75,97,172,HEAVY_100_TO_179,7971.846,7971.899888644984,0.053888644983999257,0.053888644983999257,7971.889016666668,7979.377566666666,7.488549999998213,51.9593470315762,0.9985481864558057,0.001451813544194288,PREDICT,
Re-173,75,98,173,HEAVY_100_TO_179,7983.9068,7984.063749283413,0.15694928341326886,0.15694928341326886,7984.050066666666,7993.474566666668,9.424500000001899,51.9593470315762,0.9985481864558057,0.001451813544194288,PREDICT,
Re-174,75,99,174,HEAVY_100_TO_179,7985.0944,7985.0275477134155,-0.0668522865844352,0.0668522865844352,7985.016199999998,7992.832433333333,7.8162333333348215,51.9593470315762,0.9985481864558057,0.001451813544194288,PREDICT,
Re-175,75,100,175,HEAVY_100_TO_179,7994.8168,7994.569695334734,-0.24710466526539676,0.24710466526539676,7994.556516666666,8003.633899999999,9.077383333333273,51.9593470315762,0.9985481864558057,0.001451813544194288,PREDICT,
Re-176,75,101,176,HEAVY_100_TO_179,7993.9707,7993.539918089495,-0.4307819105051749,0.4307819105051749,7993.528300000001,8001.530766666666,8.002466666664986,51.9593470315762,0.9985481864558057,0.001451813544194288,PREDICT,
Re-177,75,102,177,HEAVY_100_TO_179,8001.2229,8001.059295435802,-0.16360456419806724,0.16360456419806724,8001.047233333333,8009.355533333333,8.3083000000006,51.9593470315762,0.9985481864558057,0.001451813544194288,PREDICT,
Re-178,75,103,178,HEAVY_100_TO_179,7998.1576,7998.698059790825,0.54045979082548,0.54045979082548,7998.6884666666665,8005.296149999999,6.607683333332716,51.9593470315762,0.9985481864558057,0.001451813544194288,PREDICT,
Re-179,75,104,179,HEAVY_100_TO_179,8003.7666,8004.283626606851,0.5170266068507772,0.5170266068507772,8004.27305,8011.55815,7.285100000000057,51.9593470315762,0.9985481864558057,0.001451813544194288,PREDICT,
Re-180,75,105,180,VERY_HEAVY_A_GE_180,7999.9922,8000.079019909186,0.08681990918648808,0.08681990918648808,8000.068933333333,8006.156466666665,6.087533333332431,50.0,0.9983430766945874,0.0016569233054126067,PREDICT,
Re-181,75,106,181,VERY_HEAVY_A_GE_180,8004.1434,8004.489573764977,0.34617376497681107,0.34617376497681107,8004.4789666666675,8010.88065,6.401683333332585,50.0,0.9983430766945874,0.0016569233054126067,PREDICT,
Re-182,75,107,182,VERY_HEAVY_A_GE_180,7998.6264,7998.600837311008,-0.025562688992067706,0.025562688992067706,7998.5911166666665,8004.4578,5.86668333333364,50.0,0.9983430766945874,0.0016569233054126067,PREDICT,
Re-183,75,108,183,VERY_HEAVY_A_GE_180,8001.0101,7999.827494832494,-1.1826051675061535,1.1826051675061535,7999.815916666666,8006.803666666667,6.987750000000233,50.0,0.9983430766945874,0.0016569233054126067,PREDICT,
Re-184,75,109,184,VERY_HEAVY_A_GE_180,7992.7517,7992.1514102494875,-0.6002897505122746,0.6002897505122746,7992.141750000001,7997.971983333333,5.830233333332217,50.0,0.9983430766945874,0.0016569233054126067,PREDICT,
Re-185,75,110,185,VERY_HEAVY_A_GE_180,7991.0101,7991.658498990205,0.6483989902044414,0.6483989902044414,7991.649016666666,7997.371866666667,5.722850000001017,50.0,0.9983430766945874,0.0016569233054126067,PREDICT,
Re-186,75,111,186,VERY_HEAVY_A_GE_180,7981.2713,7981.607369515036,0.3360695150358879,0.3360695150358879,7981.599483333333,7986.359016666665,4.759533333332001,50.0,0.9983430766945874,0.0016569233054126067,PREDICT,
Re-187,75,112,187,VERY_HEAVY_A_GE_180,7977.9519,7977.7302876894655,-0.22161231053451047,0.22161231053451047,7977.718916666666,7984.581649999998,6.862733333332471,50.0,0.9983430766945874,0.0016569233054126067,PREDICT,
Re-188,75,113,188,VERY_HEAVY_A_GE_180,7966.7481,7966.875132674645,0.12703267464530654,0.12703267464530654,7966.866366666667,7972.156899999998,5.290533333331041,50.0,0.9983430766945874,0.0016569233054126067,PREDICT,
Re-189,75,114,189,VERY_HEAVY_A_GE_180,7961.8105,7962.127031275906,0.3165312759065273,0.3165312759065273,7962.115816666666,7968.88415,6.76833333333343,50.0,0.9983430766945874,0.0016569233054126067,PREDICT,
Re-190,75,115,190,VERY_HEAVY_A_GE_180,7949.7759,7949.622061606768,-0.15383839323203574,0.15383839323203574,7949.612783333334,7955.212483333334,5.599699999999757,50.0,0.9983430766945874,0.0016569233054126067,PREDICT,
Re-191,75,116,191,VERY_HEAVY_A_GE_180,7943.9588,7944.019017673082,0.060217673081751855,0.060217673081751855,7944.006883333332,7951.3303,7.323416666667981,50.0,0.9983430766945874,0.0016569233054126067,PREDICT,
Re-192,75,117,192,VERY_HEAVY_A_GE_180,7930.2389,7930.403073314779,0.16417331477896369,0.16417331477896369,7930.392583333332,7936.723583333333,6.3310000000010405,50.0,0.9983430766945874,0.0016569233054126067,PREDICT,
Re-193,75,118,193,VERY_HEAVY_A_GE_180,7923.9378,7923.517137902231,-0.4206620977683997,0.4206620977683997,7923.504116666666,7931.362799999999,7.85868333333292,50.0,0.9983430766945874,0.0016569233054126067,PREDICT,
Re-194,75,119,194,VERY_HEAVY_A_GE_180,7909.0,7909.0400713712415,0.040071371241538145,0.040071371241538145,7909.029949999999,7915.138483333332,6.108533333333071,50.0,0.9983430766945874,0.0016569233054126067,PREDICT,
Re-195,75,120,195,VERY_HEAVY_A_GE_180,7901.0,7901.643976548539,0.6439765485392854,0.6439765485392854,7901.632066666666,7908.8200166666675,7.187950000001365,50.0,0.9983430766945874,0.0016569233054126067,PREDICT,
Re-196,75,121,196,VERY_HEAVY_A_GE_180,7886.0,7885.0562001451835,-0.9437998548164614,0.9437998548164614,7885.0,7891.666666666666,6.66666666666606,50.0,0.9915699782225356,0.008430021777464462,PREDICT,
Re-197,75,122,197,VERY_HEAVY_A_GE_180,7877.0,7875.587024332195,-1.412975667804858,1.412975667804858,7875.5,7881.0,5.5,50.0,0.9841773941464363,0.0158226058535637,PREDICT,
Re-198,75,123,198,VERY_HEAVY_A_GE_180,7861.0,7863.016745385887,2.0167453858866793,2.0167453858866793,7863.0,7863.5,0.5,50.0,0.9665092282253679,0.033490771774632014,PREDICT,
Re-199,75,124,199,VERY_HEAVY_A_GE_180,7850.0,7853.0,3.0,3.0,7853.0,7864.0,11.0,,1.0,0.0,PREDICT,
Os-161,76,85,161,HEAVY_100_TO_179,7765.0,7771.0,6.0,6.0,7771.0,7753.0,18.0,,1.0,0.0,PREDICT,
Os-162,76,86,162,HEAVY_100_TO_179,7794.0,7797.955210793031,3.955210793031256,3.955210793031256,7800.2789,7785.1646,15.114300000000185,50.0,0.8462588934341168,0.15374110656588325,PREDICT,
Os-163,76,87,163,HEAVY_100_TO_179,7807.0,7803.90254239432,-3.097457605679665,3.097457605679665,7804.0,7798.0,6.0,52.34850290839312,0.9837570657200194,0.016242934279980505,PREDICT,
Os-164,76,88,164,HEAVY_100_TO_179,7833.308,7830.03218867171,-3.2758113282898194,3.2758113282898194,7830.16855,7821.773433333332,8.3951166666684,52.34850290839312,0.9837570657200194,0.016242934279980505,PREDICT,
Os-165,76,89,165,HEAVY_100_TO_179,7843.0,7842.909789461923,-0.0902105380773719,0.0902105380773719,7842.922766666667,7833.98415,8.938616666666348,51.9593470315762,0.9985481864558057,0.001451813544194288,PREDICT,
Os-166,76,90,166,HEAVY_100_TO_179,7866.3371,7866.961401829796,0.6243018297964227,0.6243018297964227,7866.978233333333,7855.3848,11.59343333333345,51.9593470315762,0.9985481864558057,0.001451813544194288,PREDICT,
Os-167,76,91,167,HEAVY_100_TO_179,7873.9557,7874.315406296795,0.359706296794684,0.359706296794684,7874.327983333332,7865.664999999999,8.662983333332704,51.9593470315762,0.9985481864558057,0.001451813544194288,PREDICT,
Os-168,76,92,168,HEAVY_100_TO_179,7895.9408,7895.7158578343415,-0.22494216565883107,0.22494216565883107,7895.730166666664,7885.874333333333,9.855833333331248,51.9593470315762,0.9985481864558057,0.001451813544194288,PREDICT,
Os-169,76,93,169,HEAVY_100_TO_179,7901.2862,7900.904842168818,-0.3813578311819583,0.3813578311819583,7900.916050000001,7893.196166666667,7.71988333333411,51.9593470315762,0.9985481864558057,0.001451813544194288,PREDICT,
Os-170,76,94,170,HEAVY_100_TO_179,7921.1258,7921.0878713239335,-0.03792867606625805,0.03792867606625805,7921.10245,7911.06075,10.041700000000674,51.9593470315762,0.9985481864558057,0.001451813544194288,PREDICT,
Os-171,76,95,171,HEAVY_100_TO_179,7924.1769,7924.421693830709,0.2447938307086588,0.2447938307086588,7924.4326833333325,7916.863183333334,7.569499999998698,51.9593470315762,0.9985481864558057,0.001451813544194288,PREDICT,
Os-172,76,96,172,HEAVY_100_TO_179,7942.1626,7942.24271802699,0.08011802699002146,0.08011802699002146,7942.256916666665,7932.476983333334,9.779933333331428,51.9593470315762,0.9985481864558057,0.001451813544194288,PREDICT,
Os-173,76,97,173,HEAVY_100_TO_179,7944.0341,7944.30536773612,0.2712677361205351,0.2712677361205351,7944.316983333334,7936.316233333331,8.000750000002881,51.9593470315762,0.9985481864558057,0.001451813544194288,PREDICT,
Os-174,76,98,174,HEAVY_100_TO_179,7959.4618,7959.499761691633,0.037961691632517613,0.037961691632517613,7959.514033333332,7949.683816666667,9.830216666665365,51.9593470315762,0.9985481864558057,0.001451813544194288,PREDICT,
Os-175,76,99,175,HEAVY_100_TO_179,7960.7294,7960.359341360336,-0.3700586396644212,0.3700586396644212,7960.370583333333,7952.627183333333,7.7434000000002925,51.9593470315762,0.9985481864558057,0.001451813544194288,PREDICT,
Os-176,76,100,176,HEAVY_100_TO_179,7972.8681,7972.640139752285,-0.22796024771469092,0.22796024771469092,7972.653116666666,7963.714699999999,8.938416666667763,51.9593470315762,0.9985481864558057,0.001451813544194288,PREDICT,
Os-177,76,101,177,HEAVY_100_TO_179,7972.4371,7972.22132426388,-0.21577573612012202,0.21577573612012202,7972.232466666666,7964.55765,7.674816666666629,51.9593470315762,0.9985481864558057,0.001451813544194288,PREDICT,
Os-178,76,102,178,HEAVY_100_TO_179,7981.9128,7981.979460771285,0.06666077128465986,0.06666077128465986,7981.9917166666655,7973.549933333333,8.44178333333275,51.9593470315762,0.9985481864558057,0.001451813544194288,PREDICT,
Os-179,76,103,179,HEAVY_100_TO_179,7979.4844,7979.608672739833,0.12427273983303166,0.12427273983303166,7979.61925,7972.333700000001,7.285549999998693,51.9593470315762,0.9985481864558057,0.001451813544194288,PREDICT,
Os-180,76,104,180,VERY_HEAVY_A_GE_180,7987.4171,7987.4901306792535,0.07303067925386131,0.07303067925386131,7987.503349999999,7979.525116666665,7.978233333334174,50.0,0.9983430766945874,0.0016569233054126067,PREDICT,
Os-181,76,105,181,VERY_HEAVY_A_GE_180,7983.4263,7984.0270267143,0.6007267142995261,0.6007267142995261,7984.038433333333,7977.154216666666,6.884216666667271,50.0,0.9983430766945874,0.0016569233054126067,PREDICT,
Os-182,76,106,182,VERY_HEAVY_A_GE_180,7989.7287,7989.926971485536,0.1982714855366794,0.1982714855366794,7989.939066666666,7982.639283333332,7.299783333333835,50.0,0.9983430766945874,0.0016569233054126067,PREDICT,
Os-183,76,107,183,VERY_HEAVY_A_GE_180,7985.0087,7984.267506793983,-0.7411932060176696,0.7411932060176696,7984.276366666665,7978.929183333334,5.347183333331486,50.0,0.9983430766945874,0.0016569233054126067,PREDICT,
Os-184,76,108,184,VERY_HEAVY_A_GE_180,7988.6778,7988.150576551917,-0.5272234480835323,0.5272234480835323,7988.160283333333,7982.301966666668,5.858316666664905,50.0,0.9983430766945874,0.0016569233054126067,PREDICT,
Os-185,76,109,185,VERY_HEAVY_A_GE_180,7981.3047,7981.445526743667,0.14082674366727588,0.14082674366727588,7981.4552,7975.6171166666645,5.838083333335817,50.0,0.9983430766945874,0.0016569233054126067,PREDICT,
Os-186,76,110,186,VERY_HEAVY_A_GE_180,7982.8324,7983.044382597839,0.21198259783886897,0.21198259783886897,7983.056699999999,7975.6228,7.433899999999085,50.0,0.9983430766945874,0.0016569233054126067,PREDICT,
Os-187,76,111,187,VERY_HEAVY_A_GE_180,7973.7814,7973.600141168904,-0.18125883109587448,0.18125883109587448,7973.608833333333,7968.362866666667,5.245966666665481,50.0,0.9983430766945874,0.0016569233054126067,PREDICT,
Os-188,76,112,188,VERY_HEAVY_A_GE_180,7973.8656,7973.745904433359,-0.11969556664098491,0.11969556664098491,7973.757433333333,7966.799416666667,6.958016666666481,50.0,0.9983430766945874,0.0016569233054126067,PREDICT,
Os-189,76,113,189,VERY_HEAVY_A_GE_180,7963.0029,7963.2941111373,0.291211137299797,0.291211137299797,7963.304016666666,7957.325749999998,5.978266666667878,50.0,0.9983430766945874,0.0016569233054126067,PREDICT,
Os-190,76,114,190,VERY_HEAVY_A_GE_180,7962.1047,7962.438943186457,0.3342431864575701,0.3342431864575701,7962.451799999999,7954.692349999999,7.7594499999995605,50.0,0.9983430766945874,0.0016569233054126067,PREDICT,
Os-191,76,115,191,VERY_HEAVY_A_GE_180,7950.5687,7950.918052123671,0.3493521236714514,0.3493521236714514,7950.928616666666,7944.552616666665,6.376000000001113,50.0,0.9983430766945874,0.0016569233054126067,PREDICT,
Os-192,76,116,192,VERY_HEAVY_A_GE_180,7948.526,7948.390088477804,-0.13591152219578362,0.13591152219578362,7948.402649999998,7940.821416666668,7.5812333333306015,50.0,0.9983430766945874,0.0016569233054126067,PREDICT,
Os-193,76,117,193,VERY_HEAVY_A_GE_180,7936.2716,7935.531883775128,-0.7397162248716995,0.7397162248716995,7935.541916666666,7929.486783333334,6.055133333332378,50.0,0.9983430766945874,0.0016569233054126067,PREDICT,
Os-194,76,118,194,VERY_HEAVY_A_GE_180,7932.0232,7931.807237476863,-0.2159625231370228,0.2159625231370228,7931.819949999999,7924.147583333334,7.672366666664857,50.0,0.9983430766945874,0.0016569233054126067,PREDICT,
Os-195,76,119,195,VERY_HEAVY_A_GE_180,7917.7449,7918.075542521315,0.33064252131498506,0.33064252131498506,7918.086283333334,7911.603899999999,6.4823833333348375,50.0,0.9983430766945874,0.0016569233054126067,PREDICT,
Os-196,76,120,196,VERY_HEAVY_A_GE_180,7912.2301,7912.081841794771,-0.14825820522855793,0.14825820522855793,7912.0944666666655,7904.4749999999985,7.619466666666995,50.0,0.9983430766945874,0.0016569233054126067,PREDICT,
Os-197,76,121,197,VERY_HEAVY_A_GE_180,7897.0,7896.942217742153,-0.05778225784706592,0.05778225784706592,7896.9513333333325,7891.449816666667,5.501516666665339,50.0,0.9983430766945874,0.0016569233054126067,PREDICT,
Os-198,76,122,198,VERY_HEAVY_A_GE_180,7890.0,7890.970641499905,0.9706414999045592,0.9706414999045592,7890.982866666667,7883.604633333333,7.37823333333381,50.0,0.9983430766945874,0.0016569233054126067,PREDICT,
Os-199,76,123,199,VERY_HEAVY_A_GE_180,7874.0,7875.366160091586,1.366160091585698,1.366160091585698,7875.3758499999985,7869.5277166666665,5.8481333333320435,50.0,0.9983430766945874,0.0016569233054126067,PREDICT,
Os-200,76,124,200,VERY_HEAVY_A_GE_180,7867.0,7864.42879827366,-2.571201726340405,2.571201726340405,7864.5,7860.0,4.5,50.0,0.9841773941464363,0.0158226058535637,PREDICT,
Os-201,76,125,201,VERY_HEAVY_A_GE_180,7849.0,7844.0,-5.0,5.0,7844.0,7843.0,1.0,,1.0,0.0,PREDICT,
Os-202,76,126,202,VERY_HEAVY_A_GE_180,7839.0,7844.0,5.0,5.0,7844.0,7831.0,13.0,,1.0,0.0,PREDICT,
Os-203,76,127,203,VERY_HEAVY_A_GE_180,7814.0,7824.0,10.0,10.0,7824.0,7810.0,14.0,,1.0,0.0,PREDICT,
Ir-163,77,86,163,HEAVY_100_TO_179,7734.0,7739.1746,5.174600000000282,5.174600000000282,7739.1746,7751.6708,12.49619999999959,,1.0,0.0,PREDICT,
Ir-164,77,87,164,HEAVY_100_TO_179,7750.0,7754.279918307577,4.279918307576736,4.279918307576736,7754.1491,7755.0,0.8509000000003653,50.0,0.8462588934341168,0.15374110656588325,PREDICT,
Ir-165,77,88,165,HEAVY_100_TO_179,7776.0,7773.950057707274,-2.049942292725973,2.049942292725973,7773.4127,7783.154,9.741300000000592,50.0,0.944837166777025,0.05516283322297499,PREDICT,
Ir-166,77,89,166,HEAVY_100_TO_179,7789.0,7787.102484447873,-1.897515552126606,1.897515552126606,7786.925450000001,7797.824616666667,10.899166666666133,52.34850290839312,0.9837570657200194,0.016242934279980505,PREDICT,
Ir-167,77,90,167,HEAVY_100_TO_179,7812.8254,7813.163364029611,0.3379640296116122,0.3379640296116122,7813.148016666667,7823.719183333333,10.571166666665704,51.9593470315762,0.9985481864558057,0.001451813544194288,PREDICT,
Ir-168,77,91,168,HEAVY_100_TO_179,7823.8509,7822.969224554598,-0.8816754454019247,0.8816754454019247,7822.956050000001,7832.0306,9.074549999999363,51.9593470315762,0.9985481864558057,0.001451813544194288,PREDICT,
Ir-169,77,92,169,HEAVY_100_TO_179,7845.5944,7845.213701449926,-0.38069855007415754,0.38069855007415754,7845.1986,7855.600383333333,10.401783333333697,51.9593470315762,0.9985481864558057,0.001451813544194288,PREDICT,
Ir-170,77,93,170,HEAVY_100_TO_179,7853.0,7854.247635978333,1.2476359783331645,1.2476359783331645,7854.236783333334,7861.712016666666,7.475233333332653,51.9593470315762,0.9985481864558057,0.001451813544194288,PREDICT,
Ir-171,77,94,171,HEAVY_100_TO_179,7873.4895,7873.999520429562,0.5100204295622461,0.5100204295622461,7873.985500000001,7883.642683333333,9.657183333331886,51.9593470315762,0.9985481864558057,0.001451813544194288,PREDICT,
Ir-172,77,95,172,HEAVY_100_TO_179,7880.2637,7879.137075719155,-1.1266242808451352,1.1266242808451352,7879.124616666667,7887.7063333333335,8.58171666666658,51.9593470315762,0.9985481864558057,0.001451813544194288,PREDICT,
Ir-173,77,96,173,HEAVY_100_TO_179,7898.068,7897.57729356291,-0.4907064370900116,0.4907064370900116,7897.562599999998,7907.683433333334,10.120833333335213,51.9593470315762,0.9985481864558057,0.001451813544194288,PREDICT,
Ir-174,77,97,174,HEAVY_100_TO_179,7902.0377,7902.959607563948,0.92190756394848,0.92190756394848,7902.950100000001,7909.498850000001,6.548749999999927,51.9593470315762,0.9985481864558057,0.001451813544194288,PREDICT,
Ir-175,77,98,175,HEAVY_100_TO_179,7917.9112,7918.311763849179,0.4005638491798891,0.4005638491798891,7918.2981500000005,7927.675283333334,9.377133333333404,51.9593470315762,0.9985481864558057,0.001451813544194288,PREDICT,
Ir-176,77,99,176,HEAVY_100_TO_179,7921.5522,7921.096787068261,-0.45541293173937447,0.45541293173937447,7921.084233333332,7929.7311666666665,8.646933333334346,51.9593470315762,0.9985481864558057,0.001451813544194288,PREDICT,
Ir-177,77,100,177,HEAVY_100_TO_179,7934.6328,7934.539062805248,-0.09373719475206599,0.09373719475206599,7934.525299999999,7944.005033333333,9.47973333333357,51.9593470315762,0.9985481864558057,0.001451813544194288,PREDICT,
Ir-178,77,101,178,HEAVY_100_TO_179,7936.563,7936.646882724385,0.08388272438514832,0.08388272438514832,7936.635183333334,7944.69365,8.05846666666639,51.9593470315762,0.9985481864558057,0.001451813544194288,PREDICT,
Ir-179,77,102,179,HEAVY_100_TO_179,7947.5248,7947.495783739075,-0.029016260925345705,0.029016260925345705,7947.4832,7956.150799999999,8.667599999999766,51.9593470315762,0.9985481864558057,0.001451813544194288,PREDICT,
Ir-180,77,103,180,VERY_HEAVY_A_GE_180,7947.6337,7947.525440939827,-0.10825906017362286,0.10825906017362286,7947.513299999999,7954.8407,7.327400000001035,50.0,0.9983430766945874,0.0016569233054126067,PREDICT,
Ir-181,77,104,181,VERY_HEAVY_A_GE_180,7956.5242,7956.515439681086,-0.008760318914028176,0.008760318914028176,7956.5023666666675,7964.3923,7.88993333333292,50.0,0.9983430766945874,0.0016569233054126067,PREDICT,
Ir-182,77,105,182,VERY_HEAVY_A_GE_180,7954.8948,7955.462983250994,0.5681832509935703,0.5681832509935703,7955.45355,7961.146783333333,5.6932333333325005,50.0,0.9983430766945874,0.0016569233054126067,PREDICT,
Ir-183,77,106,183,VERY_HEAVY_A_GE_180,7961.8176,7962.144018502553,0.3264185025527695,0.3264185025527695,7962.1322,7969.264999999999,7.132799999999406,50.0,0.9983430766945874,0.0016569233054126067,PREDICT,
Ir-184,77,107,184,VERY_HEAVY_A_GE_180,7959.1992,7958.225431068562,-0.9737689314379168,0.9737689314379168,7958.213916666667,7965.163183333332,6.949266666665608,50.0,0.9983430766945874,0.0016569233054126067,PREDICT,
Ir-185,77,108,185,VERY_HEAVY_A_GE_180,7963.7226,7962.91299868627,-0.809601313730127,0.809601313730127,7962.900266666667,7970.5844,7.684133333332284,50.0,0.9983430766945874,0.0016569233054126067,PREDICT,
Ir-186,77,109,186,VERY_HEAVY_A_GE_180,7958.0473,7958.942133223737,0.8948332237368959,0.8948332237368959,7958.934183333333,7963.732166666666,4.7979833333329225,50.0,0.9983430766945874,0.0016569233054126067,PREDICT,
Ir-187,77,110,187,VERY_HEAVY_A_GE_180,7960.6692,7961.518627668197,0.8494276681967676,0.8494276681967676,7961.507333333332,7968.323783333332,6.816450000000259,50.0,0.9983430766945874,0.0016569233054126067,PREDICT,
Ir-188,77,111,188,VERY_HEAVY_A_GE_180,7954.8512,7954.142714270415,-0.708485729584936,0.708485729584936,7954.132816666665,7960.1062999999995,5.973483333334116,50.0,0.9983430766945874,0.0016569233054126067,PREDICT,
Ir-189,77,112,189,VERY_HEAVY_A_GE_180,7956.0214,7955.558772678812,-0.4626273211879379,0.4626273211879379,7955.546200000001,7963.134166666667,7.587966666666034,50.0,0.9983430766945874,0.0016569233054126067,PREDICT,
Ir-190,77,113,190,VERY_HEAVY_A_GE_180,7947.7017,7948.1533835515465,0.4516835515469211,0.4516835515469211,7948.144766666665,7953.345300000001,5.200533333335443,50.0,0.9983430766945874,0.0016569233054126067,PREDICT,
Ir-191,77,114,191,VERY_HEAVY_A_GE_180,7948.1144,7948.517892229856,0.40349222985605593,0.40349222985605593,7948.506466666666,7955.402116666666,6.895650000000387,50.0,0.9983430766945874,0.0016569233054126067,PREDICT,
Ir-192,77,115,192,VERY_HEAVY_A_GE_180,7938.9999,7939.302627782596,0.3027277825958663,0.3027277825958663,7939.293483333334,7944.812416666667,5.518933333332825,50.0,0.9983430766945874,0.0016569233054126067,PREDICT,
Ir-193,77,116,193,VERY_HEAVY_A_GE_180,7938.1346,7937.862530523142,-0.2720694768586327,0.2720694768586327,7937.8499833333335,7945.422566666667,7.572583333333569,50.0,0.9983430766945874,0.0016569233054126067,PREDICT,
Ir-194,77,117,194,VERY_HEAVY_A_GE_180,7928.4885,7927.992696536203,-0.4958034637975288,0.4958034637975288,7927.982116666667,7934.367366666666,6.38524999999936,50.0,0.9983430766945874,0.0016569233054126067,PREDICT,
Ir-195,77,118,195,VERY_HEAVY_A_GE_180,7924.916,7924.882304163474,-0.033695836526021594,0.033695836526021594,7924.869766666668,7932.436499999998,7.566733333330376,50.0,0.9983430766945874,0.0016569233054126067,PREDICT,
Ir-196,77,119,196,VERY_HEAVY_A_GE_180,7914.1487,7914.167948477437,0.019248477437031397,0.019248477437031397,7914.1590166666665,7919.549616666667,5.3906000000006316,50.0,0.9983430766945874,0.0016569233054126067,PREDICT,
Ir-197,77,120,197,VERY_HEAVY_A_GE_180,7909.0003,7909.404019572211,0.4037195722112301,0.4037195722112301,7909.392633333333,7916.264550000001,6.8719166666678575,50.0,0.9983430766945874,0.0016569233054126067,PREDICT,
Ir-198,77,121,198,VERY_HEAVY_A_GE_180,7897.0,7897.525340336488,0.5253403364877158,0.5253403364877158,7897.517716666667,7902.118816666666,4.601099999998951,50.0,0.9983430766945874,0.0016569233054126067,PREDICT,
Ir-199,77,122,199,VERY_HEAVY_A_GE_180,7891.2066,7891.024841313775,-0.1817586862252938,0.1817586862252938,7891.0142,7897.436533333332,6.4223333333320625,50.0,0.9983430766945874,0.0016569233054126067,PREDICT,
Ir-200,77,123,200,VERY_HEAVY_A_GE_180,7878.0,7878.481174272488,0.48117427248780587,0.48117427248780587,7878.475216666666,7882.070799999999,3.5955833333327973,50.0,0.9983430766945874,0.0016569233054126067,PREDICT,
Ir-201,77,124,201,VERY_HEAVY_A_GE_180,7870.0,7871.813339499318,1.8133394993183174,1.8133394993183174,7871.804350000001,7877.229766666667,5.425416666666024,50.0,0.9983430766945874,0.0016569233054126067,PREDICT,
Ir-202,77,125,202,VERY_HEAVY_A_GE_180,7855.0,7850.618669543902,-4.381330456098112,4.381330456098112,7850.5,7858.0,7.5,50.0,0.9841773941464363,0.0158226058535637,PREDICT,
Ir-203,77,126,203,VERY_HEAVY_A_GE_180,7845.0,7837.681959967316,-7.318040032683712,7.318040032683712,7837.5,7849.0,11.5,50.0,0.9841773941464363,0.0158226058535637,PREDICT,
Ir-204,77,127,204,VERY_HEAVY_A_GE_180,7823.0,7831.7655645975765,8.765564597576486,8.765564597576486,7832.0,7825.0,7.0,50.0,0.9665092282253679,0.033490771774632014,PREDICT,
Ir-205,77,128,205,VERY_HEAVY_A_GE_180,7805.0,7820.0,15.0,15.0,7820.0,7816.0,4.0,,1.0,0.0,PREDICT,
Pt-165,78,87,165,HEAVY_100_TO_179,7703.0,7708.0,5.0,5.0,7708.0,7693.0,15.0,,1.0,0.0,PREDICT,
Pt-166,78,88,166,HEAVY_100_TO_179,7733.0,7739.006899999999,6.006899999999405,6.006899999999405,7739.006899999999,7718.692,20.314899999999398,,1.0,0.0,PREDICT,
Pt-167,78,89,167,HEAVY_100_TO_179,7746.0,7743.224185833886,-2.775814166114287,2.775814166114287,7743.5,7738.5,5.0,50.0,0.944837166777025,0.05516283322297499,PREDICT,
Pt-168,78,90,168,HEAVY_100_TO_179,7773.6217,7770.4944111618925,-3.1272888381072335,3.1272888381072335,7770.6182499999995,7762.994083333332,7.624166666667406,52.34850290839312,0.9837570657200194,0.016242934279980505,PREDICT,
Pt-169,78,91,169,HEAVY_100_TO_179,7784.0,7783.658930708709,-0.34106929129120545,0.34106929129120545,7783.670199999999,7775.907983333333,7.762216666666063,51.9593470315762,0.9985481864558057,0.001451813544194288,PREDICT,
Pt-170,78,92,170,HEAVY_100_TO_179,7808.2365,7808.71081545718,0.4743154571797277,0.4743154571797277,7808.726083333333,7798.209666666667,10.516416666666373,51.9593470315762,0.9985481864558057,0.001451813544194288,PREDICT,
Pt-171,78,93,171,HEAVY_100_TO_179,7816.6017,7816.99096360003,0.38926360003006266,0.38926360003006266,7817.003466666666,7808.391433333332,8.612033333333784,51.9593470315762,0.9985481864558057,0.001451813544194288,PREDICT,
Pt-172,78,94,172,HEAVY_100_TO_179,7839.246,7839.117121791723,-0.128878208277456,0.128878208277456,7839.13135,7829.331050000001,9.80029999999897,51.9593470315762,0.9985481864558057,0.001451813544194288,PREDICT,
Pt-173,78,95,173,HEAVY_100_TO_179,7845.3856,7844.657021920194,-0.7285780798056294,0.7285780798056294,7844.667266666666,7837.61075,7.056516666666539,51.9593470315762,0.9985481864558057,0.001451813544194288,PREDICT,
Pt-174,78,96,174,HEAVY_100_TO_179,7866.1143,7866.063825890982,-0.0504741090180687,0.0504741090180687,7866.078016666666,7856.3035,9.774516666666386,51.9593470315762,0.9985481864558057,0.001451813544194288,PREDICT,
Pt-175,78,97,175,HEAVY_100_TO_179,7869.5216,7870.692139304006,1.1705393040056151,1.1705393040056151,7870.703866666666,7862.626133333333,8.077733333332617,51.9593470315762,0.9985481864558057,0.001451813544194288,PREDICT,
Pt-176,78,98,176,HEAVY_100_TO_179,7888.9934,7889.093392069482,0.09999206948214123,0.09999206948214123,7889.107516666666,7879.378583333331,9.72893333333468,51.9593470315762,0.9985481864558057,0.001451813544194288,PREDICT,
Pt-177,78,99,177,HEAVY_100_TO_179,7892.4896,7891.86878659314,-0.6208134068601794,0.6208134068601794,7891.87955,7884.465783333332,7.41376666666747,51.9593470315762,0.9985481864558057,0.001451813544194288,PREDICT,
Pt-178,78,100,178,HEAVY_100_TO_179,7908.253,7908.222397975817,-0.03060202418237168,0.03060202418237168,7908.236266666667,7898.6835999999985,9.552666666668301,51.9593470315762,0.9985481864558057,0.001451813544194288,PREDICT,
Pt-179,78,101,179,HEAVY_100_TO_179,7910.6759,7910.589105869656,-0.08679413034406025,0.08679413034406025,7910.600766666665,7902.568883333333,8.03188333333128,51.9593470315762,0.9985481864558057,0.001451813544194288,PREDICT,
Pt-180,78,102,180,VERY_HEAVY_A_GE_180,7923.5781,7923.396795131817,-0.18130486818245117,0.18130486818245117,7923.411683333332,7914.426233333334,8.985449999998309,50.0,0.9983430766945874,0.0016569233054126067,PREDICT,
Pt-181,78,103,181,VERY_HEAVY_A_GE_180,7924.1271,7923.954497920254,-0.17260207974595687,0.17260207974595687,7923.966416666666,7916.773116666665,7.193300000000818,50.0,0.9983430766945874,0.0016569233054126067,PREDICT,
Pt-182,78,104,182,VERY_HEAVY_A_GE_180,7934.7541,7934.904205546037,0.15010554603668425,0.15010554603668425,7934.9182666666675,7926.431983333332,8.48628333333545,50.0,0.9983430766945874,0.0016569233054126067,PREDICT,
Pt-183,78,105,183,VERY_HEAVY_A_GE_180,7933.3406,7933.950938977089,0.6103389770887588,0.6103389770887588,7933.962366666665,7927.065433333333,6.896933333331617,50.0,0.9983430766945874,0.0016569233054126067,PREDICT,
Pt-184,78,106,184,VERY_HEAVY_A_GE_180,7942.5649,7942.449019727413,-0.11588027258767397,0.11588027258767397,7942.462199999999,7934.507533333334,7.954666666664707,50.0,0.9983430766945874,0.0016569233054126067,PREDICT,
Pt-185,78,107,185,VERY_HEAVY_A_GE_180,7939.7779,7938.743573206978,-1.0343267930220463,1.0343267930220463,7938.7517333333335,7933.826866666665,4.924866666668095,50.0,0.9983430766945874,0.0016569233054126067,PREDICT,
Pt-186,78,108,186,VERY_HEAVY_A_GE_180,7946.8094,7946.758294765309,-0.051105234691021906,0.051105234691021906,7946.770366666666,7939.484633333334,7.285733333331336,50.0,0.9983430766945874,0.0016569233054126067,PREDICT,
Pt-187,78,109,187,VERY_HEAVY_A_GE_180,7941.1699,7942.099225271052,0.9293252710522211,0.9293252710522211,7942.110183333332,7935.496683333332,6.613500000000386,50.0,0.9983430766945874,0.0016569233054126067,PREDICT,
Pt-188,78,110,188,VERY_HEAVY_A_GE_180,7947.9027,7948.013049327991,0.11034932799157104,0.11034932799157104,7948.026133333334,7940.129566666667,7.896566666666331,50.0,0.9983430766945874,0.0016569233054126067,PREDICT,
Pt-189,78,111,189,VERY_HEAVY_A_GE_180,7941.4045,7940.9963289285915,-0.4081710714081055,0.4081710714081055,7941.004299999999,7936.193533333333,4.810766666665586,50.0,0.9983430766945874,0.0016569233054126067,PREDICT,
Pt-190,78,112,190,VERY_HEAVY_A_GE_180,7946.4941,7946.459849340659,-0.03425065934061422,0.03425065934061422,7946.471433333333,7939.480166666666,6.991266666666888,50.0,0.9983430766945874,0.0016569233054126067,PREDICT,
Pt-191,78,113,191,VERY_HEAVY_A_GE_180,7938.7279,7938.831791876442,0.10389187644250342,0.10389187644250342,7938.84085,7933.374016666667,5.466833333332943,50.0,0.9983430766945874,0.0016569233054126067,PREDICT,
Pt-192,78,114,192,VERY_HEAVY_A_GE_180,7942.4923,7942.540153743979,0.047853743979430874,0.047853743979430874,7942.551999999998,7935.4024500000005,7.149549999997362,50.0,0.9983430766945874,0.0016569233054126067,PREDICT,
Pt-193,78,115,193,VERY_HEAVY_A_GE_180,7933.7875,7933.948942633526,0.1614426335254393,0.1614426335254393,7933.957949999999,7928.521750000001,5.43619999999828,50.0,0.9983430766945874,0.0016569233054126067,PREDICT,
Pt-194,78,116,194,VERY_HEAVY_A_GE_180,7935.942,7935.89599067521,-0.046009324790247774,0.046009324790247774,7935.907116666667,7929.192266666666,6.714850000001206,50.0,0.9983430766945874,0.0016569233054126067,PREDICT,
Pt-195,78,117,195,VERY_HEAVY_A_GE_180,7926.553,7926.326274863902,-0.22672513609813905,0.22672513609813905,7926.334433333334,7921.410566666666,4.923866666667891,50.0,0.9983430766945874,0.0016569233054126067,PREDICT,
Pt-196,78,118,196,VERY_HEAVY_A_GE_180,7926.5297,7926.435944054195,-0.09375594580524194,0.09375594580524194,7926.446983333332,7919.784466666666,6.662516666666306,50.0,0.9983430766945874,0.0016569233054126067,PREDICT,
Pt-197,78,119,197,VERY_HEAVY_A_GE_180,7915.9714,7915.958146867681,-0.013253132319732686,0.013253132319732686,7915.965866666667,7911.306749999999,4.659116666668524,50.0,0.9983430766945874,0.0016569233054126067,PREDICT,
Pt-198,78,120,198,VERY_HEAVY_A_GE_180,7914.1512,7914.224063714792,0.07286371479131049,0.07286371479131049,7914.235049999999,7907.604516666667,6.630533333332096,50.0,0.9983430766945874,0.0016569233054126067,PREDICT,
Pt-199,78,121,199,VERY_HEAVY_A_GE_180,7902.3011,7902.270647619078,-0.030452380921815347,0.030452380921815347,7902.277900000001,7897.900883333333,4.377016666668169,50.0,0.9983430766945874,0.0016569233054126067,PREDICT,
Pt-200,78,122,200,VERY_HEAVY_A_GE_180,7899.1986,7899.542445528272,0.34384552827214065,0.34384552827214065,7899.553116666666,7893.112783333333,6.440333333333001,50.0,0.9983430766945874,0.0016569233054126067,PREDICT,
Pt-201,78,123,201,VERY_HEAVY_A_GE_180,7885.8337,7887.530251630456,1.6965516304562698,1.6965516304562698,7887.538833333332,7882.359533333332,5.179299999999785,50.0,0.9983430766945874,0.0016569233054126067,PREDICT,
Pt-202,78,124,202,VERY_HEAVY_A_GE_180,7881.5609,7883.094019534105,1.533119534105026,1.533119534105026,7883.1071999999995,7875.152416666666,7.95478333333358,50.0,0.9983430766945874,0.0016569233054126067,PREDICT,
Pt-203,78,125,203,VERY_HEAVY_A_GE_180,7867.0,7864.666824820427,-2.333175179573118,2.333175179573118,7864.672283333333,7861.377916666666,3.294366666666974,50.0,0.9983430766945874,0.0016569233054126067,PREDICT,
Pt-204,78,126,204,VERY_HEAVY_A_GE_180,7859.0,7854.503297683497,-4.496702316502706,4.496702316502706,7854.5075,7851.971283333333,2.536216666666405,50.0,0.9983430766945874,0.0016569233054126067,PREDICT,
Pt-205,78,127,205,VERY_HEAVY_A_GE_180,7836.0,7831.996331254523,-4.003668745476716,4.003668745476716,7832.0,7831.5648,0.4351999999998952,50.0,0.9915699782225356,0.008430021777464462,PREDICT,
Pt-206,78,128,206,VERY_HEAVY_A_GE_180,7820.0,7819.420886970733,-0.5791130292673188,0.5791130292673188,7819.5,7814.5,5.0,50.0,0.9841773941464363,0.0158226058535637,PREDICT,
Pt-207,78,129,207,VERY_HEAVY_A_GE_180,7797.0,7805.0,8.0,8.0,7805.0,7793.0,12.0,,1.0,0.0,PREDICT,
Pt-208,78,130,208,VERY_HEAVY_A_GE_180,7780.0,7781.0,1.0,1.0,7781.0,7773.0,8.0,,1.0,0.0,PREDICT,
Au-168,79,89,168,HEAVY_100_TO_179,7688.0,7693.8413,5.841300000000047,5.841300000000047,7693.8413,7703.0,9.158699999999953,,1.0,0.0,PREDICT,
Au-169,79,90,169,HEAVY_100_TO_179,7716.0,7720.337501199346,4.337501199345752,4.337501199345752,7719.978999999999,7722.31085,2.331850000000486,50.0,0.8462588934341168,0.15374110656588325,PREDICT,
Au-170,79,91,170,HEAVY_100_TO_179,7730.0,7727.516275494968,-2.4837245050321144,2.4837245050321144,7727.07935,7735.0,7.920650000000023,50.0,0.944837166777025,0.05516283322297499,PREDICT,
Au-171,79,92,171,HEAVY_100_TO_179,7754.1069,7752.603056341837,-1.5038436581626229,1.5038436581626229,7752.1174,7760.92145,8.804049999999734,50.0,0.944837166777025,0.05516283322297499,PREDICT,
Au-172,79,93,172,HEAVY_100_TO_179,7766.1587,7765.795118226159,-0.3635817738413607,0.3635817738413607,7765.769383333332,7770.80085,5.0314666666672565,50.0,0.9948852105099132,0.005114789490086845,PREDICT,
Au-173,79,94,173,HEAVY_100_TO_179,7788.2348,7787.857711845586,-0.37708815441419574,0.37708815441419574,7787.823483333332,7794.51555,6.692066666668325,50.0,0.9948852105099132,0.005114789490086845,PREDICT,
Au-174,79,95,174,HEAVY_100_TO_179,7797.0,7797.806339382046,0.806339382045735,0.806339382045735,7797.795833333334,7805.032333333333,7.236499999999069,51.9593470315762,0.9985481864558057,0.001451813544194288,PREDICT,
Au-175,79,96,175,HEAVY_100_TO_179,7817.5939,7818.1209572676225,0.5270572676226948,0.5270572676226948,7818.107349999998,7827.479949999999,9.372600000000602,51.9593470315762,0.9985481864558057,0.001451813544194288,PREDICT,
Au-176,79,97,176,HEAVY_100_TO_179,7825.3837,7824.8610661675975,-0.5226338324027893,0.5226338324027893,7824.850049999999,7832.437916666666,7.587866666666741,51.9593470315762,0.9985481864558057,0.001451813544194288,PREDICT,
Au-177,79,98,177,HEAVY_100_TO_179,7843.8623,7843.490064034654,-0.3722359653456806,0.3722359653456806,7843.47575,7853.335166666666,9.85941666666622,51.9593470315762,0.9985481864558057,0.001451813544194288,PREDICT,
Au-178,79,99,178,HEAVY_100_TO_179,7849.3946,7849.771882490924,0.37728249092469923,0.37728249092469923,7849.7613666666675,7857.0046,7.243233333332682,51.9593470315762,0.9985481864558057,0.001451813544194288,PREDICT,
Au-179,79,100,179,HEAVY_100_TO_179,7865.6374,7865.786032451597,0.14863245159722283,0.14863245159722283,7865.772416666667,7875.150883333333,9.3784666666661,51.9593470315762,0.9985481864558057,0.001451813544194288,PREDICT,
Au-180,79,101,180,VERY_HEAVY_A_GE_180,7870.3194,7870.175923799117,-0.14347620088301483,0.14347620088301483,7870.162799999999,7878.083383333334,7.920583333334434,50.0,0.9983430766945874,0.0016569233054126067,PREDICT,
Au-181,79,102,181,VERY_HEAVY_A_GE_180,7883.8359,7883.932643207242,0.09674320724207064,0.09674320724207064,7883.917316666666,7893.167316666667,9.25000000000091,50.0,0.9983430766945874,0.0016569233054126067,PREDICT,
Au-182,79,103,182,VERY_HEAVY_A_GE_180,7887.2442,7887.199142822906,-0.045057177094349754,0.045057177094349754,7887.186816666667,7894.625999999998,7.43918333333113,50.0,0.9983430766945874,0.0016569233054126067,PREDICT,
Au-183,79,104,183,VERY_HEAVY_A_GE_180,7898.5644,7898.354634192605,-0.20976580739534256,0.20976580739534256,7898.33965,7907.3830333333335,9.043383333333622,50.0,0.9983430766945874,0.0016569233054126067,PREDICT,
Au-184,79,105,184,VERY_HEAVY_A_GE_180,7900.1947,7900.354778905565,0.1600789055646601,0.1600789055646601,7900.34455,7906.517983333335,6.173433333335197,50.0,0.9983430766945874,0.0016569233054126067,PREDICT,
Au-185,79,106,185,VERY_HEAVY_A_GE_180,7909.441,7909.707927332423,0.2669273324236201,0.2669273324236201,7909.693883333332,7918.169833333334,8.47595000000183,50.0,0.9983430766945874,0.0016569233054126067,PREDICT,
Au-186,79,107,186,VERY_HEAVY_A_GE_180,7909.5409,7908.963834859668,-0.577065140331797,0.577065140331797,7908.9524833333335,7915.803449999999,6.850966666665954,50.0,0.9983430766945874,0.0016569233054126067,PREDICT,
Au-187,79,108,187,VERY_HEAVY_A_GE_180,7917.4323,7917.092076351299,-0.34022364870179445,0.34022364870179445,7917.078016666666,7925.563433333333,8.485416666666424,50.0,0.9983430766945874,0.0016569233054126067,PREDICT,
Au-188,79,109,188,VERY_HEAVY_A_GE_180,7914.7537,7915.543618326207,0.7899183262070437,0.7899183262070437,7915.533933333333,7921.3791,5.845166666666955,50.0,0.9983430766945874,0.0016569233054126067,PREDICT,
Au-189,79,110,189,VERY_HEAVY_A_GE_180,7921.9876,7922.488150234842,0.5005502348412847,0.5005502348412847,7922.475166666666,7930.311116666666,7.835949999999684,50.0,0.9983430766945874,0.0016569233054126067,PREDICT,
Au-190,79,111,190,VERY_HEAVY_A_GE_180,7918.8345,7918.5295086531205,-0.30499134687943297,0.30499134687943297,7918.518783333333,7924.991816666666,6.473033333332751,50.0,0.9983430766945874,0.0016569233054126067,PREDICT,
Au-191,79,112,191,VERY_HEAVY_A_GE_180,7924.6819,7924.312917273535,-0.36898272646430996,0.36898272646430996,7924.299916666665,7932.14615,7.846233333334567,50.0,0.9983430766945874,0.0016569233054126067,PREDICT,
Au-192,79,113,192,VERY_HEAVY_A_GE_180,7920.1033,7920.1473641739885,0.04406417398877238,0.04406417398877238,7920.137766666665,7925.930133333333,5.792366666668386,50.0,0.9983430766945874,0.0016569233054126067,PREDICT,
Au-193,79,114,193,VERY_HEAVY_A_GE_180,7924.1648,7924.444585499044,0.27978549904401007,0.27978549904401007,7924.432733333332,7931.5858499999995,7.153116666667302,50.0,0.9983430766945874,0.0016569233054126067,PREDICT,
Au-194,79,115,194,VERY_HEAVY_A_GE_180,7918.7744,7918.7478518517455,-0.02654814825473295,0.02654814825473295,7918.738733333334,7924.242016666667,5.5032833333334565,50.0,0.9983430766945874,0.0016569233054126067,PREDICT,
Au-195,79,116,195,VERY_HEAVY_A_GE_180,7921.3778,7921.287999293158,-0.08980070684265229,0.08980070684265229,7921.276433333332,7928.256816666667,6.98038333333534,50.0,0.9983430766945874,0.0016569233054126067,PREDICT,
Au-196,79,117,196,VERY_HEAVY_A_GE_180,7914.8553,7915.137418873188,0.2821188731877555,0.2821188731877555,7915.1287999999995,7920.330533333334,5.201733333334232,50.0,0.9983430766945874,0.0016569233054126067,PREDICT,
Au-197,79,118,197,VERY_HEAVY_A_GE_180,7915.6548,7915.6647399742005,0.009939974200278812,0.009939974200278812,7915.653799999999,7922.256383333334,6.602583333335133,50.0,0.9983430766945874,0.0016569233054126067,PREDICT,
Au-198,79,119,198,VERY_HEAVY_A_GE_180,7908.5675,7908.126093974567,-0.4414060254330252,0.4414060254330252,7908.117133333331,7913.525133333334,5.408000000003085,50.0,0.9983430766945874,0.0016569233054126067,PREDICT,
Au-199,79,120,199,VERY_HEAVY_A_GE_180,7906.9379,7906.856925264556,-0.08097473544421518,0.08097473544421518,7906.8462,7913.319199999999,6.472999999999047,50.0,0.9983430766945874,0.0016569233054126067,PREDICT,
Au-200,79,121,200,VERY_HEAVY_A_GE_180,7898.4915,7899.181630035756,0.6901300357558284,0.6901300357558284,7899.175783333334,7902.704433333332,3.528649999998379,50.0,0.9983430766945874,0.0016569233054126067,PREDICT,
Au-201,79,122,201,VERY_HEAVY_A_GE_180,7895.1752,7895.93479904222,0.7595990422205432,0.7595990422205432,7895.9261333333325,7901.156133333333,5.230000000000473,50.0,0.9983430766945874,0.0016569233054126067,PREDICT,
Au-202,79,123,202,VERY_HEAVY_A_GE_180,7885.91,7886.238010940397,0.3280109403967799,0.3280109403967799,7886.233083333333,7889.207033333334,2.973950000001423,50.0,0.9983430766945874,0.0016569233054126067,PREDICT,
Au-203,79,124,203,VERY_HEAVY_A_GE_180,7880.865,7881.635508653382,0.7705086533824215,0.7705086533824215,7881.627149999998,7886.671833333334,5.0446833333353425,50.0,0.9983430766945874,0.0016569233054126067,PREDICT,
Au-204,79,125,204,VERY_HEAVY_A_GE_180,7868.0,7867.035260306372,-0.964739693627962,0.964739693627962,7867.024749999999,7873.368016666666,6.34326666666766,50.0,0.9983430766945874,0.0016569233054126067,PREDICT,
Au-205,79,126,205,VERY_HEAVY_A_GE_180,7860.0,7856.398089028154,-3.601910971846337,3.601910971846337,7856.3808,7866.815216666666,10.434416666666039,50.0,0.9983430766945874,0.0016569233054126067,PREDICT,
Au-206,79,127,206,VERY_HEAVY_A_GE_180,7840.0,7839.024436537224,-0.9755634627763357,0.9755634627763357,7839.014999999999,7844.710216666666,5.6952166666669655,50.0,0.9983430766945874,0.0016569233054126067,PREDICT,
Au-207,79,128,207,VERY_HEAVY_A_GE_180,7824.0,7823.056716765018,-0.9432832349821183,0.9432832349821183,7823.0,7829.72795,6.727950000000419,50.0,0.9915699782225356,0.008430021777464462,PREDICT,
Au-208,79,129,208,VERY_HEAVY_A_GE_180,7803.0,7802.0474678175615,-0.9525321824385173,0.9525321824385173,7802.0,7805.0,3.0,50.0,0.9841773941464363,0.0158226058535637,PREDICT,
Au-209,79,130,209,VERY_HEAVY_A_GE_180,7786.0,7788.050236157662,2.050236157661857,2.050236157661857,7788.0,7789.5,1.5,50.0,0.9665092282253679,0.033490771774632014,PREDICT,
Au-210,79,131,210,VERY_HEAVY_A_GE_180,7764.0,7766.0,2.0,2.0,7766.0,7774.0,8.0,,1.0,0.0,PREDICT,
Hg-170,80,90,170,HEAVY_100_TO_179,7671.0,7677.427699999999,6.427699999999277,6.427699999999277,7677.427699999999,7658.3783,19.04939999999897,,1.0,0.0,PREDICT,
Hg-171,80,91,171,HEAVY_100_TO_179,7686.0,7690.7866,4.786600000000362,4.786600000000362,7690.7866,7676.0,14.786600000000362,,1.0,0.0,PREDICT,
Hg-172,80,92,172,HEAVY_100_TO_179,7713.6064,7710.3925500000005,-3.2138499999991836,3.2138499999991836,7710.3925500000005,7699.9773,10.415250000000924,,1.0,0.0,PREDICT,
Hg-173,80,93,173,HEAVY_100_TO_179,7725.0,7722.6067,-2.3932999999997264,2.3932999999997264,7722.6067,7715.7157,6.891000000000531,,1.0,0.0,PREDICT,
Hg-174,80,94,174,HEAVY_100_TO_179,7749.7851,7750.453483333333,0.6683833333327129,0.6683833333327129,7750.453483333333,7737.2236,13.22988333333251,,1.0,0.0,PREDICT,
Hg-175,80,95,175,HEAVY_100_TO_179,7759.2134,7759.516386225808,0.3029862258081266,0.3029862258081266,7759.552616666668,7752.46915,7.083466666667846,50.0,0.9948852105099132,0.005114789490086845,PREDICT,
Hg-176,80,96,176,HEAVY_100_TO_179,7782.664,7782.464845958203,-0.1991540417966462,0.1991540417966462,7782.477616666667,7773.681233333333,8.796383333334234,51.9593470315762,0.9985481864558057,0.001451813544194288,PREDICT,
Hg-177,80,97,177,HEAVY_100_TO_179,7789.8947,7789.527473589017,-0.36722641098276654,0.36722641098276654,7789.5378,7782.425033333333,7.112766666667085,51.9593470315762,0.9985481864558057,0.001451813544194288,PREDICT,
Hg-178,80,98,178,HEAVY_100_TO_179,7811.3607,7811.377478191163,0.016778191163211886,0.016778191163211886,7811.390449999999,7802.455549999999,8.934900000000198,51.9593470315762,0.9985481864558057,0.001451813544194288,PREDICT,
Hg-179,80,99,179,HEAVY_100_TO_179,7816.2631,7816.60522378682,0.34212378681968403,0.34212378681968403,7816.615616666666,7809.457066666666,7.158550000000105,51.9593470315762,0.9985481864558057,0.001451813544194288,PREDICT,
Hg-180,80,100,180,VERY_HEAVY_A_GE_180,7836.1111,7836.039970193659,-0.07112980634065025,0.07112980634065025,7836.053966666666,7827.6067,8.44726666666611,50.0,0.9983430766945874,0.0016569233054126067,PREDICT,
Hg-181,80,101,181,VERY_HEAVY_A_GE_180,7839.6792,7839.683193778954,0.003993778954281879,0.003993778954281879,7839.695433333334,7832.308516666668,7.386916666666366,50.0,0.9983430766945874,0.0016569233054126067,PREDICT,
Hg-182,80,102,182,VERY_HEAVY_A_GE_180,7856.9726,7857.020196040104,0.04759604010359908,0.04759604010359908,7857.034133333333,7848.622583333334,8.411549999998897,50.0,0.9983430766945874,0.0016569233054126067,PREDICT,
Hg-183,80,103,183,VERY_HEAVY_A_GE_180,7859.3885,7858.925274349284,-0.46322565071568533,0.46322565071568533,7858.936599999999,7852.101250000001,6.835349999998471,50.0,0.9983430766945874,0.0016569233054126067,PREDICT,
Hg-184,80,104,184,VERY_HEAVY_A_GE_180,7874.3454,7874.284262484841,-0.061137515159316536,0.061137515159316536,7874.2978833333345,7866.077316666667,8.220566666667764,50.0,0.9983430766945874,0.0016569233054126067,PREDICT,
Hg-185,80,105,185,VERY_HEAVY_A_GE_180,7874.5391,7874.808604656945,0.26950465694517334,0.26950465694517334,7874.8196,7868.183599999999,6.636000000000422,50.0,0.9983430766945874,0.0016569233054126067,PREDICT,
Hg-186,80,106,186,VERY_HEAVY_A_GE_180,7888.2605,7888.240988485506,-0.019511514494297444,0.019511514494297444,7888.254599999998,7880.039666666665,8.214933333333647,50.0,0.9983430766945874,0.0016569233054126067,PREDICT,
Hg-187,80,107,187,VERY_HEAVY_A_GE_180,7886.9905,7887.096827849744,0.10632784974404785,0.10632784974404785,7887.107416666666,7880.716766666666,6.3906499999993684,50.0,0.9983430766945874,0.0016569233054126067,PREDICT,
Hg-188,80,108,188,VERY_HEAVY_A_GE_180,7899.034,7899.103392222488,0.06939222248820442,0.06939222248820442,7899.116600000001,7891.145333333334,7.971266666667361,50.0,0.9983430766945874,0.0016569233054126067,PREDICT,
Hg-189,80,109,189,VERY_HEAVY_A_GE_180,7896.9192,7896.763974962053,-0.15522503794727527,0.15522503794727527,7896.775116666666,7890.050783333333,6.724333333332652,50.0,0.9983430766945874,0.0016569233054126067,PREDICT,
Hg-190,80,110,190,VERY_HEAVY_A_GE_180,7907.0174,7906.910947521522,-0.10645247847787687,0.10645247847787687,7906.924083333333,7898.99625,7.927833333333183,50.0,0.9983430766945874,0.0016569233054126067,PREDICT,
Hg-191,80,111,191,VERY_HEAVY_A_GE_180,7903.8002,7903.852536174452,0.052336174452648265,0.052336174452648265,7903.863383333332,7897.316816666666,6.546566666665967,50.0,0.9983430766945874,0.0016569233054126067,PREDICT,
Hg-192,80,112,192,VERY_HEAVY_A_GE_180,7912.0666,7912.163477906343,0.09687790634325211,0.09687790634325211,7912.1758666666665,7904.698899999999,7.476966666667067,50.0,0.9983430766945874,0.0016569233054126067,PREDICT,
Hg-193,80,113,193,VERY_HEAVY_A_GE_180,7907.973,7907.8624220276715,-0.11057797232842859,0.11057797232842859,7907.872233333333,7901.950833333332,5.921400000000176,50.0,0.9983430766945874,0.0016569233054126067,PREDICT,
Hg-194,80,114,194,VERY_HEAVY_A_GE_180,7914.5974,7914.517306885346,-0.08009311465320934,0.08009311465320934,7914.5293,7907.291116666666,7.238183333333836,50.0,0.9983430766945874,0.0016569233054126067,PREDICT,
Hg-195,80,115,195,VERY_HEAVY_A_GE_180,7909.398,7909.552759596621,0.15475959662126115,0.15475959662126115,7909.562199999999,7903.8646499999995,5.697549999999865,50.0,0.9983430766945874,0.0016569233054126067,PREDICT,
Hg-196,80,116,196,VERY_HEAVY_A_GE_180,7914.37,7914.428503770591,0.05850377059141465,0.05850377059141465,7914.440033333334,7907.481616666666,6.9584166666681995,50.0,0.9983430766945874,0.0016569233054126067,PREDICT,
Hg-197,80,117,197,VERY_HEAVY_A_GE_180,7908.6402,7908.853028826289,0.21282882628929656,0.21282882628929656,7908.86265,7903.0560000000005,5.806649999999536,50.0,0.9983430766945874,0.0016569233054126067,PREDICT,
Hg-198,80,118,198,VERY_HEAVY_A_GE_180,7911.5532,7911.591418589687,0.03821858968694869,0.03821858968694869,7911.602416666665,7904.964766666666,6.637649999998757,50.0,0.9983430766945874,0.0016569233054126067,PREDICT,
Hg-199,80,119,199,VERY_HEAVY_A_GE_180,7905.2794,7904.645877807831,-0.633522192169039,0.633522192169039,7904.6538,7899.872533333331,4.781266666668671,50.0,0.9983430766945874,0.0016569233054126067,PREDICT,
Hg-200,80,120,200,VERY_HEAVY_A_GE_180,7905.8956,7905.606287403662,-0.2893125963382772,0.2893125963382772,7905.61655,7899.422783333333,6.193766666666306,50.0,0.9983430766945874,0.0016569233054126067,PREDICT,
Hg-201,80,121,201,VERY_HEAVY_A_GE_180,7897.5607,7897.9381391561965,0.3774391561964876,0.3774391561964876,7897.946016666667,7893.191716666667,4.754299999999603,50.0,0.9983430766945874,0.0016569233054126067,PREDICT,
Hg-202,80,122,202,VERY_HEAVY_A_GE_180,7896.8505,7897.495642277453,0.6451422774534876,0.6451422774534876,7897.506483333333,7890.963599999999,6.542883333333521,50.0,0.9983430766945874,0.0016569233054126067,PREDICT,
Hg-203,80,123,203,VERY_HEAVY_A_GE_180,7887.4828,7889.204942608022,1.7221426080222955,1.7221426080222955,7889.213699999998,7883.928366666665,5.285333333333256,50.0,0.9983430766945874,0.0016569233054126067,PREDICT,
Hg-204,80,124,204,VERY_HEAVY_A_GE_180,7885.5455,7887.321913298354,1.776413298353873,1.776413298353873,7887.334033333333,7880.019249999999,7.314783333333253,50.0,0.9983430766945874,0.0016569233054126067,PREDICT,
Hg-205,80,125,205,VERY_HEAVY_A_GE_180,7874.7325,7872.299293013473,-2.433206986526784,2.433206986526784,7872.302549999999,7870.336866666667,1.965683333331981,50.0,0.9983430766945874,0.0016569233054126067,PREDICT,
Hg-206,80,126,206,VERY_HEAVY_A_GE_180,7869.1723,7863.8488653577315,-5.323434642268694,5.323434642268694,7863.849516666667,7863.456433333332,0.3930833333351984,50.0,0.9983430766945874,0.0016569233054126067,PREDICT,
Hg-207,80,127,207,VERY_HEAVY_A_GE_180,7848.6112,7847.73502464684,-0.8761753531598515,0.8761753531598515,7847.7411999999995,7844.0142,3.7269999999998618,50.0,0.9983430766945874,0.0016569233054126067,PREDICT,
Hg-208,80,128,208,VERY_HEAVY_A_GE_180,7834.1914,7837.509723187038,3.318323187038004,3.318323187038004,7837.523949999999,7828.937666666666,8.586283333333085,50.0,0.9983430766945874,0.0016569233054126067,PREDICT,
Hg-209,80,129,209,VERY_HEAVY_A_GE_180,7813.0,7814.775341218256,1.7753412182555621,1.7753412182555621,7814.785383333332,7808.724683333333,6.060699999999088,50.0,0.9983430766945874,0.0016569233054126067,PREDICT,
Hg-210,80,130,210,VERY_HEAVY_A_GE_180,7799.0,7798.589839956393,-0.410160043606993,0.410160043606993,7798.598883333332,7793.140949999999,5.457933333333131,50.0,0.9983430766945874,0.0016569233054126067,PREDICT,
Hg-211,80,131,211,VERY_HEAVY_A_GE_180,7777.0,7776.384372986319,-0.6156270136807507,0.6156270136807507,7776.398133333334,7772.0,4.398133333334044,50.0,0.9968713210874217,0.003128678912578245,PREDICT,
Hg-212,80,132,212,VERY_HEAVY_A_GE_180,7762.0,7762.134766666666,0.1347666666661098,0.1347666666661098,7762.134766666666,7758.4667,3.6680666666661637,,1.0,0.0,PREDICT,
Hg-213,80,133,213,VERY_HEAVY_A_GE_180,7739.0,7739.0,0.0,0.0,7739.0,7737.2619,1.7380999999995765,,1.0,0.0,PREDICT,
Hg-214,80,134,214,VERY_HEAVY_A_GE_180,7724.0,7723.5,-0.5,0.5,7723.5,7720.0,3.5,,1.0,0.0,PREDICT,
Hg-215,80,135,215,VERY_HEAVY_A_GE_180,7701.0,7701.0,0.0,0.0,7701.0,7699.0,2.0,,1.0,0.0,PREDICT,
Hg-216,80,136,216,VERY_HEAVY_A_GE_180,7685.0,7686.0,1.0,1.0,7686.0,7681.0,5.0,,1.0,0.0,PREDICT,
Tl-176,81,95,176,HEAVY_100_TO_179,7707.9383,7710.569,2.6307000000006155,2.6307000000006155,7710.569,7721.426799999999,10.85779999999886,,1.0,0.0,PREDICT,
Tl-177,81,96,177,HEAVY_100_TO_179,7732.1655,7735.328361997865,3.1628619978646384,3.1628619978646384,7735.0701,7736.749949999999,1.6798499999995329,50.0,0.8462588934341168,0.15374110656588325,PREDICT,
Tl-178,81,97,178,HEAVY_100_TO_179,7741.0,7740.015307054905,-0.9846929450950483,0.9846929450950483,7739.684649999999,7745.67885,5.994200000001001,50.0,0.944837166777025,0.05516283322297499,PREDICT,
Tl-179,81,98,179,HEAVY_100_TO_179,7763.4942,7762.399801978234,-1.0943980217662101,1.0943980217662101,7762.0419,7768.530000000001,6.488100000000486,50.0,0.944837166777025,0.05516283322297499,PREDICT,
Tl-180,81,99,180,VERY_HEAVY_A_GE_180,7771.431,7770.48426264511,-0.9467373548895921,0.9467373548895921,7770.469566666667,7775.16675,4.697183333333669,50.0,0.9968713210874217,0.003128678912578245,PREDICT,
Tl-181,81,100,181,VERY_HEAVY_A_GE_180,7791.9183,7791.503487199055,-0.41481280094558315,0.41481280094558315,7791.488683333333,7796.22035,4.73166666666657,50.0,0.9968713210874217,0.003128678912578245,PREDICT,
Tl-182,81,101,182,VERY_HEAVY_A_GE_180,7796.3571,7796.995050573928,0.6379505739278102,0.6379505739278102,7796.983116666666,7804.185566666666,7.2024499999997715,50.0,0.9983430766945874,0.0016569233054126067,PREDICT,
Tl-183,81,102,183,VERY_HEAVY_A_GE_180,7815.6741,7815.682915992865,0.008815992864583677,0.008815992864583677,7815.669400000001,7823.826683333334,8.157283333332998,50.0,0.9983430766945874,0.0016569233054126067,PREDICT,
Tl-184,81,103,184,VERY_HEAVY_A_GE_180,7818.6727,7818.514582244748,-0.15811775525162375,0.15811775525162375,7818.5013500000005,7826.487383333333,7.986033333332671,50.0,0.9983430766945874,0.0016569233054126067,PREDICT,
Tl-185,81,104,185,VERY_HEAVY_A_GE_180,7835.5756,7835.741097465506,0.16549746550572308,0.16549746550572308,7835.72795,7843.662816666666,7.9348666666655845,50.0,0.9983430766945874,0.0016569233054126067,PREDICT,
Tl-186,81,105,186,VERY_HEAVY_A_GE_180,7837.5161,7837.430836314478,-0.08526368552156782,0.08526368552156782,7837.418999999999,7844.562549999999,7.143549999999777,50.0,0.9983430766945874,0.0016569233054126067,PREDICT,
Tl-187,81,106,187,VERY_HEAVY_A_GE_180,7852.465,7852.440634296085,-0.02436570391546411,0.02436570391546411,7852.427566666667,7860.314249999999,7.8866833333322575,50.0,0.9983430766945874,0.0016569233054126067,PREDICT,
Tl-188,81,107,188,VERY_HEAVY_A_GE_180,7853.0537,7853.262876963681,0.2091769636808749,0.2091769636808749,7853.252166666665,7859.716133333333,6.463966666668057,50.0,0.9983430766945874,0.0016569233054126067,PREDICT,
Tl-189,81,108,189,VERY_HEAVY_A_GE_180,7866.2704,7866.265421884203,-0.004978115797712235,0.004978115797712235,7866.252983333333,7873.759999999998,7.50701666666555,50.0,0.9983430766945874,0.0016569233054126067,PREDICT,
Tl-190,81,109,190,VERY_HEAVY_A_GE_180,7866.0345,7865.8853290781435,-0.14917092185623915,0.14917092185623915,7865.874066666667,7872.67125,6.797183333333123,50.0,0.9983430766945874,0.0016569233054126067,PREDICT,
Tl-191,81,110,191,VERY_HEAVY_A_GE_180,7877.1445,7877.223099746019,0.07859974601888098,0.07859974601888098,7877.210883333334,7884.583833333332,7.372949999998127,50.0,0.9983430766945874,0.0016569233054126067,PREDICT,
Tl-192,81,111,192,VERY_HEAVY_A_GE_180,7876.0167,7876.156582003165,0.13988200316453003,0.13988200316453003,7876.146449999998,7882.261400000001,6.114950000002864,50.0,0.9983430766945874,0.0016569233054126067,PREDICT,
Tl-193,81,112,193,VERY_HEAVY_A_GE_180,7885.3445,7885.287215615966,-0.05728438403457403,0.05728438403457403,7885.275383333334,7892.4165,7.141116666666676,50.0,0.9983430766945874,0.0016569233054126067,PREDICT,
Tl-194,81,113,194,VERY_HEAVY_A_GE_180,7883.5211,7883.491602582318,-0.02949741768225067,0.02949741768225067,7883.481866666667,7889.357766666668,5.875900000000911,50.0,0.9983430766945874,0.0016569233054126067,PREDICT,
Tl-195,81,114,195,VERY_HEAVY_A_GE_180,7890.7293,7890.78576999947,0.056469999470209586,0.056469999470209586,7890.7743666666665,7897.6566,6.882233333333716,50.0,0.9983430766945874,0.0016569233054126067,PREDICT,
Tl-196,81,115,196,VERY_HEAVY_A_GE_180,7888.29,7888.270558836878,-0.01944116312188271,0.01944116312188271,7888.261399999999,7893.789016666666,5.52761666666629,50.0,0.9983430766945874,0.0016569233054126067,PREDICT,
Tl-197,81,116,197,VERY_HEAVY_A_GE_180,7893.5725,7893.646258105035,0.07375810503435787,0.07375810503435787,7893.635033333332,7900.4095,6.774466666667649,50.0,0.9983430766945874,0.0016569233054126067,PREDICT,
Tl-198,81,117,198,VERY_HEAVY_A_GE_180,7890.3011,7890.38099869001,0.07989869000994076,0.07989869000994076,7890.372183333332,7895.6925,5.320316666668077,50.0,0.9983430766945874,0.0016569233054126067,PREDICT,
Tl-199,81,118,199,VERY_HEAVY_A_GE_180,7893.8773,7893.776888004151,-0.10041199584884453,0.10041199584884453,7893.76575,7900.48785,6.722100000000864,50.0,0.9983430766945874,0.0016569233054126067,PREDICT,
Tl-200,81,119,200,VERY_HEAVY_A_GE_180,7889.7037,7889.638140879078,-0.06555912092244398,0.06555912092244398,7889.628833333332,7895.2462000000005,5.617366666668204,50.0,0.9983430766945874,0.0016569233054126067,PREDICT,
Tl-201,81,120,201,VERY_HEAVY_A_GE_180,7891.2717,7891.303400629063,0.0317006290624704,0.0317006290624704,7891.29235,7897.961716666665,6.669366666665155,50.0,0.9983430766945874,0.0016569233054126067,PREDICT,
Tl-202,81,121,202,VERY_HEAVY_A_GE_180,7886.2206,7886.15618328787,-0.0644167121299688,0.0644167121299688,7886.147833333333,7891.187266666666,5.039433333332454,50.0,0.9983430766945874,0.0016569233054126067,PREDICT,
Tl-203,81,122,203,VERY_HEAVY_A_GE_180,7886.053,7886.341786436216,0.28878643621646916,0.28878643621646916,7886.331666666666,7892.439233333334,6.10756666666839,50.0,0.9983430766945874,0.0016569233054126067,PREDICT,
Tl-204,81,123,204,VERY_HEAVY_A_GE_180,7880.0238,7882.4840949697045,2.4602949697045915,2.4602949697045915,7882.480466666665,7884.670249999999,2.1897833333341623,50.0,0.9983430766945874,0.0016569233054126067,PREDICT,
Tl-205,81,124,205,VERY_HEAVY_A_GE_180,7878.3946,7881.128277739,2.733677739000086,2.733677739000086,7881.122333333333,7884.709950000001,3.5876166666685094,50.0,0.9983430766945874,0.0016569233054126067,PREDICT,
Tl-206,81,125,206,VERY_HEAVY_A_GE_180,7871.7219,7868.184161499448,-3.5377385005513133,3.5377385005513133,7868.169933333333,7876.757033333334,8.587100000001556,50.0,0.9983430766945874,0.0016569233054126067,PREDICT,
Tl-207,81,126,207,VERY_HEAVY_A_GE_180,7866.7979,7860.242232653605,-6.55566734639433,6.55566734639433,7860.220916666665,7873.0857166666665,12.864800000001196,50.0,0.9983430766945874,0.0016569233054126067,PREDICT,
Tl-208,81,127,208,VERY_HEAVY_A_GE_180,7847.1835,7846.879708768164,-0.3037912318359304,0.3037912318359304,7846.869966666666,7852.7496,5.8796333333339135,50.0,0.9983430766945874,0.0016569233054126067,PREDICT,
Tl-209,81,128,209,VERY_HEAVY_A_GE_180,7833.3979,7837.092604965468,3.6947049654681905,3.6947049654681905,7837.08865,7839.475583333333,2.386933333333218,50.0,0.9983430766945874,0.0016569233054126067,PREDICT,
Tl-210,81,129,210,VERY_HEAVY_A_GE_180,7813.589,7815.3413440581335,1.7523440581335308,1.7523440581335308,7815.335349999999,7818.952933333334,3.617583333334551,50.0,0.9983430766945874,0.0016569233054126067,PREDICT,
Tl-211,81,130,211,VERY_HEAVY_A_GE_180,7799.7915,7799.763439100872,-0.028060899127922312,0.028060899127922312,7799.753016666666,7806.043249999999,6.290233333333163,50.0,0.9983430766945874,0.0016569233054126067,PREDICT,
Tl-212,81,131,212,VERY_HEAVY_A_GE_180,7780.0,7779.704536593465,-0.29546340653541847,0.29546340653541847,7779.695416666667,7785.199550000001,5.504133333333812,50.0,0.9983430766945874,0.0016569233054126067,PREDICT,
Tl-213,81,132,213,VERY_HEAVY_A_GE_180,7765.4311,7765.466782638063,0.0356826380630082,0.0356826380630082,7765.46135,7767.197749999999,1.736399999999776,50.0,0.9968713210874217,0.003128678912578245,PREDICT,
Tl-214,81,133,214,VERY_HEAVY_A_GE_180,7745.0,7745.071004663903,0.0710046639032953,0.0710046639032953,7745.0685,7745.869049999999,0.8005499999990207,50.0,0.9968713210874217,0.003128678912578245,PREDICT,
Tl-215,81,134,215,VERY_HEAVY_A_GE_180,7730.0,7729.2596072548695,-0.7403927451305208,0.7403927451305208,7729.21555,7732.0,2.7844500000001062,50.0,0.9841773941464363,0.0158226058535637,PREDICT,
Tl-216,81,135,216,VERY_HEAVY_A_GE_180,7709.0,7708.523733908781,-0.47626609121925867,0.47626609121925867,7708.5,7710.0,1.5,50.0,0.9841773941464363,0.0158226058535637,PREDICT,
Tl-217,81,136,217,VERY_HEAVY_A_GE_180,7693.0,7694.583337871712,1.583337871711592,1.583337871711592,7694.5689,7695.0,0.43109999999978754,50.0,0.9665092282253679,0.033490771774632014,PREDICT,
Tl-218,81,137,218,VERY_HEAVY_A_GE_180,7672.0,7673.0,1.0,1.0,7673.0,7687.0,14.0,,1.0,0.0,PREDICT,
Pb-178,82,96,178,HEAVY_100_TO_179,7690.8359,7695.069,4.233100000000377,4.233100000000377,7695.069,7681.667,13.402000000000044,,1.0,0.0,PREDICT,
Pb-179,82,97,179,HEAVY_100_TO_179,7701.463,7705.961799999999,4.498799999999392,4.498799999999392,7705.961799999999,7692.1053,13.85649999999896,,1.0,0.0,PREDICT,
Pb-180,82,98,180,VERY_HEAVY_A_GE_180,7725.6993,7723.58275,-2.116550000000643,2.116550000000643,7723.58275,7715.6277,7.955049999999574,,1.0,0.0,PREDICT,
Pb-181,82,99,181,VERY_HEAVY_A_GE_180,7734.0704,7731.821,-2.249399999999696,2.249399999999696,7731.821,7726.598899999999,5.222100000000864,,1.0,0.0,PREDICT,
Pb-182,82,100,182,VERY_HEAVY_A_GE_180,7756.3296,7756.254149999999,-0.07545000000118307,0.07545000000118307,7756.254149999999,7747.7255000000005,8.528649999998379,,1.0,0.0,PREDICT,
Pb-183,82,101,183,VERY_HEAVY_A_GE_180,7762.179,7762.332674959619,0.1536749596189111,0.1536749596189111,7762.358266666665,7754.1785500000005,8.179716666664717,50.0,0.9968713210874217,0.003128678912578245,PREDICT,
Pb-184,82,102,184,VERY_HEAVY_A_GE_180,7782.7264,7782.678208431878,-0.04819156812118308,0.04819156812118308,7782.694333333333,7772.9625,9.73183333333327,50.0,0.9983430766945874,0.0016569233054126067,PREDICT,
Pb-185,82,103,185,VERY_HEAVY_A_GE_180,7786.933,7786.976437509419,0.04343750941916369,0.04343750941916369,7786.991616666666,7777.830566666666,9.161050000000614,50.0,0.9983430766945874,0.0016569233054126067,PREDICT,
Pb-186,82,104,186,VERY_HEAVY_A_GE_180,7805.342,7805.439537682359,0.09753768235896132,0.09753768235896132,7805.455166666667,7796.022633333332,9.432533333334504,50.0,0.9983430766945874,0.0016569233054126067,PREDICT,
Pb-187,82,105,187,VERY_HEAVY_A_GE_180,7808.401,7808.165833482995,-0.23516651700447255,0.23516651700447255,7808.179066666666,7800.1924666666655,7.98660000000018,50.0,0.9983430766945874,0.0016569233054126067,PREDICT,
Pb-188,82,106,188,VERY_HEAVY_A_GE_180,7824.8211,7824.737372673262,-0.08372732673797145,0.08372732673797145,7824.751833333333,7816.024416666665,8.727416666667523,50.0,0.9983430766945874,0.0016569233054126067,PREDICT,
Pb-189,82,107,189,VERY_HEAVY_A_GE_180,7826.2999,7826.534544594843,0.2346445948433029,0.2346445948433029,7826.5474,7818.7888,7.758600000000115,50.0,0.9983430766945874,0.0016569233054126067,PREDICT,
Pb-190,82,108,190,VERY_HEAVY_A_GE_180,7841.1294,7841.172519653373,0.043119653372741595,0.043119653372741595,7841.186183333333,7832.939766666668,8.246416666665027,50.0,0.9983430766945874,0.0016569233054126067,PREDICT,
Pb-191,82,109,191,VERY_HEAVY_A_GE_180,7841.6782,7841.510475583629,-0.16772441637112934,0.16772441637112934,7841.5219166666675,7834.616899999999,6.905016666668416,50.0,0.9983430766945874,0.0016569233054126067,PREDICT,
Pb-192,82,110,192,VERY_HEAVY_A_GE_180,7854.6482,7854.658915783642,0.010715783642808674,0.010715783642808674,7854.671916666666,7846.825516666666,7.846400000000358,50.0,0.9983430766945874,0.0016569233054126067,PREDICT,
Pb-193,82,111,193,VERY_HEAVY_A_GE_180,7854.0994,7854.22063206444,0.12123206443993695,0.12123206443993695,7854.231583333334,7847.622183333334,6.609400000000278,50.0,0.9983430766945874,0.0016569233054126067,PREDICT,
Pb-194,82,112,194,VERY_HEAVY_A_GE_180,7865.4181,7865.2950315713915,-0.12306842860834877,0.12306842860834877,7865.30725,7857.933083333333,7.374166666666497,50.0,0.9983430766945874,0.0016569233054126067,PREDICT,
Pb-195,82,113,195,VERY_HEAVY_A_GE_180,7864.0647,7864.00862802801,-0.05607197198969516,0.05607197198969516,7864.0186,7858.000233333332,6.018366666668044,50.0,0.9983430766945874,0.0016569233054126067,PREDICT,
Pb-196,82,114,196,VERY_HEAVY_A_GE_180,7873.3374,7873.503256061563,0.16585606156240829,0.16585606156240829,7873.51535,7866.216316666666,7.299033333333682,50.0,0.9983430766945874,0.0016569233054126067,PREDICT,
Pb-197,82,115,197,VERY_HEAVY_A_GE_180,7871.2822,7871.194582628311,-0.08761737168879336,0.08761737168879336,7871.204599999999,7865.158833333333,6.045766666666168,50.0,0.9983430766945874,0.0016569233054126067,PREDICT,
Pb-198,82,116,198,VERY_HEAVY_A_GE_180,7878.9695,7878.825177460922,-0.1443225390785301,0.1443225390785301,7878.836899999999,7871.762016666666,7.074883333333673,50.0,0.9983430766945874,0.0016569233054126067,PREDICT,
Pb-199,82,117,199,VERY_HEAVY_A_GE_180,7875.7366,7875.853598811481,0.11699881148069835,0.11699881148069835,7875.863316666667,7869.998316666666,5.865000000000691,50.0,0.9983430766945874,0.0016569233054126067,PREDICT,
Pb-200,82,118,200,VERY_HEAVY_A_GE_180,7881.8101,7881.8565763302495,0.04647633024978859,0.04647633024978859,7881.868333333332,7874.772649999998,7.095683333333909,50.0,0.9983430766945874,0.0016569233054126067,PREDICT,
Pb-201,82,119,201,VERY_HEAVY_A_GE_180,7877.8782,7877.8102344462495,-0.06796555375058233,0.06796555375058233,7877.820150000001,7871.8358333333335,5.984316666667837,50.0,0.9983430766945874,0.0016569233054126067,PREDICT,
Pb-202,82,120,202,VERY_HEAVY_A_GE_180,7882.1505,7882.094778774992,-0.05572122500780097,0.05572122500780097,7882.1065499999995,7875.002283333333,7.104266666666263,50.0,0.9983430766945874,0.0016569233054126067,PREDICT,
Pb-203,82,121,203,VERY_HEAVY_A_GE_180,7877.397,7877.196094131452,-0.20090586854803405,0.20090586854803405,7877.205833333333,7871.327949999999,5.877883333334466,50.0,0.9983430766945874,0.0016569233054126067,PREDICT,
Pb-204,82,122,204,VERY_HEAVY_A_GE_180,7879.9326,7880.118796117912,0.1861961179120044,0.1861961179120044,7880.13115,7872.6752333333325,7.45591666666769,50.0,0.9983430766945874,0.0016569233054126067,PREDICT,
Pb-205,82,123,205,VERY_HEAVY_A_GE_180,7874.3313,7877.073050978483,2.7417509784827416,2.7417509784827416,7877.087766666666,7868.206433333333,8.881333333332805,50.0,0.9983430766945874,0.0016569233054126067,PREDICT,
Pb-206,82,124,206,VERY_HEAVY_A_GE_180,7875.362,7878.553174835228,3.1911748352276845,3.1911748352276845,7878.5710500000005,7867.782883333333,10.788166666667166,50.0,0.9983430766945874,0.0016569233054126067,PREDICT,
Pb-207,82,125,207,VERY_HEAVY_A_GE_180,7869.8664,7866.24674682099,-3.619653179010129,3.619653179010129,7866.252583333333,7862.730083333334,3.522499999999127,50.0,0.9983430766945874,0.0016569233054126067,PREDICT,
Pb-208,82,126,208,VERY_HEAVY_A_GE_180,7867.453,7860.174748606562,-7.27825139343804,7.27825139343804,7860.17625,7859.270116666667,0.9061333333338553,50.0,0.9983430766945874,0.0016569233054126067,PREDICT,
Pb-209,82,127,209,VERY_HEAVY_A_GE_180,7848.6488,7847.988707996944,-0.6600920030559791,0.6600920030559791,7847.998783333333,7841.918033333334,6.0807499999991705,50.0,0.9983430766945874,0.0016569233054126067,PREDICT,
Pb-210,82,128,210,VERY_HEAVY_A_GE_180,7835.9656,7839.869653956243,3.904053956242933,3.904053956242933,7839.889283333334,7828.0424,11.846883333333608,50.0,0.9983430766945874,0.0016569233054126067,PREDICT,
Pb-211,82,129,211,VERY_HEAVY_A_GE_180,7817.0079,7818.766196958656,1.7582969586565014,1.7582969586565014,7818.780583333332,7810.098,8.682583333332332,50.0,0.9983430766945874,0.0016569233054126067,PREDICT,
Pb-212,82,130,212,VERY_HEAVY_A_GE_180,7804.3203,7804.318960837369,-0.0013391626316661132,0.0013391626316661132,7804.331899999999,7796.52275,7.809149999999136,50.0,0.9983430766945874,0.0016569233054126067,PREDICT,
Pb-213,82,131,213,VERY_HEAVY_A_GE_180,7785.1732,7785.210788508635,0.037588508635053586,0.037588508635053586,7785.222533333332,7778.1341999999995,7.08833333333223,50.0,0.9983430766945874,0.0016569233054126067,PREDICT,
Pb-214,82,132,214,VERY_HEAVY_A_GE_180,7772.3955,7772.705861908587,0.31036190858776536,0.31036190858776536,7772.719266666667,7764.629116666666,8.090150000000904,50.0,0.9983430766945874,0.0016569233054126067,PREDICT,
Pb-215,82,133,215,VERY_HEAVY_A_GE_180,7752.7381,7752.602538309091,-0.13556169090861658,0.13556169090861658,7752.614149999999,7745.606166666665,7.007983333334778,50.0,0.9983430766945874,0.0016569233054126067,PREDICT,
Pb-216,82,134,216,VERY_HEAVY_A_GE_180,7740.0,7739.1982995526805,-0.8017004473194902,0.8017004473194902,7739.210283333333,7731.977733333332,7.232550000000629,50.0,0.9983430766945874,0.0016569233054126067,PREDICT,
Pb-217,82,135,217,VERY_HEAVY_A_GE_180,7719.0,7718.316732863348,-0.6832671366519207,0.6832671366519207,7718.369049999999,7712.163000000001,6.206049999997958,50.0,0.9915699782225356,0.008430021777464462,PREDICT,
Pb-218,82,136,218,VERY_HEAVY_A_GE_180,7705.0,7704.935054550225,-0.0649454497752231,0.0649454497752231,7705.0,7697.295933333334,7.704066666666222,50.0,0.9915699782225356,0.008430021777464462,PREDICT,
Pb-219,82,137,219,VERY_HEAVY_A_GE_180,7684.0,7684.968457206787,0.9684572067872068,0.9684572067872068,7685.2619,7676.5,8.761900000000423,50.0,0.9665092282253679,0.033490771774632014,PREDICT,
Pb-220,82,138,220,VERY_HEAVY_A_GE_180,7670.0,7670.0,0.0,0.0,7670.0,7661.9946,8.005400000000009,,1.0,0.0,PREDICT,
Bi-184,83,101,184,VERY_HEAVY_A_GE_180,7712.0,7714.0446,2.044600000000173,2.044600000000173,7714.0446,7728.0009,13.956299999999828,,1.0,0.0,PREDICT,
Bi-185,83,102,185,VERY_HEAVY_A_GE_180,7732.0,7735.491262253962,3.4912622539623044,3.4912622539623044,7735.416700000001,7739.3376,3.9208999999991647,50.0,0.9809833829066755,0.019016617093324504,PREDICT,
Bi-186,83,103,186,VERY_HEAVY_A_GE_180,7739.1175,7738.218074401407,-0.8994255985935524,0.8994255985935524,7738.0952,7745.86095,7.76575000000048,50.0,0.9841773941464363,0.0158226058535637,PREDICT,
Bi-187,83,104,187,VERY_HEAVY_A_GE_180,7758.2083,7756.634414460195,-1.5738855398049054,1.5738855398049054,7756.499949999999,7764.9982,8.498250000000553,50.0,0.9841773941464363,0.0158226058535637,PREDICT,
Bi-188,83,105,188,VERY_HEAVY_A_GE_180,7764.1904,7763.711869271632,-0.4785307283682414,0.4785307283682414,7763.692866666666,7769.76655,6.073683333333975,50.0,0.9968713210874217,0.003128678912578245,PREDICT,
Bi-189,83,106,189,VERY_HEAVY_A_GE_180,7780.9999,7781.066398897571,0.06649889757136407,0.06649889757136407,7781.051099999999,7790.284416666666,9.233316666667633,50.0,0.9983430766945874,0.0016569233054126067,PREDICT,
Bi-190,83,107,190,VERY_HEAVY_A_GE_180,7785.3239,7785.4927062716,0.16880627159935102,0.16880627159935102,7785.480366666667,7792.927666666666,7.447299999998904,50.0,0.9983430766945874,0.0016569233054126067,PREDICT,
Bi-191,83,108,191,VERY_HEAVY_A_GE_180,7800.6613,7800.634358791582,-0.0269412084180658,0.0269412084180658,7800.620099999999,7809.225683333334,8.605583333334835,50.0,0.9983430766945874,0.0016569233054126067,PREDICT,
Bi-192,83,109,192,VERY_HEAVY_A_GE_180,7803.6084,7803.676055142943,0.06765514294329478,0.06765514294329478,7803.664383333334,7810.70865,7.044266666665862,50.0,0.9983430766945874,0.0016569233054126067,PREDICT,
Bi-193,83,110,193,VERY_HEAVY_A_GE_180,7817.1718,7817.18679887545,0.014998875450146443,0.014998875450146443,7817.173683333333,7825.089283333333,7.915599999999358,50.0,0.9983430766945874,0.0016569233054126067,PREDICT,
Bi-194,83,111,194,VERY_HEAVY_A_GE_180,7819.1955,7819.260699672888,0.06519967288841144,0.06519967288841144,7819.250166666666,7825.607133333333,6.3569666666671765,50.0,0.9983430766945874,0.0016569233054126067,PREDICT,
Bi-195,83,112,195,VERY_HEAVY_A_GE_180,7830.7579,7830.85253553712,0.09463553712066641,0.09463553712066641,7830.840316666666,7838.214749999999,7.3744333333334,50.0,0.9983430766945874,0.0016569233054126067,PREDICT,
Bi-196,83,113,196,VERY_HEAVY_A_GE_180,7831.9009,7831.597790812475,-0.3031091875245693,0.3031091875245693,7831.5876499999995,7837.707916666665,6.120266666665884,50.0,0.9983430766945874,0.0016569233054126067,PREDICT,
Bi-197,83,114,197,VERY_HEAVY_A_GE_180,7841.6348,7841.525229956149,-0.1095700438509084,0.1095700438509084,7841.51355,7848.562733333332,7.049183333332621,50.0,0.9983430766945874,0.0016569233054126067,PREDICT,
Bi-198,83,115,198,VERY_HEAVY_A_GE_180,7841.2123,7841.6443620309055,0.4320620309053993,0.4320620309053993,7841.634999999998,7847.285249999999,5.650250000000597,50.0,0.9983430766945874,0.0016569233054126067,PREDICT,
Bi-199,83,116,199,VERY_HEAVY_A_GE_180,7849.5232,7849.642797175578,0.11959717557874683,0.11959717557874683,7849.631716666665,7856.3191166666675,6.687400000002526,50.0,0.9983430766945874,0.0016569233054126067,PREDICT,
Bi-200,83,117,200,VERY_HEAVY_A_GE_180,7848.4969,7848.188968807137,-0.3079311928631796,0.3079311928631796,7848.179233333332,7854.054866666667,5.8756333333349176,50.0,0.9983430766945874,0.0016569233054126067,PREDICT,
Bi-201,83,118,201,VERY_HEAVY_A_GE_180,7854.8713,7854.851183715417,-0.020116284582400112,0.020116284582400112,7854.840166666667,7861.489266666665,6.649099999997816,50.0,0.9983430766945874,0.0016569233054126067,PREDICT,
Bi-202,83,119,202,VERY_HEAVY_A_GE_180,7852.5857,7852.728089239861,0.14238923986158625,0.14238923986158625,7852.718866666666,7858.284949999999,5.566083333333154,50.0,0.9983430766945874,0.0016569233054126067,PREDICT,
Bi-203,83,120,203,VERY_HEAVY_A_GE_180,7857.4762,7857.467988964908,-0.008211035092244856,0.008211035092244856,7857.457316666666,7863.898349999999,6.441033333332598,50.0,0.9983430766945874,0.0016569233054126067,PREDICT,
Bi-204,83,121,204,VERY_HEAVY_A_GE_180,7854.2157,7854.22475361968,0.009053619680344127,0.009053619680344127,7854.215349999999,7859.890699999999,5.675350000000435,50.0,0.9983430766945874,0.0016569233054126067,PREDICT,
Bi-205,83,122,205,VERY_HEAVY_A_GE_180,7857.3218,7857.521526944871,0.19972694487114495,0.19972694487114495,7857.511299999999,7863.683550000001,6.172250000001441,50.0,0.9983430766945874,0.0016569233054126067,PREDICT,
Bi-206,83,123,206,VERY_HEAVY_A_GE_180,7853.3249,7855.197261627759,1.8723616277593464,1.8723616277593464,7855.191383333333,7858.739099999999,3.5477166666660196,50.0,0.9983430766945874,0.0016569233054126067,PREDICT,
Bi-207,83,124,207,VERY_HEAVY_A_GE_180,7854.5053,7857.336679462623,2.8313794626228628,2.8313794626228628,7857.330683333334,7860.949516666665,3.6188333333311675,50.0,0.9983430766945874,0.0016569233054126067,PREDICT,
Bi-208,83,125,208,VERY_HEAVY_A_GE_180,7849.8534,7847.670637688195,-2.1827623118051633,2.1827623118051633,7847.656583333333,7856.138783333333,8.482199999999466,50.0,0.9983430766945874,0.0016569233054126067,PREDICT,
Bi-209,83,126,209,VERY_HEAVY_A_GE_180,7847.9869,7841.484783179954,-6.502116820045558,6.502116820045558,7841.462616666666,7854.840733333333,13.378116666667665,50.0,0.9983430766945874,0.0016569233054126067,PREDICT,
Bi-210,83,127,210,VERY_HEAVY_A_GE_180,7832.5424,7830.985459736357,-1.5569402636429004,1.5569402636429004,7830.974866666666,7837.368083333334,6.393216666668195,50.0,0.9983430766945874,0.0016569233054126067,PREDICT,
Bi-211,83,128,211,VERY_HEAVY_A_GE_180,7819.7745,7823.307871744902,3.53337174490116,3.53337174490116,7823.3019,7826.906016666667,3.604116666666414,50.0,0.9983430766945874,0.0016569233054126067,PREDICT,
Bi-212,83,129,212,VERY_HEAVY_A_GE_180,7803.314,7805.13955559412,1.825555594119578,1.825555594119578,7805.133099999999,7809.029233333333,3.896133333333637,50.0,0.9983430766945874,0.0016569233054126067,PREDICT,
Bi-213,83,130,213,VERY_HEAVY_A_GE_180,7791.0217,7791.034272892392,0.01257289239219972,0.01257289239219972,7791.022133333334,7798.3487,7.3265666666657125,50.0,0.9983430766945874,0.0016569233054126067,PREDICT,
Bi-214,83,131,214,VERY_HEAVY_A_GE_180,7773.4955,7773.65796901357,0.16246901357044408,0.16246901357044408,7773.647333333334,7780.066266666667,6.418933333332461,50.0,0.9983430766945874,0.0016569233054126067,PREDICT,
Bi-215,83,132,215,VERY_HEAVY_A_GE_180,7761.7177,7761.963354165488,0.245654165488304,0.245654165488304,7761.9514500000005,7769.135950000001,7.184500000000298,50.0,0.9983430766945874,0.0016569233054126067,PREDICT,
Bi-216,83,133,216,VERY_HEAVY_A_GE_180,7743.4996,7743.508071960164,0.008471960163660697,0.008471960163660697,7743.496666666667,7750.3800833333335,6.883416666666562,50.0,0.9983430766945874,0.0016569233054126067,PREDICT,
Bi-217,83,134,217,VERY_HEAVY_A_GE_180,7731.8491,7731.321459127548,-0.5276408724521389,0.5276408724521389,7731.308183333333,7739.3205,8.012316666667175,50.0,0.9983430766945874,0.0016569233054126067,PREDICT,
Bi-218,83,135,218,VERY_HEAVY_A_GE_180,7712.828,7712.761565333476,-0.06643466652440111,0.06643466652440111,7712.750483333332,7719.438783333331,6.68829999999889,50.0,0.9983430766945874,0.0016569233054126067,PREDICT,
Bi-219,83,136,219,VERY_HEAVY_A_GE_180,7700.0,7700.291863270769,0.29186327076877205,0.29186327076877205,7700.279783333333,7707.570366666666,7.290583333332506,50.0,0.9983430766945874,0.0016569233054126067,PREDICT,
Bi-220,83,137,220,VERY_HEAVY_A_GE_180,7681.0,7680.646646477398,-0.3533535226024469,0.3533535226024469,7680.6354,7687.422966666667,6.787566666666862,50.0,0.9983430766945874,0.0016569233054126067,PREDICT,
Bi-221,83,138,221,VERY_HEAVY_A_GE_180,7668.0,7668.063333144451,0.06333314445055294,0.06333314445055294,7668.0,7672.0027,4.002700000000004,50.0,0.9841773941464363,0.0158226058535637,PREDICT,
Bi-222,83,139,222,VERY_HEAVY_A_GE_180,7648.0,7648.5,0.5,0.5,7648.5,7659.2646,10.764600000000428,,1.0,0.0,PREDICT,
Bi-223,83,140,223,VERY_HEAVY_A_GE_180,7636.0,7636.0,0.0,0.0,7636.0,7647.0,11.0,,1.0,0.0,PREDICT,
Bi-224,83,141,224,VERY_HEAVY_A_GE_180,7616.0,7615.0,-1.0,1.0,7615.0,7628.0,13.0,,1.0,0.0,PREDICT,
Po-186,84,102,186,VERY_HEAVY_A_GE_180,7695.9488,7699.856200000001,3.907400000000962,3.907400000000962,7699.856200000001,7681.2736,18.58260000000064,,1.0,0.0,PREDICT,
Po-187,84,103,187,VERY_HEAVY_A_GE_180,7704.7889,7708.4771,3.6882000000005064,3.6882000000005064,7708.4771,7691.302000000001,17.175099999999475,,1.0,0.0,PREDICT,
Po-188,84,104,188,VERY_HEAVY_A_GE_180,7724.6544,7722.700699999999,-1.9537000000009357,1.9537000000009357,7722.700699999999,7711.074600000001,11.626099999998587,,1.0,0.0,PREDICT,
Po-189,84,105,189,VERY_HEAVY_A_GE_180,7731.1321,7729.288,-1.8441000000002532,1.8441000000002532,7729.288,7719.979800000001,9.308199999998578,,1.0,0.0,PREDICT,
Po-190,84,106,190,VERY_HEAVY_A_GE_180,7749.4526,7749.574589977489,0.12198997748964757,0.12198997748964757,7749.598483333332,7741.9616000000005,7.6368833333317525,50.0,0.9968713210874217,0.003128678912578245,PREDICT,
Po-191,84,107,191,VERY_HEAVY_A_GE_180,7753.7871,7754.02524939524,0.23814939524072543,0.23814939524072543,7754.037999999999,7746.34265,7.695349999999053,50.0,0.9983430766945874,0.0016569233054126067,PREDICT,
Po-192,84,108,192,VERY_HEAVY_A_GE_180,7771.0542,7770.917734719354,-0.13646528064600716,0.13646528064600716,7770.931716666666,7762.493216666666,8.438500000000204,50.0,0.9983430766945874,0.0016569233054126067,PREDICT,
Po-193,84,109,193,VERY_HEAVY_A_GE_180,7773.951,7773.915776478236,-0.035223521764237375,0.035223521764237375,7773.927449999999,7766.882150000001,7.045299999997951,50.0,0.9983430766945874,0.0016569233054126067,PREDICT,
Po-194,84,110,194,VERY_HEAVY_A_GE_180,7789.2947,7789.3503323898485,0.05563238984814234,0.05563238984814234,7789.363516666666,7781.406433333334,7.9570833333327755,50.0,0.9983430766945874,0.0016569233054126067,PREDICT,
Po-195,84,111,195,VERY_HEAVY_A_GE_180,7791.3155,7791.191510234246,-0.12398976575332199,0.12398976575332199,7791.202183333334,7784.760666666666,6.441516666667667,50.0,0.9983430766945874,0.0016569233054126067,PREDICT,
Po-196,84,112,196,VERY_HEAVY_A_GE_180,7804.7445,7804.808964776006,0.064464776006389,0.064464776006389,7804.821383333334,7797.326433333333,7.494950000001154,50.0,0.9983430766945874,0.0016569233054126067,PREDICT,
Po-197,84,113,197,VERY_HEAVY_A_GE_180,7805.7136,7805.887173960748,0.17357396074839926,0.17357396074839926,7805.896983333331,7799.97675,5.920233333331453,50.0,0.9983430766945874,0.0016569233054126067,PREDICT,
Po-198,84,114,198,VERY_HEAVY_A_GE_180,7817.5611,7817.428977572487,-0.13212242751251324,0.13212242751251324,7817.4401333333335,7810.707316666667,6.732816666666622,50.0,0.9983430766945874,0.0016569233054126067,PREDICT,
Po-199,84,115,199,VERY_HEAVY_A_GE_180,7817.6582,7817.478011546397,-0.1801884536025682,0.1801884536025682,7817.487216666666,7811.931666666667,5.55554999999913,50.0,0.9983430766945874,0.0016569233054126067,PREDICT,
Po-200,84,116,200,VERY_HEAVY_A_GE_180,7827.4407,7827.595640633558,0.1549406335579988,0.1549406335579988,7827.606466666666,7821.072649999999,6.533816666667008,50.0,0.9983430766945874,0.0016569233054126067,PREDICT,
Po-201,84,117,201,VERY_HEAVY_A_GE_180,7826.5619,7826.683146006731,0.12124600673087116,0.12124600673087116,7826.692533333333,7821.027016666666,5.6655166666669174,50.0,0.9983430766945874,0.0016569233054126067,PREDICT,
Po-202,84,118,202,VERY_HEAVY_A_GE_180,7834.8053,7834.645592735544,-0.15970726445630135,0.15970726445630135,7834.6556,7828.615933333333,6.039666666667472,50.0,0.9983430766945874,0.0016569233054126067,PREDICT,
Po-203,84,119,203,VERY_HEAVY_A_GE_180,7832.8632,7832.788685512979,-0.07451448702067864,0.07451448702067864,7832.797199999999,7827.658466666666,5.138733333333221,50.0,0.9983430766945874,0.0016569233054126067,PREDICT,
Po-204,84,120,204,VERY_HEAVY_A_GE_180,7839.0823,7839.125811678694,0.04351167869390338,0.04351167869390338,7839.135483333334,7833.298366666666,5.837116666668408,50.0,0.9983430766945874,0.0016569233054126067,PREDICT,
Po-205,84,121,205,VERY_HEAVY_A_GE_180,7836.2168,7836.057940023189,-0.15885997681107256,0.15885997681107256,7836.066049999999,7831.171450000001,4.894599999998718,50.0,0.9983430766945874,0.0016569233054126067,PREDICT,
Po-206,84,122,206,VERY_HEAVY_A_GE_180,7840.5973,7840.758188849666,0.1608888496657528,0.1608888496657528,7840.767483333332,7835.1579999999985,5.609483333333628,50.0,0.9983430766945874,0.0016569233054126067,PREDICT,
Po-207,84,123,207,VERY_HEAVY_A_GE_180,7836.6734,7838.984128090389,2.3107280903896026,2.3107280903896026,7838.995433333333,7832.1724,6.823033333332205,50.0,0.9983430766945874,0.0016569233054126067,PREDICT,
Po-208,84,124,208,VERY_HEAVY_A_GE_180,7839.3568,7841.728801372634,2.3720013726342586,2.3720013726342586,7841.7413166666665,7834.187983333331,7.553333333335104,50.0,0.9983430766945874,0.0016569233054126067,PREDICT,
Po-209,84,125,209,VERY_HEAVY_A_GE_180,7835.1882,7831.929023926105,-3.2591760738941957,3.2591760738941957,7831.931599999999,7830.376866666667,1.5547333333315692,50.0,0.9983430766945874,0.0016569233054126067,PREDICT,
Po-210,84,126,210,VERY_HEAVY_A_GE_180,7834.3462,7828.782137030221,-5.5640629697791155,5.5640629697791155,7828.781466666667,7829.186050000001,0.4045833333339033,50.0,0.9983430766945874,0.0016569233054126067,PREDICT,
Po-211,84,127,211,VERY_HEAVY_A_GE_180,7818.7842,7818.661103508138,-0.12309649186227034,0.12309649186227034,7818.666433333334,7815.449733333333,3.2167000000008557,50.0,0.9983430766945874,0.0016569233054126067,PREDICT,
Po-212,84,128,212,VERY_HEAVY_A_GE_180,7810.2438,7813.263973697598,3.0201736975977838,3.0201736975977838,7813.278783333332,7804.340749999999,8.938033333332896,50.0,0.9983430766945874,0.0016569233054126067,PREDICT,
Po-213,84,129,213,VERY_HEAVY_A_GE_180,7794.024,7795.206507059676,1.182507059676027,1.182507059676027,7795.2157333333325,7789.647416666666,5.56831666666676,50.0,0.9983430766945874,0.0016569233054126067,PREDICT,
Po-214,84,130,214,VERY_HEAVY_A_GE_180,7785.1163,7785.053056136252,-0.0632438637476298,0.0632438637476298,7785.063499999999,7778.760333333333,6.303166666666584,50.0,0.9983430766945874,0.0016569233054126067,PREDICT,
Po-215,84,131,215,VERY_HEAVY_A_GE_180,7768.1768,7768.228117852613,0.051317852612555725,0.051317852612555725,7768.2372333333315,7762.735783333333,5.50144999999884,50.0,0.9983430766945874,0.0016569233054126067,PREDICT,
Po-216,84,132,216,VERY_HEAVY_A_GE_180,7758.8205,7758.8420838776965,0.021583877696684795,0.021583877696684795,7758.8528333333325,7752.365233333334,6.487599999998565,50.0,0.9983430766945874,0.0016569233054126067,PREDICT,
Po-217,84,133,217,VERY_HEAVY_A_GE_180,7741.3614,7741.24702512326,-0.11437487673993019,0.11437487673993019,7741.2563,7735.6586499999985,5.597650000001522,50.0,0.9983430766945874,0.0016569233054126067,PREDICT,
Po-218,84,134,218,VERY_HEAVY_A_GE_180,7731.53,7731.499120611395,-0.030879388605171698,0.030879388605171698,7731.50965,7725.154866666666,6.354783333334126,50.0,0.9983430766945874,0.0016569233054126067,PREDICT,
Po-219,84,135,219,VERY_HEAVY_A_GE_180,7713.334,7713.356216159174,0.0222161591746044,0.0222161591746044,7713.365733333332,7707.62185,5.743883333331723,50.0,0.9983430766945874,0.0016569233054126067,PREDICT,
Po-220,84,136,220,VERY_HEAVY_A_GE_180,7703.2244,7703.208883503005,-0.015516496994678164,0.015516496994678164,7703.220183333333,7696.400416666666,6.81976666666651,50.0,0.9983430766945874,0.0016569233054126067,PREDICT,
Po-221,84,137,221,VERY_HEAVY_A_GE_180,7684.4814,7684.319546345913,-0.16185365408637153,0.16185365408637153,7684.329099999999,7678.5632000000005,5.76589999999851,50.0,0.9983430766945874,0.0016569233054126067,PREDICT,
Po-222,84,138,222,VERY_HEAVY_A_GE_180,7674.0054,7673.883582509404,-0.12181749059618596,0.12181749059618596,7673.8946,7667.245233333333,6.649366666666538,50.0,0.9983430766945874,0.0016569233054126067,PREDICT,
Po-223,84,139,223,VERY_HEAVY_A_GE_180,7655.0,7655.412960294383,0.41296029438308324,0.41296029438308324,7655.431933333334,7649.3677,6.064233333334414,50.0,0.9968713210874217,0.003128678912578245,PREDICT,
Po-224,84,140,224,VERY_HEAVY_A_GE_180,7644.0,7643.91563294677,-0.0843670532303804,0.0843670532303804,7644.0027,7638.5,5.502700000000004,50.0,0.9841773941464363,0.0158226058535637,PREDICT,
Po-225,84,141,225,VERY_HEAVY_A_GE_180,7626.0,7625.412975667806,-0.5870243321942326,0.5870243321942326,7625.5,7620.0,5.5,50.0,0.9841773941464363,0.0158226058535637,PREDICT,
Po-226,84,142,226,VERY_HEAVY_A_GE_180,7614.0,7613.9946,-0.005400000000008731,0.005400000000008731,7613.9946,7604.3543,9.640300000000025,,1.0,0.0,PREDICT,
Po-227,84,143,227,VERY_HEAVY_A_GE_180,7596.0,7597.0,1.0,1.0,7597.0,7586.3773,10.622699999999895,,1.0,0.0,PREDICT,
At-191,85,106,191,VERY_HEAVY_A_GE_180,7702.9233,7706.1284000000005,3.2051000000001295,3.2051000000001295,7706.1284000000005,7717.905299999999,11.776899999998932,,1.0,0.0,PREDICT,
At-192,85,107,192,VERY_HEAVY_A_GE_180,7709.7283,7712.50556685554,2.7772668555398923,2.7772668555398923,7712.4607000000005,7714.82005,2.359349999999722,50.0,0.9809833829066755,0.019016617093324504,PREDICT,
At-193,85,108,193,VERY_HEAVY_A_GE_180,7727.1099,7725.626301186286,-1.483598813714707,1.483598813714707,7725.50735,7733.0251499999995,7.517799999999625,50.0,0.9841773941464363,0.0158226058535637,PREDICT,
At-194,85,109,194,VERY_HEAVY_A_GE_180,7732.2304,7730.963935422607,-1.2664645773929806,1.2664645773929806,7730.8642,7737.16755,6.303350000000137,50.0,0.9841773941464363,0.0158226058535637,PREDICT,
At-195,85,110,195,VERY_HEAVY_A_GE_180,7748.0914,7748.030076956724,-0.06132304327638849,0.06132304327638849,7748.016266666666,7756.351166666667,8.334900000001653,50.0,0.9983430766945874,0.0016569233054126067,PREDICT,
At-196,85,111,196,VERY_HEAVY_A_GE_180,7752.0001,7752.147015247056,0.1469152470554036,0.1469152470554036,7752.135266666666,7759.225866666666,7.09059999999954,50.0,0.9983430766945874,0.0016569233054126067,PREDICT,
At-197,85,112,197,VERY_HEAVY_A_GE_180,7766.0174,7766.188808135962,0.17140813596233784,0.17140813596233784,7766.175883333333,7773.976366666668,7.800483333334341,50.0,0.9983430766945874,0.0016569233054126067,PREDICT,
At-198,85,113,198,VERY_HEAVY_A_GE_180,7769.3446,7769.385110865472,0.04051086547133309,0.04051086547133309,7769.374450000001,7775.808583333333,6.434133333332284,50.0,0.9983430766945874,0.0016569233054126067,PREDICT,
At-199,85,114,199,VERY_HEAVY_A_GE_180,7781.4883,7781.502931502155,0.014631502154770715,0.014631502154770715,7781.490649999999,7788.902883333332,7.412233333333461,50.0,0.9983430766945874,0.0016569233054126067,PREDICT,
At-200,85,115,200,VERY_HEAVY_A_GE_180,7783.7601,7783.3574200645135,-0.40267993548695813,0.40267993548695813,7783.346816666666,7789.746266666666,6.399449999999888,50.0,0.9983430766945874,0.0016569233054126067,PREDICT,
At-201,85,116,201,VERY_HEAVY_A_GE_180,7794.1536,7794.054987202296,-0.09861279770393594,0.09861279770393594,7794.043533333332,7800.956266666666,6.912733333334472,50.0,0.9983430766945874,0.0016569233054126067,PREDICT,
At-202,85,117,202,VERY_HEAVY_A_GE_180,7794.5637,7795.178261899067,0.6145618990676667,0.6145618990676667,7795.169033333334,7800.738733333332,5.569699999998193,50.0,0.9983430766945874,0.0016569233054126067,PREDICT,
At-203,85,118,203,VERY_HEAVY_A_GE_180,7803.6487,7803.717093147859,0.06839314785884198,0.06839314785884198,7803.706399999999,7810.160016666667,6.453616666667585,50.0,0.9983430766945874,0.0016569233054126067,PREDICT,
At-204,85,119,204,VERY_HEAVY_A_GE_180,7803.5522,7803.09267424792,-0.45952575208048074,0.45952575208048074,7803.0826499999985,7809.132566666666,6.049916666667741,50.0,0.9983430766945874,0.0016569233054126067,PREDICT,
At-205,85,120,205,VERY_HEAVY_A_GE_180,7810.2694,7810.263431761417,-0.005968238582681806,0.005968238582681806,7810.253149999999,7816.458483333334,6.2053333333351475,50.0,0.9983430766945874,0.0016569233054126067,PREDICT,
At-206,85,121,206,VERY_HEAVY_A_GE_180,7808.8904,7809.045855723586,0.15545572358587378,0.15545572358587378,7809.03715,7814.291300000001,5.254150000000664,50.0,0.9983430766945874,0.0016569233054126067,PREDICT,
At-207,85,122,207,VERY_HEAVY_A_GE_180,7813.9653,7814.21056325534,0.2452632553404328,0.2452632553404328,7814.201399999999,7819.731683333333,5.53028333333441,50.0,0.9983430766945874,0.0016569233054126067,PREDICT,
At-208,85,123,208,VERY_HEAVY_A_GE_180,7811.5604,7813.392575815734,1.8321758157335353,1.8321758157335353,7813.387433333332,7816.4910666666665,3.1036333333340735,50.0,0.9983430766945874,0.0016569233054126067,PREDICT,
At-209,85,124,209,VERY_HEAVY_A_GE_180,7814.7835,7816.839949283129,2.056449283129041,2.056449283129041,7816.834366666666,7820.203633333332,3.3692666666656805,50.0,0.9983430766945874,0.0016569233054126067,PREDICT,
At-210,85,125,210,VERY_HEAVY_A_GE_180,7811.6638,7809.070556910424,-2.59324308957639,2.59324308957639,7809.058,7816.63645,7.578449999999975,50.0,0.9983430766945874,0.0016569233054126067,PREDICT,
At-211,85,126,211,VERY_HEAVY_A_GE_180,7811.3545,7806.23741145029,-5.117088549710388,5.117088549710388,7806.220066666667,7816.688133333333,10.468066666666346,50.0,0.9983430766945874,0.0016569233054126067,PREDICT,
At-212,85,127,212,VERY_HEAVY_A_GE_180,7798.34,7797.931390909069,-0.4086090909313498,0.4086090909313498,7797.9242,7802.264116666666,4.339916666665886,50.0,0.9983430766945874,0.0016569233054126067,PREDICT,
At-213,85,128,213,VERY_HEAVY_A_GE_180,7790.0036,7792.916564089102,2.9129640891023882,2.9129640891023882,7792.9113499999985,7796.0581999999995,3.1468500000009954,50.0,0.9983430766945874,0.0016569233054126067,PREDICT,
At-214,85,129,214,VERY_HEAVY_A_GE_180,7776.3632,7777.437184774135,1.0739847741351696,1.0739847741351696,7777.431383333334,7780.932716666666,3.501333333331786,50.0,0.9983430766945874,0.0016569233054126067,PREDICT,
At-215,85,130,215,VERY_HEAVY_A_GE_180,7767.8627,7767.832818864576,-0.029881135423238447,0.029881135423238447,7767.82195,7774.3816166666675,6.559666666667908,50.0,0.9983430766945874,0.0016569233054126067,PREDICT,
At-216,85,131,216,VERY_HEAVY_A_GE_180,7753.0024,7753.3215988775355,0.31919887753520015,0.31919887753520015,7753.313249999999,7758.352033333333,5.038783333333413,50.0,0.9983430766945874,0.0016569233054126067,PREDICT,
At-217,85,132,217,VERY_HEAVY_A_GE_180,7744.6172,7744.637579907613,0.02037990761346009,0.02037990761346009,7744.626633333333,7751.233199999999,6.606566666665458,50.0,0.9983430766945874,0.0016569233054126067,PREDICT,
At-218,85,133,218,VERY_HEAVY_A_GE_180,7729.1175,7728.854756834534,-0.26274316546641785,0.26274316546641785,7728.845299999999,7734.552766666666,5.707466666666733,50.0,0.9983430766945874,0.0016569233054126067,PREDICT,
At-219,85,134,219,VERY_HEAVY_A_GE_180,7720.197,7720.086264194457,-0.11073580554329965,0.11073580554329965,7720.075333333334,7726.672416666665,6.597083333331284,50.0,0.9983430766945874,0.0016569233054126067,PREDICT,
At-220,85,135,220,VERY_HEAVY_A_GE_180,7703.7033,7703.7229726492515,0.019672649251333496,0.019672649251333496,7703.7139,7709.1894999999995,5.475599999999758,50.0,0.9983430766945874,0.0016569233054126067,PREDICT,
At-221,85,136,221,VERY_HEAVY_A_GE_180,7694.4754,7694.576600562365,0.10120056236428354,0.10120056236428354,7694.565600000001,7701.20475,6.639149999999063,50.0,0.9983430766945874,0.0016569233054126067,PREDICT,
At-222,85,137,222,VERY_HEAVY_A_GE_180,7677.3878,7677.449107216472,0.061307216471504944,0.061307216471504944,7677.439549999999,7683.2076,5.768050000000585,50.0,0.9983430766945874,0.0016569233054126067,PREDICT,
At-223,85,138,223,VERY_HEAVY_A_GE_180,7668.0557,7668.12830865991,0.07260865990974708,0.07260865990974708,7668.117433333333,7674.680999999999,6.563566666665793,50.0,0.9983430766945874,0.0016569233054126067,PREDICT,
At-224,85,139,224,VERY_HEAVY_A_GE_180,7650.7354,7650.98437274311,0.24897274311024375,0.24897274311024375,7650.97465,7656.8426,5.867949999999837,50.0,0.9983430766945874,0.0016569233054126067,PREDICT,
At-225,85,140,225,VERY_HEAVY_A_GE_180,7641.0,7640.802329085941,-0.19767091405901738,0.19767091405901738,7640.791233333334,7647.487833333333,6.696599999998398,50.0,0.9983430766945874,0.0016569233054126067,PREDICT,
At-226,85,141,226,VERY_HEAVY_A_GE_180,7624.0,7623.426187631592,-0.5738123684077436,0.5738123684077436,7623.3677,7630.305716666666,6.938016666666044,50.0,0.9915699782225356,0.008430021777464462,PREDICT,
At-227,85,142,227,VERY_HEAVY_A_GE_180,7613.0,7613.076310054641,0.07631005464099871,0.07631005464099871,7613.0,7617.8228500000005,4.8228500000004715,50.0,0.9841773941464363,0.0158226058535637,PREDICT,
At-228,85,143,228,VERY_HEAVY_A_GE_180,7596.0,7597.383383394791,1.3833833947910534,1.3833833947910534,7597.2646,7600.81135,3.54674999999952,50.0,0.9665092282253679,0.033490771774632014,PREDICT,
At-229,85,144,229,VERY_HEAVY_A_GE_180,7585.0,7585.0,0.0,0.0,7585.0,7595.4991,10.499099999999999,,1.0,0.0,PREDICT,
Rn-193,86,107,193,VERY_HEAVY_A_GE_180,7675.853,7678.649200000001,2.796200000000681,2.796200000000681,7678.649200000001,7665.6695,12.979700000000776,,1.0,0.0,PREDICT,
Rn-194,86,108,194,VERY_HEAVY_A_GE_180,7694.9961,7698.2075,3.2114000000001397,3.2114000000001397,7698.2075,7683.165600000001,15.04189999999926,,1.0,0.0,PREDICT,
Rn-195,86,109,195,VERY_HEAVY_A_GE_180,7700.3841,7698.986,-1.3981000000003405,1.3981000000003405,7698.986,7690.509800000001,8.476199999999153,,1.0,0.0,PREDICT,
Rn-196,86,110,196,VERY_HEAVY_A_GE_180,7717.966,7716.274342111441,-1.691657888559348,1.691657888559348,7716.3603,7710.9277,5.432600000000093,50.0,0.9841773941464363,0.0158226058535637,PREDICT,
Rn-197,86,111,197,VERY_HEAVY_A_GE_180,7722.119,7722.1283576549495,0.009357654949781136,0.009357654949781136,7722.148866666668,7715.593699999999,6.555166666668811,50.0,0.9968713210874217,0.003128678912578245,PREDICT,
Rn-198,86,112,198,VERY_HEAVY_A_GE_180,7737.7245,7737.845797048155,0.12129704815470177,0.12129704815470177,7737.868416666668,7730.63865,7.2297666666681835,50.0,0.9968713210874217,0.003128678912578245,PREDICT,
Rn-199,86,113,199,VERY_HEAVY_A_GE_180,7741.0568,7740.957966660186,-0.0988333398145187,0.0988333398145187,7740.969633333332,7733.928466666667,7.041166666665049,50.0,0.9983430766945874,0.0016569233054126067,PREDICT,
Rn-200,86,114,200,VERY_HEAVY_A_GE_180,7754.9111,7754.914395185684,0.00329518568378262,0.00329518568378262,7754.927483333334,7747.028416666667,7.89906666666684,50.0,0.9983430766945874,0.0016569233054126067,PREDICT,
Rn-201,86,115,201,VERY_HEAVY_A_GE_180,7757.0174,7757.115927514689,0.09852751468952192,0.09852751468952192,7757.126733333333,7750.605116666667,6.521616666665977,50.0,0.9983430766945874,0.0016569233054126067,PREDICT,
Rn-202,86,116,202,VERY_HEAVY_A_GE_180,7769.3018,7769.1839456573525,-0.11785434264766081,0.11785434264766081,7769.195900000001,7761.981116666666,7.214783333334708,50.0,0.9983430766945874,0.0016569233054126067,PREDICT,
Rn-203,86,117,203,VERY_HEAVY_A_GE_180,7770.3437,7770.306754641349,-0.03694535865179205,0.03694535865179205,7770.317416666665,7763.882583333332,6.43483333333279,50.0,0.9983430766945874,0.0016569233054126067,PREDICT,
Rn-204,86,118,204,VERY_HEAVY_A_GE_180,7780.5743,7780.687733882831,0.1134338828305772,0.1134338828305772,7780.699183333333,7773.789116666667,6.910066666666353,50.0,0.9983430766945874,0.0016569233054126067,PREDICT,
Rn-205,86,119,205,VERY_HEAVY_A_GE_180,7780.7226,7780.685972706038,-0.0366272939618284,0.0366272939618284,7780.696116666667,7774.573949999999,6.122166666667908,50.0,0.9983430766945874,0.0016569233054126067,PREDICT,
Rn-206,86,120,206,VERY_HEAVY_A_GE_180,7789.0417,7788.889626689899,-0.15207331010060443,0.15207331010060443,7788.900216666667,7782.508866666666,6.391350000000784,50.0,0.9983430766945874,0.0016569233054126067,PREDICT,
Rn-207,86,121,207,VERY_HEAVY_A_GE_180,7787.9987,7787.875363549292,-0.12333645070793864,0.12333645070793864,7787.884583333333,7782.320183333331,5.564400000001115,50.0,0.9983430766945874,0.0016569233054126067,PREDICT,
Rn-208,86,122,208,VERY_HEAVY_A_GE_180,7794.2678,7794.565582575094,0.29778257509406103,0.29778257509406103,7794.576233333331,7788.148199999999,6.428033333332678,50.0,0.9983430766945874,0.0016569233054126067,PREDICT,
Rn-209,86,123,209,VERY_HEAVY_A_GE_180,7792.1755,7794.130316280817,1.9548162808168854,1.9548162808168854,7794.142433333334,7786.829450000001,7.31298333333325,50.0,0.9983430766945874,0.0016569233054126067,PREDICT,
Rn-210,86,124,210,VERY_HEAVY_A_GE_180,7796.6653,7798.339806041745,1.6745060417451896,1.6745060417451896,7798.352066666666,7790.952433333331,7.3996333333352595,50.0,0.9983430766945874,0.0016569233054126067,PREDICT,
Rn-211,86,125,211,VERY_HEAVY_A_GE_180,7793.9412,7790.93242702829,-3.0087729717106413,3.0087729717106413,7790.936083333332,7788.729400000001,2.206683333331057,50.0,0.9983430766945874,0.0016569233054126067,PREDICT,
Rn-212,86,126,212,VERY_HEAVY_A_GE_180,7794.7963,7790.356107608627,-4.440192391372875,4.440192391372875,7790.357883333333,7789.286183333333,1.071700000000419,50.0,0.9983430766945874,0.0016569233054126067,PREDICT,
Rn-213,86,127,213,VERY_HEAVY_A_GE_180,7782.1824,7782.400733891566,0.21833389156654448,0.21833389156654448,7782.408533333334,7777.701349999999,4.707183333334797,50.0,0.9983430766945874,0.0016569233054126067,PREDICT,
Rn-214,86,128,214,VERY_HEAVY_A_GE_180,7777.1023,7779.716785715523,2.6144857155231875,2.6144857155231875,7779.7314,7770.911266666665,8.820133333334525,50.0,0.9983430766945874,0.0016569233054126067,PREDICT,
Rn-215,86,129,215,VERY_HEAVY_A_GE_180,7763.8164,7764.76132709331,0.9449270933100706,0.9449270933100706,7764.7708,7759.053633333334,5.717166666666344,50.0,0.9983430766945874,0.0016569233054126067,PREDICT,
Rn-216,86,130,216,VERY_HEAVY_A_GE_180,7758.6553,7758.5506582360285,-0.1046417639718129,0.1046417639718129,7758.5614166666655,7752.068399999998,6.493016666667245,50.0,0.9983430766945874,0.0016569233054126067,PREDICT,
Rn-217,86,131,217,VERY_HEAVY_A_GE_180,7744.4037,7744.458785462979,0.05508546297915018,0.05508546297915018,7744.467116666666,7739.438999999999,5.028116666666392,50.0,0.9983430766945874,0.0016569233054126067,PREDICT,
Rn-218,86,132,218,VERY_HEAVY_A_GE_180,7738.7527,7738.662559332296,-0.09014066770396312,0.09014066770396312,7738.673433333333,7732.1106666666665,6.562766666666903,50.0,0.9983430766945874,0.0016569233054126067,PREDICT,
Rn-219,86,133,219,VERY_HEAVY_A_GE_180,7723.7784,7723.525996609231,-0.25240339076935925,0.25240339076935925,7723.533799999999,7718.824233333335,4.709566666664614,50.0,0.9983430766945874,0.0016569233054126067,PREDICT,
Rn-220,86,134,220,VERY_HEAVY_A_GE_180,7717.2552,7717.256254274553,0.0010542745530983666,0.0010542745530983666,7717.26675,7710.9322833333335,6.334466666666231,50.0,0.9983430766945874,0.0016569233054126067,PREDICT,
Rn-221,86,135,221,VERY_HEAVY_A_GE_180,7701.3941,7701.498602474611,0.10450247461085382,0.10450247461085382,7701.506633333333,7696.6597833333335,4.846849999999904,50.0,0.9983430766945874,0.0016569233054126067,PREDICT,
Rn-222,86,136,222,VERY_HEAVY_A_GE_180,7694.4991,7694.466808782651,-0.03229121734875662,0.03229121734875662,7694.47715,7688.235933333333,6.2412166666663325,50.0,0.9983430766945874,0.0016569233054126067,PREDICT,
Rn-223,86,137,223,VERY_HEAVY_A_GE_180,7678.172,7678.188253414542,0.016253414542006794,0.016253414542006794,7678.196599999999,7673.1592,5.037399999999252,50.0,0.9983430766945874,0.0016569233054126067,PREDICT,
Rn-224,86,138,224,VERY_HEAVY_A_GE_180,7670.7514,7670.779642935088,0.028242935088201193,0.028242935088201193,7670.789783333332,7664.669766666667,6.120016666664924,50.0,0.9983430766945874,0.0016569233054126067,PREDICT,
Rn-225,86,139,225,VERY_HEAVY_A_GE_180,7654.3581,7654.303361372907,-0.054738627093684045,0.054738627093684045,7654.312399999999,7648.8573333333325,5.455066666666426,50.0,0.9983430766945874,0.0016569233054126067,PREDICT,
Rn-226,86,140,226,VERY_HEAVY_A_GE_180,7646.4108,7646.670599559567,0.25979955956699996,0.25979955956699996,7646.681549999999,7640.07265,6.608899999999267,50.0,0.9983430766945874,0.0016569233054126067,PREDICT,
Rn-227,86,141,227,VERY_HEAVY_A_GE_180,7630.0508,7630.448657573357,0.3978575733572143,0.3978575733572143,7630.458533333334,7624.498233333334,5.960300000000643,50.0,0.9983430766945874,0.0016569233054126067,PREDICT,
Rn-228,86,142,228,VERY_HEAVY_A_GE_180,7621.6457,7620.65651317971,-0.9891868202903424,0.9891868202903424,7620.7054,7614.906266666665,5.799133333334794,50.0,0.9915699782225356,0.008430021777464462,PREDICT,
Rn-229,86,143,229,VERY_HEAVY_A_GE_180,7605.6227,7604.480196256224,-1.1425037437757055,1.1425037437757055,7604.5254,7599.163166666667,5.362233333333279,50.0,0.9915699782225356,0.008430021777464462,PREDICT,
Rn-230,86,144,230,VERY_HEAVY_A_GE_180,7595.0,7596.641805773631,1.6418057736309493,1.6418057736309493,7596.8806,7589.75045,7.130150000000867,50.0,0.9665092282253679,0.033490771774632014,PREDICT,
Rn-231,86,145,231,VERY_HEAVY_A_GE_180,7579.0,7581.1946,2.1945999999998094,2.1945999999998094,7581.1946,7573.1318,8.062799999999697,,1.0,0.0,PREDICT,
Fr-197,87,110,197,VERY_HEAVY_A_GE_180,7673.764,7675.6831,1.9191000000000713,1.9191000000000713,7675.6831,7687.8406,12.157500000000255,,1.0,0.0,PREDICT,
Fr-198,87,111,198,VERY_HEAVY_A_GE_180,7679.1873,7681.6459,2.4586000000008426,2.4586000000008426,7681.6459,7692.237899999999,10.591999999998734,,1.0,0.0,PREDICT,
Fr-199,87,112,199,VERY_HEAVY_A_GE_180,7695.2599,7694.3003499999995,-0.9595500000004904,0.9595500000004904,7694.3003499999995,7709.431600000001,15.131250000001273,,1.0,0.0,PREDICT,
Fr-200,87,113,200,VERY_HEAVY_A_GE_180,7700.3292,7699.196954282044,-1.1322457179558114,1.1322457179558114,7699.099899999999,7705.2338,6.133900000000722,50.0,0.9841773941464363,0.0158226058535637,PREDICT,
Fr-201,87,114,201,VERY_HEAVY_A_GE_180,7714.8367,7714.754781231635,-0.08191876836463052,0.08191876836463052,7714.737566666667,7720.239750000001,5.50218333333396,50.0,0.9968713210874217,0.003128678912578245,PREDICT,
Fr-202,87,115,202,VERY_HEAVY_A_GE_180,7719.0125,7719.003793810976,-0.00870618902354181,0.00870618902354181,7718.989966666667,7723.409449999999,4.419483333332209,50.0,0.9968713210874217,0.003128678912578245,PREDICT,
Fr-203,87,116,203,VERY_HEAVY_A_GE_180,7731.7092,7731.773739227218,0.06453922721811978,0.06453922721811978,7731.7609999999995,7739.449483333333,7.688483333333352,50.0,0.9983430766945874,0.0016569233054126067,PREDICT,
Fr-204,87,117,204,VERY_HEAVY_A_GE_180,7734.6931,7734.456429531457,-0.2366704685437071,0.2366704685437071,7734.445116666666,7741.272750000001,6.827633333335143,50.0,0.9983430766945874,0.0016569233054126067,PREDICT,
Fr-205,87,118,205,VERY_HEAVY_A_GE_180,7745.687,7745.566527359296,-0.12047264070406527,0.12047264070406527,7745.554533333334,7752.793266666667,7.238733333332675,50.0,0.9983430766945874,0.0016569233054126067,PREDICT,
Fr-206,87,119,206,VERY_HEAVY_A_GE_180,7746.9621,7747.381895265344,0.4197952653439643,0.4197952653439643,7747.3716,7753.5850833333325,6.2134833333320785,50.0,0.9983430766945874,0.0016569233054126067,PREDICT,
Fr-207,87,120,207,VERY_HEAVY_A_GE_180,7756.2689,7756.2897540893355,0.02085408933544386,0.02085408933544386,7756.278583333333,7763.020449999999,6.741866666666283,50.0,0.9983430766945874,0.0016569233054126067,PREDICT,
Fr-208,87,121,208,VERY_HEAVY_A_GE_180,7756.8985,7756.478423834795,-0.42007616520550073,0.42007616520550073,7756.467833333334,7762.8595000000005,6.391666666666424,50.0,0.9983430766945874,0.0016569233054126067,PREDICT,
Fr-209,87,122,209,VERY_HEAVY_A_GE_180,7763.7485,7764.07339401586,0.3248940158600817,0.3248940158600817,7764.063249999999,7770.185450000001,6.122200000001612,50.0,0.9983430766945874,0.0016569233054126067,PREDICT,
Fr-210,87,123,210,VERY_HEAVY_A_GE_180,7763.1243,7765.052055767612,1.9277557676114156,1.9277557676114156,7765.045766666667,7768.841416666666,3.795649999999114,50.0,0.9983430766945874,0.0016569233054126067,PREDICT,
Fr-211,87,124,211,VERY_HEAVY_A_GE_180,7768.3613,7769.887732901157,1.5264329011570226,1.5264329011570226,7769.880266666665,7774.386350000001,4.506083333335482,50.0,0.9983430766945874,0.0016569233054126067,PREDICT,
Fr-212,87,125,212,VERY_HEAVY_A_GE_180,7766.8455,7764.031240861852,-2.8142591381483726,2.8142591381483726,7764.0174333333325,7772.350666666667,8.333233333334647,50.0,0.9983430766945874,0.0016569233054126067,PREDICT,
Fr-213,87,126,213,VERY_HEAVY_A_GE_180,7768.4543,7764.177357922214,-4.276942077786771,4.276942077786771,7764.16075,7774.184099999999,10.023349999998572,50.0,0.9983430766945874,0.0016569233054126067,PREDICT,
Fr-214,87,127,214,VERY_HEAVY_A_GE_180,7757.7393,7757.899471813904,0.16017181390361657,0.16017181390361657,7757.891433333333,7762.742883333332,4.851449999999204,50.0,0.9983430766945874,0.0016569233054126067,PREDICT,
Fr-215,87,128,215,VERY_HEAVY_A_GE_180,7753.2607,7755.902759725969,2.642059725969375,2.642059725969375,7755.8966666666665,7759.574,3.677333333333081,50.0,0.9983430766945874,0.0016569233054126067,PREDICT,
Fr-216,87,129,216,VERY_HEAVY_A_GE_180,7742.4513,7743.544051329884,1.0927513298838676,1.0927513298838676,7743.53765,7747.401033333333,3.863383333332422,50.0,0.9983430766945874,0.0016569233054126067,PREDICT,
Fr-217,87,130,217,VERY_HEAVY_A_GE_180,7737.775,7737.683604354022,-0.09139564597808203,0.09139564597808203,7737.672483333334,7744.384333333334,6.711850000000595,50.0,0.9983430766945874,0.0016569233054126067,PREDICT,
Fr-218,87,131,218,VERY_HEAVY_A_GE_180,7726.7143,7726.689591223849,-0.024708776150873746,0.024708776150873746,7726.681749999998,7731.414149999999,4.73240000000078,50.0,0.9983430766945874,0.0016569233054126067,PREDICT,
Fr-219,87,132,219,VERY_HEAVY_A_GE_180,7721.1759,7721.211324483526,0.03542448352618521,0.03542448352618521,7721.200433333332,7727.773549999999,6.573116666667374,50.0,0.9983430766945874,0.0016569233054126067,PREDICT,
Fr-220,87,133,220,VERY_HEAVY_A_GE_180,7709.743,7709.6461758494215,-0.09682415057886828,0.09682415057886828,7709.6379166666675,7714.622566666665,4.9846499999976,50.0,0.9983430766945874,0.0016569233054126067,PREDICT,
Fr-221,87,134,221,VERY_HEAVY_A_GE_180,7703.2572,7703.118671646388,-0.13852835361194593,0.13852835361194593,7703.108233333333,7709.408049999999,6.29981666666572,50.0,0.9983430766945874,0.0016569233054126067,PREDICT,
Fr-222,87,135,222,VERY_HEAVY_A_GE_180,7690.9474,7690.89977648659,-0.04762351341014437,0.04762351341014437,7690.89215,7695.49495,4.60280000000057,50.0,0.9983430766945874,0.0016569233054126067,PREDICT,
Fr-223,87,136,223,VERY_HEAVY_A_GE_180,7683.6655,7683.826478025448,0.16097802544754813,0.16097802544754813,7683.816916666668,7689.587466666666,5.770549999998366,50.0,0.9983430766945874,0.0016569233054126067,PREDICT,
Fr-224,87,137,224,VERY_HEAVY_A_GE_180,7670.368,7670.205436261428,-0.16256373857231665,0.16256373857231665,7670.197483333332,7674.997299999998,4.799816666666629,50.0,0.9983430766945874,0.0016569233054126067,PREDICT,
Fr-225,87,138,225,VERY_HEAVY_A_GE_180,7662.9412,7662.6652535785815,-0.27594642141866643,0.27594642141866643,7662.655266666666,7668.68265,6.027383333334001,50.0,0.9983430766945874,0.0016569233054126067,PREDICT,
Fr-226,87,139,226,VERY_HEAVY_A_GE_180,7648.3768,7648.723682703724,0.34688270372407715,0.34688270372407715,7648.715833333334,7653.453149999999,4.73731666666572,50.0,0.9983430766945874,0.0016569233054126067,PREDICT,
Fr-227,87,140,227,VERY_HEAVY_A_GE_180,7640.7162,7641.16783446607,0.45163446607057267,0.45163446607057267,7641.1584,7646.852366666666,5.693966666665801,50.0,0.9983430766945874,0.0016569233054126067,PREDICT,
Fr-228,87,141,228,VERY_HEAVY_A_GE_180,7626.3689,7626.443622188043,0.07472218804286967,0.07472218804286967,7626.435316666667,7631.447933333334,5.012616666666872,50.0,0.9983430766945874,0.0016569233054126067,PREDICT,
Fr-229,87,142,229,VERY_HEAVY_A_GE_180,7618.338,7618.1249158648625,-0.213084135137251,0.213084135137251,7618.114566666665,7624.360599999999,6.2460333333337985,50.0,0.9983430766945874,0.0016569233054126067,PREDICT,
Fr-230,87,143,230,VERY_HEAVY_A_GE_180,7603.7052,7602.912287051449,-0.7929129485510202,0.7929129485510202,7602.8585,7609.238916666666,6.380416666665951,50.0,0.9915699782225356,0.008430021777464462,PREDICT,
Fr-231,87,144,231,VERY_HEAVY_A_GE_180,7594.5009,7593.841042916201,-0.6598570837986699,0.6598570837986699,7593.7889,7599.974283333334,6.185383333334357,50.0,0.9915699782225356,0.008430021777464462,PREDICT,
Fr-232,87,145,232,VERY_HEAVY_A_GE_180,7579.3481,7581.08305200054,1.7349520005400336,1.7349520005400336,7581.0415,7582.2822,1.2406999999993786,50.0,0.9665092282253679,0.033490771774632014,PREDICT,
Fr-233,87,146,233,VERY_HEAVY_A_GE_180,7569.2398,7570.6638,1.4239999999999782,1.4239999999999782,7570.6638,7579.582699999999,8.918899999998757,,1.0,0.0,PREDICT,
Ra-201,88,113,201,VERY_HEAVY_A_GE_180,7669.4108,7672.4331999999995,3.022399999999834,3.022399999999834,7672.4331999999995,7659.6016,12.831599999999526,,1.0,0.0,PREDICT,
Ra-202,88,114,202,VERY_HEAVY_A_GE_180,7685.5684,7688.4448,2.8764000000001033,2.8764000000001033,7688.4448,7674.762299999999,13.6825000000008,,1.0,0.0,PREDICT,
Ra-203,88,115,203,VERY_HEAVY_A_GE_180,7689.8015,7688.2903,-1.511199999999917,1.511199999999917,7688.2903,7681.0076,7.28269999999975,,1.0,0.0,PREDICT,
Ra-204,88,116,204,VERY_HEAVY_A_GE_180,7704.1238,7702.600078024232,-1.5237219757682396,1.5237219757682396,7702.685600000001,7697.2805499999995,5.405050000001211,50.0,0.9841773941464363,0.0158226058535637,PREDICT,
Ra-205,88,117,205,VERY_HEAVY_A_GE_180,7707.1698,7707.277605966908,0.10780596690801758,0.10780596690801758,7707.296449999999,7701.273450000001,6.022999999998319,50.0,0.9968713210874217,0.003128678912578245,PREDICT,
Ra-206,88,118,206,VERY_HEAVY_A_GE_180,7719.8028,7719.592769066853,-0.210030933147209,0.210030933147209,7719.604816666668,7712.333749999999,7.271066666668958,50.0,0.9983430766945874,0.0016569233054126067,PREDICT,
Ra-207,88,119,207,VERY_HEAVY_A_GE_180,7721.7503,7721.632414455728,-0.11788554427130293,0.11788554427130293,7721.643299999999,7715.073566666668,6.569733333330987,50.0,0.9983430766945874,0.0016569233054126067,PREDICT,
Ra-208,88,120,208,VERY_HEAVY_A_GE_180,7732.0177,7732.163937447784,0.14623744778327818,0.14623744778327818,7732.1757333333335,7725.056583333333,7.119150000000445,50.0,0.9983430766945874,0.0016569233054126067,PREDICT,
Ra-209,88,121,209,VERY_HEAVY_A_GE_180,7733.0177,7732.941801511454,-0.07589848854604497,0.07589848854604497,7732.952266666666,7726.63625,6.3160166666666555,50.0,0.9983430766945874,0.0016569233054126067,PREDICT,
Ra-210,88,122,210,VERY_HEAVY_A_GE_180,7741.3687,7741.510007055813,0.1413070558128311,0.1413070558128311,7741.521216666666,7734.755899999998,6.765316666667786,50.0,0.9983430766945874,0.0016569233054126067,PREDICT,
Ra-211,88,123,211,VERY_HEAVY_A_GE_180,7741.0887,7742.801459122097,1.7127591220969407,1.7127591220969407,7742.814333333334,7735.044383333333,7.76995000000079,50.0,0.9983430766945874,0.0016569233054126067,PREDICT,
Ra-212,88,124,212,VERY_HEAVY_A_GE_180,7747.5078,7748.78712101653,1.279321016530048,1.279321016530048,7748.799816666666,7741.137633333333,7.662183333332905,50.0,0.9983430766945874,0.0016569233054126067,PREDICT,
Ra-213,88,125,213,VERY_HEAVY_A_GE_180,7746.4726,7743.615845313708,-2.8567546862923336,2.8567546862923336,7743.620749999999,7740.660633333333,2.960116666666181,50.0,0.9983430766945874,0.0016569233054126067,PREDICT,
Ra-214,88,126,214,VERY_HEAVY_A_GE_180,7749.1719,7745.4997317468515,-3.6721682531488113,3.6721682531488113,7745.5036,7743.169,2.334600000000137,50.0,0.9983430766945874,0.0016569233054126067,PREDICT,
Ra-215,88,127,215,VERY_HEAVY_A_GE_180,7739.3249,7739.722672135015,0.3977721350156571,0.3977721350156571,7739.732416666666,7733.851316666665,5.881100000000515,50.0,0.9983430766945874,0.0016569233054126067,PREDICT,
Ra-216,88,128,216,VERY_HEAVY_A_GE_180,7737.3458,7739.583725566639,2.2379255666392055,2.2379255666392055,7739.59805,7730.95285,8.645199999999932,50.0,0.9983430766945874,0.0016569233054126067,PREDICT,
Ra-217,88,129,217,VERY_HEAVY_A_GE_180,7726.9122,7727.642936880074,0.7307368800738914,0.7307368800738914,7727.652633333333,7721.80055,5.852083333333212,50.0,0.9983430766945874,0.0016569233054126067,PREDICT,
Ra-218,88,130,218,VERY_HEAVY_A_GE_180,7725.0241,7725.033885743523,0.009785743523025303,0.009785743523025303,7725.044966666666,7718.3573166666665,6.687649999999849,50.0,0.9983430766945874,0.0016569233054126067,PREDICT,
Ra-219,88,131,219,VERY_HEAVY_A_GE_180,7714.056,7714.5836629345085,0.5276629345089532,0.5276629345089532,7714.592433333333,7709.299249999999,5.293183333334127,50.0,0.9983430766945874,0.0016569233054126067,PREDICT,
Ra-220,88,132,220,VERY_HEAVY_A_GE_180,7711.6879,7711.589325487848,-0.09857451215157198,0.09857451215157198,7711.599899999998,7705.217883333334,6.38201666666464,50.0,0.9983430766945874,0.0016569233054126067,PREDICT,
Ra-221,88,133,221,VERY_HEAVY_A_GE_180,7701.1352,7700.487305213861,-0.6478947861387496,0.6478947861387496,7700.494266666667,7696.292833333333,4.201433333333625,50.0,0.9983430766945874,0.0016569233054126067,PREDICT,
Ra-222,88,134,222,VERY_HEAVY_A_GE_180,7696.6931,7696.56677060993,-0.1263293900701683,0.1263293900701683,7696.576383333332,7690.774833333333,5.801549999999224,50.0,0.9983430766945874,0.0016569233054126067,PREDICT,
Ra-223,88,135,223,VERY_HEAVY_A_GE_180,7685.3101,7685.413119344493,0.10301934449307737,0.10301934449307737,7685.421066666666,7680.624633333332,4.79643333333388,50.0,0.9983430766945874,0.0016569233054126067,PREDICT,
Ra-224,88,136,224,VERY_HEAVY_A_GE_180,7679.9236,7680.07541630037,0.15181630037022842,0.15181630037022842,7680.084999999999,7674.300966666666,5.784033333333355,50.0,0.9983430766945874,0.0016569233054126067,PREDICT,
Ra-225,88,137,225,VERY_HEAVY_A_GE_180,7667.5866,7667.4657577554835,-0.12084224451609771,0.12084224451609771,7667.473033333333,7663.082016666667,4.391016666665564,50.0,0.9983430766945874,0.0016569233054126067,PREDICT,
Ra-226,88,138,226,VERY_HEAVY_A_GE_180,7661.9636,7661.791569745601,-0.17203025439903286,0.17203025439903286,7661.800416666667,7656.46105,5.339366666667047,50.0,0.9983430766945874,0.0016569233054126067,PREDICT,
Ra-227,88,139,227,VERY_HEAVY_A_GE_180,7648.3048,7648.514972920915,0.2101729209152836,0.2101729209152836,7648.5232166666665,7643.547883333333,4.975333333333765,50.0,0.9983430766945874,0.0016569233054126067,PREDICT,
Ra-228,88,140,228,VERY_HEAVY_A_GE_180,7642.4289,7642.586159344868,0.15725934486818005,0.15725934486818005,7642.596416666667,7636.405833333333,6.1905833333339615,50.0,0.9983430766945874,0.0016569233054126067,PREDICT,
Ra-229,88,141,229,VERY_HEAVY_A_GE_180,7628.4862,7628.564202573052,0.07800257305189007,0.07800257305189007,7628.572566666667,7623.5246,5.04796666666698,50.0,0.9983430766945874,0.0016569233054126067,PREDICT,
Ra-230,88,142,230,VERY_HEAVY_A_GE_180,7621.9144,7621.865153425361,-0.04924657463834592,0.04924657463834592,7621.874616666666,7616.163283333332,5.711333333333641,50.0,0.9983430766945874,0.0016569233054126067,PREDICT,
Ra-231,88,143,231,VERY_HEAVY_A_GE_180,7607.8418,7607.807734837183,-0.03406516281756922,0.03406516281756922,7607.816266666667,7602.667066666667,5.149199999999837,50.0,0.9983430766945874,0.0016569233054126067,PREDICT,
Ra-232,88,144,232,VERY_HEAVY_A_GE_180,7600.0099,7599.189175679733,-0.8207243202668906,0.8207243202668906,7599.229149999999,7594.48725,4.741899999999077,50.0,0.9915699782225356,0.008430021777464462,PREDICT,
Ra-233,88,145,233,VERY_HEAVY_A_GE_180,7585.5644,7584.387179350889,-1.1772206491114048,1.1772206491114048,7584.4209,7580.420833333334,4.000066666666498,50.0,0.9915699782225356,0.008430021777464462,PREDICT,
Ra-234,88,146,234,VERY_HEAVY_A_GE_180,7576.5439,7577.87990830818,1.3360083081806806,1.3360083081806806,7578.1054,7571.372450000001,6.732949999999619,50.0,0.9665092282253679,0.033490771774632014,PREDICT,
Ra-235,88,147,235,VERY_HEAVY_A_GE_180,7561.0,7563.287,2.287000000000262,2.287000000000262,7563.287,7555.0413,8.245700000000397,,1.0,0.0,PREDICT,
Ac-205,89,116,205,VERY_HEAVY_A_GE_180,7662.8519,7666.354699999999,3.502799999999297,3.502799999999297,7666.354699999999,7676.5384,10.183700000001409,,1.0,0.0,PREDICT,
Ac-206,89,117,206,VERY_HEAVY_A_GE_180,7667.8538,7671.6396,3.785800000000563,3.785800000000563,7671.6396,7679.646499999999,8.006899999998495,,1.0,0.0,PREDICT,
Ac-207,89,118,207,VERY_HEAVY_A_GE_180,7681.1001,7679.456902890131,-1.6431971098691065,1.6431971098691065,7679.3487000000005,7686.1872,6.83849999999984,50.0,0.9841773941464363,0.0158226058535637,PREDICT,
Ac-208,89,119,208,VERY_HEAVY_A_GE_180,7684.8289,7683.029972829555,-1.798927170445495,1.798927170445495,7682.936,7688.87515,5.939150000000154,50.0,0.9841773941464363,0.0158226058535637,PREDICT,
Ac-209,89,120,209,VERY_HEAVY_A_GE_180,7695.8455,7695.983458973684,0.13795897368345322,0.13795897368345322,7695.971616666666,7703.118783333333,7.147166666667545,50.0,0.9983430766945874,0.0016569233054126067,PREDICT,
Ac-210,89,121,210,VERY_HEAVY_A_GE_180,7698.0182,7698.238596782175,0.22039678217424807,0.22039678217424807,7698.227666666667,7704.824299999999,6.5966333333326475,50.0,0.9983430766945874,0.0016569233054126067,PREDICT,
Ac-211,89,122,211,VERY_HEAVY_A_GE_180,7707.468,7707.549597191726,0.0815971917263596,0.0815971917263596,7707.538566666666,7714.195799999999,6.657233333332442,50.0,0.9983430766945874,0.0016569233054126067,PREDICT,
Ac-212,89,123,212,VERY_HEAVY_A_GE_180,7708.4479,7709.935039333528,1.4871393335279208,1.4871393335279208,7709.926933333332,7714.8191333333325,4.89220000000023,50.0,0.9983430766945874,0.0016569233054126067,PREDICT,
Ac-213,89,124,213,VERY_HEAVY_A_GE_180,7715.5908,7716.898316913047,1.3075169130470385,1.3075169130470385,7716.889416666666,7722.260966666667,5.371550000000752,50.0,0.9983430766945874,0.0016569233054126067,PREDICT,
Ac-214,89,125,214,VERY_HEAVY_A_GE_180,7715.8874,7713.107411820469,-2.7799881795308465,2.7799881795308465,7713.0926666666655,7721.991783333333,8.899116666667396,50.0,0.9983430766945874,0.0016569233054126067,PREDICT,
Ac-215,89,126,215,VERY_HEAVY_A_GE_180,7719.4137,7715.970407984691,-3.443292015309453,3.443292015309453,7715.95425,7725.706050000001,9.751800000000912,50.0,0.9983430766945874,0.0016569233054126067,PREDICT,
Ac-216,89,127,216,VERY_HEAVY_A_GE_180,7711.2319,7711.897041930478,0.6651419304780575,0.6651419304780575,7711.888366666666,7717.124133333332,5.235766666665768,50.0,0.9983430766945874,0.0016569233054126067,PREDICT,
Ac-217,89,128,217,VERY_HEAVY_A_GE_180,7710.3448,7712.300182979325,1.9553829793248951,1.9553829793248951,7712.292616666666,7716.8591,4.566483333333963,50.0,0.9983430766945874,0.0016569233054126067,PREDICT,
Ac-218,89,129,218,VERY_HEAVY_A_GE_180,7702.145,7702.615480113107,0.47048011310653237,0.47048011310653237,7702.6074499999995,7707.45385,4.846400000000358,50.0,0.9983430766945874,0.0016569233054126067,PREDICT,
Ac-219,89,130,219,VERY_HEAVY_A_GE_180,7700.5489,7700.816163297182,0.2672632971825806,0.2672632971825806,7700.805533333331,7707.221016666666,6.4154833333350325,50.0,0.9983430766945874,0.0016569233054126067,PREDICT,
Ac-220,89,131,220,VERY_HEAVY_A_GE_180,7692.3515,7693.075043640329,0.7235436403288986,0.7235436403288986,7693.068383333333,7697.088066666665,4.019683333332068,50.0,0.9983430766945874,0.0016569233054126067,PREDICT,
Ac-221,89,132,221,VERY_HEAVY_A_GE_180,7690.5039,7690.4690070539955,-0.034892946004219993,0.034892946004219993,7690.458633333334,7696.7194666666655,6.260833333331902,50.0,0.9983430766945874,0.0016569233054126067,PREDICT,
Ac-222,89,133,222,VERY_HEAVY_A_GE_180,7682.8015,7682.037249126074,-0.7642508739254481,0.7642508739254481,7682.028899999999,7687.067833333333,5.0389333333332615,50.0,0.9983430766945874,0.0016569233054126067,PREDICT,
Ac-223,89,134,223,VERY_HEAVY_A_GE_180,7679.1479,7678.929563587277,-0.21833641272314708,0.21833641272314708,7678.920116666666,7684.621599999999,5.701483333332362,50.0,0.9983430766945874,0.0016569233054126067,PREDICT,
Ac-224,89,135,224,VERY_HEAVY_A_GE_180,7670.1438,7670.391296655083,0.24749665508352336,0.24749665508352336,7670.384733333332,7674.345883333332,3.9611499999991793,50.0,0.9983430766945874,0.0016569233054126067,PREDICT,
Ac-225,89,136,225,VERY_HEAVY_A_GE_180,7665.6906,7665.954217834168,0.2636178341681443,0.2636178341681443,7665.946116666666,7670.835399999999,4.889283333332969,50.0,0.9983430766945874,0.0016569233054126067,PREDICT,
Ac-226,89,137,226,VERY_HEAVY_A_GE_180,7655.6628,7655.5238504014205,-0.13894959857952927,0.13894959857952927,7655.517083333333,7659.601199999999,4.084116666665977,50.0,0.9983430766945874,0.0016569233054126067,PREDICT,
Ac-227,89,138,227,VERY_HEAVY_A_GE_180,7650.7084,7650.262029678699,-0.4463703213014014,0.4463703213014014,7650.252683333332,7655.893466666667,5.640783333335094,50.0,0.9983430766945874,0.0016569233054126067,PREDICT,
Ac-228,89,139,228,VERY_HEAVY_A_GE_180,7639.1973,7639.327826747053,0.13052674705340905,0.13052674705340905,7639.32075,7643.591766666666,4.271016666666583,50.0,0.9983430766945874,0.0016569233054126067,PREDICT,
Ac-229,89,140,229,VERY_HEAVY_A_GE_180,7633.2446,7633.718304760719,0.47370476071864687,0.47370476071864687,7633.709383333334,7639.093716666665,5.384333333331597,50.0,0.9983430766945874,0.0016569233054126067,PREDICT,
Ac-230,89,141,230,VERY_HEAVY_A_GE_180,7621.4604,7621.457359639189,-0.003040360810700804,0.003040360810700804,7621.449116666668,7626.423983333332,4.974866666664639,50.0,0.9983430766945874,0.0016569233054126067,PREDICT,
Ac-231,89,142,231,VERY_HEAVY_A_GE_180,7615.0768,7614.933094976617,-0.1437050233826085,0.1437050233826085,7614.9234166666665,7620.764549999998,5.841133333331527,50.0,0.9983430766945874,0.0016569233054126067,PREDICT,
Ac-232,89,143,232,VERY_HEAVY_A_GE_180,7602.4245,7602.661373587526,0.23687358752613363,0.23687358752613363,7602.653466666667,7607.425516666664,4.772049999997762,50.0,0.9983430766945874,0.0016569233054126067,PREDICT,
Ac-233,89,144,233,VERY_HEAVY_A_GE_180,7595.1939,7595.189741379275,-0.004158620725320361,0.004158620725320361,7595.1805,7600.757933333333,5.57743333333292,50.0,0.9983430766945874,0.0016569233054126067,PREDICT,
Ac-234,89,145,234,VERY_HEAVY_A_GE_180,7582.1297,7580.886644860549,-1.243055139451826,1.243055139451826,7580.8333999999995,7587.1495,6.316100000000915,50.0,0.9915699782225356,0.008430021777464462,PREDICT,
Ac-235,89,146,235,VERY_HEAVY_A_GE_180,7573.5051,7572.65152680399,-0.8535731960100748,0.8535731960100748,7572.59695,7579.071049999999,6.474099999998543,50.0,0.9915699782225356,0.008430021777464462,PREDICT,
Ac-236,89,147,236,VERY_HEAVY_A_GE_180,7559.2423,7561.847852555984,2.6055525559841044,2.6055525559841044,7561.834900000001,7562.2216499999995,0.3867499999987558,50.0,0.9665092282253679,0.033490771774632014,PREDICT,
Ac-237,89,148,237,VERY_HEAVY_A_GE_180,7550.0,7551.8163,1.8163000000004104,1.8163000000004104,7551.8163,7560.0,8.18369999999959,,1.0,0.0,PREDICT,
Th-208,90,118,208,VERY_HEAVY_A_GE_180,7652.5716,7656.09,3.5183999999999287,3.5183999999999287,7656.09,7642.397399999999,13.692600000001221,,1.0,0.0,PREDICT,
Th-209,90,119,209,VERY_HEAVY_A_GE_180,7656.0,7659.8542,3.8541999999997643,3.8541999999997643,7659.8542,7647.907500000001,11.9466999999986,,1.0,0.0,PREDICT,
Th-210,90,120,210,VERY_HEAVY_A_GE_180,7669.0764,7667.242880429176,-1.8335195708241372,1.8335195708241372,7667.3171999999995,7662.620150000001,4.697049999998853,50.0,0.9841773941464363,0.0158226058535637,PREDICT,
Th-211,90,121,211,VERY_HEAVY_A_GE_180,7671.8506,7669.858628107131,-1.9919718928686052,1.9919718928686052,7669.9235,7665.82355,4.099949999999808,50.0,0.9841773941464363,0.0158226058535637,PREDICT,
Th-212,90,122,212,VERY_HEAVY_A_GE_180,7682.0628,7682.53682564645,0.47402564645017264,0.47402564645017264,7682.556916666666,7676.1353500000005,6.421566666665967,50.0,0.9968713210874217,0.003128678912578245,PREDICT,
Th-213,90,123,213,VERY_HEAVY_A_GE_180,7683.847,7685.471859623754,1.6248596237546735,1.6248596237546735,7685.485716666665,7677.122600000001,8.36311666666461,50.0,0.9983430766945874,0.0016569233054126067,PREDICT,
Th-214,90,124,214,VERY_HEAVY_A_GE_180,7692.3173,7693.02402403028,0.7067240302803839,0.7067240302803839,7693.0365,7685.5069,7.529599999999846,50.0,0.9983430766945874,0.0016569233054126067,PREDICT,
Th-215,90,125,215,VERY_HEAVY_A_GE_180,7693.0266,7690.352166581589,-2.674433418411354,2.674433418411354,7690.358316666668,7686.646566666666,3.7117500000013024,50.0,0.9983430766945874,0.0016569233054126067,PREDICT,
Th-216,90,126,216,VERY_HEAVY_A_GE_180,7697.6617,7694.847108827902,-2.8145911720976073,2.8145911720976073,7694.8534,7691.056499999999,3.7969000000011874,50.0,0.9983430766945874,0.0016569233054126067,PREDICT,
Th-217,90,127,217,VERY_HEAVY_A_GE_180,7690.5945,7691.198198129254,0.6036981292536439,0.6036981292536439,7691.209566666667,7684.348333333333,6.861233333333985,50.0,0.9983430766945874,0.0016569233054126067,PREDICT,
Th-218,90,128,218,VERY_HEAVY_A_GE_180,7691.6026,7693.262145455502,1.6595454555017568,1.6595454555017568,7693.275983333333,7684.924433333334,8.351549999999406,50.0,0.9983430766945874,0.0016569233054126067,PREDICT,
Th-219,90,129,219,VERY_HEAVY_A_GE_180,7683.7655,7684.150903666558,0.385403666557977,0.385403666557977,7684.160800000001,7678.188083333334,5.9727166666662015,50.0,0.9983430766945874,0.0016569233054126067,PREDICT,
Th-220,90,130,220,VERY_HEAVY_A_GE_180,7684.4964,7684.600410145618,0.1040101456183038,0.1040101456183038,7684.6115500000005,7677.888333333333,6.723216666667213,50.0,0.9983430766945874,0.0016569233054126067,PREDICT,
Th-221,90,131,221,VERY_HEAVY_A_GE_180,7676.064,7676.627196095911,0.5631960959108255,0.5631960959108255,7676.635833333333,7671.423016666667,5.2128166666661855,50.0,0.9983430766945874,0.0016569233054126067,PREDICT,
Th-222,90,132,222,VERY_HEAVY_A_GE_180,7676.6592,7676.677751669348,0.01855166934819863,0.01855166934819863,7676.688049999999,7670.472716666667,6.215333333331728,50.0,0.9983430766945874,0.0016569233054126067,PREDICT,
Th-223,90,133,223,VERY_HEAVY_A_GE_180,7668.6426,7668.314485616939,-0.3281143830608926,0.3281143830608926,7668.320499999999,7664.690649999999,3.6298500000002605,50.0,0.9983430766945874,0.0016569233054126067,PREDICT,
Th-224,90,134,224,VERY_HEAVY_A_GE_180,7667.7162,7667.581068544101,-0.1351314558987724,0.1351314558987724,7667.589616666664,7662.430583333333,5.159033333331536,50.0,0.9983430766945874,0.0016569233054126067,PREDICT,
Th-225,90,135,225,VERY_HEAVY_A_GE_180,7659.2229,7658.943032573559,-0.2798674264404326,0.2798674264404326,7658.948633333332,7655.568416666666,3.3802166666655467,50.0,0.9983430766945874,0.0016569233054126067,PREDICT,
Th-226,90,136,226,VERY_HEAVY_A_GE_180,7657.1195,7657.246829442825,0.1273294428256122,0.1273294428256122,7657.255166666667,7652.223416666666,5.031750000001011,50.0,0.9983430766945874,0.0016569233054126067,PREDICT,
Th-227,90,137,227,VERY_HEAVY_A_GE_180,7647.4591,7647.782526871666,0.32342687166601536,0.32342687166601536,7647.789033333333,7643.8622,3.9268333333329792,50.0,0.9983430766945874,0.0016569233054126067,PREDICT,
Th-228,90,138,228,VERY_HEAVY_A_GE_180,7645.0807,7644.944574293335,-0.13612570666555257,0.13612570666555257,7644.952933333334,7639.908016666668,5.044916666665813,50.0,0.9983430766945874,0.0016569233054126067,PREDICT,
Th-229,90,139,229,VERY_HEAVY_A_GE_180,7634.651,7634.692120517464,0.04112051746415091,0.04112051746415091,7634.699166666666,7630.446616666666,4.252550000000156,50.0,0.9983430766945874,0.0016569233054126067,PREDICT,
Th-230,90,140,230,VERY_HEAVY_A_GE_180,7630.9974,7631.071042942983,0.07364294298258756,0.07364294298258756,7631.080466666666,7625.392983333333,5.687483333333148,50.0,0.9983430766945874,0.0016569233054126067,PREDICT,
Th-231,90,141,231,VERY_HEAVY_A_GE_180,7620.1188,7619.714819610283,-0.40398038971761707,0.40398038971761707,7619.722249999999,7615.2378,4.484449999999015,50.0,0.9983430766945874,0.0016569233054126067,PREDICT,
Th-232,90,142,232,VERY_HEAVY_A_GE_180,7615.0338,7614.884920065516,-0.1488799344842846,0.1488799344842846,7614.893816666666,7609.524466666666,5.36934999999994,50.0,0.9983430766945874,0.0016569233054126067,PREDICT,
Th-233,90,143,233,VERY_HEAVY_A_GE_180,7602.8937,7603.312596400232,0.41889640023237007,0.41889640023237007,7603.320949999999,7598.279316666665,5.041633333334175,50.0,0.9983430766945874,0.0016569233054126067,PREDICT,
Th-234,90,144,234,VERY_HEAVY_A_GE_180,7596.8557,7596.992756143138,0.13705614313767,0.13705614313767,7597.002166666666,7591.32265,5.679516666666132,50.0,0.9983430766945874,0.0016569233054126067,PREDICT,
Th-235,90,145,235,VERY_HEAVY_A_GE_180,7584.3862,7584.197093431903,-0.18910656809657667,0.18910656809657667,7584.204866666667,7579.513500000001,4.691366666665999,50.0,0.9983430766945874,0.0016569233054126067,PREDICT,
Th-236,90,146,236,VERY_HEAVY_A_GE_180,7576.9688,7575.890367313171,-1.078432686828819,1.078432686828819,7575.92785,7571.481516666667,4.446333333333314,50.0,0.9915699782225356,0.008430021777464462,PREDICT,
Th-237,90,147,237,VERY_HEAVY_A_GE_180,7563.4433,7562.1616669777995,-1.2816330222003671,1.2816330222003671,7562.1931,7558.4644,3.728700000000572,50.0,0.9915699782225356,0.008430021777464462,PREDICT,
Th-238,90,148,238,VERY_HEAVY_A_GE_180,7555.0,7556.844721703367,1.8447217033672132,1.8447217033672132,7557.081899999999,7550.0,7.081899999999223,50.0,0.9665092282253679,0.033490771774632014,PREDICT,
Th-239,90,149,239,VERY_HEAVY_A_GE_180,7540.0,7542.5004,2.5003999999998996,2.5003999999998996,7542.5004,7535.0,7.5003999999999,,1.0,0.0,PREDICT,
Pa-211,91,120,211,VERY_HEAVY_A_GE_180,7629.3948,7632.2321,2.837300000000141,2.837300000000141,7632.2321,7642.3072999999995,10.075199999999313,,1.0,0.0,PREDICT,
Pa-212,91,121,212,VERY_HEAVY_A_GE_180,7633.6289,7636.2068,2.577900000000227,2.577900000000227,7636.2068,7645.682999999999,9.476199999999153,,1.0,0.0,PREDICT,
Pa-213,91,122,213,VERY_HEAVY_A_GE_180,7644.8027,7643.384050000001,-1.4186499999996158,1.4186499999996158,7643.384050000001,7656.6576,13.273549999998977,,1.0,0.0,PREDICT,
Pa-214,91,123,214,VERY_HEAVY_A_GE_180,7647.7037,7646.508100210016,-1.195599789984044,1.195599789984044,7646.41475,7652.31455,5.899800000000141,50.0,0.9841773941464363,0.0158226058535637,PREDICT,
Pa-215,91,124,215,VERY_HEAVY_A_GE_180,7657.3733,7657.847925359342,0.4746253593420988,0.4746253593420988,7657.835483333332,7661.81225,3.9767666666675723,50.0,0.9968713210874217,0.003128678912578245,PREDICT,
Pa-216,91,125,216,VERY_HEAVY_A_GE_180,7659.2006,7656.426159644382,-2.774440355618026,2.774440355618026,7656.403916666666,7663.5133000000005,7.1093833333343355,50.0,0.9968713210874217,0.003128678912578245,PREDICT,
Pa-217,91,126,217,VERY_HEAVY_A_GE_180,7664.6438,7662.219323576372,-2.424476423628221,2.424476423628221,7662.203799999999,7671.572716666665,9.368916666665427,50.0,0.9983430766945874,0.0016569233054126067,PREDICT,
Pa-218,91,127,218,VERY_HEAVY_A_GE_180,7659.1935,7660.010613918664,0.8171139186633809,0.8171139186633809,7660.001166666668,7665.70285,5.701683333331857,50.0,0.9983430766945874,0.0016569233054126067,PREDICT,
Pa-219,91,128,219,VERY_HEAVY_A_GE_180,7661.3783,7662.880424913161,1.5021249131605146,1.5021249131605146,7662.871633333332,7668.177600000001,5.30596666666861,50.0,0.9983430766945874,0.0016569233054126067,PREDICT,
Pa-220,91,129,220,VERY_HEAVY_A_GE_180,7655.5364,7655.936121855196,0.39972185519582126,0.39972185519582126,7655.9269,7661.492550000001,5.56565000000046,50.0,0.9983430766945874,0.0016569233054126067,PREDICT,
Pa-221,91,130,221,VERY_HEAVY_A_GE_180,7656.9809,7656.977772540542,-0.0031274594575734227,0.0031274594575734227,7656.966966666667,7663.488616666667,6.521650000000591,50.0,0.9983430766945874,0.0016569233054126067,PREDICT,
Pa-222,91,131,222,VERY_HEAVY_A_GE_180,7651.2373,7651.621713199364,0.38441319936464424,0.38441319936464424,7651.614599999998,7655.907616666666,4.293016666668336,50.0,0.9983430766945874,0.0016569233054126067,PREDICT,
Pa-223,91,132,223,VERY_HEAVY_A_GE_180,7651.8957,7652.2851631996555,0.3894631996554381,0.3894631996554381,7652.2754,7658.1677666666665,5.892366666666021,50.0,0.9983430766945874,0.0016569233054126067,PREDICT,
Pa-224,91,133,224,VERY_HEAVY_A_GE_180,7646.9612,7646.947315417954,-0.01388458204564813,0.01388458204564813,7646.9404,7651.11405,4.173649999999725,50.0,0.9983430766945874,0.0016569233054126067,PREDICT,
Pa-225,91,134,225,VERY_HEAVY_A_GE_180,7646.6504,7646.460007287298,-0.1903927127023053,0.1903927127023053,7646.450783333334,7652.0177,5.566916666666657,50.0,0.9983430766945874,0.0016569233054126067,PREDICT,
Pa-226,91,135,226,VERY_HEAVY_A_GE_180,7641.1093,7640.597080671006,-0.5122193289944335,0.5122193289944335,7640.59035,7644.652499999998,4.062149999997928,50.0,0.9983430766945874,0.0016569233054126067,PREDICT,
Pa-227,91,136,227,VERY_HEAVY_A_GE_180,7639.4945,7639.305205482844,-0.1892945171557585,0.1892945171557585,7639.296666666666,7644.450083333331,5.15341666666518,50.0,0.9983430766945874,0.0016569233054126067,PREDICT,
Pa-228,91,137,228,VERY_HEAVY_A_GE_180,7632.2076,7632.597449537906,0.38984953790622967,0.38984953790622967,7632.592000000001,7635.88095,3.288949999999204,50.0,0.9983430766945874,0.0016569233054126067,PREDICT,
Pa-229,91,138,229,VERY_HEAVY_A_GE_180,7629.8752,7630.036379149233,0.16117914923233911,0.16117914923233911,7630.027816666667,7635.195516666667,5.167699999999968,50.0,0.9983430766945874,0.0016569233054126067,PREDICT,
Pa-230,91,139,230,VERY_HEAVY_A_GE_180,7621.8958,7621.851240716768,-0.044559283232047164,0.044559283232047164,7621.844366666665,7625.99305,4.148683333334702,50.0,0.9983430766945874,0.0016569233054126067,PREDICT,
Pa-231,91,140,231,VERY_HEAVY_A_GE_180,7618.4267,7618.518986894571,0.09228689457086148,0.09228689457086148,7618.510400000001,7623.692833333333,5.1824333333315735,50.0,0.9983430766945874,0.0016569233054126067,PREDICT,
Pa-232,91,141,232,VERY_HEAVY_A_GE_180,7609.5072,7609.433429331526,-0.07377066847402602,0.07377066847402602,7609.425516666665,7614.201033333333,4.7755166666674995,50.0,0.9983430766945874,0.0016569233054126067,PREDICT,
Pa-233,91,142,233,VERY_HEAVY_A_GE_180,7604.8675,7604.526407061695,-0.34109293830533716,0.34109293830533716,7604.517083333332,7610.1442166666675,5.627133333335223,50.0,0.9983430766945874,0.0016569233054126067,PREDICT,
Pa-234,91,143,234,VERY_HEAVY_A_GE_180,7594.6837,7594.676613629743,-0.007086370256729424,0.007086370256729424,7594.669549999999,7598.932649999999,4.263100000000122,50.0,0.9983430766945874,0.0016569233054126067,PREDICT,
Pa-235,91,144,235,VERY_HEAVY_A_GE_180,7588.4139,7588.772133338422,0.35823333842199645,0.35823333842199645,7588.763683333333,7593.8634999999995,5.099816666666811,50.0,0.9983430766945874,0.0016569233054126067,PREDICT,
Pa-236,91,145,236,VERY_HEAVY_A_GE_180,7577.5573,7577.608931286989,0.05163128698859509,0.05163128698859509,7577.601199999999,7582.267249999999,4.666049999999814,50.0,0.9983430766945874,0.0016569233054126067,PREDICT,
Pa-237,91,146,237,VERY_HEAVY_A_GE_180,7570.3847,7570.140606346815,-0.24409365318479104,0.24409365318479104,7570.13135,7575.717816666665,5.5864666666657286,50.0,0.9983430766945874,0.0016569233054126067,PREDICT,
Pa-238,91,147,238,VERY_HEAVY_A_GE_180,7558.3449,7557.327732818297,-1.0171671817033712,1.0171671817033712,7557.27865,7563.101033333332,5.8223833333322546,50.0,0.9915699782225356,0.008430021777464462,PREDICT,
Pa-239,91,148,239,VERY_HEAVY_A_GE_180,7550.0,7549.245578984007,-0.7544210159931026,0.7544210159931026,7549.192349999999,7555.506566666665,6.314216666665743,50.0,0.9915699782225356,0.008430021777464462,PREDICT,
Pa-240,91,149,240,VERY_HEAVY_A_GE_180,7537.0,7539.144807858626,2.1448078586263364,2.1448078586263364,7539.1325,7539.5,0.36750000000029104,50.0,0.9665092282253679,0.033490771774632014,PREDICT,
Pa-241,91,150,241,VERY_HEAVY_A_GE_180,7528.0,7529.6153,1.6153000000003885,1.6153000000003885,7529.6153,7538.0,8.384699999999611,,1.0,0.0,PREDICT,
U-215,92,123,215,VERY_HEAVY_A_GE_180,7620.7821,7631.7133,10.93119999999999,10.93119999999999,7631.7133,7611.5604,20.152900000000045,,1.0,0.0,PREDICT,
U-216,92,124,216,VERY_HEAVY_A_GE_180,7631.3072,7641.4382000000005,10.131000000000313,10.131000000000313,7641.4382000000005,7622.429300000001,19.008899999999812,,1.0,0.0,PREDICT,
U-217,92,125,217,VERY_HEAVY_A_GE_180,7634.0,7628.5344000000005,-5.46559999999954,5.46559999999954,7628.5344000000005,7625.3746,3.1598000000003594,,1.0,0.0,PREDICT,
U-218,92,126,218,VERY_HEAVY_A_GE_180,7640.7191,7635.637854924915,-5.081245075085462,5.081245075085462,7635.6536,7634.6585,0.9951000000000931,50.0,0.9841773941464363,0.0158226058535637,PREDICT,
U-219,92,127,219,VERY_HEAVY_A_GE_180,7636.2867,7637.0206616252835,0.7339616252838823,0.7339616252838823,7637.0327333333325,7629.7471166666655,7.285616666667011,50.0,0.9983430766945874,0.0016569233054126067,PREDICT,
U-220,92,128,220,VERY_HEAVY_A_GE_180,7640.0,7641.2460760367485,1.2460760367484909,1.2460760367484909,7641.259233333332,7633.318433333334,7.9407999999984895,50.0,0.9983430766945874,0.0016569233054126067,PREDICT,
U-221,92,129,221,VERY_HEAVY_A_GE_180,7634.6849,7634.725748656608,0.04084865660752257,0.04084865660752257,7634.736583333332,7628.197549999999,6.539033333333464,50.0,0.9983430766945874,0.0016569233054126067,PREDICT,
U-222,92,130,222,VERY_HEAVY_A_GE_180,7637.7651,7637.93247816076,0.16737816076056333,0.16737816076056333,7637.943516666666,7631.281466666667,6.662049999998999,50.0,0.9983430766945874,0.0016569233054126067,PREDICT,
U-223,92,131,223,VERY_HEAVY_A_GE_180,7631.7611,7632.531554654475,0.7704546544755431,0.7704546544755431,7632.541316666668,7626.649666666666,5.891650000001391,50.0,0.9983430766945874,0.0016569233054126067,PREDICT,
U-224,92,132,224,VERY_HEAVY_A_GE_180,7635.0742,7635.1977475994245,0.12354759942445526,0.12354759942445526,7635.208416666665,7628.769333333333,6.439083333331837,50.0,0.9983430766945874,0.0016569233054126067,PREDICT,
U-225,92,133,225,VERY_HEAVY_A_GE_180,7629.7717,7629.4603262255,-0.31137377450068016,0.31137377450068016,7629.467483333333,7625.147966666666,4.319516666666459,50.0,0.9983430766945874,0.0016569233054126067,PREDICT,
U-226,92,134,226,VERY_HEAVY_A_GE_180,7631.9166,7631.909665006119,-0.0069349938803497935,0.0069349938803497935,7631.919033333334,7626.2649833333335,5.6540500000000975,50.0,0.9983430766945874,0.0016569233054126067,PREDICT,
U-227,92,135,227,VERY_HEAVY_A_GE_180,7626.2918,7626.131288166912,-0.16051183308809414,0.16051183308809414,7626.137499999999,7622.388483333333,3.7490166666657387,50.0,0.9983430766945874,0.0016569233054126067,PREDICT,
U-228,92,136,228,VERY_HEAVY_A_GE_180,7627.4763,7627.38899426394,-0.08730573606044345,0.08730573606044345,7627.3974333333335,7622.304216666667,5.093216666666194,50.0,0.9983430766945874,0.0016569233054126067,PREDICT,
U-229,92,137,229,VERY_HEAVY_A_GE_180,7620.7218,7620.825088278381,0.10328827838111465,0.10328827838111465,7620.831616666666,7616.891549999999,3.9400666666670077,50.0,0.9983430766945874,0.0016569233054126067,PREDICT,
U-230,92,138,230,VERY_HEAVY_A_GE_180,7620.9227,7620.8024997364655,-0.1202002635345707,0.1202002635345707,7620.811033333333,7615.660766666668,5.15026666666563,50.0,0.9983430766945874,0.0016569233054126067,PREDICT,
U-231,92,139,231,VERY_HEAVY_A_GE_180,7613.3879,7613.578252220483,0.19035222048296419,0.19035222048296419,7613.584983333333,7609.522566666666,4.062416666667559,50.0,0.9983430766945874,0.0016569233054126067,PREDICT,
U-232,92,140,232,VERY_HEAVY_A_GE_180,7611.8984,7612.090630721483,0.19223072148270148,0.19223072148270148,7612.09885,7607.138283333332,4.960566666668456,50.0,0.9983430766945874,0.0016569233054126067,PREDICT,
U-233,92,141,233,VERY_HEAVY_A_GE_180,7603.9574,7603.391635726849,-0.5657642731512169,0.5657642731512169,7603.397933333333,7599.5971500000005,3.8007833333322196,50.0,0.9983430766945874,0.0016569233054126067,PREDICT,
U-234,92,142,234,VERY_HEAVY_A_GE_180,7600.716,7600.406722576046,-0.3092774239539722,0.3092774239539722,7600.414383333333,7595.7909,4.6234833333328424,50.0,0.9983430766945874,0.0016569233054126067,PREDICT,
U-235,92,143,235,VERY_HEAVY_A_GE_180,7590.9151,7591.374340205126,0.45924020512575225,0.45924020512575225,7591.3816166666675,7586.990066666665,4.391550000002098,50.0,0.9983430766945874,0.0016569233054126067,PREDICT,
U-236,92,144,236,VERY_HEAVY_A_GE_180,7586.4854,7586.608005527345,0.12260552734551311,0.12260552734551311,7586.616649999998,7581.399466666666,5.217183333332287,50.0,0.9983430766945874,0.0016569233054126067,PREDICT,
U-237,92,145,237,VERY_HEAVY_A_GE_180,7576.1026,7575.818656434169,-0.28394356583157787,0.28394356583157787,7575.825433333333,7571.735383333333,4.090050000000701,50.0,0.9983430766945874,0.0016569233054126067,PREDICT,
U-238,92,146,238,VERY_HEAVY_A_GE_180,7570.1262,7570.043117669312,-0.08308233068783011,0.08308233068783011,7570.051266666666,7565.133116666666,4.9181500000004235,50.0,0.9983430766945874,0.0016569233054126067,PREDICT,
U-239,92,147,239,VERY_HEAVY_A_GE_180,7558.5624,7558.57501063996,0.012610639960257686,0.012610639960257686,7558.582549999999,7554.032333333333,4.550216666666529,50.0,0.9983430766945874,0.0016569233054126067,PREDICT,
U-240,92,148,240,VERY_HEAVY_A_GE_180,7551.7705,7551.025815980683,-0.7446840193169919,0.7446840193169919,7551.063099999999,7546.640333333334,4.422766666665666,50.0,0.9915699782225356,0.008430021777464462,PREDICT,
U-241,92,149,241,VERY_HEAVY_A_GE_180,7539.0,7538.2543937952505,-0.7456062047494925,0.7456062047494925,7538.281199999999,7535.101349999999,3.1798500000004424,50.0,0.9915699782225356,0.008430021777464462,PREDICT,
U-242,92,150,242,VERY_HEAVY_A_GE_180,7532.0,7533.199963397219,1.1999633972191077,1.1999633972191077,7533.4148,7527.0,6.414799999999559,50.0,0.9665092282253679,0.033490771774632014,PREDICT,
U-243,92,151,243,VERY_HEAVY_A_GE_180,7518.0,7519.4376,1.4376000000002023,1.4376000000002023,7519.4376,7514.7178,4.71979999999985,,1.0,0.0,PREDICT,
Np-219,93,126,219,VERY_HEAVY_A_GE_180,7604.6732,7606.4346,1.761399999999412,1.761399999999412,7606.4346,7616.794400000001,10.359800000001087,,1.0,0.0,PREDICT,
Np-220,93,127,220,VERY_HEAVY_A_GE_180,7602.0758,7601.980105572113,-0.0956944278868832,0.0956944278868832,7601.899399999999,7606.14335,4.24395000000095,50.0,0.9809833829066755,0.019016617093324504,PREDICT,
Np-221,93,128,221,VERY_HEAVY_A_GE_180,7607.0,7606.179582945231,-0.8204170547687681,0.8204170547687681,7606.1193,7613.270283333333,7.150983333332988,50.0,0.9915699782225356,0.008430021777464462,PREDICT,
Np-222,93,129,222,VERY_HEAVY_A_GE_180,7602.7013,7602.846355157875,0.14505515787550394,0.14505515787550394,7602.7895,7609.533866666666,6.744366666665883,50.0,0.9915699782225356,0.008430021777464462,PREDICT,
Np-223,93,130,223,VERY_HEAVY_A_GE_180,7607.5654,7607.634546509139,0.06914650913859077,0.06914650913859077,7607.623683333333,7614.179916666668,6.556233333334603,50.0,0.9983430766945874,0.0016569233054126067,PREDICT,
Np-224,93,131,224,VERY_HEAVY_A_GE_180,7603.5032,7603.578664178668,0.07546417866797128,0.07546417866797128,7603.569166666666,7609.301183333333,5.732016666666823,50.0,0.9983430766945874,0.0016569233054126067,PREDICT,
Np-225,93,132,225,VERY_HEAVY_A_GE_180,7607.4231,7607.739597946603,0.3164979466027944,0.3164979466027944,7607.729649999999,7613.733516666665,6.003866666665999,50.0,0.9983430766945874,0.0016569233054126067,PREDICT,
Np-226,93,133,226,VERY_HEAVY_A_GE_180,7604.1714,7604.264237839177,0.09283783917726396,0.09283783917726396,7604.256066666666,7609.1876,4.9315333333343006,50.0,0.9983430766945874,0.0016569233054126067,PREDICT,
Np-227,93,134,227,VERY_HEAVY_A_GE_180,7607.2771,7607.337185435273,0.060085435272412724,0.060085435272412724,7607.327216666667,7613.34365,6.016433333333225,50.0,0.9983430766945874,0.0016569233054126067,PREDICT,
Np-228,93,135,228,VERY_HEAVY_A_GE_180,7604.0,7603.887731916359,-0.1122680836406289,0.1122680836406289,7603.880466666666,7608.26525,4.384783333334781,50.0,0.9983430766945874,0.0016569233054126067,PREDICT,
Np-229,93,136,229,VERY_HEAVY_A_GE_180,7605.9921,7605.681512217977,-0.3105877820235037,0.3105877820235037,7605.672016666666,7611.4028499999995,5.7308333333330665,50.0,0.9983430766945874,0.0016569233054126067,PREDICT,
Np-230,93,137,230,VERY_HEAVY_A_GE_180,7601.7751,7601.705297992645,-0.06980200735506514,0.06980200735506514,7601.6984,7605.861533333333,4.163133333332553,50.0,0.9983430766945874,0.0016569233054126067,PREDICT,
Np-231,93,138,231,VERY_HEAVY_A_GE_180,7602.1321,7602.4012735077995,0.2691735077996782,0.2691735077996782,7602.393433333333,7607.125199999999,4.731766666665862,50.0,0.9983430766945874,0.0016569233054126067,PREDICT,
Np-232,93,139,232,VERY_HEAVY_A_GE_180,7597.0,7597.078701476212,0.07870147621179058,0.07870147621179058,7597.073066666666,7600.4738333333335,3.4007666666675505,50.0,0.9983430766945874,0.0016569233054126067,PREDICT,
Np-233,93,140,233,VERY_HEAVY_A_GE_180,7596.1816,7595.9698950159645,-0.2117049840353502,0.2117049840353502,7595.962533333333,7600.405516666666,4.4429833333324495,50.0,0.9983430766945874,0.0016569233054126067,PREDICT,
Np-234,93,141,234,VERY_HEAVY_A_GE_180,7589.6382,7589.483638809195,-0.15456119080499775,0.15456119080499775,7589.477016666666,7593.473666666665,3.9966499999991356,50.0,0.9983430766945874,0.0016569233054126067,PREDICT,
Np-235,93,142,235,VERY_HEAVY_A_GE_180,7587.0571,7587.0047536043485,-0.05234639565151156,0.05234639565151156,7586.9973833333315,7591.44555,4.44816666666884,50.0,0.9983430766945874,0.0016569233054126067,PREDICT,
Np-236,93,143,236,VERY_HEAVY_A_GE_180,7579.2148,7579.383318504999,0.168518504999156,0.168518504999156,7579.37775,7582.7384999999995,3.3607499999998254,50.0,0.9983430766945874,0.0016569233054126067,PREDICT,
Np-237,93,144,237,VERY_HEAVY_A_GE_180,7574.9895,7575.053491366055,0.06399136605523381,0.06399136605523381,7575.046033333334,7579.547166666667,4.5011333333332,50.0,0.9983430766945874,0.0016569233054126067,PREDICT,
Np-238,93,145,238,VERY_HEAVY_A_GE_180,7566.222,7565.759679109498,-0.4623208905013598,0.4623208905013598,7565.752333333332,7570.185716666665,4.43338333333304,50.0,0.9983430766945874,0.0016569233054126067,PREDICT,
Np-239,93,146,239,VERY_HEAVY_A_GE_180,7560.568,7560.519599763244,-0.04840023675660632,0.04840023675660632,7560.511883333334,7565.168966666666,4.657083333332594,50.0,0.9983430766945874,0.0016569233054126067,PREDICT,
Np-240,93,147,240,VERY_HEAVY_A_GE_180,7550.1743,7550.887571112865,0.7132711128651863,0.7132711128651863,7550.881666666666,7554.445166666666,3.5635000000002037,50.0,0.9983430766945874,0.0016569233054126067,PREDICT,
Np-241,93,148,241,VERY_HEAVY_A_GE_180,7544.0426,7544.221189281872,0.17858928187251877,0.17858928187251877,7544.21375,7548.703566666667,4.489816666667139,50.0,0.9983430766945874,0.0016569233054126067,PREDICT,
Np-242,93,149,242,VERY_HEAVY_A_GE_180,7533.4042,7532.1281794779925,-1.2760205220074567,1.2760205220074567,7532.087149999999,7536.954216666667,4.867066666667597,50.0,0.9915699782225356,0.008430021777464462,PREDICT,
Np-243,93,150,243,VERY_HEAVY_A_GE_180,7526.0,7525.068830570288,-0.9311694297120994,0.9311694297120994,7525.0213,7530.65955,5.638249999999971,50.0,0.9915699782225356,0.008430021777464462,PREDICT,
Np-244,93,151,244,VERY_HEAVY_A_GE_180,7514.0,7516.6008436636275,2.600843663627529,2.600843663627529,7516.6341,7515.6411,0.9930000000003929,50.0,0.9665092282253679,0.033490771774632014,PREDICT,
Np-245,93,152,245,VERY_HEAVY_A_GE_180,7506.0,7507.9574,1.9574000000002343,1.9574000000002343,7507.9574,7514.0802,6.1228000000000975,,1.0,0.0,PREDICT,
Pu-221,94,127,221,VERY_HEAVY_A_GE_180,7576.0,7577.0,1.0,1.0,7577.0,7567.8649,9.13510000000042,,1.0,0.0,PREDICT,
Pu-222,94,128,222,VERY_HEAVY_A_GE_180,7582.0,7583.866883680347,1.8668836803472004,1.8668836803472004,7584.0,7577.0,7.0,50.0,0.9809833829066755,0.019016617093324504,PREDICT,
Pu-223,94,129,223,VERY_HEAVY_A_GE_180,7580.0,7579.418523864548,-0.5814761354522489,0.5814761354522489,7579.5,7574.35065,5.149349999999686,50.0,0.9841773941464363,0.0158226058535637,PREDICT,
Pu-224,94,130,224,VERY_HEAVY_A_GE_180,7586.0,7584.925360021408,-1.0746399785921312,1.0746399785921312,7585.0,7580.2827,4.71730000000025,50.0,0.9841773941464363,0.0158226058535637,PREDICT,
Pu-225,94,131,225,VERY_HEAVY_A_GE_180,7583.0,7582.836806754087,-0.1631932459131349,0.1631932459131349,7582.852766666667,7577.7516,5.101166666667268,50.0,0.9968713210874217,0.003128678912578245,PREDICT,
Pu-226,94,132,226,VERY_HEAVY_A_GE_180,7588.0,7588.750048183921,0.7500481839206259,0.7500481839206259,7588.769,7582.71155,6.0574500000002445,50.0,0.9968713210874217,0.003128678912578245,PREDICT,
Pu-227,94,133,227,VERY_HEAVY_A_GE_180,7585.0,7585.386798427576,0.3867984275757408,0.3867984275757408,7585.401866666665,7580.5857,4.816166666665595,50.0,0.9968713210874217,0.003128678912578245,PREDICT,
Pu-228,94,134,228,VERY_HEAVY_A_GE_180,7590.4039,7590.154000436268,-0.2498995637324697,0.2498995637324697,7590.170416666667,7584.9234,5.24701666666715,50.0,0.9968713210874217,0.003128678912578245,PREDICT,
Pu-229,94,135,229,VERY_HEAVY_A_GE_180,7586.8834,7586.941624251779,0.058224251779392944,0.058224251779392944,7586.948799999999,7582.618033333333,4.3307666666660225,50.0,0.9983430766945874,0.0016569233054126067,PREDICT,
Pu-230,94,136,230,VERY_HEAVY_A_GE_180,7591.0016,7590.815221311328,-0.18637868867153884,0.18637868867153884,7590.824183333332,7585.415349999999,5.40883333333295,50.0,0.9983430766945874,0.0016569233054126067,PREDICT,
Pu-231,94,137,231,VERY_HEAVY_A_GE_180,7587.1224,7586.46727972963,-0.6551202703703893,0.6551202703703893,7586.473483333331,7582.729433333332,3.7440499999993335,50.0,0.9983430766945874,0.0016569233054126067,PREDICT,
Pu-232,94,138,232,VERY_HEAVY_A_GE_180,7588.9839,7589.009889399504,0.02598939950348722,0.02598939950348722,7589.0179499999995,7584.153149999998,4.864800000001196,50.0,0.9983430766945874,0.0016569233054126067,PREDICT,
Pu-233,94,139,233,VERY_HEAVY_A_GE_180,7583.7968,7584.388033116416,0.5912331164163334,0.5912331164163334,7584.394316666667,7580.602016666666,3.792300000000978,50.0,0.9983430766945874,0.0016569233054126067,PREDICT,
Pu-234,94,140,234,VERY_HEAVY_A_GE_180,7584.6061,7584.701352450762,0.09525245076201827,0.09525245076201827,7584.7082833333325,7580.5253,4.182983333332231,50.0,0.9983430766945874,0.0016569233054126067,PREDICT,
Pu-235,94,141,235,VERY_HEAVY_A_GE_180,7578.8799,7578.459087663694,-0.42081233630597126,0.42081233630597126,7578.464283333334,7575.328550000001,3.1357333333326096,50.0,0.9983430766945874,0.0016569233054126067,PREDICT,
Pu-236,94,142,236,VERY_HEAVY_A_GE_180,7577.9192,7577.80049182306,-0.11870817694034486,0.11870817694034486,7577.806933333332,7573.919299999999,3.8876333333337243,50.0,0.9983430766945874,0.0016569233054126067,PREDICT,
Pu-237,94,143,237,VERY_HEAVY_A_GE_180,7570.7599,7571.087123901777,0.3272239017769607,0.3272239017769607,7571.093016666667,7567.536566666666,3.5564500000009502,50.0,0.9983430766945874,0.0016569233054126067,PREDICT,
Pu-238,94,144,238,VERY_HEAVY_A_GE_180,7568.3611,7568.312470919222,-0.0486290807784826,0.0486290807784826,7568.319250000001,7564.227883333333,4.091366666668364,50.0,0.9983430766945874,0.0016569233054126067,PREDICT,
Pu-239,94,145,239,VERY_HEAVY_A_GE_180,7560.3187,7559.812942387486,-0.505757612513662,0.505757612513662,7559.818166666668,7556.665166666666,3.1530000000020664,50.0,0.9983430766945874,0.0016569233054126067,PREDICT,
Pu-240,94,146,240,VERY_HEAVY_A_GE_180,7556.0433,7555.996923358731,-0.04637664126948948,0.04637664126948948,7556.003900000001,7551.7933,4.2106000000003405,50.0,0.9983430766945874,0.0016569233054126067,PREDICT,
Pu-241,94,147,241,VERY_HEAVY_A_GE_180,7546.4395,7546.870711259519,0.4312112595189319,0.4312112595189319,7546.877916666666,7542.529249999999,4.348666666667668,50.0,0.9983430766945874,0.0016569233054126067,PREDICT,
Pu-242,94,148,242,VERY_HEAVY_A_GE_180,7541.3284,7541.41470292224,0.08630292224006553,0.08630292224006553,7541.422266666667,7536.857333333333,4.564933333334011,50.0,0.9983430766945874,0.0016569233054126067,PREDICT,
Pu-243,94,149,243,VERY_HEAVY_A_GE_180,7531.0087,7530.922084605079,-0.08661539492095471,0.08661539492095471,7530.928016666667,7527.34785,3.580166666666628,50.0,0.9983430766945874,0.0016569233054126067,PREDICT,
Pu-244,94,150,244,VERY_HEAVY_A_GE_180,7524.8154,7523.903536761159,-0.9118632388417609,0.9118632388417609,7523.93425,7520.290933333332,3.6433166666683974,50.0,0.9915699782225356,0.008430021777464462,PREDICT,
Pu-245,94,151,245,VERY_HEAVY_A_GE_180,7513.2822,7511.98192909258,-1.300270907419872,1.300270907419872,7512.00435,7509.3447,2.6596500000005108,50.0,0.9915699782225356,0.008430021777464462,PREDICT,
Pu-246,94,152,246,VERY_HEAVY_A_GE_180,7506.5401,7508.108073145855,1.5679731458549213,1.5679731458549213,7508.3024000000005,7502.5,5.802400000000489,50.0,0.9665092282253679,0.033490771774632014,PREDICT,
Pu-247,94,153,247,VERY_HEAVY_A_GE_180,7493.0,7495.555699999999,2.5556999999989785,2.5556999999989785,7495.555699999999,7488.449,7.106699999999364,,1.0,0.0,PREDICT,
Am-223,95,128,223,VERY_HEAVY_A_GE_180,7547.0,7548.0,1.0,1.0,7548.0,7557.0,9.0,,1.0,0.0,PREDICT,
Am-224,95,129,224,VERY_HEAVY_A_GE_180,7546.0,7547.0,1.0,1.0,7547.0,7557.2987,10.29870000000028,,1.0,0.0,PREDICT,
Am-225,95,130,225,VERY_HEAVY_A_GE_180,7553.0,7552.5,-0.5,0.5,7552.5,7564.4346,11.934599999999591,,1.0,0.0,PREDICT,
Am-226,95,131,226,VERY_HEAVY_A_GE_180,7552.0,7551.5,-0.5,0.5,7551.5,7562.4968,10.996799999999894,,1.0,0.0,PREDICT,
Am-227,95,132,227,VERY_HEAVY_A_GE_180,7558.0,7558.213133333334,0.21313333333364426,0.21313333333364426,7558.213133333334,7568.5769,10.363766666666379,,1.0,0.0,PREDICT,
Am-228,95,133,228,VERY_HEAVY_A_GE_180,7557.0,7557.666666666667,0.6666666666669698,0.6666666666669698,7557.666666666667,7565.8286,8.161933333332854,,1.0,0.0,PREDICT,
Am-229,95,134,229,VERY_HEAVY_A_GE_180,7562.5697,7562.666666666666,0.0969666666660487,0.0969666666660487,7562.666666666666,7573.5307,10.864033333334191,,1.0,0.0,PREDICT,
Am-230,95,135,230,VERY_HEAVY_A_GE_180,7562.0,7561.343058414575,-0.6569415854246472,0.6569415854246472,7561.333333333333,7564.441699999999,3.1083666666663703,50.0,0.9968713210874217,0.003128678912578245,PREDICT,
Am-231,95,136,231,VERY_HEAVY_A_GE_180,7566.0,7565.863345518006,-0.13665448199390084,0.13665448199390084,7565.853433333332,7571.835716666666,5.982283333333726,50.0,0.9983430766945874,0.0016569233054126067,PREDICT,
Am-232,95,137,232,VERY_HEAVY_A_GE_180,7564.0,7564.340436701622,0.3404367016219112,0.3404367016219112,7564.333333333334,7568.620416666667,4.287083333332703,50.0,0.9983430766945874,0.0016569233054126067,PREDICT,
Am-233,95,138,233,VERY_HEAVY_A_GE_180,7567.0,7566.852545423046,-0.14745457695426012,0.14745457695426012,7566.84385,7572.091783333333,5.247933333333094,50.0,0.9983430766945874,0.0016569233054126067,PREDICT,
Am-234,95,139,234,VERY_HEAVY_A_GE_180,7564.0,7563.741519739893,-0.2584802601068077,0.2584802601068077,7563.735783333333,7567.1978666666655,3.4620833333328846,50.0,0.9983430766945874,0.0016569233054126067,PREDICT,
Am-235,95,140,235,VERY_HEAVY_A_GE_180,7565.1582,7565.3918240594585,0.2336240594586343,0.2336240594586343,7565.385149999999,7569.4131333333335,4.027983333334305,50.0,0.9983430766945874,0.0016569233054126067,PREDICT,
Am-236,95,141,236,VERY_HEAVY_A_GE_180,7561.0,7561.2268036072755,0.22680360727554216,0.22680360727554216,7561.2212666666655,7564.562966666666,3.3417000000008557,50.0,0.9983430766945874,0.0016569233054126067,PREDICT,
Am-237,95,142,237,VERY_HEAVY_A_GE_180,7561.0,7560.858381442676,-0.1416185573243638,0.1416185573243638,7560.851616666665,7564.9343499999995,4.082733333334545,50.0,0.9983430766945874,0.0016569233054126067,PREDICT,
Am-238,95,143,238,VERY_HEAVY_A_GE_180,7555.5853,7555.51598017484,-0.06931982516016433,0.06931982516016433,7555.51045,7558.8480666666655,3.337616666665781,50.0,0.9983430766945874,0.0016569233054126067,PREDICT,
Am-239,95,144,239,VERY_HEAVY_A_GE_180,7553.6891,7553.637593088022,-0.05150691197741253,0.05150691197741253,7553.630933333334,7557.650283333333,4.0193499999995765,50.0,0.9983430766945874,0.0016569233054126067,PREDICT,
Am-240,95,145,240,VERY_HEAVY_A_GE_180,7547.0136,7546.672892337174,-0.3407076628263894,0.3407076628263894,7546.666416666665,7550.5746666666655,3.9082500000004075,50.0,0.9983430766945874,0.0016569233054126067,PREDICT,
Am-241,95,146,241,VERY_HEAVY_A_GE_180,7543.2795,7543.198378951055,-0.08112104894462391,0.08112104894462391,7543.191483333334,7547.353183333334,4.161699999999655,50.0,0.9983430766945874,0.0016569233054126067,PREDICT,
Am-242,95,147,242,VERY_HEAVY_A_GE_180,7534.9917,7535.456459280907,0.464759280907856,0.464759280907856,7535.451183333334,7538.635366666667,3.184183333333749,50.0,0.9983430766945874,0.0016569233054126067,PREDICT,
Am-243,95,148,243,VERY_HEAVY_A_GE_180,7530.1742,7530.281575373074,0.10737537307340972,0.10737537307340972,7530.27435,7534.635066666667,4.360716666667031,50.0,0.9983430766945874,0.0016569233054126067,PREDICT,
Am-244,95,149,244,VERY_HEAVY_A_GE_180,7521.3095,7520.999088575794,-0.310411424205995,0.310411424205995,7520.992199999998,7525.149650000001,4.157450000003337,50.0,0.9983430766945874,0.0016569233054126067,PREDICT,
Am-245,95,150,245,VERY_HEAVY_A_GE_180,7515.3043,7515.743338647726,0.4390386477261927,0.4390386477261927,7515.736216666667,7520.034533333333,4.298316666665414,50.0,0.9983430766945874,0.0016569233054126067,PREDICT,
Am-246,95,151,246,VERY_HEAVY_A_GE_180,7505.0,7504.198768763715,-0.8012312362852754,0.8012312362852754,7504.15475,7509.376416666667,5.221666666667261,50.0,0.9915699782225356,0.008430021777464462,PREDICT,
Am-247,95,152,247,VERY_HEAVY_A_GE_180,7499.0,7497.20571281287,-1.7942871871300667,1.7942871871300667,7497.15215,7503.505966666665,6.353816666664898,50.0,0.9915699782225356,0.008430021777464462,PREDICT,
Am-248,95,153,248,VERY_HEAVY_A_GE_180,7487.0,7488.710092101487,1.7100921014871346,1.7100921014871346,7488.6905,7489.2755,0.5850000000000364,50.0,0.9665092282253679,0.033490771774632014,PREDICT,
Am-249,95,154,249,VERY_HEAVY_A_GE_180,7479.0,7482.6957,3.6957000000002154,3.6957000000002154,7482.6957,7488.6133,5.917599999999766,,1.0,0.0,PREDICT,
Cm-231,96,135,231,VERY_HEAVY_A_GE_180,7542.0,7545.004000000001,3.004000000000815,3.004000000000815,7545.004000000001,7537.1166,7.887400000000525,,1.0,0.0,PREDICT,
Cm-232,96,136,232,VERY_HEAVY_A_GE_180,7548.0,7550.9017302812435,2.9017302812435446,2.9017302812435446,7551.064600000001,7542.5,8.56460000000061,50.0,0.9809833829066755,0.019016617093324504,PREDICT,
Cm-233,96,137,233,VERY_HEAVY_A_GE_180,7546.002,7544.452532182439,-1.5494678175609806,1.5494678175609806,7544.5,7541.5,3.0,50.0,0.9841773941464363,0.0158226058535637,PREDICT,
Cm-234,96,138,234,VERY_HEAVY_A_GE_180,7550.6868,7549.096676286909,-1.5901237130910886,1.5901237130910886,7549.154500000001,7545.5,3.654500000000553,50.0,0.9841773941464363,0.0158226058535637,PREDICT,
Cm-235,96,139,235,VERY_HEAVY_A_GE_180,7547.0,7547.566293813937,0.5662938139366815,0.5662938139366815,7547.573083333335,7543.475416666667,4.097666666667465,50.0,0.9983430766945874,0.0016569233054126067,PREDICT,
Cm-236,96,140,236,VERY_HEAVY_A_GE_180,7550.309,7550.637350952647,0.3283509526463604,0.3283509526463604,7550.645316666667,7545.837783333333,4.807533333333595,50.0,0.9983430766945874,0.0016569233054126067,PREDICT,
Cm-237,96,141,237,VERY_HEAVY_A_GE_180,7546.6241,7546.230138912624,-0.39396108737582836,0.39396108737582836,7546.235466666666,7543.0200166666655,3.215450000000601,50.0,0.9983430766945874,0.0016569233054126067,PREDICT,
Cm-238,96,142,238,VERY_HEAVY_A_GE_180,7547.9966,7547.908801962586,-0.08779803741435899,0.08779803741435899,7547.9153333333325,7543.973466666666,3.941866666666101,50.0,0.9983430766945874,0.0016569233054126067,PREDICT,
Cm-239,96,143,239,VERY_HEAVY_A_GE_180,7543.0659,7543.321125695674,0.2552256956741985,0.2552256956741985,7543.327583333334,7539.430216666665,3.8973666666688587,50.0,0.9983430766945874,0.0016569233054126067,PREDICT,
Cm-240,96,144,240,VERY_HEAVY_A_GE_180,7542.8617,7542.617251864145,-0.24444813585523661,0.24444813585523661,7542.623449999999,7538.882699999998,3.740750000000844,50.0,0.9983430766945874,0.0016569233054126067,PREDICT,
Cm-241,96,145,241,VERY_HEAVY_A_GE_180,7536.8488,7536.257497122743,-0.5913028772565667,0.5913028772565667,7536.262699999998,7533.122616666666,3.1400833333327682,50.0,0.9983430766945874,0.0016569233054126067,PREDICT,
Cm-242,96,146,242,VERY_HEAVY_A_GE_180,7534.504,7534.624429856143,0.12042985614334611,0.12042985614334611,7534.631566666666,7530.324299999998,4.307266666667601,50.0,0.9983430766945874,0.0016569233054126067,PREDICT,
Cm-243,96,147,243,VERY_HEAVY_A_GE_180,7526.9261,7527.570952348099,0.6448523480994481,0.6448523480994481,7527.57805,7523.294416666667,4.283633333333455,50.0,0.9983430766945874,0.0016569233054126067,PREDICT,
Cm-244,96,148,244,VERY_HEAVY_A_GE_180,7523.9527,7524.044482811997,0.09178281199729099,0.09178281199729099,7524.051933333332,7519.555333333333,4.496599999999489,50.0,0.9983430766945874,0.0016569233054126067,PREDICT,
Cm-245,96,149,245,VERY_HEAVY_A_GE_180,7515.7677,7515.499541556359,-0.26815844364136865,0.26815844364136865,7515.505299999999,7512.029916666668,3.475383333330683,50.0,0.9983430766945874,0.0016569233054126067,PREDICT,
Cm-246,96,150,246,VERY_HEAVY_A_GE_180,7511.4716,7511.53967248485,0.06807248484983575,0.06807248484983575,7511.547449999999,7506.8535,4.693949999998949,50.0,0.9983430766945874,0.0016569233054126067,PREDICT,
Cm-247,96,151,247,VERY_HEAVY_A_GE_180,7501.9318,7501.930410691063,-0.0013893089371777023,0.0013893089371777023,7501.937566666666,7497.618733333333,4.318833333332805,50.0,0.9983430766945874,0.0016569233054126067,PREDICT,
Cm-248,96,152,248,VERY_HEAVY_A_GE_180,7496.7291,7496.274649978957,-0.4544500210422484,0.4544500210422484,7496.281283333334,7492.277866666667,4.003416666666453,50.0,0.9983430766945874,0.0016569233054126067,PREDICT,
Cm-249,96,153,249,VERY_HEAVY_A_GE_180,7485.551,7484.302781050515,-1.2482189494858176,1.2482189494858176,7484.32755,7481.389366666666,2.9381833333336544,50.0,0.9915699782225356,0.008430021777464462,PREDICT,
Cm-250,96,154,250,VERY_HEAVY_A_GE_180,7478.9385,7478.297577656203,-0.6409223437967739,0.6409223437967739,7478.36455,7474.13185,4.232700000000477,50.0,0.9841773941464363,0.0158226058535637,PREDICT,
Cm-251,96,155,251,VERY_HEAVY_A_GE_180,7466.7233,7469.1702000000005,2.4469000000008236,2.4469000000008236,7469.1702000000005,7463.1703,5.999900000000707,,1.0,0.0,PREDICT,
Cm-252,96,156,252,VERY_HEAVY_A_GE_180,7460.0,7461.147900000001,1.1479000000008455,1.1479000000008455,7461.147900000001,7452.7741,8.37380000000121,,1.0,0.0,PREDICT,
Bk-233,97,136,233,VERY_HEAVY_A_GE_180,7519.0,7521.0,2.0,2.0,7521.0,7530.0,9.0,,1.0,0.0,PREDICT,
Bk-234,97,137,234,VERY_HEAVY_A_GE_180,7519.0,7521.0,2.0,2.0,7521.0,7528.004000000001,7.004000000000815,,1.0,0.0,PREDICT,
Bk-235,97,138,235,VERY_HEAVY_A_GE_180,7524.0,7523.0,-1.0,1.0,7523.0,7534.373600000001,11.373600000000806,,1.0,0.0,PREDICT,
Bk-236,97,139,236,VERY_HEAVY_A_GE_180,7523.0,7522.050242311498,-0.9497576885023591,0.9497576885023591,7522.0,7525.1753499999995,3.1753499999995256,50.0,0.9841773941464363,0.0158226058535637,PREDICT,
Bk-237,97,140,237,VERY_HEAVY_A_GE_180,7527.0,7526.841639434633,-0.15836056536682008,0.15836056536682008,7526.833333333334,7531.846300000001,5.0129666666671255,50.0,0.9983430766945874,0.0016569233054126067,PREDICT,
Bk-238,97,141,238,VERY_HEAVY_A_GE_180,7525.0,7524.340650417112,-0.6593495828883533,0.6593495828883533,7524.333333333333,7528.749400000001,4.416066666667575,50.0,0.9983430766945874,0.0016569233054126067,PREDICT,
Bk-239,97,142,239,VERY_HEAVY_A_GE_180,7527.0,7527.089734881573,0.08973488157334941,0.08973488157334941,7527.082983333334,7531.157733333333,4.074749999999767,50.0,0.9983430766945874,0.0016569233054126067,PREDICT,
Bk-240,97,143,240,VERY_HEAVY_A_GE_180,7523.0,7523.592915660613,0.5929156606125616,0.5929156606125616,7523.587349999999,7526.946383333334,3.3590333333349918,50.0,0.9983430766945874,0.0016569233054126067,PREDICT,
Bk-241,97,144,241,VERY_HEAVY_A_GE_180,7524.0,7523.630128518107,-0.36987148189291474,0.36987148189291474,7523.622833333332,7528.025683333333,4.402850000001308,50.0,0.9983430766945874,0.0016569233054126067,PREDICT,
Bk-242,97,145,242,VERY_HEAVY_A_GE_180,7519.0,7518.35755055886,-0.642449441140343,0.642449441140343,7518.350016666666,7522.896933333333,4.54691666666713,50.0,0.9983430766945874,0.0016569233054126067,PREDICT,
Bk-243,97,146,243,VERY_HEAVY_A_GE_180,7517.5021,7517.863857116086,0.3617571160866646,0.3617571160866646,7517.857466666666,7521.714283333332,3.856816666665509,50.0,0.9983430766945874,0.0016569233054126067,PREDICT,
Bk-244,97,147,244,VERY_HEAVY_A_GE_180,7511.4759,7512.274102694314,0.7982026943136589,0.7982026943136589,7512.269416666667,7515.097566666665,2.828149999998459,50.0,0.9983430766945874,0.0016569233054126067,PREDICT,
Bk-245,97,148,245,VERY_HEAVY_A_GE_180,7509.2714,7509.295694385488,0.024294385488246917,0.024294385488246917,7509.288433333332,7513.670683333333,4.3822500000005675,50.0,0.9983430766945874,0.0016569233054126067,PREDICT,
Bk-246,97,149,246,VERY_HEAVY_A_GE_180,7502.8035,7502.229403702792,-0.5740962972076886,0.5740962972076886,7502.222366666668,7506.469416666668,4.247049999999945,50.0,0.9983430766945874,0.0016569233054126067,PREDICT,
Bk-247,97,150,247,VERY_HEAVY_A_GE_180,7498.9408,7499.087889083334,0.14708908333341242,0.14708908333341242,7499.080633333333,7503.459683333333,4.379049999999552,50.0,0.9983430766945874,0.0016569233054126067,PREDICT,
Bk-248,97,151,248,VERY_HEAVY_A_GE_180,7490.5975,7490.768894500533,0.17139450053309702,0.17139450053309702,7490.762616666667,7494.551466666666,3.7888499999990017,50.0,0.9983430766945874,0.0016569233054126067,PREDICT,
Bk-249,97,152,249,VERY_HEAVY_A_GE_180,7486.041,7485.43252806645,-0.6084719335503905,0.6084719335503905,7485.424433333334,7490.309833333333,4.885399999999208,50.0,0.9983430766945874,0.0016569233054126067,PREDICT,
Bk-250,97,153,250,VERY_HEAVY_A_GE_180,7475.9594,7475.937816047877,-0.02158395212245523,0.02158395212245523,7475.931083333333,7479.994466666667,4.063383333334059,50.0,0.9983430766945874,0.0016569233054126067,PREDICT,
Bk-251,97,154,251,VERY_HEAVY_A_GE_180,7469.2637,7468.568456567388,-0.6952434326121875,0.6952434326121875,7468.5205000000005,7474.209283333333,5.68878333333214,50.0,0.9915699782225356,0.008430021777464462,PREDICT,
Bk-252,97,155,252,VERY_HEAVY_A_GE_180,7459.0,7458.023952664052,-0.9760473359483512,0.9760473359483512,7457.9797,7460.7765,2.7968000000000757,50.0,0.9841773941464363,0.0158226058535637,PREDICT,
Bk-253,97,156,253,VERY_HEAVY_A_GE_180,7451.0,7452.5576198007175,1.5576198007174753,1.5576198007174753,7452.486400000001,7454.612950000001,2.126549999999952,50.0,0.9665092282253679,0.033490771774632014,PREDICT,
Bk-254,97,157,254,VERY_HEAVY_A_GE_180,7440.0,7442.0406,2.0406000000002678,2.0406000000002678,7442.0406,7448.0,5.959399999999732,,1.0,0.0,PREDICT,
Cf-237,98,139,237,VERY_HEAVY_A_GE_180,7503.3507,7507.0,3.6493000000000393,3.6493000000000393,7507.0,7499.0,8.0,,1.0,0.0,PREDICT,
Cf-238,98,140,238,VERY_HEAVY_A_GE_180,7509.0,7511.240540250895,2.24054025089481,2.24054025089481,7511.380899999999,7504.0,7.380899999999201,50.0,0.9809833829066755,0.019016617093324504,PREDICT,
Cf-239,98,141,239,VERY_HEAVY_A_GE_180,7507.0,7505.157539892991,-1.842460107009174,1.842460107009174,7505.1753499999995,7503.06265,2.112699999999677,50.0,0.9915699782225356,0.008430021777464462,PREDICT,
Cf-240,98,142,240,VERY_HEAVY_A_GE_180,7510.24,7509.022442000471,-1.2175579995291628,1.2175579995291628,7509.04955,7505.8339,3.215650000000096,50.0,0.9915699782225356,0.008430021777464462,PREDICT,
Cf-241,98,143,241,VERY_HEAVY_A_GE_180,7507.0,7507.489736995958,0.48973699595808284,0.48973699595808284,7507.497483333334,7502.82235,4.675133333333179,50.0,0.9983430766945874,0.0016569233054126067,PREDICT,
Cf-242,98,144,242,VERY_HEAVY_A_GE_180,7509.0991,7508.891170238743,-0.20792976125721907,0.20792976125721907,7508.897866666666,7504.856383333333,4.041483333333417,50.0,0.9983430766945874,0.0016569233054126067,PREDICT,
Cf-243,98,145,243,VERY_HEAVY_A_GE_180,7505.0,7504.393376594048,-0.6066234059517228,0.6066234059517228,7504.398966666666,7501.025199999999,3.3737666666665973,50.0,0.9983430766945874,0.0016569233054126067,PREDICT,
Cf-244,98,146,244,VERY_HEAVY_A_GE_180,7505.1373,7505.260089954571,0.12278995457108977,0.12278995457108977,7505.266733333334,7501.257266666666,4.0094666666682315,50.0,0.9983430766945874,0.0016569233054126067,PREDICT,
Cf-245,98,147,245,VERY_HEAVY_A_GE_180,7499.6644,7500.436522438065,0.7721224380657077,0.7721224380657077,7500.443299999999,7496.352849999999,4.0904499999996915,50.0,0.9983430766945874,0.0016569233054126067,PREDICT,
Cf-246,98,148,246,VERY_HEAVY_A_GE_180,7499.122,7499.270479042726,0.14847904272573942,0.14847904272573942,7499.278233333333,7494.598299999999,4.679933333334702,50.0,0.9983430766945874,0.0016569233054126067,PREDICT,
Cf-247,98,149,247,VERY_HEAVY_A_GE_180,7493.2638,7492.784343219065,-0.4794567809349246,0.4794567809349246,7492.789633333332,7489.596899999999,3.192733333333308,50.0,0.9983430766945874,0.0016569233054126067,PREDICT,
Cf-248,98,150,248,VERY_HEAVY_A_GE_180,7491.044,7490.964053477665,-0.07994652233446686,0.07994652233446686,7490.971683333333,7486.36685,4.604833333332863,50.0,0.9983430766945874,0.0016569233054126067,PREDICT,
Cf-249,98,151,249,VERY_HEAVY_A_GE_180,7483.3954,7483.421953780068,0.026553780067843036,0.026553780067843036,7483.427783333333,7479.909483333332,3.518300000000636,50.0,0.9983430766945874,0.0016569233054126067,PREDICT,
Cf-250,98,152,250,VERY_HEAVY_A_GE_180,7479.9567,7479.530130321023,-0.42656967897710274,0.42656967897710274,7479.536283333333,7475.822766666667,3.7135166666657824,50.0,0.9983430766945874,0.0016569233054126067,PREDICT,
Cf-251,98,153,251,VERY_HEAVY_A_GE_180,7470.5014,7470.266456550413,-0.23494344958726288,0.23494344958726288,7470.272766666667,7466.464433333333,3.8083333333343035,50.0,0.9983430766945874,0.0016569233054126067,PREDICT,
Cf-252,98,154,252,VERY_HEAVY_A_GE_180,7465.3474,7465.606443426672,0.2590434266721786,0.2590434266721786,7465.6143999999995,7460.812383333333,4.802016666666532,50.0,0.9983430766945874,0.0016569233054126067,PREDICT,
Cf-253,98,155,253,VERY_HEAVY_A_GE_180,7454.8297,7454.225677025858,-0.6040229741420262,0.6040229741420262,7454.2507000000005,7451.282383333332,2.9683166666682155,50.0,0.9915699782225356,0.008430021777464462,PREDICT,
Cf-254,98,156,254,VERY_HEAVY_A_GE_180,7449.2259,7448.633594733395,-0.5923052666057629,0.5923052666057629,7448.673699999999,7443.916266666665,4.75743333333412,50.0,0.9915699782225356,0.008430021777464462,PREDICT,
Cf-255,98,157,255,VERY_HEAVY_A_GE_180,7438.0,7438.985254599186,0.9852545991861916,0.9852545991861916,7439.158,7434.0,5.1580000000003565,50.0,0.9665092282253679,0.033490771774632014,PREDICT,
Cf-256,98,158,256,VERY_HEAVY_A_GE_180,7432.0,7433.104400000001,1.1044000000010783,1.1044000000010783,7433.104400000001,7426.0,7.104400000001078,,1.0,0.0,PREDICT,
Es-239,99,140,239,VERY_HEAVY_A_GE_180,7481.0,7484.0,3.0,3.0,7484.0,7491.0,7.0,,1.0,0.0,PREDICT,
Es-240,99,141,240,VERY_HEAVY_A_GE_180,7481.0,7483.000000000001,2.0000000000009095,2.0000000000009095,7483.0,7483.0,0.0,50.0,0.9809833829066755,0.019016617093324504,PREDICT,
Es-241,99,142,241,VERY_HEAVY_A_GE_180,7485.0,7483.565189136117,-1.4348108638832855,1.4348108638832855,7483.5,7487.62,4.119999999999891,50.0,0.9841773941464363,0.0158226058535637,PREDICT,
Es-242,99,143,242,VERY_HEAVY_A_GE_180,7483.0,7482.0435551125165,-0.9564448874834852,0.9564448874834852,7482.0,7487.166666666666,5.16666666666606,50.0,0.9915699782225356,0.008430021777464462,PREDICT,
Es-243,99,144,243,VERY_HEAVY_A_GE_180,7486.0,7486.490014914087,0.49001491408671427,0.49001491408671427,7486.48325,7490.566066666666,4.082816666666076,50.0,0.9983430766945874,0.0016569233054126067,PREDICT,
Es-244,99,145,244,VERY_HEAVY_A_GE_180,7483.0,7483.029303501037,0.02930350103724777,0.02930350103724777,7483.023266666666,7486.666666666667,3.643400000000838,50.0,0.9983430766945874,0.0016569233054126067,PREDICT,
Es-245,99,146,245,VERY_HEAVY_A_GE_180,7485.0,7484.240705359715,-0.7592946402846792,0.7592946402846792,7484.233666666667,7488.481716666666,4.248049999999239,50.0,0.9983430766945874,0.0016569233054126067,PREDICT,
Es-246,99,147,246,VERY_HEAVY_A_GE_180,7480.7849,7480.671411459859,-0.1134885401406791,0.1134885401406791,7480.666666666666,7483.530283333333,2.8636166666665304,50.0,0.9983430766945874,0.0016569233054126067,PREDICT,
Es-247,99,148,247,VERY_HEAVY_A_GE_180,7480.1005,7480.6922807319215,0.5917807319219719,0.5917807319219719,7480.685966666666,7484.496683333334,3.8107166666677585,50.0,0.9983430766945874,0.0016569233054126067,PREDICT,
Es-248,99,149,248,VERY_HEAVY_A_GE_180,7476.0,7476.487539132037,0.4875391320374547,0.4875391320374547,7476.482799999999,7479.342999999999,2.860200000000077,50.0,0.9983430766945874,0.0016569233054126067,PREDICT,
Es-249,99,150,249,VERY_HEAVY_A_GE_180,7474.0,7474.34889885395,0.34889885395023157,0.34889885395023157,7474.341816666666,7478.616116666666,4.274300000000039,50.0,0.9983430766945874,0.0016569233054126067,PREDICT,
Es-250,99,151,250,VERY_HEAVY_A_GE_180,7469.0,7468.108342938475,-0.891657061524711,0.891657061524711,7468.101733333333,7472.090816666668,3.9890833333347473,50.0,0.9983430766945874,0.0016569233054126067,PREDICT,
Es-251,99,152,251,VERY_HEAVY_A_GE_180,7465.8842,7464.946616551384,-0.9375834486163512,0.9375834486163512,7464.938249999999,7469.9877,5.049450000000434,50.0,0.9983430766945874,0.0016569233054126067,PREDICT,
Es-252,99,153,252,VERY_HEAVY_A_GE_180,7457.2428,7457.723239157182,0.48043915718244534,0.48043915718244534,7457.717266666667,7461.321833333334,3.604566666667779,50.0,0.9983430766945874,0.0016569233054126067,PREDICT,
Es-253,99,154,253,VERY_HEAVY_A_GE_180,7452.8879,7453.143756942596,0.2558569425964379,0.2558569425964379,7453.137199999999,7457.094499999999,3.957300000000032,50.0,0.9983430766945874,0.0016569233054126067,PREDICT,
Es-254,99,155,254,VERY_HEAVY_A_GE_180,7443.5759,7443.33485493759,-0.24104506241019408,0.24104506241019408,7443.328533333333,7447.1438,3.8152666666665027,50.0,0.9983430766945874,0.0016569233054126067,PREDICT,
Es-255,99,156,255,VERY_HEAVY_A_GE_180,7437.8216,7437.4872390048295,-0.3343609951707549,0.3343609951707549,7437.44395,7442.579049999999,5.135099999999511,50.0,0.9915699782225356,0.008430021777464462,PREDICT,
Es-256,99,157,256,VERY_HEAVY_A_GE_180,7428.0,7427.822214666517,-0.17778533348337078,0.17778533348337078,7427.78795,7431.85255,4.0645999999997,50.0,0.9915699782225356,0.008430021777464462,PREDICT,
Es-257,99,158,257,VERY_HEAVY_A_GE_180,7422.0,7422.830476735402,0.8304767354020441,0.8304767354020441,7422.755300000001,7425.0,2.244699999999284,50.0,0.9665092282253679,0.033490771774632014,PREDICT,
Es-258,99,159,258,VERY_HEAVY_A_GE_180,7412.0,7412.4241,0.42410000000018044,0.42410000000018044,7412.4241,7418.0,5.57589999999982,,1.0,0.0,PREDICT,
Fm-241,100,141,241,VERY_HEAVY_A_GE_180,7459.0,7463.0,4.0,4.0,7463.0,7455.0,8.0,,1.0,0.0,PREDICT,
Fm-242,100,142,242,VERY_HEAVY_A_GE_180,7465.0,7468.0392,3.0392000000001644,3.0392000000001644,7468.0392,7459.76,8.279199999999946,,1.0,0.0,PREDICT,
Fm-243,100,143,243,VERY_HEAVY_A_GE_180,7464.0,7461.97626609122,-2.023733908779832,2.023733908779832,7462.0,7460.5,1.5,50.0,0.9841773941464363,0.0158226058535637,PREDICT,
Fm-244,100,144,244,VERY_HEAVY_A_GE_180,7468.0,7466.433242305515,-1.5667576944852044,1.5667576944852044,7466.4804,7463.5,2.9804000000003725,50.0,0.9841773941464363,0.0158226058535637,PREDICT,
Fm-245,100,145,245,VERY_HEAVY_A_GE_180,7465.0,7465.17920540269,0.1792054026900587,0.1792054026900587,7465.189183333334,7462.0,3.189183333333858,50.0,0.9968713210874217,0.003128678912578245,PREDICT,
Fm-246,100,146,246,VERY_HEAVY_A_GE_180,7467.9608,7468.108955667272,0.14815566727247642,0.14815566727247642,7468.114983333334,7464.477116666666,3.6378666666678328,50.0,0.9983430766945874,0.0016569233054126067,PREDICT,
Fm-247,100,147,247,VERY_HEAVY_A_GE_180,7464.0,7464.405026717635,0.40502671763533726,0.40502671763533726,7464.409716666667,7461.579199999998,2.8305166666687,50.0,0.9983430766945874,0.0016569233054126067,PREDICT,
Fm-248,100,148,248,VERY_HEAVY_A_GE_180,7465.9451,7466.021495170207,0.0763951702074337,0.0763951702074337,7466.028349999999,7461.8912666666665,4.137083333332157,50.0,0.9983430766945874,0.0016569233054126067,PREDICT,
Fm-249,100,149,249,VERY_HEAVY_A_GE_180,7461.8649,7461.751197226511,-0.11370277348851232,0.11370277348851232,7461.755666666666,7459.058233333333,2.6974333333328104,50.0,0.9983430766945874,0.0016569233054126067,PREDICT,
Fm-250,100,150,250,VERY_HEAVY_A_GE_180,7462.0905,7462.5198884642505,0.4293884642502235,0.4293884642502235,7462.527733333332,7457.793133333333,4.734599999999773,50.0,0.9983430766945874,0.0016569233054126067,PREDICT,
Fm-251,100,151,251,VERY_HEAVY_A_GE_180,7457.0013,7456.9048873573565,-0.09641264264337224,0.09641264264337224,7456.909733333332,7453.985049999999,2.924683333332723,50.0,0.9983430766945874,0.0016569233054126067,PREDICT,
Fm-252,100,152,252,VERY_HEAVY_A_GE_180,7456.0351,7454.962164121348,-1.0729358786520606,1.0729358786520606,7454.967083333333,7451.9982,2.9688833333329967,50.0,0.9983430766945874,0.0016569233054126067,PREDICT,
Fm-253,100,153,253,VERY_HEAVY_A_GE_180,7448.4712,7447.909780623329,-0.5614193766705284,0.5614193766705284,7447.915016666666,7444.754916666666,3.1601000000000568,50.0,0.9983430766945874,0.0016569233054126067,PREDICT,
Fm-254,100,154,254,VERY_HEAVY_A_GE_180,7444.7936,7445.193501379447,0.3999013794473285,0.3999013794473285,7445.200849999999,7440.7657500000005,4.4350999999987835,50.0,0.9983430766945874,0.0016569233054126067,PREDICT,
Fm-255,100,155,255,VERY_HEAVY_A_GE_180,7435.886,7436.436522262465,0.5505222624642556,0.5505222624642556,7436.443383333333,7432.3025333333335,4.140849999999773,50.0,0.9983430766945874,0.0016569233054126067,PREDICT,
Fm-256,100,156,256,VERY_HEAVY_A_GE_180,7431.7888,7432.182222603661,0.3934226036608379,0.3934226036608379,7432.189883333333,7427.566416666667,4.6234666666659905,50.0,0.9983430766945874,0.0016569233054126067,PREDICT,
Fm-257,100,157,257,VERY_HEAVY_A_GE_180,7422.1942,7421.420543264987,-0.7736567350129917,0.7736567350129917,7421.443,7418.7791,2.663900000000467,50.0,0.9915699782225356,0.008430021777464462,PREDICT,
Fm-258,100,158,258,VERY_HEAVY_A_GE_180,7418.0,7416.86297512682,-1.137024873180053,1.137024873180053,7416.8944,7413.166666666666,3.727733333334072,50.0,0.9915699782225356,0.008430021777464462,PREDICT,
Fm-259,100,159,259,VERY_HEAVY_A_GE_180,7407.0,7408.351611149161,1.3516111491608171,1.3516111491608171,7408.502399999999,7404.0,4.5023999999993976,50.0,0.9665092282253679,0.033490771774632014,PREDICT,
Fm-260,100,160,260,VERY_HEAVY_A_GE_180,7402.0,7404.2112,2.211199999999735,2.211199999999735,7404.2112,7397.0,7.211199999999735,,1.0,0.0,PREDICT,
Md-244,101,143,244,VERY_HEAVY_A_GE_180,7438.0,7440.0,2.0,2.0,7440.0,7445.0,5.0,,1.0,0.0,PREDICT,
Md-245,101,144,245,VERY_HEAVY_A_GE_180,7441.0,7443.9831,2.983100000000377,2.983100000000377,7443.9831,7450.0,6.016899999999623,,1.0,0.0,PREDICT,
Md-246,101,145,246,VERY_HEAVY_A_GE_180,7441.0,7440.0,-1.0,1.0,7440.0,7447.0,7.0,,1.0,0.0,PREDICT,
Md-247,101,146,247,VERY_HEAVY_A_GE_180,7444.0,7442.563385296393,-1.4366147036071197,1.4366147036071197,7442.508449999999,7445.9804,3.4719500000010157,50.0,0.9841773941464363,0.0158226058535637,PREDICT,
Md-248,101,147,248,VERY_HEAVY_A_GE_180,7442.0,7442.36346443244,0.3634644324401961,0.3634644324401961,7442.361466666665,7443.0,0.6385333333346352,50.0,0.9968713210874217,0.003128678912578245,PREDICT,
Md-249,101,148,249,VERY_HEAVY_A_GE_180,7444.0169,7444.106706385058,0.08980638505818206,0.08980638505818206,7444.100333333333,7447.946650000001,3.846316666667917,50.0,0.9983430766945874,0.0016569233054126067,PREDICT,
Md-250,101,149,250,VERY_HEAVY_A_GE_180,7441.6533,7441.466987824662,-0.18631217533766176,0.18631217533766176,7441.462933333333,7443.909933333333,2.4470000000001164,50.0,0.9983430766945874,0.0016569233054126067,PREDICT,
Md-251,101,150,251,VERY_HEAVY_A_GE_180,7441.9005,7442.561048231632,0.6605482316326743,0.6605482316326743,7442.555716666666,7445.7734666666665,3.2177500000007058,50.0,0.9983430766945874,0.0016569233054126067,PREDICT,
Md-252,101,151,252,VERY_HEAVY_A_GE_180,7438.4444,7438.606659609077,0.16225960907650006,0.16225960907650006,7438.602199999999,7441.293699999999,2.6914999999999054,50.0,0.9983430766945874,0.0016569233054126067,PREDICT,
Md-253,101,152,253,VERY_HEAVY_A_GE_180,7438.0,7436.830338646262,-1.1696613537378653,1.1696613537378653,7436.8223,7441.67385,4.851550000000316,50.0,0.9983430766945874,0.0016569233054126067,PREDICT,
Md-254,101,153,254,VERY_HEAVY_A_GE_180,7432.0,7431.083700245085,-0.9162997549146894,0.9162997549146894,7431.077133333333,7435.040449999999,3.963316666665378,50.0,0.9983430766945874,0.0016569233054126067,PREDICT,
Md-255,101,154,255,VERY_HEAVY_A_GE_180,7428.7333,7429.2451120997885,0.5118120997885853,0.5118120997885853,7429.239583333334,7432.576350000001,3.336766666667245,50.0,0.9983430766945874,0.0016569233054126067,PREDICT,
Md-256,101,155,256,VERY_HEAVY_A_GE_180,7421.0,7422.037576974933,1.0375769749325627,1.0375769749325627,7422.033599999999,7424.433816666668,2.4002166666687117,50.0,0.9983430766945874,0.0016569233054126067,PREDICT,
Md-257,101,156,257,VERY_HEAVY_A_GE_180,7417.5845,7417.661443136917,0.0769431369171798,0.0769431369171798,7417.655533333333,7421.222266666668,3.5667333333349234,50.0,0.9983430766945874,0.0016569233054126067,PREDICT,
Md-258,101,157,258,VERY_HEAVY_A_GE_180,7409.6615,7409.006534463671,-0.6549655363287457,0.6549655363287457,7409.0,7412.9437333333335,3.943733333333512,50.0,0.9983430766945874,0.0016569233054126067,PREDICT,
Md-259,101,158,259,VERY_HEAVY_A_GE_180,7405.0,7404.336151445912,-0.6638485540879628,0.6638485540879628,7404.29225,7409.5,5.207749999999578,50.0,0.9915699782225356,0.008430021777464462,PREDICT,
Md-260,101,159,260,VERY_HEAVY_A_GE_180,7396.0,7395.857466846519,-0.1425331534810539,0.1425331534810539,7395.83075,7398.999999999999,3.1692499999990105,50.0,0.9915699782225356,0.008430021777464462,PREDICT,
Md-261,101,160,261,VERY_HEAVY_A_GE_180,7391.0,7392.451820741989,1.4518207419887403,1.4518207419887403,7392.4155,7393.5,1.0844999999999345,50.0,0.9665092282253679,0.033490771774632014,PREDICT,
Md-262,101,161,262,VERY_HEAVY_A_GE_180,7382.0,7382.3385,0.33849999999983993,0.33849999999983993,7382.3385,7389.0,6.66150000000016,,1.0,0.0,PREDICT,
No-248,102,146,248,VERY_HEAVY_A_GE_180,7424.0,7426.2008,2.2007999999996173,2.2007999999996173,7426.2008,7420.0392,6.161599999999453,,1.0,0.0,PREDICT,
No-249,102,147,249,VERY_HEAVY_A_GE_180,7422.0,7423.5281,1.5281000000004497,1.5281000000004497,7423.5281,7420.0,3.5281000000004497,,1.0,0.0,PREDICT,
No-250,102,148,250,VERY_HEAVY_A_GE_180,7426.0,7424.853854473087,-1.1461455269127327,1.1461455269127327,7424.899600000001,7422.008449999999,2.8911500000012893,50.0,0.9841773941464363,0.0158226058535637,PREDICT,
No-251,102,149,251,VERY_HEAVY_A_GE_180,7423.0,7422.223772271542,-0.7762277284582524,0.7762277284582524,7422.23595,7420.791383333333,1.444566666667015,50.0,0.9915699782225356,0.008430021777464462,PREDICT,
No-252,102,150,252,VERY_HEAVY_A_GE_180,7425.7992,7426.296646341521,0.4974463415210266,0.4974463415210266,7426.3034499999985,7422.197249999998,4.106200000000172,50.0,0.9983430766945874,0.0016569233054126067,PREDICT,
No-253,102,151,253,VERY_HEAVY_A_GE_180,7422.4719,7422.013547514231,-0.4583524857689554,0.4583524857689554,7422.017083333333,7419.883116666666,2.13396666666722,50.0,0.9983430766945874,0.0016569233054126067,PREDICT,
No-254,102,152,254,VERY_HEAVY_A_GE_180,7423.5909,7422.723777555,-0.86712244499995,0.86712244499995,7422.728066666668,7420.139466666666,2.5886000000027707,50.0,0.9983430766945874,0.0016569233054126067,PREDICT,
No-255,102,153,255,VERY_HEAVY_A_GE_180,7417.9403,7417.587667413914,-0.3526325860866564,0.3526325860866564,7417.591833333334,7415.077583333333,2.514250000001084,50.0,0.9983430766945874,0.0016569233054126067,PREDICT,
No-256,102,154,256,VERY_HEAVY_A_GE_180,7416.5429,7416.587452643062,0.04455264306125173,0.04455264306125173,7416.594066666666,7412.6023166666655,3.9917500000001382,50.0,0.9983430766945874,0.0016569233054126067,PREDICT,
No-257,102,155,257,VERY_HEAVY_A_GE_180,7409.6587,7410.189724463442,0.5310244634420087,0.5310244634420087,7410.195816666666,7406.518999999998,3.6768166666679463,50.0,0.9983430766945874,0.0016569233054126067,PREDICT,
No-258,102,156,258,VERY_HEAVY_A_GE_180,7407.0,7407.590146941264,0.5901469412638107,0.5901469412638107,7407.5967833333325,7403.591533333333,4.005249999999251,50.0,0.9983430766945874,0.0016569233054126067,PREDICT,
No-259,102,157,259,VERY_HEAVY_A_GE_180,7399.9714,7399.443662846817,-0.5277371531838071,0.5277371531838071,7399.449083333333,7396.1776666666665,3.2714166666664823,50.0,0.9983430766945874,0.0016569233054126067,PREDICT,
No-260,102,158,260,VERY_HEAVY_A_GE_180,7397.0,7396.7360960768365,-0.2639039231635252,0.2639039231635252,7396.742849999999,7392.666666666666,4.076183333332665,50.0,0.9983430766945874,0.0016569233054126067,PREDICT,
No-261,102,159,261,VERY_HEAVY_A_GE_180,7388.0,7387.95912548035,-0.04087451965006039,0.04087451965006039,7387.9857,7384.833333333333,3.152366666667149,50.0,0.9915699782225356,0.008430021777464462,PREDICT,
No-262,102,160,262,VERY_HEAVY_A_GE_180,7385.0,7383.973304931038,-1.026695068961999,1.026695068961999,7384.0,7380.833333333332,3.1666666666678793,50.0,0.9915699782225356,0.008430021777464462,PREDICT,
No-263,102,161,263,VERY_HEAVY_A_GE_180,7376.0,7375.910424462715,-0.08957553728487255,0.08957553728487255,7376.0286,7372.5,3.528599999999642,50.0,0.9665092282253679,0.033490771774632014,PREDICT,
No-264,102,162,264,VERY_HEAVY_A_GE_180,7371.0,7373.0,2.0,2.0,7373.0,7367.0,6.0,,1.0,0.0,PREDICT,
Lr-251,103,148,251,VERY_HEAVY_A_GE_180,7400.0,7403.2593,3.259299999999712,3.259299999999712,7403.2593,7407.9831,4.723800000000665,,1.0,0.0,PREDICT,
Lr-252,103,149,252,VERY_HEAVY_A_GE_180,7400.0,7404.051243483927,4.051243483926555,4.051243483926555,7404.100700000001,7401.5,2.60070000000087,50.0,0.9809833829066755,0.019016617093324504,PREDICT,
Lr-253,103,150,253,VERY_HEAVY_A_GE_180,7402.918,7401.331295621942,-1.5867043780572203,1.5867043780572203,7401.28835,7406.382716666667,5.094366666667156,50.0,0.9915699782225356,0.008430021777464462,PREDICT,
Lr-254,103,151,254,VERY_HEAVY_A_GE_180,7401.1306,7399.116726282729,-2.0138737172710535,2.0138737172710535,7399.08025,7403.407200000001,4.326950000000579,50.0,0.9915699782225356,0.008430021777464462,PREDICT,
Lr-255,103,152,255,VERY_HEAVY_A_GE_180,7402.5767,7401.61930551293,-0.9573944870699052,0.9573944870699052,7401.611999999999,7406.021083333333,4.409083333333911,50.0,0.9983430766945874,0.0016569233054126067,PREDICT,
Lr-256,103,153,256,VERY_HEAVY_A_GE_180,7398.1605,7398.258588035773,0.09808803577288927,0.09808803577288927,7398.253733333334,7401.183683333333,2.9299499999988257,50.0,0.9983430766945874,0.0016569233054126067,PREDICT,
Lr-257,103,154,257,VERY_HEAVY_A_GE_180,7397.0,7397.737207823073,0.7372078230728221,0.7372078230728221,7397.731466666665,7401.196416666666,3.464950000000499,50.0,0.9983430766945874,0.0016569233054126067,PREDICT,
Lr-258,103,155,258,VERY_HEAVY_A_GE_180,7392.0,7391.5905143345235,-0.40948566547649534,0.40948566547649534,7391.585233333333,7394.772466666665,3.1872333333321876,50.0,0.9983430766945874,0.0016569233054126067,PREDICT,
Lr-259,103,156,259,VERY_HEAVY_A_GE_180,7390.0,7389.743566052004,-0.2564339479959017,0.2564339479959017,7389.737216666666,7393.5692500000005,3.8320333333340386,50.0,0.9983430766945874,0.0016569233054126067,PREDICT,
Lr-260,103,157,260,VERY_HEAVY_A_GE_180,7383.0,7383.8123626265915,0.8123626265914936,0.8123626265914936,7383.806583333333,7387.29455,3.48796666666658,50.0,0.9983430766945874,0.0016569233054126067,PREDICT,
Lr-261,103,158,261,VERY_HEAVY_A_GE_180,7381.0,7381.339684872671,0.3396848726706594,0.3396848726706594,7381.333333333333,7385.166666666666,3.83333333333303,50.0,0.9983430766945874,0.0016569233054126067,PREDICT,
Lr-262,103,159,262,VERY_HEAVY_A_GE_180,7374.0,7373.839684872672,-0.16031512732843112,0.16031512732843112,7373.833333333333,7377.666666666666,3.83333333333303,50.0,0.9983430766945874,0.0016569233054126067,PREDICT,
Lr-263,103,160,263,VERY_HEAVY_A_GE_180,7371.0,7370.039340101629,-0.9606598983709773,0.9606598983709773,7370.0,7374.666666666666,4.66666666666606,50.0,0.9915699782225356,0.008430021777464462,PREDICT,
Lr-264,103,161,264,VERY_HEAVY_A_GE_180,7363.0,7361.542150108888,-1.457849891112346,1.457849891112346,7361.5,7366.5,5.0,50.0,0.9915699782225356,0.008430021777464462,PREDICT,
Lr-265,103,162,265,VERY_HEAVY_A_GE_180,7359.0,7361.0,2.0,2.0,7361.0,7361.0,0.0,50.0,0.9665092282253679,0.033490771774632014,PREDICT,
Lr-266,103,163,266,VERY_HEAVY_A_GE_180,7349.0,7352.0,3.0,3.0,7352.0,7356.0,4.0,,1.0,0.0,PREDICT,
Rf-253,104,149,253,VERY_HEAVY_A_GE_180,7380.0,7382.2947,2.2947000000003754,2.2947000000003754,7382.2947,7377.0,5.294700000000375,,1.0,0.0,PREDICT,
Rf-254,104,150,254,VERY_HEAVY_A_GE_180,7384.0,7388.203660381105,4.203660381104783,4.203660381104783,7388.3441,7380.959,7.3851000000004206,50.0,0.9809833829066755,0.019016617093324504,PREDICT,
Rf-255,104,151,255,VERY_HEAVY_A_GE_180,7382.0,7380.840192071281,-1.159807928718692,1.159807928718692,7380.85265,7380.0653,0.7873499999996056,50.0,0.9841773941464363,0.0158226058535637,PREDICT,
Rf-256,104,152,256,VERY_HEAVY_A_GE_180,7385.4349,7383.253079042759,-2.1818209572411433,2.1818209572411433,7383.26285,7382.103783333333,1.1590666666670586,50.0,0.9915699782225356,0.008430021777464462,PREDICT,
Rf-257,104,153,257,VERY_HEAVY_A_GE_180,7381.7053,7380.76572188926,-0.9395781107396033,0.9395781107396033,7380.769033333332,7378.770483333334,1.9985499999984313,50.0,0.9983430766945874,0.0016569233054126067,PREDICT,
Rf-258,104,154,258,VERY_HEAVY_A_GE_180,7382.5257,7382.6162536559295,0.09055365592939779,0.09055365592939779,7382.623266666666,7378.390716666666,4.232549999999719,50.0,0.9983430766945874,0.0016569233054126067,PREDICT,
Rf-259,104,155,259,VERY_HEAVY_A_GE_180,7377.0,7377.7219337824,0.7219337823999012,0.7219337823999012,7377.7274,7374.428383333333,3.29901666666683,50.0,0.9983430766945874,0.0016569233054126067,PREDICT,
Rf-260,104,156,260,VERY_HEAVY_A_GE_180,7377.0,7377.271399410503,0.27139941050336347,0.27139941050336347,7377.277983333333,7373.304399999999,3.973583333334318,50.0,0.9983430766945874,0.0016569233054126067,PREDICT,
Rf-261,104,157,261,VERY_HEAVY_A_GE_180,7371.3858,7371.375472668345,-0.010327331655389571,0.010327331655389571,7371.382449999999,7367.171433333332,4.211016666667092,50.0,0.9983430766945874,0.0016569233054126067,PREDICT,
Rf-262,104,158,262,VERY_HEAVY_A_GE_180,7370.0,7369.7397864553095,-0.26021354469048674,0.26021354469048674,7369.745716666665,7366.166666666667,3.5790499999984604,50.0,0.9983430766945874,0.0016569233054126067,PREDICT,
Rf-263,104,159,263,VERY_HEAVY_A_GE_180,7364.0,7363.750698453873,-0.2493015461268442,0.2493015461268442,7363.7572,7359.833333333332,3.923866666667891,50.0,0.9983430766945874,0.0016569233054126067,PREDICT,
Rf-264,104,160,264,VERY_HEAVY_A_GE_180,7361.0,7361.66031512733,0.6603151273302501,0.6603151273302501,7361.666666666667,7357.833333333333,3.8333333333339397,50.0,0.9983430766945874,0.0016569233054126067,PREDICT,
Rf-265,104,161,265,VERY_HEAVY_A_GE_180,7354.0,7352.981734952816,-1.0182650471842862,1.0182650471842862,7353.0,7350.833333333332,2.1666666666678793,50.0,0.9915699782225356,0.008430021777464462,PREDICT,
Rf-266,104,162,266,VERY_HEAVY_A_GE_180,7351.0,7348.990164974593,-2.0098350254065735,2.0098350254065735,7349.0,7347.833333333332,1.1666666666678793,50.0,0.9915699782225356,0.008430021777464462,PREDICT,
Rf-267,104,163,267,VERY_HEAVY_A_GE_180,7342.0,7343.815800755238,1.8158007552383424,1.8158007552383424,7344.0,7338.5,5.5,50.0,0.9665092282253679,0.033490771774632014,PREDICT,
Rf-268,104,164,268,VERY_HEAVY_A_GE_180,7337.0,7341.0,4.0,4.0,7341.0,7332.0,9.0,,1.0,0.0,PREDICT,
Db-255,105,150,255,VERY_HEAVY_A_GE_180,7359.0,7363.5908,4.590799999999945,4.590799999999945,7363.5908,7365.082,1.49120000000039,,1.0,0.0,PREDICT,
Db-256,105,151,256,VERY_HEAVY_A_GE_180,7359.0,7361.9606,2.9606000000003405,2.9606000000003405,7361.9606,7362.8694,0.9087999999992462,,1.0,0.0,PREDICT,
Db-257,105,152,257,VERY_HEAVY_A_GE_180,7361.9767,7359.745162410616,-2.231537589384061,2.231537589384061,7359.6813,7363.71745,4.036149999999907,50.0,0.9841773941464363,0.0158226058535637,PREDICT,
Db-258,105,153,258,VERY_HEAVY_A_GE_180,7359.4803,7358.037458380267,-1.4428416197333718,1.4428416197333718,7358.0,7362.44345,4.443449999999757,50.0,0.9915699782225356,0.008430021777464462,PREDICT,
Db-259,105,154,259,VERY_HEAVY_A_GE_180,7360.3626,7360.82363167965,0.46103167964975,0.46103167964975,7360.8178,7364.337383333332,3.519583333331866,50.0,0.9983430766945874,0.0016569233054126067,PREDICT,
Db-260,105,155,260,VERY_HEAVY_A_GE_180,7357.0,7356.82528943324,-0.17471056676004082,0.17471056676004082,7356.820199999999,7359.891816666667,3.0716166666679783,50.0,0.9983430766945874,0.0016569233054126067,PREDICT,
Db-261,105,156,261,VERY_HEAVY_A_GE_180,7357.0,7357.085086332615,0.08508633261499199,0.08508633261499199,7357.078949999999,7360.782399999999,3.7034499999999753,50.0,0.9983430766945874,0.0016569233054126067,PREDICT,
Db-262,105,157,262,VERY_HEAVY_A_GE_180,7352.0,7352.259365208403,0.2593652084033238,0.2593652084033238,7352.2532833333335,7355.923866666666,3.6705833333326154,50.0,0.9983430766945874,0.0016569233054126067,PREDICT,
Db-263,105,158,263,VERY_HEAVY_A_GE_180,7352.0,7351.779627826619,-0.22037217338129267,0.22037217338129267,7351.772899999999,7355.833333333332,4.060433333333094,50.0,0.9983430766945874,0.0016569233054126067,PREDICT,
Db-264,105,159,264,VERY_HEAVY_A_GE_180,7346.0,7346.506075385453,0.5060753854531868,0.5060753854531868,7346.5,7350.166666666667,3.66666666666697,50.0,0.9983430766945874,0.0016569233054126067,PREDICT,
Db-265,105,160,265,VERY_HEAVY_A_GE_180,7345.0,7346.003313846611,1.003313846610581,1.003313846610581,7346.0,7347.999999999999,1.9999999999990905,50.0,0.9983430766945874,0.0016569233054126067,PREDICT,
Db-266,105,161,266,VERY_HEAVY_A_GE_180,7339.0,7338.339408718786,-0.6605912812137831,0.6605912812137831,7338.333333333333,7341.999999999999,3.6666666666660603,50.0,0.9983430766945874,0.0016569233054126067,PREDICT,
Db-267,105,162,267,VERY_HEAVY_A_GE_180,7337.0,7334.050580130665,-2.9494198693346334,2.9494198693346334,7334.0,7340.0,6.0,50.0,0.9915699782225356,0.008430021777464462,PREDICT,
Db-268,105,163,268,VERY_HEAVY_A_GE_180,7328.0,7326.5435551125165,-1.4564448874834852,1.4564448874834852,7326.5,7331.666666666666,5.16666666666606,50.0,0.9915699782225356,0.008430021777464462,PREDICT,
Db-269,105,164,269,VERY_HEAVY_A_GE_180,7323.0,7328.882782298788,5.882782298787788,5.882782298787788,7329.0,7325.5,3.5,50.0,0.9665092282253679,0.033490771774632014,PREDICT,
Db-270,105,165,270,VERY_HEAVY_A_GE_180,7314.0,7317.0,3.0,3.0,7317.0,7320.0,3.0,,1.0,0.0,PREDICT,
Sg-258,106,152,258,VERY_HEAVY_A_GE_180,7342.0,7343.952799999999,1.9527999999991152,1.9527999999991152,7343.952799999999,7338.5185,5.434299999998984,,1.0,0.0,PREDICT,
Sg-259,106,153,259,VERY_HEAVY_A_GE_180,7340.0,7342.431668440117,2.4316684401173916,2.4316684401173916,7342.5419999999995,7336.74015,5.801849999999831,50.0,0.9809833829066755,0.019016617093324504,PREDICT,
Sg-260,106,154,260,VERY_HEAVY_A_GE_180,7342.5632,7341.543448433353,-1.0197515666468462,1.0197515666468462,7341.5868,7338.84695,2.739849999999933,50.0,0.9841773941464363,0.0158226058535637,PREDICT,
Sg-261,106,155,261,VERY_HEAVY_A_GE_180,7339.771,7338.4830449782,-1.287955021799462,1.287955021799462,7338.5,7336.4887333333345,2.011266666665506,50.0,0.9915699782225356,0.008430021777464462,PREDICT,
Sg-262,106,156,262,VERY_HEAVY_A_GE_180,7341.1736,7341.368941426536,0.19534142653628805,0.19534142653628805,7341.375466666666,7337.4373,3.9381666666668025,50.0,0.9983430766945874,0.0016569233054126067,PREDICT,
Sg-263,106,157,263,VERY_HEAVY_A_GE_180,7337.0,7337.34078373643,0.3407837364302395,0.3407837364302395,7337.347333333333,7333.394466666667,3.952866666666523,50.0,0.9983430766945874,0.0016569233054126067,PREDICT,
Sg-264,106,158,264,VERY_HEAVY_A_GE_180,7338.0,7337.349568587146,-0.6504314128542319,0.6504314128542319,7337.355199999999,7333.956483333333,3.3987166666656776,50.0,0.9983430766945874,0.0016569233054126067,PREDICT,
Sg-265,106,159,265,VERY_HEAVY_A_GE_180,7333.0,7333.032304195859,0.032304195859069296,0.032304195859069296,7333.038166666667,7329.5,3.5381666666671663,50.0,0.9983430766945874,0.0016569233054126067,PREDICT,
Sg-266,106,160,266,VERY_HEAVY_A_GE_180,7332.0,7333.463658452107,1.4636584521067562,1.4636584521067562,7333.471066666667,7329.0,4.471066666666957,50.0,0.9983430766945874,0.0016569233054126067,PREDICT,
Sg-267,106,161,267,VERY_HEAVY_A_GE_180,7327.0,7326.995029230084,-0.00497076991632639,0.00497076991632639,7326.999999999999,7323.999999999999,3.0,50.0,0.9983430766945874,0.0016569233054126067,PREDICT,
Sg-268,106,162,268,VERY_HEAVY_A_GE_180,7326.0,7324.164733589478,-1.8352664105223084,1.8352664105223084,7324.166666666667,7323.0,1.1666666666669698,50.0,0.9983430766945874,0.0016569233054126067,PREDICT,
Sg-269,106,163,269,VERY_HEAVY_A_GE_180,7318.0,7317.161972050634,-0.8380279493658236,0.8380279493658236,7317.166666666666,7314.333333333333,2.83333333333303,50.0,0.9983430766945874,0.0016569233054126067,PREDICT,
Sg-270,106,164,270,VERY_HEAVY_A_GE_180,7314.0,7313.471899927409,-0.5281000725908598,0.5281000725908598,7313.5,7310.166666666666,3.3333333333339397,50.0,0.9915699782225356,0.008430021777464462,PREDICT,
Sg-271,106,165,271,VERY_HEAVY_A_GE_180,7305.0,7304.95253218244,-0.04746781755966367,0.04746781755966367,7305.0,7302.0,3.0,50.0,0.9841773941464363,0.0158226058535637,PREDICT,
Sg-272,106,166,272,VERY_HEAVY_A_GE_180,7301.0,7302.0,1.0,1.0,7302.0,7296.0,6.0,,1.0,0.0,PREDICT,
Sg-273,106,167,273,VERY_HEAVY_A_GE_180,7292.0,7292.0,0.0,0.0,7292.0,7288.0,4.0,,1.0,0.0,PREDICT,
Bh-260,107,153,260,VERY_HEAVY_A_GE_180,7314.0,7316.466200000001,2.466200000000754,2.466200000000754,7316.466200000001,7320.5197,4.053499999999076,,1.0,0.0,PREDICT,
Bh-261,107,154,261,VERY_HEAVY_A_GE_180,7317.3313,7320.0,2.6687000000001717,2.6687000000001717,7320.0,7324.763799999999,4.76379999999881,,1.0,0.0,PREDICT,
Bh-262,107,155,262,VERY_HEAVY_A_GE_180,7315.7331,7314.54565612919,-1.187443870810057,1.187443870810057,7314.5,7317.3855,2.88550000000032,50.0,0.9841773941464363,0.0158226058535637,PREDICT,
Bh-263,107,156,263,VERY_HEAVY_A_GE_180,7318.0,7316.706683552503,-1.2933164474970908,1.2933164474970908,7316.66565,7321.5332,4.867549999999937,50.0,0.9915699782225356,0.008430021777464462,PREDICT,
Bh-264,107,157,264,VERY_HEAVY_A_GE_180,7315.0,7315.327119564749,0.3271195647494096,0.3271195647494096,7315.3220666666675,7318.371633333332,3.0495666666647594,50.0,0.9983430766945874,0.0016569233054126067,PREDICT,
Bh-265,107,158,265,VERY_HEAVY_A_GE_180,7316.0,7316.284295803134,0.28429580313422775,0.28429580313422775,7316.278116666666,7320.007399999999,3.729283333332205,50.0,0.9983430766945874,0.0016569233054126067,PREDICT,
Bh-266,107,159,266,VERY_HEAVY_A_GE_180,7313.0,7313.215494756675,0.21549475667507068,0.21549475667507068,7313.211149999999,7315.833333333334,2.6221833333347604,50.0,0.9983430766945874,0.0016569233054126067,PREDICT,
Bh-267,107,160,267,VERY_HEAVY_A_GE_180,7313.0,7314.003590000496,1.003590000495933,1.003590000495933,7314.0,7316.166666666666,2.1666666666660603,50.0,0.9983430766945874,0.0016569233054126067,PREDICT,
Bh-268,107,161,268,VERY_HEAVY_A_GE_180,7309.0,7308.506351539338,-0.4936484606623708,0.4936484606623708,7308.5,7312.333333333332,3.8333333333321207,50.0,0.9983430766945874,0.0016569233054126067,PREDICT,
Bh-269,107,162,269,VERY_HEAVY_A_GE_180,7309.0,7307.008836924296,-1.9911630757042076,1.9911630757042076,7307.0,7312.333333333332,5.333333333332121,50.0,0.9983430766945874,0.0016569233054126067,PREDICT,
Bh-270,107,163,270,VERY_HEAVY_A_GE_180,7301.0,7300.839961026555,-0.16003897344489815,0.16003897344489815,7300.833333333333,7304.833333333332,3.9999999999990905,50.0,0.9983430766945874,0.0016569233054126067,PREDICT,
Bh-271,107,164,271,VERY_HEAVY_A_GE_180,7298.0,7299.004970769916,1.0049707699163264,1.0049707699163264,7299.0,7301.999999999999,2.9999999999990905,50.0,0.9983430766945874,0.0016569233054126067,PREDICT,
Bh-272,107,165,272,VERY_HEAVY_A_GE_180,7290.0,7290.339132564901,0.33913256490086496,0.33913256490086496,7290.333333333332,7293.833333333333,3.5000000000009095,50.0,0.9983430766945874,0.0016569233054126067,PREDICT,
Bh-273,107,166,273,VERY_HEAVY_A_GE_180,7286.0,7285.8416764771,-0.15832352289999108,0.15832352289999108,7285.833333333334,7288.5,2.6666666666660603,50.0,0.9968713210874217,0.003128678912578245,PREDICT,
Bh-274,107,167,274,VERY_HEAVY_A_GE_180,7278.0,7278.006257357824,0.006257357824324572,0.006257357824324572,7277.999999999999,7280.0,2.0000000000009095,50.0,0.9968713210874217,0.003128678912578245,PREDICT,
Bh-275,107,168,275,VERY_HEAVY_A_GE_180,7273.0,7273.0,0.0,0.0,7273.0,7283.0,10.0,,1.0,0.0,PREDICT,
Bh-276,107,169,276,VERY_HEAVY_A_GE_180,7265.0,7264.5,-0.5,0.5,7264.5,7272.0,7.5,,1.0,0.0,PREDICT,
Bh-277,107,170,277,VERY_HEAVY_A_GE_180,7260.0,7260.0,0.0,0.0,7260.0,7267.0,7.0,,1.0,0.0,PREDICT,
Bh-278,107,171,278,VERY_HEAVY_A_GE_180,7251.0,7252.0,1.0,1.0,7252.0,7257.0,5.0,,1.0,0.0,PREDICT,
Hs-263,108,155,263,VERY_HEAVY_A_GE_180,7295.0,7297.4948,2.494800000000396,2.494800000000396,7297.4948,7291.695200000001,5.799599999999373,,1.0,0.0,PREDICT,
Hs-264,108,156,264,VERY_HEAVY_A_GE_180,7298.3762,7299.436203054181,1.0600030541809247,1.0600030541809247,7299.522199999999,7295.0,4.52219999999943,50.0,0.9809833829066755,0.019016617093324504,PREDICT,
Hs-265,108,157,265,VERY_HEAVY_A_GE_180,7296.2474,7294.983195032587,-1.2642049674132068,1.2642049674132068,7295.0,7293.006533333332,1.9934666666677003,50.0,0.9915699782225356,0.008430021777464462,PREDICT,
Hs-266,108,158,266,VERY_HEAVY_A_GE_180,7298.2611,7297.6598192439415,-0.6012807560582587,0.6012807560582587,7297.688099999999,7294.333333333334,3.354766666665455,50.0,0.9915699782225356,0.008430021777464462,PREDICT,
Hs-267,108,159,267,VERY_HEAVY_A_GE_180,7295.0,7296.324656193427,1.3246561934265628,1.3246561934265628,7296.3315999999995,7292.140816666666,4.1907833333334565,50.0,0.9983430766945874,0.0016569233054126067,PREDICT,
Hs-268,108,160,268,VERY_HEAVY_A_GE_180,7297.0,7298.10406747766,1.1040674776595552,1.1040674776595552,7298.111366666666,7293.706099999999,4.405266666666648,50.0,0.9983430766945874,0.0016569233054126067,PREDICT,
Hs-269,108,161,269,VERY_HEAVY_A_GE_180,7294.0,7292.787749858324,-1.2122501416761224,1.2122501416761224,7292.792100000001,7290.166666666667,2.6254333333336035,50.0,0.9983430766945874,0.0016569233054126067,PREDICT,
Hs-270,108,162,270,VERY_HEAVY_A_GE_180,7295.0,7292.953517744387,-2.0464822556132276,2.0464822556132276,7292.956483333333,7291.166666666666,1.7898166666673205,50.0,0.9983430766945874,0.0016569233054126067,PREDICT,
Hs-271,108,163,271,VERY_HEAVY_A_GE_180,7288.0,7288.159762819561,0.15976281956136518,0.15976281956136518,7288.166666666666,7284.0,4.16666666666606,50.0,0.9983430766945874,0.0016569233054126067,PREDICT,
Hs-272,108,164,272,VERY_HEAVY_A_GE_180,7286.0,7286.990886921821,0.9908869218206746,0.9908869218206746,7287.0,7281.5,5.5,50.0,0.9983430766945874,0.0016569233054126067,PREDICT,
Hs-273,108,165,273,VERY_HEAVY_A_GE_180,7279.0,7278.99281999901,-0.0071800009900471196,0.0071800009900471196,7279.0,7274.666666666666,4.33333333333394,50.0,0.9983430766945874,0.0016569233054126067,PREDICT,
Hs-274,108,166,274,VERY_HEAVY_A_GE_180,7276.0,7276.158658204024,0.15865820402359532,0.15865820402359532,7276.166666666666,7271.333333333332,4.83333333333394,50.0,0.9983430766945874,0.0016569233054126067,PREDICT,
Hs-275,108,167,275,VERY_HEAVY_A_GE_180,7268.0,7268.159486665677,0.1594866656769227,0.1594866656769227,7268.166666666667,7263.833333333332,4.333333333334849,50.0,0.9983430766945874,0.0016569233054126067,PREDICT,
Hs-276,108,168,276,VERY_HEAVY_A_GE_180,7265.0,7264.485920944891,-0.5140790551085956,0.5140790551085956,7264.499999999999,7260.0,4.4999999999990905,50.0,0.9968713210874217,0.003128678912578245,PREDICT,
Hs-277,108,169,277,VERY_HEAVY_A_GE_180,7256.0,7255.452532182439,-0.5474678175605732,0.5474678175605732,7255.5,7252.5,3.0,50.0,0.9841773941464363,0.0158226058535637,PREDICT,
Hs-278,108,170,278,VERY_HEAVY_A_GE_180,7252.0,7251.9446208795125,-0.055379120487486944,0.055379120487486944,7252.0,7248.5,3.5,50.0,0.9841773941464363,0.0158226058535637,PREDICT,
Hs-279,108,171,279,VERY_HEAVY_A_GE_180,7243.0,7243.8660369129,0.8660369129001992,0.8660369129001992,7244.0,7240.0,4.0,50.0,0.9665092282253679,0.033490771774632014,PREDICT,
Hs-280,108,172,280,VERY_HEAVY_A_GE_180,7239.0,7239.0,0.0,0.0,7239.0,7233.0,6.0,,1.0,0.0,PREDICT,
Mt-265,109,156,265,VERY_HEAVY_A_GE_180,7272.0,7272.0,0.0,0.0,7272.0,7278.752399999999,6.7523999999993976,,1.0,0.0,PREDICT,
Mt-266,109,157,266,VERY_HEAVY_A_GE_180,7270.7598,7271.021368972628,0.26156897262808343,0.26156897262808343,7271.0,7272.1237,1.123700000000099,50.0,0.9809833829066755,0.019016617093324504,PREDICT,
Mt-267,109,158,267,VERY_HEAVY_A_GE_180,7273.0,7273.033710852901,0.03371085290109477,0.03371085290109477,7273.0,7275.13055,2.1305499999998574,50.0,0.9841773941464363,0.0158226058535637,PREDICT,
Mt-268,109,159,268,VERY_HEAVY_A_GE_180,7271.0,7270.906761246828,-0.09323875317204511,0.09323875317204511,7270.8799,7272.57755,1.697650000000067,50.0,0.9841773941464363,0.0158226058535637,PREDICT,
Mt-269,109,160,269,VERY_HEAVY_A_GE_180,7274.0,7274.502758556196,0.5027585561956585,0.5027585561956585,7274.499999999999,7275.3817,0.8817000000008193,50.0,0.9968713210874217,0.003128678912578245,PREDICT,
Mt-270,109,161,270,VERY_HEAVY_A_GE_180,7271.0,7270.380480335494,-0.6195196645057877,0.6195196645057877,7270.373366666667,7274.666666666666,4.293299999999363,50.0,0.9983430766945874,0.0016569233054126067,PREDICT,
Mt-271,109,162,271,VERY_HEAVY_A_GE_180,7273.0,7271.009665385948,-1.9903346140517897,1.9903346140517897,7271.0,7276.833333333334,5.83333333333394,50.0,0.9983430766945874,0.0016569233054126067,PREDICT,
Mt-272,109,163,272,VERY_HEAVY_A_GE_180,7267.0,7266.5069038471065,-0.49309615289348585,0.49309615289348585,7266.5,7270.666666666667,4.16666666666697,50.0,0.9983430766945874,0.0016569233054126067,PREDICT,
Mt-273,109,164,273,VERY_HEAVY_A_GE_180,7265.0,7266.504418462148,1.504418462148351,1.504418462148351,7266.5,7269.166666666667,2.66666666666697,50.0,0.9983430766945874,0.0016569233054126067,PREDICT,
Mt-274,109,165,274,VERY_HEAVY_A_GE_180,7259.0,7259.504970769916,0.5049707699163264,0.5049707699163264,7259.5,7262.499999999999,2.9999999999990905,50.0,0.9983430766945874,0.0016569233054126067,PREDICT,
Mt-275,109,166,275,VERY_HEAVY_A_GE_180,7257.0,7256.341617949861,-0.6583820501391529,0.6583820501391529,7256.333333333333,7261.333333333332,4.9999999999990905,50.0,0.9983430766945874,0.0016569233054126067,PREDICT,
Mt-276,109,167,276,VERY_HEAVY_A_GE_180,7250.0,7250.006627693222,0.006627693222071684,0.006627693222071684,7250.0,7254.0,4.0,50.0,0.9983430766945874,0.0016569233054126067,PREDICT,
Mt-277,109,168,277,VERY_HEAVY_A_GE_180,7247.0,7247.674675129309,0.6746751293094349,0.6746751293094349,7247.666666666666,7252.499999999999,4.83333333333303,50.0,0.9983430766945874,0.0016569233054126067,PREDICT,
Mt-278,109,169,278,VERY_HEAVY_A_GE_180,7240.0,7239.839961026554,-0.16003897344580764,0.16003897344580764,7239.833333333333,7243.833333333333,4.0,50.0,0.9983430766945874,0.0016569233054126067,PREDICT,
Mt-279,109,170,279,VERY_HEAVY_A_GE_180,7237.0,7236.043555112517,-0.9564448874825757,0.9564448874825757,7236.0,7241.166666666666,5.16666666666606,50.0,0.9915699782225356,0.008430021777464462,PREDICT,
Mt-280,109,171,280,VERY_HEAVY_A_GE_180,7229.0,7229.03231508348,0.03231508348017087,0.03231508348017087,7229.0,7232.833333333334,3.8333333333339397,50.0,0.9915699782225356,0.008430021777464462,PREDICT,
Mt-281,109,172,281,VERY_HEAVY_A_GE_180,7225.0,7227.033490771773,2.0334907717733586,2.0334907717733586,7227.0,7228.0,1.0,50.0,0.9665092282253679,0.033490771774632014,PREDICT,
Mt-282,109,173,282,VERY_HEAVY_A_GE_180,7218.0,7218.0,0.0,0.0,7218.0,7225.0,7.0,,1.0,0.0,PREDICT,
Ds-267,110,157,267,VERY_HEAVY_A_GE_180,7248.0,7248.3102,0.3101999999998952,0.3101999999998952,7248.3102,7245.272199999999,3.0380000000004657,,1.0,0.0,PREDICT,
Ds-268,110,158,268,VERY_HEAVY_A_GE_180,7252.0,7252.5268,0.5267999999996391,0.5267999999996391,7252.5268,7247.7389,4.787899999999354,,1.0,0.0,PREDICT,
Ds-269,110,159,269,VERY_HEAVY_A_GE_180,7250.1551,7250.0,-0.1550999999999476,0.1550999999999476,7250.0,7247.0,3.0,,1.0,0.0,PREDICT,
Ds-270,110,160,270,VERY_HEAVY_A_GE_180,7253.7634,7253.5,-0.26339999999981956,0.26339999999981956,7253.5,7251.0,2.5,,1.0,0.0,PREDICT,
Ds-271,110,161,271,VERY_HEAVY_A_GE_180,7252.0,7251.595254797318,-0.4047452026816245,0.4047452026816245,7251.6034,7249.0,2.603399999999965,50.0,0.9968713210874217,0.003128678912578245,PREDICT,
Ds-272,110,162,272,VERY_HEAVY_A_GE_180,7255.0,7252.67192192507,-2.3280780749300902,2.3280780749300902,7252.6756,7251.5,1.1755999999995765,50.0,0.9968713210874217,0.003128678912578245,PREDICT,
Ds-273,110,163,273,VERY_HEAVY_A_GE_180,7250.0,7248.801828298342,-1.1981717016578841,1.1981717016578841,7248.807483333332,7247.0,1.8074833333321294,50.0,0.9968713210874217,0.003128678912578245,PREDICT,
Ds-274,110,164,274,VERY_HEAVY_A_GE_180,7249.0,7250.364692866014,1.3646928660136837,1.3646928660136837,7250.3727666666655,7245.499999999999,4.872766666666394,50.0,0.9983430766945874,0.0016569233054126067,PREDICT,
Ds-275,110,165,275,VERY_HEAVY_A_GE_180,7243.0,7244.493648460663,1.4936484606632803,1.4936484606632803,7244.5,7240.666666666666,3.8333333333339397,50.0,0.9983430766945874,0.0016569233054126067,PREDICT,
Ds-276,110,166,276,VERY_HEAVY_A_GE_180,7243.0,7242.993372306779,-0.00662769322116219,0.00662769322116219,7243.0,7239.0,4.0,50.0,0.9983430766945874,0.0016569233054126067,PREDICT,
Ds-277,110,167,277,VERY_HEAVY_A_GE_180,7237.0,7236.3289148711865,-0.6710851288135018,0.6710851288135018,7236.333333333334,7233.666666666666,2.6666666666678793,50.0,0.9983430766945874,0.0016569233054126067,PREDICT,
Ds-278,110,168,278,VERY_HEAVY_A_GE_180,7236.0,7235.658658204024,-0.3413417959764047,0.3413417959764047,7235.666666666666,7230.833333333334,4.833333333332121,50.0,0.9983430766945874,0.0016569233054126067,PREDICT,
Ds-279,110,169,279,VERY_HEAVY_A_GE_180,7229.0,7229.161143588983,0.161143588982668,0.161143588982668,7229.166666666667,7225.833333333333,3.3333333333339397,50.0,0.9983430766945874,0.0016569233054126067,PREDICT,
Ds-280,110,170,280,VERY_HEAVY_A_GE_180,7227.0,7226.9925438451255,-0.0074561548744895845,0.0074561548744895845,7226.999999999999,7222.5,4.4999999999990905,50.0,0.9983430766945874,0.0016569233054126067,PREDICT,
Ds-281,110,171,281,VERY_HEAVY_A_GE_180,7220.0,7219.471899927408,-0.5281000725917693,0.5281000725917693,7219.5,7216.166666666667,3.33333333333303,50.0,0.9915699782225356,0.008430021777464462,PREDICT,
Ds-282,110,172,282,VERY_HEAVY_A_GE_180,7217.0,7216.960659898372,-0.03934010162811319,0.03934010162811319,7217.0,7212.333333333332,4.666666666667879,50.0,0.9915699782225356,0.008430021777464462,PREDICT,
Ds-283,110,173,283,VERY_HEAVY_A_GE_180,7210.0,7210.8492915270135,0.84929152701352,0.84929152701352,7211.0,7206.5,4.5,50.0,0.9665092282253679,0.033490771774632014,PREDICT,
Ds-284,110,174,284,VERY_HEAVY_A_GE_180,7207.0,7207.0,0.0,0.0,7207.0,7201.0,6.0,,1.0,0.0,PREDICT,
Rg-272,111,161,272,VERY_HEAVY_A_GE_180,7227.0,7231.0,4.0,4.0,7231.0,7233.0,2.0,,1.0,0.0,PREDICT,
Rg-273,111,162,273,VERY_HEAVY_A_GE_180,7230.0,7232.0,2.0,2.0,7232.0,7237.0,5.0,,1.0,0.0,PREDICT,
Rg-274,111,163,274,VERY_HEAVY_A_GE_180,7227.0,7225.0,-2.0,2.0,7225.0,7233.0,8.0,,1.0,0.0,PREDICT,
Rg-275,111,164,275,VERY_HEAVY_A_GE_180,7227.0,7226.0474678175615,-0.9525321824385173,0.9525321824385173,7226.0,7229.0,3.0,50.0,0.9841773941464363,0.0158226058535637,PREDICT,
Rg-276,111,165,276,VERY_HEAVY_A_GE_180,7223.0,7223.503037692727,0.5030376927270481,0.5030376927270481,7223.5,7225.333333333334,1.8333333333339397,50.0,0.9983430766945874,0.0016569233054126067,PREDICT,
Rg-277,111,166,277,VERY_HEAVY_A_GE_180,7222.0,7222.173018206004,0.17301820600368956,0.17301820600368956,7222.166666666666,7226.0,3.8333333333339397,50.0,0.9983430766945874,0.0016569233054126067,PREDICT,
Rg-278,111,167,278,VERY_HEAVY_A_GE_180,7218.0,7218.171361282699,0.17136128269885376,0.17136128269885376,7218.166666666666,7221.0,2.8333333333339397,50.0,0.9983430766945874,0.0016569233054126067,PREDICT,
Rg-279,111,168,279,VERY_HEAVY_A_GE_180,7216.0,7216.007732308759,0.007732308758932049,0.007732308758932049,7216.0,7220.666666666666,4.66666666666606,50.0,0.9983430766945874,0.0016569233054126067,PREDICT,
Rg-280,111,169,280,VERY_HEAVY_A_GE_180,7212.0,7211.671361282698,-0.32863871730205574,0.32863871730205574,7211.666666666666,7214.499999999999,2.83333333333303,50.0,0.9983430766945874,0.0016569233054126067,PREDICT,
Rg-281,111,170,281,VERY_HEAVY_A_GE_180,7209.0,7209.007732308758,0.007732308758022555,0.007732308758022555,7208.999999999999,7213.666666666667,4.666666666667879,50.0,0.9983430766945874,0.0016569233054126067,PREDICT,
Rg-282,111,171,282,VERY_HEAVY_A_GE_180,7204.0,7204.172465898236,0.17246589823571412,0.17246589823571412,7204.166666666666,7207.666666666667,3.5000000000009095,50.0,0.9983430766945874,0.0016569233054126067,PREDICT,
Rg-283,111,172,283,VERY_HEAVY_A_GE_180,7201.0,7200.544960116147,-0.45503988385280536,0.45503988385280536,7200.5,7205.833333333332,5.333333333332121,50.0,0.9915699782225356,0.008430021777464462,PREDICT,
Rg-284,111,173,284,VERY_HEAVY_A_GE_180,7195.0,7194.537935097998,-0.4620649020016572,0.4620649020016572,7194.5,7199.0,4.5,50.0,0.9915699782225356,0.008430021777464462,PREDICT,
Rg-285,111,174,285,VERY_HEAVY_A_GE_180,7192.0,7193.0669815435485,1.0669815435485361,1.0669815435485361,7193.0,7195.0,2.0,50.0,0.9665092282253679,0.033490771774632014,PREDICT,
Rg-286,111,175,286,VERY_HEAVY_A_GE_180,7185.0,7186.0,1.0,1.0,7186.0,7192.0,6.0,,1.0,0.0,PREDICT,
Cn-276,112,164,276,VERY_HEAVY_A_GE_180,7209.0,7210.0,1.0,1.0,7210.0,7205.0,5.0,,1.0,0.0,PREDICT,
Cn-277,112,165,277,VERY_HEAVY_A_GE_180,7205.0,7206.904916914534,1.9049169145337146,1.9049169145337146,7207.0,7202.0,5.0,50.0,0.9809833829066755,0.019016617093324504,PREDICT,
Cn-278,112,166,278,VERY_HEAVY_A_GE_180,7206.0,7205.452532182439,-0.5474678175605732,0.5474678175605732,7205.5,7202.5,3.0,50.0,0.9841773941464363,0.0158226058535637,PREDICT,
Cn-279,112,167,279,VERY_HEAVY_A_GE_180,7202.0,7200.968354788292,-1.031645211707655,1.031645211707655,7201.0,7199.0,2.0,50.0,0.9841773941464363,0.0158226058535637,PREDICT,
Cn-280,112,168,280,VERY_HEAVY_A_GE_180,7202.0,7201.989049623806,-0.010950376194159617,0.010950376194159617,7202.0,7198.5,3.5,50.0,0.9968713210874217,0.003128678912578245,PREDICT,
Cn-281,112,169,281,VERY_HEAVY_A_GE_180,7197.0,7197.656759183444,0.6567591834436826,0.6567591834436826,7197.666666666667,7194.5,3.16666666666697,50.0,0.9968713210874217,0.003128678912578245,PREDICT,
Cn-282,112,170,282,VERY_HEAVY_A_GE_180,7197.0,7197.158658204024,0.15865820402359532,0.15865820402359532,7197.166666666666,7192.333333333333,4.83333333333303,50.0,0.9983430766945874,0.0016569233054126067,PREDICT,
Cn-283,112,171,283,VERY_HEAVY_A_GE_180,7192.0,7191.660867435098,-0.33913256490177446,0.33913256490177446,7191.666666666667,7188.166666666666,3.5000000000009095,50.0,0.9983430766945874,0.0016569233054126067,PREDICT,
Cn-284,112,172,284,VERY_HEAVY_A_GE_180,7191.0,7190.658934357907,-0.3410656420928717,0.3410656420928717,7190.666666666666,7186.0,4.66666666666606,50.0,0.9983430766945874,0.0016569233054126067,PREDICT,
Cn-285,112,173,285,VERY_HEAVY_A_GE_180,7185.0,7183.9761149382975,-1.0238850617024582,1.0238850617024582,7184.0,7181.166666666666,2.8333333333339397,50.0,0.9915699782225356,0.008430021777464462,PREDICT,
Cn-286,112,174,286,VERY_HEAVY_A_GE_180,7183.0,7182.46627991289,-0.5337200871099412,0.5337200871099412,7182.5,7178.5,4.0,50.0,0.9915699782225356,0.008430021777464462,PREDICT,
Cn-287,112,175,287,VERY_HEAVY_A_GE_180,7176.0,7177.815800755239,1.8158007552392519,1.8158007552392519,7178.0,7172.5,5.5,50.0,0.9665092282253679,0.033490771774632014,PREDICT,
Cn-288,112,176,288,VERY_HEAVY_A_GE_180,7174.0,7175.0,1.0,1.0,7175.0,7169.0,6.0,,1.0,0.0,PREDICT,
Nh-278,113,165,278,VERY_HEAVY_A_GE_180,7181.0,7183.0,2.0,2.0,7183.0,7187.0,4.0,,1.0,0.0,PREDICT,
Nh-279,113,166,279,VERY_HEAVY_A_GE_180,7183.0,7185.0,2.0,2.0,7185.0,7190.0,5.0,,1.0,0.0,PREDICT,
Nh-280,113,167,280,VERY_HEAVY_A_GE_180,7180.0,7179.0,-1.0,1.0,7179.0,7186.0,7.0,,1.0,0.0,PREDICT,
Nh-281,113,168,281,VERY_HEAVY_A_GE_180,7181.0,7180.0,-1.0,1.0,7180.0,7188.0,8.0,,1.0,0.0,PREDICT,
Nh-282,113,169,282,VERY_HEAVY_A_GE_180,7177.0,7177.166666666666,0.16666666666606034,0.16666666666606034,7177.166666666666,7182.0,4.83333333333394,,1.0,0.0,PREDICT,
Nh-283,113,170,283,VERY_HEAVY_A_GE_180,7177.0,7177.1755312569185,0.17553125691847526,0.17553125691847526,7177.166666666666,7180.0,2.8333333333339397,50.0,0.9968713210874217,0.003128678912578245,PREDICT,
Nh-284,113,171,284,VERY_HEAVY_A_GE_180,7173.0,7173.340112137643,0.3401121376427909,0.3401121376427909,7173.333333333332,7175.5,2.1666666666678793,50.0,0.9968713210874217,0.003128678912578245,PREDICT,
Nh-285,113,172,285,VERY_HEAVY_A_GE_180,7172.0,7172.1741228215415,0.17412282154145942,0.17412282154145942,7172.166666666667,7176.666666666666,4.4999999999990905,50.0,0.9983430766945874,0.0016569233054126067,PREDICT,
Nh-286,113,173,286,VERY_HEAVY_A_GE_180,7168.0,7167.174122821541,-0.8258771784594501,0.8258771784594501,7167.166666666666,7171.666666666667,4.5000000000009095,50.0,0.9983430766945874,0.0016569233054126067,PREDICT,
Nh-287,113,174,287,VERY_HEAVY_A_GE_180,7166.0,7165.043555112517,-0.9564448874825757,0.9564448874825757,7165.0,7170.166666666667,5.16666666666697,50.0,0.9915699782225356,0.008430021777464462,PREDICT,
Nh-288,113,175,288,VERY_HEAVY_A_GE_180,7160.0,7160.03372008711,0.03372008710994123,0.03372008710994123,7160.0,7164.0,4.0,50.0,0.9915699782225356,0.008430021777464462,PREDICT,
Nh-289,113,176,289,VERY_HEAVY_A_GE_180,7158.0,7160.016745385887,2.0167453858866793,2.0167453858866793,7160.0,7160.5,0.5,50.0,0.9665092282253679,0.033490771774632014,PREDICT,
Nh-290,113,177,290,VERY_HEAVY_A_GE_180,7152.0,7152.0,0.0,0.0,7152.0,7158.0,6.0,,1.0,0.0,PREDICT,
Fl-284,114,170,284,VERY_HEAVY_A_GE_180,7163.0,7164.0,1.0,1.0,7164.0,7157.0,7.0,,1.0,0.0,PREDICT,
Fl-285,114,171,285,VERY_HEAVY_A_GE_180,7159.0,7161.0,2.0,2.0,7161.0,7154.0,7.0,,1.0,0.0,PREDICT,
Fl-286,114,172,286,VERY_HEAVY_A_GE_180,7159.0,7158.452532182439,-0.5474678175605732,0.5474678175605732,7158.5,7155.5,3.0,50.0,0.9841773941464363,0.0158226058535637,PREDICT,
Fl-287,114,173,287,VERY_HEAVY_A_GE_180,7155.0,7153.977519941927,-1.0224800580726878,1.0224800580726878,7154.0,7151.333333333332,2.6666666666678793,50.0,0.9915699782225356,0.008430021777464462,PREDICT,
Fl-288,114,174,288,VERY_HEAVY_A_GE_180,7154.0,7152.976114938297,-1.0238850617033677,1.0238850617033677,7153.0,7150.166666666667,2.83333333333303,50.0,0.9915699782225356,0.008430021777464462,PREDICT,
Fl-289,114,175,289,VERY_HEAVY_A_GE_180,7149.0,7147.977519941927,-1.0224800580726878,1.0224800580726878,7148.0,7145.333333333332,2.6666666666678793,50.0,0.9915699782225356,0.008430021777464462,PREDICT,
Fl-290,114,176,290,VERY_HEAVY_A_GE_180,7147.0,7148.892034467183,1.8920344671832936,1.8920344671832936,7149.0,7143.0,6.0,50.0,0.9820057445305268,0.017994255469473114,PREDICT,
Fl-291,114,177,291,VERY_HEAVY_A_GE_180,7141.0,7142.832546141126,1.8325461411259312,1.8325461411259312,7143.0,7138.0,5.0,50.0,0.9665092282253679,0.033490771774632014,PREDICT,
Mc-287,115,172,287,VERY_HEAVY_A_GE_180,7139.0,7141.0,2.0,2.0,7141.0,7146.0,5.0,,1.0,0.0,PREDICT,
Mc-288,115,173,288,VERY_HEAVY_A_GE_180,7135.0,7137.980983382907,2.980983382906743,2.980983382906743,7138.0,7137.0,1.0,50.0,0.9809833829066755,0.019016617093324504,PREDICT,
Mc-289,115,174,289,VERY_HEAVY_A_GE_180,7135.0,7134.039340101628,-0.9606598983718868,0.9606598983718868,7134.0,7138.666666666667,4.66666666666697,50.0,0.9915699782225356,0.008430021777464462,PREDICT,
Mc-290,115,175,290,VERY_HEAVY_A_GE_180,7131.0,7129.539340101628,-1.4606598983718868,1.4606598983718868,7129.5,7134.166666666667,4.66666666666697,50.0,0.9915699782225356,0.008430021777464462,PREDICT,
Mc-291,115,176,291,VERY_HEAVY_A_GE_180,7129.0,7131.038987553517,2.038987553516563,2.038987553516563,7131.0,7133.166666666666,2.1666666666660603,50.0,0.9820057445305268,0.017994255469473114,PREDICT,
Mc-292,115,177,292,VERY_HEAVY_A_GE_180,7124.0,7127.005998085156,3.0059980851556247,3.0059980851556247,7127.0,7127.333333333332,0.3333333333321207,50.0,0.9820057445305268,0.017994255469473114,PREDICT,
Lv-289,116,173,289,VERY_HEAVY_A_GE_180,7119.0,7121.0,2.0,2.0,7121.0,7115.0,6.0,,1.0,0.0,PREDICT,
Lv-290,116,174,290,VERY_HEAVY_A_GE_180,7120.0,7116.5,-3.5,3.5,,7116.5,,,0.0,1.0,PREDICT,
Lv-291,116,175,291,VERY_HEAVY_A_GE_180,7116.0,7114.981734952816,-1.0182650471842862,1.0182650471842862,7115.0,7112.833333333334,2.1666666666660603,50.0,0.9915699782225356,0.008430021777464462,PREDICT,
Lv-292,116,176,292,VERY_HEAVY_A_GE_180,7116.0,7111.666666666666,-4.33333333333394,4.33333333333394,,7111.666666666666,,,0.0,1.0,PREDICT,
Lv-293,116,177,293,VERY_HEAVY_A_GE_180,7111.0,7112.907029680074,1.9070296800737196,1.9070296800737196,7113.0,7107.833333333332,5.166666666667879,50.0,0.9820057445305268,0.017994255469473114,PREDICT,
Ts-292,117,175,292,VERY_HEAVY_A_GE_180,7095.0,7097.0,2.0,2.0,,7097.0,,,0.0,1.0,PREDICT,
Ts-293,117,176,293,VERY_HEAVY_A_GE_180,7095.0,7097.5,2.5,2.5,,7097.5,,,0.0,1.0,PREDICT,
Ts-294,117,177,294,VERY_HEAVY_A_GE_180,7092.0,7093.5,1.5,1.5,,7093.5,,,0.0,1.0,PREDICT,
