entity,z,n,a,fold,actual_binding_energy_per_A_keV,local_neighbour_prediction_keV_per_A,equal_axis_blend_prediction_keV_per_A,semf_5fold_prediction_keV_per_A,uam_v4_guarded_prediction_keV_per_A
n-1,0,1,1,3,0.0,1112.2831,-348.1142399999999,-9467.192206295687,
H-1,1,0,1,2,0.0,2827.2654,4318.171600000001,-9746.32463967092,
H-2,1,1,2,0,1112.2831,1431.04318,1882.7994600000002,941.782235863096,
H-3,1,2,3,3,2827.2654,2803.4249333333337,4774.93915,4069.08323871422,
He-3,2,1,3,2,2572.68044,2592.7253,4204.4514,3818.5408931911575,
Li-3,3,0,3,1,-2267.0,5266.1325,4925.8249,-5887.957186806908,
H-4,1,3,4,1,1720.4491,2528.685033333333,3364.44755,2200.3148010718432,
He-4,2,2,4,0,7073.9156,4323.9726,4939.608875,7317.245472638344,
Li-4,3,1,4,4,1153.7603,2641.0038799999998,3562.2615549999996,1929.0722904994104,
H-5,1,4,5,4,1336.3592,2881.928433333333,3017.1162000000004,2855.786580909523,
He-5,2,3,5,3,5512.1325,3437.129635,3437.129635,5917.313268700362,
Li-5,3,2,5,2,5266.1325,3725.1508750000003,4156.416916666667,5687.860367659297,
Be-5,4,1,5,1,18.0,2019.4363333333333,2311.9041250000005,2122.4773463378547,
H-6,1,5,6,2,961.6395,2921.7534499999997,2707.5091499999994,920.1328641343923,
He-6,2,4,6,1,4878.5199,4485.308975,4485.308975,6350.2890267041485,
Li-6,3,3,6,0,5332.3312,4299.288475,4669.794891666666,5981.528946060327,
Be-6,4,2,6,4,4487.2478,5295.757866666667,5907.2796499999995,6040.895787730078,
B-6,5,1,6,3,-467.0,2367.57755,920.7332000000001,236.4385636638018,
H-7,1,6,7,0,940.0,2630.4401000000003,1328.36325,1902.3348071330147,
He-7,2,5,7,4,4123.0578,3745.6306,3745.6306000000004,5219.364299948947,
Li-7,3,4,7,3,5606.4401,5561.214125,6624.801149999999,6692.757094279732,
Be-7,4,3,7,2,5371.5487,4132.5389,4149.199774999999,6480.404186352712,
B-7,5,2,7,1,3558.7055,4615.2811,4690.39815,4600.035705878605,
He-8,2,6,8,2,3924.521,3462.8556,3462.8556,4724.819125647964,
Li-8,3,5,8,1,5159.7124,5112.3523749999995,5784.6295666666665,6146.342288170349,5753.352872043798
Be-8,4,4,8,0,7062.4356,5712.09745,5791.509858333333,7539.479559168114,5849.324854676981
B-8,5,3,8,4,4717.1551,3929.263875,3990.344575000001,5810.152083903504,
C-8,6,2,8,3,3101.5242,4795.37405,3507.0519,4023.205357645394,4383.9406
He-9,2,7,9,0,3349.038,4327.2045,2922.0726499999996,4337.4102682822095,2733.9830999999995
Li-9,3,6,9,4,5037.7685,5045.99335,5341.1998416666665,6302.535971150273,
Be-9,4,5,9,3,6462.6693,5739.7212,6314.715766666666,7136.034962105585,
B-9,5,4,9,2,6257.0713,5895.228999999999,6072.69865,6937.253033316588,
C-9,6,3,9,1,4337.4233,5012.427933333333,5017.308558333332,5746.942418244851,
He-10,2,8,10,3,2995.134,4039.9513500000003,2780.2816,3779.5914949715116,2970.5221
Li-10,3,7,10,2,4531.3512,4563.222625,4563.222625,5410.858064186809,4574.203286570384
Be-10,4,6,10,1,6497.6306,6187.164675,6492.402008333333,7425.111258952856,
B-10,5,5,10,0,6475.0835,6121.8760999999995,6748.795841666665,7023.810032246546,6633.104332234781
C-10,6,4,10,4,6032.0426,5599.285599999999,5571.874141666666,7100.523668383465,5606.8719313557085
N-10,7,3,10,3,3643.6724,4556.656833333333,4307.267725,4723.794136813751,
Li-11,3,8,11,0,4155.3817,4315.313875,4315.313875,5629.616596723001,4320.65762021576
Be-11,4,7,11,4,5952.5402,5716.670024999999,5894.60945,6909.7698602404025,
B-11,5,6,11,3,6927.7323,6732.816475,7167.473533333334,7427.435713664822,6942.109490566443
C-11,6,5,11,2,6676.4563,6113.116575,6144.013291666666,7239.662571400767,6190.48187267108
N-11,7,4,11,1,5358.4023,6050.9605,6147.633341666668,6396.954243023248,
O-11,8,3,11,0,3162.4372,4727.718,3554.8786,4813.082264105974,4159.8357000000005
Li-12,3,9,12,3,3791.5999,4886.393550000001,4142.10835,4785.898005791388,3902.99
Be-12,4,8,12,2,5720.7223,5535.8322499999995,5559.178458333334,6714.694857935986,5758.326066002711
B-12,5,7,12,1,6631.2237,6499.7795750000005,6813.749883333332,7186.108598578032,6687.624525135871
C-12,6,6,12,0,7680.1446,6929.739525,7275.195391666666,7793.679277256645,7359.484332314073
N-12,7,5,12,4,6170.11,5901.876775,5962.537383333332,6859.590213222813,
O-12,8,4,12,3,4881.9755,5569.226866666667,5478.025275,6042.1033043909165,
Li-13,3,10,13,1,3507.6307,4574.639499999999,3690.3728499999993,4892.861320593965,3272.9948999999997
Be-13,4,9,13,0,5241.4359,5096.689,5096.689,6407.041868667398,5077.870959767684
B-13,5,8,13,4,6496.4194,6512.20455,6734.474316666667,7293.289001496356,6623.736503287066
C-13,6,7,13,3,7469.8495,6970.8661,7268.514699999999,7634.408260217584,7363.092288799009
N-13,7,6,13,2,7238.8634,6947.5713749999995,7056.507283333333,7455.782612041369,
O-13,8,5,13,1,5811.7636,5520.3619499999995,5512.873141666667,6812.132081894414,5551.499279797415
F-13,9,4,13,0,4297.0,5689.7176,4929.06985,5622.851555491483,5452.591
Be-14,4,10,14,3,4993.8973,4848.420475,4848.420475000001,6116.09746971835,4829.036046448051
B-14,5,9,14,2,6101.6451,6120.045675,6275.301641666667,6831.5720840397935,6188.72431349037
C-14,6,8,14,1,7520.3198,7199.519725,7419.767616666666,7845.205408734709,7645.508209978118
N-14,7,7,14,0,7475.6148,7119.362025,7469.35705,7493.759849754992,7260.841181004274
O-14,8,6,14,4,7052.2783,6648.62645,6646.376516666667,7531.232311107062,6688.381109114384
F-14,9,5,14,3,5285.2091,5881.5137,5818.3528750000005,6179.184028460279,5588.729541248404
Be-15,4,11,15,1,4540.9708,5374.394700000001,4493.5062,5816.736819096937,4530.3316
B-15,5,10,15,0,5880.0438,5920.50975,6023.91075,6915.515038341813,5909.38922395415
C-15,6,9,15,4,7100.1696,6875.8294750000005,7018.864691666666,7554.897094071561,7208.59565094156
N-15,7,8,15,3,7699.4603,7505.40495,7811.7319916666665,7788.63015557721,7641.960575827716
O-15,8,7,15,2,7463.6915,7000.539125,7264.1120833333325,7617.764333644302,7254.080913656197
F-15,9,6,15,1,6497.4597,6243.6961,6274.848375,7098.595547716689,6343.5109843425025
Ne-15,10,5,15,0,4868.7285,5962.8541000000005,5236.15485,6159.545341175269,5713.6551
Be-16,4,12,16,4,4285.2851,5131.782499999999,4190.1377999999995,5803.748173501929,4267.072299999999
B-16,5,11,16,3,5507.3535,5544.318175,5547.768099999999,6428.687401800028,5546.119524991437
C-16,6,10,16,2,6922.0546,6778.181275,6837.3604,7496.64328642675,7013.925513114202
N-16,7,9,16,1,7373.7971,7341.26905,7570.644975,7656.02203403134,7531.796354471915
O-16,8,8,16,0,7976.2072,7515.291275,7744.378058333334,7966.372727909729,7801.236772820913
F-16,9,7,16,4,6964.049,6755.2595,6790.789349999999,7344.3854102106625,6855.040784582683
Ne-16,10,6,16,3,6083.1777,6453.827566666667,6330.19335,6860.172039989947,6176.466132558491
B-17,5,12,17,1,5269.6677,5327.7739,5323.668275,6446.495947793283,5293.143032824084
C-17,6,11,17,0,6558.0262,6441.0899500000005,6483.843641666666,7268.227031350079,6614.188905515821
N-17,7,10,17,4,7286.2294,7334.2895499999995,7486.807541666666,7742.959317786126,7458.952456713277
O-17,8,9,17,3,7750.7291,7508.905525,7689.486449999999,7907.240434968631,7812.868318972186
F-17,9,8,17,2,7542.3284,7398.48595,7641.927925,7743.071056905717,7518.821048114498
Ne-17,10,7,17,1,6640.4991,6400.58455,6384.007541666666,7306.9486098095385,6416.092453276124
Na-17,11,6,17,0,5522.7653,6510.53205,5889.555200000001,6537.055200914533,6110.2147
B-18,5,13,18,4,4976.6306,5343.760133333333,5241.9397500000005,6150.687601529316,4956.5032
C-18,6,12,18,3,6426.1321,6275.425775,6300.963249999999,7129.4818474971125,6424.990474301188
N-18,7,11,18,2,7038.5627,7051.87255,7145.693558333334,7485.817417148671,7083.200126805026
O-18,8,10,18,1,7767.0981,7652.506625,7755.721641666667,8068.310313947503,7949.243312747167
F-18,9,9,18,0,7631.6383,7500.564075,7702.268399999999,7759.298580390321,7641.360360236775
Ne-18,10,8,18,4,7341.2577,7148.9084250000005,7130.240291666667,7767.335522633353,7144.26162819339
Na-18,11,7,18,3,6202.2176,6613.500366666667,6476.1711749999995,6867.141777565904,6377.631932492709
B-19,5,14,19,2,4719.6346,5127.8766,5012.476199999999,5810.44062799175,4711.0971
C-19,6,13,19,1,6118.274,5979.457125,5984.028508333333,6895.5976940987175,6118.482412617149
N-19,7,12,19,0,6948.5452,6972.487025,7051.308241666666,7523.62622412537,6946.793963689907
O-19,8,11,19,4,7566.4952,7474.7004,7536.524125000001,7883.24426914703,7649.092568007191
F-19,9,10,19,3,7779.0192,7769.990275,7929.021041666666,8000.45184025556,7838.939682649449
Ne-19,10,9,19,2,7567.3431,7385.58845,7540.805816666667,7842.1437304554875,7600.713294778596
Na-19,11,8,19,1,6937.8864,6839.401575,6858.56445,7464.260998284497,6900.01182660457
Mg-19,12,7,19,0,5901.4992,6653.62465,6036.4383,6814.431111258902,6308.940499999999
B-20,5,15,20,0,4405.6529,5325.3153,4707.6865,5787.127068557212,4445.907700000001
C-20,6,14,20,4,5961.4356,5793.9651,5793.965099999999,6863.78258797376,5777.708520996615
N-20,7,13,20,3,6709.1717,6731.186525,6819.771774999999,7231.386642180922,6739.212603201557
O-20,8,12,20,2,7568.5707,7454.702225,7479.395433333333,7893.362848437742,7579.592826592372
F-20,9,11,20,1,7720.1351,7698.535625,7816.226066666666,7917.060944707291,7768.736953430763
Ne-20,10,10,20,0,8032.2412,7741.575150000001,7863.236408333334,8082.619921953749,7931.174066812338
Na-20,11,9,20,4,7298.5028,7197.5637,7219.125075,7619.334481250311,7250.091334201228
Mg-20,12,8,20,3,6728.0252,6965.883633333334,6828.600008333333,7288.740660835601,6702.9096037982235
B-21,5,16,21,3,4152.5265,5070.3562,4387.5425000000005,5431.685565727792,4169.601500000001
C-21,6,15,21,2,5674.0,5494.865400000001,5494.865400000001,6368.590962405285,5481.978046036662
N-21,7,14,21,1,6609.0159,6627.881275,6733.740974999999,7227.088795258035,6645.336477356221
O-21,8,13,21,0,7389.3747,7265.861975,7308.477216666666,7714.589432101958,7401.566558286809
F-21,9,12,21,4,7738.2934,7762.60005,7855.243925000001,7990.702033632907,7791.45672463118
Ne-21,10,11,21,3,7971.7136,7789.599175,7890.472516666667,8074.791094357729,7932.603426157868
Na-21,11,10,21,2,7765.5581,7686.096425,7853.219408333334,7921.674251331436,7767.155271557307
Mg-21,12,9,21,1,7105.0317,6970.781225000001,6967.377866666666,7586.303049996478,6980.149606914627
Al-21,13,8,21,0,6297.0,6702.584233333334,6518.1655,7025.03434564986,6454.695606084679
C-22,6,16,22,0,5421.0778,5450.2114,5345.6692,6512.587527854147,5456.759871201359
N-22,7,15,22,4,6378.5347,6358.414325,6439.101791666666,6996.887705894834,6466.3623601132285
O-22,8,14,22,3,7364.8722,7209.9042,7261.594108333333,7662.4369518441,7356.000998527587
F-22,9,13,22,2,7624.2954,7632.0872500000005,7718.904008333333,7845.732755269791,7672.804389779692
Ne-22,10,12,22,1,8080.4656,7968.83835,8048.246991666666,8202.169948833673,8161.685850166325
Na-22,11,11,22,0,7915.6624,7808.706875,7946.931283333333,7925.3703886943795,7877.563727482497
Mg-22,12,10,22,4,7662.7645,7522.505275,7514.322899999999,7913.379473240828,7518.180539966141
Al-22,13,9,22,3,6782.0,7102.870766666667,7005.749949999999,7256.108104866498,6929.316889440982
Si-22,14,8,22,2,6044.0,6732.1164499999995,6137.86615,6746.577359103226,6409.7575
C-23,6,17,23,3,5077.0,5780.5,5137.9601,6026.080369282451,5229.726
N-23,7,16,23,2,6236.6721,6170.6948,6251.688991666666,6790.2157723145065,6278.884818749488
O-23,8,15,23,1,7163.4856,6989.824575000001,7047.658216666667,7478.400413358321,7115.644057284051
F-23,9,14,23,0,7622.3447,7608.199325,7696.840833333334,7860.879960472886,7611.506380480863
Ne-23,10,13,23,4,7955.2561,7874.82415,7941.379224999999,8074.595848290373,8021.777653050674
Na-23,11,12,23,3,8111.4936,8052.032975,8181.522041666667,8134.65648014579,8100.158410229502
Mg-23,12,11,23,2,7901.1229,7723.444375,7829.827816666666,7986.18356327091,7856.597853735931
Al-23,13,10,23,1,7335.7275,7287.0335,7309.570108333333,7682.887388181907,7338.664441916557
Si-23,14,9,23,0,6554.0,6809.036966666667,6654.689899999999,7189.012517957469,6567.668701588707
N-24,7,17,24,0,5887.0,6061.1134999999995,5975.1503,6713.618969342957,6028.645784501901
O-24,8,16,24,4,7039.6855,6858.83245,6917.646641666667,7448.876366482017,6978.645441666017
F-24,9,15,24,3,7463.5831,7427.457525,7509.132716666665,7683.761823453263,7418.394912467886
Ne-24,10,14,24,2,7993.3252,7889.0298,7925.4288333333325,8122.276554989387,7981.602585875624
Na-24,11,13,24,1,8063.4882,8024.65565,8126.888541666666,8077.138598796286,8098.569826786282
Mg-24,12,12,24,0,8260.7103,8032.31645,8125.950916666666,8161.386547339416,8162.264248719564
Al-24,13,11,24,4,7649.5806,7578.249775,7600.547391666666,7791.693095591802,7626.580174656694
Si-24,14,10,24,3,7167.2329,7024.60895,7019.772533333333,7544.702636382206,7026.619456111803
P-24,15,9,24,2,6165.0,6876.0,6407.2579000000005,6792.724301001105,6488.5158
N-25,7,18,25,3,5613.0,6367.07555,5989.81005,6484.545306205962,5864.328299999999
O-25,8,17,25,2,6727.8058,6579.433825,6610.420041666666,7115.907788422148,6598.082112696146
F-25,9,16,25,1,7336.3065,7323.40185,7399.873833333333,7672.9647416546595,7309.464468477961
Ne-25,10,15,25,0,7839.7994,7735.8639,7767.308616666665,7975.026438035936,7792.538969188329
Na-25,11,14,25,4,8101.3979,8098.90915,8181.744841666667,8140.973273716753,8140.062420946264
Mg-25,12,13,25,3,8223.5028,8094.5572250000005,8184.562841666668,8183.137743851623,8237.207900860109
Al-25,13,12,25,2,8021.1366,7963.17485,8082.7291583333335,8038.854593026101,8008.21095317096
Si-25,14,11,25,1,7480.1109,7381.4806499999995,7380.352124999999,7760.447096992792,7388.313075113162
P-25,15,10,25,0,6794.0,7117.7741,6958.529224999999,7319.199486136872,6904.54004349905
O-26,8,18,26,0,6497.479,6380.087925,6380.087925,7182.998218461334,6363.315336326868
F-26,9,17,26,4,7082.2497,7084.665175,7153.256916666666,7491.731609915382,7092.238656222419
Ne-26,10,16,26,3,7751.911,7668.731175,7689.380241666666,7974.849875282985,7732.794965141396
Na-26,11,15,26,2,8004.2013,7991.601125,8056.208924999999,8063.663277987371,8008.306744313413
Mg-26,12,14,26,1,8333.8711,8241.52865,8308.849933333333,8286.650901332563,8397.500102344873
Al-26,13,13,26,0,8149.7653,8076.830575,8184.600991666666,8034.547726630703,8135.291605637759
Si-26,14,12,26,4,7924.7083,7824.30085,7907.054775,8008.796787025151,7978.453255669086
P-26,15,11,26,3,7198.0,7128.148775,7145.109633333333,7498.770351103034,7166.155415880791
S-26,16,10,26,2,6525.0,7136.39555,6627.820600000001,7107.555076943048,6834.874100000001
O-27,8,19,27,3,6185.0,6677.33125,6189.386050000001,6844.870927247385,6292.126
F-27,9,18,27,2,6879.6662,6916.5408,6978.0129916666665,7372.066812675174,6918.099247433355
Ne-27,10,17,27,1,7520.4151,7472.0952,7495.319949999999,7826.101158564061,7540.593788338389
Na-27,11,16,27,0,7956.9467,7951.97855,8003.059516666667,8065.324059975361,7940.898315682251
Mg-27,12,15,27,4,8263.8525,8162.783175,8212.148650000001,8193.953766151248,8260.218013957838
Al-27,13,14,27,3,8331.5533,8287.804225,8390.915616666665,8222.479216317513,8323.393784308135
Si-27,14,13,27,2,8124.342,7996.499125,8080.150749999999,8082.003878737433,8115.113642252961
P-27,15,12,27,1,7661.0894,7612.18405,7633.297616666667,7823.382322534081,7654.693625698649
S-27,16,11,27,0,6960.0,7177.127533333333,7054.139375000001,7424.134622548349,6970.694081788016
O-28,8,20,28,1,5988.0,6470.7552,5904.401800000001,6845.051837877203,5955.272500000001
F-28,9,19,28,0,6626.8567,6659.82925,6659.82925,7275.641284349804,6661.86124948783
Ne-28,10,18,28,4,7388.3463,7337.065275,7348.067933333333,7802.4412847483,7410.0257651807515
Na-28,11,17,28,3,7799.2644,7785.02915,7827.811841666666,7960.998856607411,7792.254708294973
Mg-28,12,16,28,2,8272.4531,8173.426875,8203.142725,8263.567185757993,8245.669850410419
Al-28,13,15,28,1,8309.8969,8280.8397,8365.4835,8180.1292333404435,8318.295160590456
Si-28,14,14,28,0,8447.7445,8257.038325,8333.944341666665,8214.387517522566,8354.293054590986
P-28,15,13,28,4,7907.4842,7855.55775,7953.155716666666,7905.488124182031,7930.766510280879
S-28,16,12,28,3,7478.7911,7359.449375,7359.397800000001,7709.03347994898,7366.268958099365
Cl-28,17,11,28,2,6587.0,6902.723266666667,6744.966899999999,7113.785039337594,6683.987718508279
F-29,9,20,29,3,6444.0314,6478.299475,6478.299475,7132.4680041910615,6482.433392770212
Ne-29,10,19,29,2,7167.0673,7115.582625,7126.611166666666,7576.4938655846045,7173.674829965483
Na-29,11,18,29,1,7682.1522,7699.5989500000005,7741.422908333334,7948.194497057746,7707.158093530037
Mg-29,12,17,29,0,8113.5317,8048.3526,8077.916158333333,8137.467657150368,8110.188882507127
Al-29,13,16,29,4,8348.4647,8337.544825,8410.070749999999,8236.443722514328,8366.894714517506
Si-29,14,15,29,3,8448.6361,8311.509225,8383.110275,8254.356568528776,8413.172248494739
P-29,15,14,29,2,8251.2368,8178.177425,8278.522341666667,8117.364030190189,8213.90437183123
S-29,16,13,29,1,7746.3826,7655.363824999999,7655.639824999999,7874.810006158537,7662.355446274245
Cl-29,17,12,29,0,7129.0,7404.667066666666,7319.421833333334,7509.709933932454,7258.634065493328
Ar-29,18,11,29,4,6276.0,6919.5,6394.52205,7072.978252614016,6575.0441
F-30,9,21,30,1,6205.0,6719.9734499999995,6288.881299999999,6998.612453172678,6171.4637
Ne-30,10,20,30,0,7034.5317,6975.513875000001,6981.455825,7601.55586904802,7030.282585689923
Na-30,11,19,30,4,7501.9685,7513.85045,7550.313883333332,7802.770468069662,7532.037506801779
Mg-30,12,18,30,3,8054.425,7995.9911,8015.148275,8169.909329735138,8067.172712309593
Al-30,13,17,30,2,8261.1049,8245.516275,8304.563316666667,8202.651633406114,8273.582887415527
Si-30,14,16,30,1,8520.6549,8439.711475,8500.660516666667,8340.424210874773,8571.758010697718
P-30,15,15,30,0,8353.5064,8275.510475,8364.973275,8107.758467046211,8309.861791611273
S-30,16,14,30,4,8122.7081,8023.092025,8092.768366666666,8072.3413210927565,8127.854863090094
Cl-30,17,13,30,3,7472.1698,7414.4471,7428.688633333333,7658.970618548861,7447.824110690532
Ar-30,18,12,30,2,6866.0,7105.3363,7005.1727,7342.195600028473,6910.475342984017
F-31,9,22,31,4,6011.0,6557.5157,6130.2352,6977.354898406275,6008.3966
Ne-31,10,21,31,3,6813.0902,6756.9872,6756.9872,7364.953333165596,6751.401163887297
Na-31,11,20,31,2,7398.6778,7402.6128,7439.600791666666,7741.565224414237,7399.996090686081
Mg-31,12,19,31,1,7869.1886,7838.070825,7855.076666666666,8046.5039307167335,7894.3811376729345
Al-31,13,18,31,0,8225.518,8226.243975,8275.438875,8195.488485274333,8228.938224677882
Si-31,14,17,31,4,8458.2916,8383.730225,8436.217924999999,8270.555063897758,8487.855313055996
P-31,15,16,31,3,8481.1677,8444.707275,8529.563083333333,8280.049995062085,8494.16681193811
S-31,16,15,31,2,8281.8013,8167.4813,8233.688141666666,8146.2608348574595,8245.680008311083
Cl-31,17,14,31,1,7869.2101,7814.118175,7829.074858333333,7917.003925328,7850.764280032903
Ar-31,18,13,31,0,7252.0,7149.281425,7148.347025,7580.117484139719,7157.214228550459
K-31,19,12,31,4,6487.0,7129.0,6710.57955,7185.218542421711,6818.1591
Ne-32,10,22,32,1,6671.0,6605.614475,6605.614475,7346.471707878365,6598.69860241273
Na-32,11,21,32,0,7219.8815,7209.48365,7244.17695,7638.374338334972,7201.976979181058
Mg-32,12,20,32,4,7803.8411,7756.027975,7767.3230583333325,8028.515516165769,7814.371139088786
Al-32,13,19,32,3,8100.3449,8087.9259250000005,8126.937366666667,8139.510401767198,8093.957154038263
Si-32,14,18,32,2,8481.469,8399.286525,8432.533033333333,8353.368823305524,8476.012916588526
P-32,15,17,32,1,8464.1203,8439.4035,8512.918925,8247.428606969754,8499.346435148282
S-32,16,16,32,0,8493.1301,8373.032525,8433.001,8248.990016045203,8460.21562429279
Cl-32,17,15,32,4,8072.4058,8020.4744,8099.595983333334,7982.367635558396,8064.608720203246
Ar-32,18,14,32,3,7700.0089,7581.220625,7578.345791666667,7818.678211792727,7587.336817022138
K-32,19,13,32,2,6920.0,7193.0,7076.13835,7328.5564599400695,7017.718344305576
Ne-33,10,23,33,4,6436.0,6849.7639500000005,6437.877350000001,7210.845015081606,6459.1131
Na-33,11,22,33,3,7089.9262,7091.267425,7131.416858333334,7554.865077913172,7084.292133849172
Mg-33,12,21,33,2,7636.4382,7576.413625,7589.2766833333335,7876.114845163907,7620.392318931886
Al-33,13,20,33,1,8020.6172,8038.412325,8074.157424999999,8126.239179847302,8030.939938533417
Si-33,14,19,33,0,8361.0596,8294.096625,8324.747241666666,8242.316050964422,8350.190240337735
P-33,15,18,33,4,8513.8073,8498.096225,8558.745808333333,8297.861369876271,8533.271691867021
S-33,16,17,33,3,8497.6304,8420.685825,8478.241716666667,8300.556826048414,8510.217127174208
Cl-33,17,16,33,2,8304.7557,8270.0729,8347.906349999997,8169.728629266629,8311.84449828525
Ar-33,18,15,33,1,7928.9559,7830.466975,7893.877475,7951.664675389328,7917.7506802131775
K-33,19,14,33,0,7392.0,7331.46245,7346.112349999999,7638.419213189076,7369.250650492024
Ca-33,20,13,33,4,6657.0,7198.0,6768.271650000001,7278.279678389582,6948.5433
Ne-34,10,24,34,2,6287.0,6708.0,6276.52405,7010.019718753304,6307.4683
Na-34,11,23,34,1,6886.4377,6892.278825,6897.188241666667,7428.95000284855,6898.208923068249
Mg-34,12,22,34,0,7550.3919,7481.32795,7494.608524999999,7876.244302621641,7532.909746622404
Al-34,13,21,34,4,7860.3506,7882.465725,7913.383,8007.401540458643,7879.339170410792
Si-34,14,20,34,3,8337.1659,8265.213925,8287.558925,8295.842302584315,8324.937710499591
P-34,15,19,34,2,8448.1856,8417.725050000001,8463.378533333333,8293.301457572577,8432.93944967816
S-34,16,18,34,1,8583.4986,8525.651600000001,8569.796333333335,8373.591613906809,8614.535872506596
Cl-34,17,17,34,0,8398.9706,8354.857625,8424.477241666667,8156.631758607472,8401.278728265239
Ar-34,18,16,34,4,8197.6724,8122.628775,8181.064141666666,8114.2846525435325,8230.406253401208
K-34,19,15,34,3,7670.0,7616.7948,7630.673975,7768.0200690269385,7649.920916468342
Ca-34,20,14,34,2,7173.0,7345.2933,7250.8582,7501.337668559059,7183.207357596215
Na-35,11,24,35,4,6745.0,6756.0866,6759.273966666667,7403.753173027383,6753.142177158398
Mg-35,12,23,35,3,7356.2338,7300.3757000000005,7317.826608333333,7711.332497701298,7358.189975034108
Al-35,13,22,35,2,7787.1243,7803.71125,7834.6983083333325,7986.5938194455075,7789.617695109021
Si-35,14,21,35,1,8169.5644,8120.545674999999,8136.923783333334,8191.225548285981,8175.551150662263
P-35,15,20,35,0,8446.2496,8423.479825,8467.136716666668,8280.128117048751,8426.701790071511
S-35,16,19,35,4,8537.8511,8481.921125,8516.372225,8319.560638804081,8533.07594693899
Cl-35,17,18,35,3,8520.279,8494.611375,8558.042783333334,8316.667169372713,8524.667481899372
Ar-35,18,17,35,2,8327.4621,8249.3226,8306.122974999998,8188.587922705625,8333.40217581164
K-35,19,16,35,1,7965.8409,7936.350075,8008.984974999999,7980.0916894391785,7982.100768410955
Ca-35,20,15,35,0,7476.0,7374.114175,7372.534516666667,7686.902966921306,7380.7129547815175
Sc-35,21,14,35,4,6828.0,7349.0,6995.27125,7355.996311781988,7036.5425
Na-36,11,25,36,2,6557.0,6719.183066666667,6645.720925,7152.939866363301,6551.21885
Mg-36,12,24,36,1,7244.4202,7188.676975,7203.096733333332,7683.585610072014,7249.307778500788
Al-36,13,23,36,0,7623.5154,7634.8719249999995,7660.574441666667,7882.292452458794,7622.837549300543
Si-36,14,22,36,4,8112.5199,8071.169,8083.519625000001,8178.0080936299,8127.905983502787
P-36,15,21,36,3,8307.8692,8306.2403,8340.706208333333,8257.417815184632,8323.691797120562
S-36,16,20,36,2,8575.39,8512.203175,8535.112383333333,8410.315769542005,8550.24504282633
Cl-36,17,19,36,1,8521.9322,8492.361,8540.946608333332,8290.807926084071,8520.76224907325
Ar-36,18,18,36,0,8519.9096,8418.020025,8464.125841666666,8270.017203571628,8490.575817866773
K-36,19,17,36,4,8142.2233,8109.744525,8178.987591666667,8034.327226390374,8163.2585944659
Ca-36,20,16,36,3,7815.8799,7725.971075,7723.818449999999,7892.919993565152,7727.162180018784
Sc-36,21,15,36,2,7166.0,7384.333333333333,7264.66515,7477.224588389388,7234.088293066834
Na-37,11,26,37,0,6403.0,6576.333333333333,6498.25,7224.52443927389,6400.5
Mg-37,12,25,37,4,7055.1115,7004.30845,7006.708083333333,7564.383464701271,7047.872996851133
Al-37,13,24,37,3,7531.316,7546.09355,7574.492458333333,7841.136816896507,7533.6523619650125
Si-37,14,23,37,2,7952.9033,7917.833500000001,7928.481066666666,8077.8082905922,7958.153129773138
P-37,15,22,37,1,8267.5561,8276.380625,8310.016991666665,8244.328582252103,8293.688543402217
S-37,16,21,37,0,8459.9363,8423.86795,8443.53815,8310.576036835806,8465.605695488155
Cl-37,17,20,37,4,8570.2816,8551.088225,8591.368433333333,8336.582135599414,8558.706287449926
Ar-37,18,19,37,3,8527.1406,8462.5131,8502.446516666667,8329.016153945502,8515.409947401919
K-37,19,18,37,2,8339.848,8320.704925,8385.7891,8203.499090034904,8355.626450821715
Ca-37,20,17,37,1,8003.4567,7934.723599999999,7988.200666666666,8003.296467491055,8027.574435458087
Sc-37,21,16,37,0,7525.0,7494.08435,7505.5876,7727.312403316722,7521.992131724432
Ti-37,22,15,37,4,6926.0,7366.0,6976.80555,7421.255718662505,7097.6111
Na-38,11,27,38,3,6216.0,6645.5,6299.28115,6970.5780913537055,6227.5623
Mg-38,12,26,38,2,6928.0,6876.35505,6876.35505,7427.332514205509,6870.730316061896
Al-38,13,25,38,1,7370.0,7376.6515500000005,7399.888041666665,7724.38072004519,7367.317255044822
Si-38,14,24,38,0,7892.8297,7849.407675,7855.800933333333,8062.349091436161,7885.973986637685
P-38,15,23,38,4,8147.2749,8146.615,8173.371733333333,8145.684669293786,8158.052351305052
S-38,16,22,38,3,8448.7829,8416.6687,8431.849483333333,8377.928650097052,8471.422837943177
Cl-38,17,21,38,2,8505.4817,8493.058325,8524.843025,8352.222870513606,8509.848101948714
Ar-38,18,20,38,1,8614.2807,8560.6191,8590.827041666667,8392.175719023078,8616.431792970458
K-38,19,19,38,0,8438.0593,8394.281425000001,8449.303649999998,8188.205656206732,8418.434450314837
Ca-38,20,18,38,4,8240.0434,8180.1224999999995,8225.551883333334,8140.811546327668,8276.920222265564
Sc-38,21,17,38,3,7751.0,7727.2816,7737.05105,7843.082834632167,7750.044983871314
Ti-38,22,16,38,2,7319.0,7473.9544,7375.2432,7611.89324337238,7328.539604483092
Na-39,11,28,39,1,6056.0,6500.5,6138.5,6964.539424617211,6061.0
Mg-39,12,27,39,0,6734.0,6698.277875,6698.277875,7401.166082754341,6693.039012678491
Al-39,13,26,39,4,7260.0,7273.785175,7297.657266666667,7699.0026692823085,7259.854993826495
Si-39,14,25,39,3,7730.9793,7696.58025,7703.331025,7949.404783484992,7718.947090141436
P-39,15,24,39,2,8097.9701,8099.0656500000005,8126.127125000001,8153.40271504452,8096.556904100301
S-39,16,23,39,1,8344.2698,8316.15325,8330.791391666666,8287.733121242083,8357.883318209062
Cl-39,17,22,39,0,8494.4032,8506.820800000001,8535.113116666667,8334.934052114682,8515.90311169486
Ar-39,18,21,39,4,8562.5988,8526.271575,8549.833425,8349.658551104812,8570.539961041959
K-39,19,20,39,3,8557.0258,8520.3766,8570.373733333334,8338.120893140975,8522.984625818313
Ca-39,20,19,39,2,8369.6711,8290.4733,8334.114833333333,8215.000413405096,8352.921473490203
Sc-39,21,18,39,1,8013.4575,8000.026125,8056.395291666666,8022.07924916388,8037.414595209807
Ti-39,22,17,39,0,7566.0,7505.3472249999995,7500.475833333334,7760.999790855547,7504.396539262143
V-39,23,16,39,4,7031.0,7472.0,7146.74355,7476.270735271144,7180.4871
Mg-40,12,28,40,3,6598.0,6654.666666666667,6564.7899,7253.116640863455,
Al-40,13,27,40,2,7097.0,7103.75,7123.257316666666,7515.349835068846,7109.0672412030735
Si-40,14,26,40,1,7655.8247,7617.34525,7623.981383333333,7917.141381344762,7656.373989486692
P-40,15,25,40,0,7981.4177,7968.45055,7993.287766666665,8050.622149330559,7966.1166550420885
S-40,16,24,40,4,8329.3255,8288.23495,8299.325833333332,8278.403747092263,8332.006781829707
Cl-40,17,23,40,3,8427.766,8432.5028,8455.425150000001,8335.684850359617,8441.82887865277
Ar-40,18,22,40,2,8595.2594,8560.092775000001,8573.532183333335,8444.995811691433,8610.114075099294
K-40,19,21,40,1,8538.0907,8524.655675,8562.929433333335,8317.323305824671,8545.140244816826
Ca-40,20,20,40,0,8551.3046,8445.707924999999,8481.979108333333,8280.752171648051,8491.831627445998
Sc-40,21,19,40,4,8173.6697,8149.997574999999,8201.210116666665,8068.60282893042,8177.284183629155
Ti-40,22,18,40,3,7865.8632,7804.1743750000005,7799.375549999999,7942.842038835667,7793.249983276177
V-40,23,17,40,2,7310.0,7502.0,7392.77165,7582.086549005601,7410.578957578251
Mg-41,12,29,41,1,6425.0,6781.5,6409.9442500000005,7166.852037881789,6412.8885
Al-41,13,28,41,0,6980.0,6995.0,7017.583333333333,7550.541292267801,6998.718834043284
Si-41,14,27,41,4,7482.0,7461.2228749999995,7468.736258333332,7812.41483401276,7494.563685845543
P-41,15,26,41,3,7906.5513,7907.005575,7933.722158333334,8040.073656028315,7899.522233903724
S-41,16,25,41,2,8229.6358,8183.850375,8199.621016666666,8216.184433665465,8217.16439927978
Cl-41,17,24,41,1,8412.9593,8425.802500000002,8448.897400000002,8323.131360595284,8420.857304089544
Ar-41,18,23,41,0,8534.3733,8507.465025,8518.951008333333,8354.200747951196,8542.16508297995
K-41,19,22,41,4,8576.0731,8586.26755,8621.7107,8359.375963156,8606.760721118277
Ca-41,20,21,41,3,8546.7075,8488.33935,8522.001833333334,8344.407195298621,8540.783527917705
Sc-41,21,20,41,2,8369.1979,8338.70715,8387.402891666667,8223.535607095151,8339.977310090799
Ti-41,22,19,41,1,8034.3889,7979.118775,8011.2081,8037.082239500203,8031.766440048974
V-41,23,18,41,0,7625.0,7605.594025,7613.5445,7789.0301685874265,7575.743000022366
Cr-41,24,17,41,4,7116.0,7495.0,7163.1357,7522.764224200708,7272.2714
Al-42,13,29,42,3,6829.0,6924.333333333333,6831.0,7360.747219850989,6825.009624582735
Si-42,14,28,42,2,7410.0,7368.206175,7373.788225,7722.713319460705,7392.975735287788
P-42,15,27,42,1,7765.9122,7769.811325,7793.185624999999,7932.313795924848,7778.086516161979
S-42,16,26,42,0,8193.2275,8138.939850000001,8153.299075,8190.690955046144,8177.366076915091
Cl-42,17,25,42,4,8345.8864,8345.0297,8367.174816666666,8240.188232449349,8344.322537889455
Ar-42,18,24,42,3,8555.6141,8519.57005,8524.91285,8430.599866853934,8554.268318537266
K-42,19,23,42,2,8551.2571,8554.957900000001,8578.17315,8389.205217100605,8564.173091891495
Ca-42,20,22,42,1,8616.5646,8579.095275,8602.309608333333,8400.026054459047,8653.613920428541
Sc-42,21,21,42,0,8444.9303,8407.640775,8450.640291666665,8207.016681505509,8425.779200215246
Ti-42,22,20,42,4,8259.24,8209.523874999999,8239.665716666666,8155.907567667358,8269.643516766027
V-42,23,19,42,3,7824.0,7806.9614,7813.938,7894.371876555588,7779.7670849031465
Cr-42,24,18,42,2,7456.0,7595.875499999999,7507.21485,7689.380417569711,
Al-43,13,30,43,1,6712.0,7068.0,6778.0,7339.386310553172,6700.0
Si-43,14,29,43,0,7251.0,7216.75,7224.166666666666,7677.482771159929,7235.415682074454
P-43,15,28,43,4,7681.0,7692.141675,7717.141466666666,7908.354788861621,7691.148363630529
S-43,16,27,43,3,8063.8276,8024.2567,8040.823733333333,8116.210001391475,8064.490897601469
Cl-43,17,26,43,2,8323.8672,8320.40675,8348.2399,8268.3466024802,8316.059259504429
Ar-43,18,25,43,1,8488.2382,8461.728650000001,8471.121008333334,8351.852471725668,8490.10179527705
K-43,19,24,43,0,8576.2204,8586.1347,8606.1958,8369.169562644554,8575.891208654886
Ca-43,20,23,43,4,8600.6653,8571.47295,8587.036325000001,8366.209198684088,8615.986663262873
Sc-43,21,22,43,3,8530.8265,8534.55625,8576.519516666667,8348.22922821038,8546.373557579733
Ti-43,22,21,43,2,8352.8054,8309.627,8341.030283333334,8229.474105501857,8355.20960680454
V-43,23,20,43,1,8069.5129,8053.4764749999995,8093.849241666667,8048.827379638451,8068.416513881541
Cr-43,24,19,43,0,7680.0,7621.182150000001,7616.816408333332,7812.2539668795,7607.885620880914
Mn-43,25,18,43,4,7213.0,7601.5,7322.84415,7562.096588509745,7358.6883
Si-44,14,30,44,3,7156.0,7192.666666666667,7124.0876499999995,7575.879994955137,7158.393374727984
P-44,15,29,44,2,7552.0,7550.97805,7568.330075,7775.332502291294,7553.174381067338
S-44,16,28,44,1,7996.0154,7960.20665,7971.633116666667,8082.021294534137,8004.493949356028
Cl-44,17,27,44,0,8234.4788,8227.610575,8253.920683333334,8168.374350954101,8233.134222899125
Ar-44,18,26,44,4,8493.8411,8461.634875,8473.751725000002,8345.694072526549,8504.78362920814
K-44,19,25,44,3,8546.7023,8547.0212,8567.675683333331,8386.724697823734,8551.198903572265
Ca-44,20,24,44,2,8658.1769,8620.1777,8624.397550000002,8463.879597836603,8653.354915243614
Sc-44,21,23,44,1,8557.3805,8555.8373,8585.509833333334,8331.48414682665,8573.274711769029
Ti-44,22,22,44,0,8533.5215,8456.642049999999,8483.084124999998,8283.506969668906,8511.65275897178
V-44,23,21,44,4,8203.4567,8187.669075,8225.718816666666,8089.844625951698,8218.095430094845
Cr-44,24,20,44,3,7949.6265,7894.0840499999995,7890.273458333333,7975.291874651858,7884.084424266384
Mn-44,25,19,44,2,7457.0,7631.6935,7523.7343,7656.465189936689,7535.509484098366
Si-45,14,31,45,1,7004.0,7285.5,7004.0,7487.219305242365,7020.0
P-45,15,30,45,0,7456.0,7457.75,7477.5,7785.791294999873,7458.087982260899
S-45,16,29,45,4,7867.0,7837.150825,7850.196033333334,7989.763096314972,7871.773407727408
Cl-45,17,28,45,3,8181.5991,8181.066525,8208.602133333334,8180.232682828013,8178.295196947138
Ar-45,18,27,45,2,8419.9526,8388.0462,8403.265291666667,8311.624412245794,8421.616500219947
K-45,19,26,45,1,8554.6747,8563.48145,8589.865983333333,8374.953754026807,8569.811859686968
Ca-45,20,25,45,0,8630.5467,8602.185975,8611.995616666667,8380.478785546342,8635.861164896321
Sc-45,21,24,45,4,8618.941,8627.640374999999,8652.359366666666,8370.547358760943,8622.078144307334
Ti-45,22,23,45,3,8555.7321,8514.390175,8539.734949999998,8349.884238078406,8551.491178348382
V-45,23,22,45,2,8380.0394,8372.273125,8415.193191666665,8233.126265488885,8383.912647963825
Cr-45,24,21,45,1,8087.7286,8051.685975,8079.574375,8057.743679957691,8102.715834798119
Mn-45,25,20,45,0,7747.0,7725.23455,7732.4940166666665,7831.35866758668,7697.649046629745
Fe-45,26,19,45,4,7299.0,7623.5,7326.34395,7595.355711504737,7418.6879
P-46,15,31,46,3,7320.0,7402.666666666667,7333.043900000001,7645.039866381449,7337.360307795306
S-46,16,30,46,2,7785.0,7749.00385,7753.031716666666,7935.7541805975,7765.560521607028
Cl-46,17,29,46,1,8080.7757,8073.97595,8100.041366666665,8080.874402719792,8079.323677819182
Ar-46,18,28,46,0,8412.3835,8358.496325,8371.968341666665,8279.62520208696,8389.654291378049
K-46,19,27,46,4,8518.0428,8510.060525,8535.869958333333,8304.489584992401,8514.484266620188
Ca-46,20,26,46,3,8668.9848,8636.159749999999,8649.581183333334,8462.656020134178,8687.893031447358
Sc-46,21,25,46,2,8622.0215,8626.342349999999,8647.775141666665,8410.394528723205,8629.74844445809
Ti-46,22,24,46,1,8656.4623,8614.427375,8632.120258333332,8399.735276756672,8667.694946812151
V-46,23,23,46,0,8486.1423,8447.366025,8483.865025,8216.134100751791,8464.812844583348
Cr-46,24,22,46,4,8303.8233,8259.308225,8286.305491666666,8162.275523303999,8320.939704676624
Mn-46,25,21,46,3,7916.0805,7902.2302500000005,7908.836241666666,7928.357881838409,7883.0092737936575
Fe-46,26,20,46,2,7603.0,7721.908466666667,7627.909791666667,7743.357970005081,7667.811779243471
P-47,15,32,47,1,7209.0,7504.0,7275.0,7614.385741506003,7231.0
S-47,16,31,47,0,7652.0,7617.5,7623.083333333333,7878.49048676347,7629.305133890737
Cl-47,17,30,47,4,7992.0,7998.816175,8024.909691666666,8058.9816473799365,8002.610801872242
Ar-47,18,29,47,3,8311.425,8266.740175,8282.97955,8234.071667281594,8299.214871954679
K-47,19,28,47,2,8514.8795,8501.506275,8529.888783333332,8347.406552726758,8486.067766032822
Ca-47,20,27,47,1,8639.3548,8599.9123,8615.825241666666,8393.285903980186,8636.842110529667
Sc-47,21,26,47,0,8665.0958,8674.304625,8701.9365,8388.647655970202,8682.593037796474
Ti-47,22,25,47,4,8661.2325,8627.996175,8645.19315,8372.712569876114,8667.11649937868
V-47,23,24,47,3,8582.2348,8572.917625,8608.018991666666,8349.623731273932,8574.162387765437
Cr-47,24,23,47,2,8407.2067,8365.33525,8394.693958333333,8234.754927212363,8401.83805270655
Mn-47,25,22,47,1,8135.3117,8128.365925,8165.587933333333,8064.1873498386485,8150.503489144578
Fe-47,26,21,47,0,7790.0,7742.84815,7740.627474999999,7846.906223908012,7734.3729676814255
Co-47,27,20,47,4,7396.0,7559.666666666667,7453.12255,7623.421554975495,7464.687317385531
S-48,16,32,48,3,7552.0,7593.0,7535.4923,7812.398219370311,7568.432775381994
Cl-48,17,31,48,2,7883.0,7878.943925,7902.836724999999,7964.726234545274,7884.858671108865
Ar-48,18,30,48,1,8243.6656,8207.6647,8222.219183333333,8199.467207323416,8256.642073943302
K-48,19,29,48,0,8434.2324,8428.225275,8456.301783333332,8250.893430004273,8428.122385468614
Ca-48,20,28,48,4,8666.6916,8605.077175,8618.797466666667,8389.748331748347,8631.2149477451
Sc-48,21,27,48,3,8656.2097,8651.503375,8676.504833333332,8418.326792911486,8655.481833165004
Ti-48,22,26,48,2,8723.0122,8690.048575,8703.786066666666,8471.152000373628,8736.467275723162
V-48,23,25,48,1,8623.0686,8614.138925,8646.124441666667,8336.318681338624,8635.280198166502
Cr-48,24,24,48,0,8572.2553,8506.747975,8530.988116666667,8279.957733641128,8548.54638377665
Mn-48,25,23,48,4,8274.1924,8254.3204,8287.911391666668,8101.191087521221,8278.16874749969
Fe-48,26,22,48,3,8022.7254,7983.0846249999995,7980.541991666667,7994.7437051319475,7979.330328361475
Co-48,27,21,48,2,7595.0,7746.8795666666665,7647.8584,7708.797229779969,7657.440538051191
Ni-48,28,20,48,1,7236.0,7549.0,7254.551149999999,7530.851758827958,7320.1023
S-49,16,33,49,1,7400.0,7651.5,7408.5,7724.1255563496725,7437.0
Cl-49,17,32,49,0,7785.0,7782.0,7796.63875,7958.010914394101,7775.351979316942
Ar-49,18,31,49,4,8132.0,8101.252075,8116.180591666665,8117.895090039259,8138.924860131553
K-49,19,30,49,3,8372.2753,8382.510999999999,8412.785933333333,8279.282982838495,8394.973212980969
Ca-49,20,29,49,2,8594.85,8545.99385,8562.863408333335,8376.81605245969,8583.507627369427
Sc-49,21,28,49,1,8686.2805,8671.18285,8697.515616666667,8407.540521366109,8657.19413348556
Ti-49,22,27,49,0,8711.1625,8680.58415,8695.928466666668,8394.102855832556,8715.220712521568
V-49,23,26,49,4,8682.9135,8687.087749999999,8717.030508333333,8372.97397894786,8701.545917082482
Cr-49,24,25,49,3,8613.2777,8568.737475,8594.177541666666,8347.662083084604,8604.566049231593
Mn-49,25,24,49,2,8439.915,8423.8385,8460.395541666669,8234.584323250296,8433.156350568186
Fe-49,26,23,49,1,8161.3121,8131.3322,8156.359166666666,8068.456858269835,8175.255849689085
Co-49,27,22,49,0,7840.0,7828.495075,7828.495075,7859.360611657315,7818.35065468506
Ni-49,28,21,49,4,7450.0,7732.5,7461.46255,7647.013323507343,7522.9251
Cl-50,17,33,50,3,7651.0,7647.75,7647.75,7855.261965604228,7643.781207704322
Ar-50,18,32,50,2,8054.0,8019.25015,8028.019733333333,8091.108415384578,8048.239280086015
K-50,19,31,50,1,8288.5833,8289.54405,8317.166041666667,8187.64770626808,8298.44019651556
Ca-50,20,30,50,0,8550.1639,8516.392575,8534.192899999998,8340.675840426951,8576.966433047288
Sc-50,21,29,50,4,8633.4747,8623.6801,8650.2706,8347.196515899279,8623.410141178732
Ti-50,22,28,50,3,8755.7227,8710.799299999999,8722.82905,8479.752194261624,8733.609350418168
V-50,23,27,50,2,8695.9032,8690.1981,8714.022558333334,8419.847114833432,8700.690763650611
Cr-50,24,26,50,1,8701.0188,8666.2309,8687.106983333335,8393.122094942813,8717.815166019634
Mn-50,25,25,50,0,8532.6823,8504.594125,8539.234958333333,8217.715817557917,8521.14839743714
Fe-50,26,24,50,4,8354.0268,8316.3758,8338.872933333332,8161.822660417714,8364.393331456404
Co-50,27,23,50,3,8000.6387,7987.968175,7995.144816666666,7949.348607318736,7974.320490020558
Ni-50,28,22,50,2,7702.0,7719.9659,7658.611725000001,7780.030841687987,7659.948850000001
Cl-51,17,34,51,1,7530.0,7806.0,7604.5756,7819.065337639878,7578.0
Ar-51,18,33,51,0,7922.0,7893.757575,7896.711950000001,8026.325099705319,7901.363696607785
K-51,19,32,51,4,8221.335,8219.62655,8244.109400000001,8168.03461601678,8212.998603072969
Ca-51,20,31,51,3,8476.9135,8437.17015,8455.526333333331,8317.133176414061,8488.629258944375
Sc-51,21,30,51,2,8597.2213,8605.27405,8633.62515,8400.769784631946,8619.984160022139
Ti-51,22,29,51,1,8708.9912,8672.58295,8685.5054,8418.285204483602,8697.868635718407
V-51,23,28,51,0,8742.0852,8731.193325,8754.921583333333,8397.198242656645,8726.116759755092
Cr-51,24,27,51,4,8711.9923,8684.949975,8705.007975,8371.558349294875,8725.325353935315
Mn-51,25,26,51,3,8633.7602,8621.180375,8656.498191666666,8344.183246076082,8633.21936783018
Fe-51,26,25,51,2,8460.4977,8417.088375000001,8442.205275,8232.807027293873,8450.447548854825
Co-51,27,24,51,1,8193.2549,8188.8955750000005,8218.81615,8070.8043638728095,8201.24689050995
Ni-51,28,23,51,0,7870.0,7834.6784,7834.6784,7869.108417531565,7834.336649541905
Cl-52,17,35,52,4,7386.0,7664.0,7441.0,7744.709503913441,7419.0
Ar-52,18,34,52,3,7827.0,7796.2122,7796.2122,7987.663933075329,7802.139269297241
K-52,19,33,52,2,8115.0303,8108.040274999999,8131.3000416666655,8103.827306579977,8104.1530237107045
Ca-52,20,32,52,1,8429.3821,8377.957025,8391.146975,8283.04433115672,8414.581678928398
Sc-52,21,31,52,0,8534.6695,8536.581325,8562.065991666668,8308.049910701682,8544.308990467509
Ti-52,22,30,52,4,8691.8193,8665.69455,8677.668333333335,8416.954307910471,8704.487444520528
V-52,23,29,52,3,8714.569,8706.810725,8728.312575000002,8435.61295712152,8706.249801529502
Cr-52,24,28,52,2,8775.9946,8738.81275,8752.781708333332,8469.644511507293,8769.67537614422
Mn-52,25,27,52,1,8670.4087,8657.862475,8687.345691666667,8333.94223996982,8678.55733265492
Fe-52,26,26,52,0,8609.6079,8550.45735,8575.015358333334,8271.350007407154,8591.05149021862
Co-52,27,25,52,4,8325.5606,8311.8578,8343.516991666667,8104.844573481451,8331.872209767196
Ni-52,28,24,52,3,8083.8977,8044.821925,8061.861908333332,8004.254058893756,8083.061511265634
Cu-52,29,23,52,2,7671.0,7957.5,7736.685299999999,7744.680729090463,7734.0093
Ar-53,18,35,53,1,7677.0,7733.0,7675.25,7901.3531010231845,7706.699470940637
K-53,19,34,53,0,8022.8488,8021.957925,8046.0568416666665,8085.047874245878,8020.281526178498
Ca-53,20,33,53,4,8330.5778,8280.670325000001,8295.242133333335,8210.655160849741,8316.91018264924
Sc-53,21,32,53,3,8492.8325,8489.916125,8511.294733333332,8348.662209057602,8480.37720687546
Ti-53,22,31,53,2,8631.1256,8606.192125,8617.180083333333,8420.022866853958,8637.4873899915
V-53,23,30,53,1,8710.1425,8712.3027,8734.70725,8425.989830962802,8717.012530812071
Cr-53,24,29,53,0,8760.2103,8724.118575,8737.802533333333,8398.229747693624,8749.563777464033
Mn-53,25,28,53,4,8734.1798,8727.791025,8754.693433333332,8368.65818832519,8736.83682488572
Fe-53,26,27,53,3,8648.7985,8611.6811,8637.16565,8339.346035329818,8649.183057298871
Co-53,27,26,53,2,8477.6578,8466.379,8501.035191666668,8229.589433380255,8478.790775222373
Ni-53,28,25,53,1,8217.0749,8184.470775,8205.508191666666,8071.444502817775,8224.285530011528
Cu-53,29,24,53,0,7891.0,8019.9649,7938.8391249999995,7876.474433466046,7947.744309405181
Ar-54,18,36,54,4,7578.0,7809.5,7575.4173,7881.484956526965,7600.0
K-54,19,35,54,3,7891.0,7895.239075,7914.88865,8012.067534091087,7898.148639377499
Ca-54,20,34,54,2,8247.4967,8204.691425,8216.829116666666,8204.802826580231,8244.684850007076
Sc-54,21,33,54,1,8404.8115,8404.44875,8424.419233333334,8264.111603644322,8398.046754762183
Ti-54,22,32,54,0,8599.6917,8572.4851,8578.647241666666,8381.397018174133,8595.557601610253
V-54,23,31,54,4,8662.1382,8663.082849999999,8681.855091666665,8374.004746289052,8667.506151699712
Cr-54,24,30,54,3,8777.9672,8743.605674999999,8755.874808333332,8485.680814959727,8774.888474707217
Mn-54,25,29,54,2,8737.9768,8728.888225,8751.956491666668,8420.3503961715,8734.680207604271
Fe-54,26,28,54,1,8736.3846,8700.9411,8720.833475,8381.504558238352,8741.772045546883
Co-54,27,27,54,0,8569.2199,8541.63005,8575.0059,8213.327086334359,8557.410079662695
Ni-54,28,26,54,4,8393.0328,8359.5834,8383.6387,8155.938414004955,8411.456896398091
Cu-54,29,25,54,3,8045.0,8037.0164,8044.392591666667,7960.328759163762,8025.937890025971
Zn-54,30,24,54,2,7742.0,7998.5,7757.077799999999,7803.602069297783,7816.0533
K-55,19,36,55,1,7792.0,7799.253549999999,7801.963033333333,7972.759655097234,7798.518299184485
Ca-55,20,35,55,0,8125.926,8091.7889749999995,8102.817441666666,8135.511906170984,8130.256547517375
Sc-55,21,34,55,4,8333.3694,8341.611325,8361.175591666666,8246.79354402868,8338.916307010513
Ti-55,22,33,55,3,8518.9696,8495.884624999999,8501.098766666666,8374.73087860138,8514.5374479962
V-55,23,32,55,2,8637.3391,8642.07295,8658.144291666667,8435.202203872415,8639.677492130068
Cr-55,24,31,55,1,8731.9362,8706.021025,8717.861341666667,8431.046484280338,8735.234277248648
Mn-55,25,30,55,0,8765.0247,8759.804474999999,8782.513499999997,8397.446763841685,8761.96410042015
Fe-55,26,29,55,4,8746.5981,8712.9742,8730.09735,8364.438056495026,8743.20176526533
Co-55,27,28,55,3,8669.6204,8649.677,8683.0079,8333.288334459914,8653.50418903935
Ni-55,28,27,55,2,8497.3225,8453.305475000001,8480.541491666665,8225.076119791824,8490.67158873238
Cu-55,29,26,55,1,8233.997,8223.32435,8232.1056,8070.561225797124,8211.216297846313
Zn-55,30,25,55,0,7904.0,7994.333333333333,7932.1099,7881.733615396373,
K-56,19,37,56,4,7663.0,7746.666666666667,7716.528200000001,7904.059096072805,7664.0
Ca-56,20,36,56,3,8033.1654,8006.415825,8013.386841666666,8118.201126747201,8040.303296486265
Sc-56,21,35,56,2,8233.5781,8239.645475,8256.458508333333,8206.090996828436,8238.96838583729
Ti-56,22,34,56,1,8467.9495,8443.9717,8447.287225,8341.762465218595,8463.727648481798
V-56,23,33,56,0,8574.7006,8575.6659,8589.312916666668,8346.446308785462,8574.3071290642
Cr-56,24,32,56,4,8723.2609,8699.0049,8706.329258333331,8431.611851901018,8728.10326605062
Mn-56,25,31,56,3,8738.3358,8734.209925,8753.975066666668,8442.082756135249,8740.309356047403
Fe-56,26,30,56,2,8790.3563,8758.8868,8772.224808333332,8461.344550518776,8791.073295876016
Co-56,27,29,56,1,8694.8386,8681.431575,8710.135750000001,8325.880607325475,8693.789331724072
Ni-56,28,28,56,0,8642.7811,8574.494975,8599.576141666666,8258.62917714363,8605.804855767597
Cu-56,29,27,56,4,8355.9907,8336.073025,8367.695316666666,8102.400325711921,8354.84673886936
Zn-56,30,26,56,3,8106.0,8071.985925,8070.899608333333,8005.987813282492,8069.749067996818
Ga-56,31,25,56,2,7707.0,7981.5,7777.0,7767.975314677096,7791.0
K-57,19,38,57,2,7563.0,7650.666666666667,7620.7963500000005,7841.35696053406,7562.0
Ca-57,20,37,57,1,7912.0,7887.9673999999995,7887.996416666666,8034.755710966054,7915.618321498288
Sc-57,21,36,57,0,8158.1666,8162.642775,8176.637375,8178.8251925351315,8159.122857562703
Ti-57,22,35,57,4,8372.9008,8357.175925,8360.930308333334,8277.31275717252,8376.103204540395
V-57,23,34,57,3,8535.1967,8538.272675,8551.407233333333,8396.056986630269,8531.041593778258
Cr-57,24,33,57,2,8663.3998,8642.970025,8649.449375,8446.832119508595,8663.301866512933
Mn-57,25,32,57,1,8736.7146,8740.36535,8758.947758333332,8433.784736211523,8742.175234693332
Fe-57,26,31,57,0,8770.2829,8744.6701,8757.802258333333,8395.06094995788,8775.082304232466
Co-57,27,30,57,4,8741.8845,8740.019175,8766.62255,8359.039518146412,8753.120503706235
Ni-57,28,29,57,3,8670.9364,8624.930475000001,8649.700525,8326.130473727482,8658.714056810622
Cu-57,29,28,57,2,8503.2646,8478.681875,8512.564566666668,8219.393356643212,8483.592984611496
Zn-57,30,27,57,1,8231.0,8198.192725,8197.665075,8068.313175115956,8192.423845142765
Ga-57,31,26,57,0,7916.0,8036.0,7977.78435,7885.12035876642,7991.468521882696
K-58,19,39,58,0,7437.0,7685.5,7489.0,7813.676391287034,7435.0
Ca-58,20,38,58,4,7828.0,7799.893175,7799.893174999999,8015.178986447839,7808.935888526809
Sc-58,21,37,58,3,8054.9436,8059.144525,8072.3021499999995,8129.358023390893,8055.966333263962
Ti-58,22,36,58,2,8307.629,8295.676325,8297.314708333335,8287.637070633073,8315.124196111707
V-58,23,35,58,1,8458.156,8459.769,8470.391,8318.030880481183,8457.047406829335
Cr-58,24,34,58,0,8643.9987,8619.891899999999,8624.092724999999,8406.921724235575,8641.01013635184
Mn-58,25,33,58,4,8696.6438,8696.16235,8711.7209,8388.819547363359,8698.545938082127
Fe-58,26,32,58,3,8792.2534,8762.740675,8772.545441666667,8483.076582257414,8792.136378986861
Co-58,27,31,58,2,8738.9719,8737.120475,8758.286041666666,8413.884579651272,8746.26124911689
Ni-58,28,30,58,1,8732.0621,8701.8613,8722.39865,8365.863690861179,8750.44986857059
Cu-58,29,29,58,0,8570.9696,8541.578,8573.360458333333,8204.133014362204,8554.32897616123
Zn-58,30,28,58,4,8395.9467,8356.07925,8376.678483333333,8145.661779067672,8388.858626712277
Ga-58,31,27,58,3,8059.0,8047.25,8052.5841083333335,7963.435392491287,8031.3299747272795
Ge-58,32,26,58,2,7770.0,8014.5,7802.5,7817.020638108004,7879.0
K-59,19,40,59,3,7332.0,7595.0,7397.0,7742.690231438715,7334.0
Ca-59,20,39,59,2,7708.0,7681.25,7681.25,7918.48102440673,7689.112701717855
Sc-59,21,38,59,1,7976.4073,7983.2381,7996.783208333332,8088.5711603845775,7979.129893777006
Ti-59,22,37,59,0,8218.0,8202.179875,8204.394583333333,8215.91528631519,8218.605874274286
V-59,23,36,59,4,8403.8034,8413.51375,8424.251475,8302.936057647257,8409.810703875686
Cr-59,24,35,59,3,8568.5995,8552.4671,8556.944016666665,8413.24321361284,8568.856939357334
Mn-59,25,34,59,2,8680.9224,8683.870725,8698.371433333334,8455.354151379286,8679.182141295929
Fe-59,26,33,59,1,8754.7746,8729.366125,8738.606841666668,8434.48349199094,8752.679848466327
Co-59,27,32,59,0,8768.0379,8767.76645,8787.051349999998,8391.253109432426,8767.902835621406
Ni-59,28,31,59,4,8736.5912,8710.135275,8726.729475,8352.585065671052,8746.705178192693
Cu-59,29,30,59,3,8642.0027,8633.473475,8663.426866666665,8317.97796629415,8648.512893936553
Zn-59,30,29,59,2,8473.7802,8434.81985,8456.741216666667,8212.651949062809,8462.360407363914
Ga-59,31,28,59,1,8232.0,8217.8445,8224.151341666668,8064.837955928241,8198.506159873623
Ge-59,32,27,59,0,7924.0,8003.0,7954.14165,7886.835768518642,
Ca-60,20,40,60,0,7627.0,7651.333333333333,7592.9173,7929.546884100279,7618.519565495846
Sc-60,21,39,60,4,7873.0,7877.2359,7889.006191666666,8025.265539566361,7878.533024833507
Ti-60,22,38,60,3,8152.7858,8136.2695,8135.914616666666,8215.300698630808,8149.118305337792
V-60,23,37,60,2,8322.8751,8331.021475,8340.266599999999,8280.735832500579,8327.621259096453
Cr-60,24,36,60,1,8540.1876,8518.526225,8522.423666666667,8381.80643578181,8542.646014440641
Mn-60,25,35,60,0,8628.1392,8626.878025,8639.567033333333,8370.646402566452,8627.747456305728
Fe-60,26,34,60,4,8755.8539,8730.552475,8737.295025,8436.712047913152,8755.864941204174
Co-60,27,33,60,3,8746.7692,8745.027325,8761.279050000001,8440.205195151135,8745.513729647142
Ni-60,28,32,60,2,8780.7769,8752.542575,8762.40315833333,8447.69008642097,8780.610879685419
Cu-60,29,31,60,1,8665.6047,8658.988625,8682.594741666668,8313.263957258334,8676.989645643427
Zn-60,30,30,60,0,8583.0524,8540.93145,8561.161283333333,8242.526045784602,8576.191335596995
Ga-60,31,29,60,4,8327.0,8316.606275,8343.924925,8095.044589985795,8332.264590918354
Ge-60,32,28,60,3,8113.0,8069.75,8069.75,8001.524756279497,8066.380270692348
As-60,33,27,60,2,7735.0,7986.5,7800.5,7781.428446962781,7812.0
Ca-61,20,41,61,3,7503.0,7698.0,7494.5,7826.239149668087,7504.0
Sc-61,21,40,61,2,7794.0,7799.101825,7811.953416666665,7986.0317074684435,7798.663790044384
Ti-61,22,39,61,1,8058.0,8042.439125,8043.715449999999,8135.241091970252,8055.897694144913
V-61,23,38,61,0,8271.0417,8278.6893,8288.443566666665,8247.56365208062,8270.770929948927
Cr-61,24,37,61,4,8460.1734,8444.37865,8448.259058333335,8324.273471529106,8463.50232205786
Mn-61,25,36,61,3,8598.9157,8604.773775,8618.115249999999,8426.798814025773,8601.506056842849
Fe-61,26,35,61,2,8703.7686,8683.9496,8691.205725,8461.142487903075,8704.467217305295
Co-61,27,34,61,1,8756.151,8759.061125,8776.095491666667,8433.38026148251,8757.855981979917
Ni-61,28,33,61,0,8765.0281,8741.23495,8750.959933333334,8386.178616566305,8765.194397839978
Cu-61,29,32,61,4,8715.5148,8713.566275000001,8733.727875,8345.181258743844,8719.697339499935
Zn-61,30,31,61,3,8610.3098,8586.079099999999,8605.557641666666,8308.923741976361,8613.969719294828
Ga-61,31,30,61,2,8446.4313,8436.494775,8464.229466666668,8204.949559839562,8447.97212738183
Ge-61,32,29,61,1,8215.0,8179.679175,8178.447491666666,8060.255560314608,8174.213198011642
As-61,33,28,61,0,7930.0,8153.0,7991.88245,7887.05341256133,7989.7649
Sc-62,21,41,62,0,7688.0,7755.666666666667,7694.028200000001,7947.718214047986,7691.485028904996
Ti-62,22,40,62,4,7990.0,7975.891675,7975.409866666667,8116.480682528178,7983.76183254707
V-62,23,39,62,3,8187.7565,8193.353725,8202.590508333331,8216.77809029656,8186.924550953812
Cr-62,24,38,62,2,8427.3871,8404.973474999999,8408.533524999999,8347.113006087053,8426.740318106658
Mn-62,25,37,62,1,8538.5002,8539.32,8550.190016666667,8354.819948771425,8539.221135861504
Fe-62,26,36,62,0,8692.8831,8671.2389,8675.682766666667,8420.84531048104,8692.765137002107
Co-62,27,35,62,4,8721.3347,8722.3889,8737.174649999999,8394.400129269308,8724.342764335393
Ni-62,28,34,62,3,8794.5555,8766.633,8775.233141666668,8473.825003639915,8793.14548555249
Cu-62,29,33,62,2,8718.0839,8713.99825,8730.260708333331,8401.896062063222,8719.627632525582
Zn-62,30,32,62,1,8679.3451,8654.599900000001,8667.368083333333,8346.946075525006,8686.265808596232
Ga-62,31,31,62,0,8518.6449,8491.914550000001,8515.888749999998,8191.01993428283,8504.624605723624
Ge-62,32,30,62,4,8347.0,8320.313900000001,8339.294308333334,8131.78682559541,8361.45707174996
As-62,33,29,62,3,8049.0,8038.25,8038.25,7960.241189636537,8029.938001041124
Sc-63,21,42,63,3,7603.0,7810.0,7641.2963500000005,7899.85473396929,7611.5927
Ti-63,22,41,63,2,7891.0,7879.25,7880.25,8045.1869084832415,7887.268191028752
V-63,23,40,63,1,8130.7809,8136.401075,8146.244299999999,8175.641837110798,8129.616916489455
Cr-63,24,39,63,0,8347.5398,8325.83685,8330.120258333332,8274.432596255238,8343.860334439405
Mn-63,25,38,63,4,8505.102,8509.84345,8522.303858333333,8341.842583404468,8506.449760262021
Fe-63,26,37,63,3,8631.5499,8616.034525,8621.285508333332,8437.156655423383,8632.36564016732
Co-63,27,36,63,2,8717.7972,8720.84565,8735.644825,8464.516116720806,8717.486088950509
Ni-63,28,35,63,1,8763.4955,8740.419699999999,8748.861574999999,8430.678481851632,8761.819693900337
Cu-63,29,34,63,0,8752.1404,8750.768175000001,8767.876441666667,8379.971735971323,8752.19804254141
Zn-63,30,33,63,4,8686.2866,8666.07285,8677.428791666665,8336.921257152146,8688.143813632221
Ga-63,31,32,63,3,8583.9267,8579.190200000001,8601.313358333333,8299.04998404264,8582.903556323025
Ge-63,32,31,63,2,8418.7167,8393.675825,8413.451249999998,8196.372620575225,8420.362232633175
As-63,33,30,63,1,8193.0,8187.0587749999995,8193.022833333333,8054.671135599116,8175.160621316118
Se-63,34,29,63,0,7917.0,8109.5,7926.7328,7885.923916044688,7970.4655999999995
Ti-64,22,42,64,0,7826.0,7858.0,7809.6071,8043.162199424402,7824.674691287045
V-64,23,41,64,4,8045.0,8047.689125,8055.122574999999,8117.396130536508,8046.614541474415
Cr-64,24,40,64,3,8303.5626,8281.71255,8285.790724999999,8286.897467489365,8302.176121441411
Mn-64,25,39,64,2,8437.4175,8441.0464,8452.158733333334,8334.257223836039,8440.938949417425
Fe-64,26,38,64,1,8612.3888,8594.1486,8597.135666666667,8407.542777242097,8613.707697436677
Co-64,27,37,64,0,8675.5223,8673.767225,8686.950258333332,8383.89401568705,8674.004581178731
Ni-64,28,36,64,4,8777.4637,8752.2395,8760.005983333333,8434.394436693488,8778.404279985834
Cu-64,29,35,64,3,8739.0736,8734.329600000001,8749.25665,8431.770085079374,8738.702613476215
Zn-64,30,34,64,2,8735.9057,8713.319775,8721.199016666666,8429.748384286058,8735.85322724195
Ga-64,31,33,64,1,8611.6317,8607.33825,8625.225433333333,8296.94834489175,8620.740525979358
Ge-64,32,32,64,0,8528.8243,8488.150024999999,8502.493183333336,8223.614593849858,8514.488231316893
As-64,33,31,64,4,8286.0,8276.530025,8299.924149999999,8083.679196649766,8296.231198846366
Se-64,34,30,64,3,8075.0,8132.333333333333,8085.7259,7992.046913197039,8098.530070838235
Ti-65,22,43,65,3,7726.0,7892.5,7716.5,7964.726066055967,7724.0
V-65,23,42,65,2,7981.0,7988.4452249999995,7997.611891666666,8096.9488782549115,7987.027001205258
Cr-65,24,41,65,1,8218.0,8200.8346,8206.103691666665,8210.519444719612,8217.562417355304
Mn-65,25,40,65,0,8400.6822,8402.847275,8414.926466666668,8297.086555567732,8398.793479699198
Fe-65,26,39,65,4,8546.347,8531.211299999999,8533.943491666669,8356.08498275207,8545.915195091953
Co-65,27,38,65,3,8656.8848,8662.8592,8675.969025,8444.686714196796,8658.18355760771
Ni-65,28,37,65,2,8736.2424,8716.560325,8725.927833333335,8465.748466271629,8741.119970276772
Cu-65,29,36,65,1,8757.0967,8756.674325,8772.56165,8426.55335031213,8758.281538617299
Zn-65,30,35,65,0,8724.266,8707.219175,8715.490166666665,8372.749089648043,8724.573634442051
Ga-65,31,34,65,4,8662.1601,8663.200925,8679.791233333333,8327.886880590044,8666.124903883783
Ge-65,32,33,65,3,8555.0584,8532.96005,8547.96465,8288.429649796868,8551.786496988097
As-65,33,32,65,2,8396.2351,8388.0982,8411.318591666666,8186.997914821788,8392.516092985199
Se-65,34,31,65,1,8170.0,8146.6336,8146.490541666666,8048.177240149029,8144.565262724744
Br-65,35,30,65,0,7904.0,8111.5,7954.0487,7883.578660664345,7951.097400000001
V-66,23,43,66,0,7894.0,7950.0,7902.37175,8051.069959604543,7902.261997764676
Cr-66,24,42,66,4,8168.0,8147.890649999999,8150.905274999999,8192.885702571763,8167.423426822654
Mn-66,25,41,66,3,8331.7986,8328.58835,8339.148608333333,8281.19534610246,8327.46869967266
Fe-66,26,40,66,2,8521.7245,8503.203300000001,8505.3617,8388.579214077257,8519.774241063793
Co-66,27,39,66,1,8605.9419,8609.437475,8621.346508333332,8378.353540940374,8604.898300617946
Ni-66,28,38,66,0,8739.5086,8713.568725000001,8720.848466666666,8425.752391338448,8739.703834625027
Cu-66,29,37,66,4,8731.473,8727.840175,8741.979299999999,8392.746581500574,8733.353848060904
Zn-66,30,36,66,3,8759.6335,8739.05435,8745.842924999999,8459.309903069907,8759.219356888316
Ga-66,31,35,66,2,8669.3631,8667.5514,8679.673116666665,8385.466489122367,8670.78808170782
Ge-66,32,34,66,1,8625.4383,8602.4225,8613.091941666666,8325.330661290493,8632.7302195037
As-66,33,33,66,0,8468.4034,8442.084625,8462.680683333332,8174.674736636456,8451.011596060149
Se-66,34,32,66,4,8300.0,8274.070824999999,8272.521724999999,8114.93175541395,8274.613668557815
Br-66,35,31,66,3,8014.0,8097.333333333333,8044.8518,7951.930678807022,8051.164060613957
V-67,23,44,67,3,7829.0,8003.5,7864.10955,8021.869782717989,7831.2191
Cr-67,24,43,67,2,8079.0,8065.0,8067.666666666666,8142.174849715357,8074.137339246367
Mn-67,25,42,67,1,8281.0,8285.420549999999,8296.268383333332,8240.512352721782,8281.614563598232
Fe-67,26,41,67,0,8449.9359,8435.818925,8438.787758333336,8316.009058608,8449.554029217534
Co-67,27,40,67,4,8581.7422,8589.12055,8601.125883333332,8367.379377219719,8582.540960494734
Ni-67,28,39,67,3,8695.7505,8666.79385,8674.414299999999,8449.706849467106,8688.131340962944
Cu-67,29,38,67,2,8737.4597,8736.872925,8751.778208333333,8465.075118435414,8737.345042307526
Zn-67,30,37,67,1,8734.1534,8719.9224,8727.185308333334,8421.156506858817,8735.254244568196
Ga-67,31,36,67,0,8707.533,8708.627625,8722.29935,8364.612461663071,8707.90858199125
Ge-67,32,35,67,4,8633.0884,8615.7828,8625.210175,8318.150296124048,8636.739968461427
As-67,33,34,67,3,8530.5685,8527.63575,8548.181191666667,8277.127737301882,8529.649480090116
Se-67,34,33,67,2,8369.5344,8345.2779,8361.44395,8176.893897716335,8365.20717096105
Br-67,35,32,67,1,8148.0,8145.72565,8145.72565,8040.855695013235,8139.353312160333
Kr-67,36,31,67,0,7883.0,8071.5,7894.4345,7880.1327865163585,7930.869000000001
Cr-68,24,44,68,0,8026.0,8009.0,8009.0,8130.29930334134,8014.092035398231
Mn-68,25,43,68,4,8209.0,8209.94965,8219.881575,8186.974645608321,8211.981302587948
Fe-68,26,42,68,3,8418.0,8401.532675,8403.736858333334,8338.70437936425,8418.244853968663
Co-68,27,41,68,2,8520.1301,8528.2939,8538.376333333334,8371.343806895013,8524.823836086296
Ni-68,28,40,68,1,8682.4667,8655.186725,8661.14825,8422.129785601608,8679.165363481656
Cu-68,29,39,68,0,8701.8913,8699.205025,8712.204874999998,8388.550801136593,8698.285354396145
Zn-68,30,38,68,4,8755.682,8737.8704,8743.083666666666,8426.226548200959,8754.736468932339
Ga-68,31,37,68,3,8701.2195,8698.440325,8710.274758333333,8418.10534626308,8702.81721013552
Ge-68,32,36,68,2,8688.1371,8666.623875,8672.478708333334,8408.328893750568,8687.643624886712
As-68,33,35,68,1,8557.7457,8556.688525,8573.039858333332,8277.594656631498,8569.003171383627
Se-68,34,34,68,0,8477.0482,8437.876225,8450.424258333333,8202.351955608732,8463.794159933635
Br-68,35,33,68,4,8239.0,8231.832699999999,8231.832699999999,8069.002798390437,8226.610518167621
Kr-68,36,32,68,3,8034.0,8202.0,8039.34035,7978.457670976256,8082.680700000001
Cr-69,24,45,69,3,7939.0,8081.5,7936.5,8072.159324071944,7940.0
Mn-69,25,44,69,2,8155.0,8161.25,8171.381949999999,8181.601596750979,8158.358194376882
Fe-69,26,43,69,1,8345.0,8332.033475,8335.252683333334,8266.169572346134,8345.167077332042
Co-69,27,42,69,0,8495.4062,8500.692074999999,8511.347091666667,8331.61633982929,8494.237908066358
Ni-69,28,41,69,4,8623.0998,8601.475625,8607.561425000002,8376.052125644734,8626.511270429444
Cu-69,29,40,69,3,8695.2044,8696.189575,8709.501616666665,8452.49146774649,8694.398200444159
Zn-69,30,39,69,2,8722.7311,8708.5918,8713.81625,8462.700023864358,8719.88590029005
Ga-69,31,38,69,1,8724.5798,8725.6307,8737.721866666667,8414.619821535549,8724.398564615361
Ge-69,32,37,69,0,8680.964,8664.79345,8671.364400000002,8355.65108352468,8680.696686405174
As-69,33,36,69,4,8611.8214,8614.668599999999,8629.988058333332,8307.775410134383,8615.696441592825
Se-69,34,35,69,3,8503.7082,8482.034275,8495.064158333333,8265.202346819944,8501.649155828625
Br-69,35,34,69,2,8344.9026,8340.627775,8360.782966666666,8166.121802404063,8341.415777207192
Kr-69,36,33,69,1,8129.0,8149.710333333333,8106.76555,8032.7791141819,8105.0655
Cr-70,24,46,70,1,7884.0,8028.0,7874.5,8034.59863892665,7884.0
Mn-70,25,45,70,0,8084.0,8084.5,8084.5,8130.448663935516,8083.751171264967
Fe-70,26,44,70,4,8308.0,8291.6836,8293.583441666666,8249.842711731722,8308.69183295897
Co-70,27,43,70,3,8434.198,8436.571625,8445.389875,8327.611418389582,8431.586580494766
Ni-70,28,42,70,2,8604.2917,8583.277,8587.509841666666,8415.936083456365,8605.935733264401
Cu-70,29,41,70,1,8646.8655,8650.1396,8661.831491666666,8391.467541849875,8650.373743078479
Zn-70,30,40,70,0,8729.8086,8715.074175,8718.715499999998,8423.543200696518,8730.972899454584
Ga-70,31,39,70,4,8709.2808,8703.587925,8713.550516666666,8385.341156874878,8703.682030104135
Ge-70,32,38,70,3,8721.7028,8702.09945,8706.898299999999,8440.569161083265,8721.148137553737
As-70,33,37,70,2,8621.5541,8621.287225,8631.638175,8365.421204228685,8620.932858898923
Se-70,34,36,70,1,8576.0338,8553.705675000001,8562.843241666666,8301.473692919539,8582.609763937859
Br-70,35,35,70,0,8414.7964,8395.28795,8413.941666666666,8155.638338808833,8400.919995524508
Kr-70,36,34,70,4,8256.0,8231.555475,8231.555475000001,8095.585548381194,8231.58667869339
Mn-71,25,46,71,3,8030.0,8032.25,8032.25,8116.34854093733,8030.078396668403
Fe-71,26,45,71,2,8235.0,8222.0,8225.784266666666,8215.865261493873,8236.102203151537
Co-71,27,44,71,1,8398.7344,8406.4045,8416.679991666664,8287.96537435187,8402.154196518126
Ni-71,28,43,71,0,8543.1564,8525.369075,8528.984099999998,8344.268342398993,8542.721432082304
Cu-71,29,42,71,4,8635.0233,8639.967825,8651.472099999999,8382.385757200258,8637.42217719849
Zn-71,30,41,71,3,8689.0417,8676.25785,8680.443691666667,8453.278539660652,8692.656266638072
Ga-71,31,40,71,2,8717.605,8720.002075,8730.577449999999,8458.800545470329,8717.885077994755
Ge-71,32,39,71,1,8703.3118,8688.91835,8694.142116666666,8407.05847870031,8702.366908565928
As-71,33,38,71,0,8663.935,8666.906074999999,8678.86615,8345.943509112167,8662.757834818913
Se-71,34,37,71,4,8586.0606,8569.5335,8576.91158333333,8296.819023853706,8588.498594168652
Br-71,35,36,71,3,8481.4629,8479.583999999999,8498.399233333334,8252.705575123453,8479.815841285443
Kr-71,36,35,71,2,8327.131,8301.495275,8315.148024999999,8154.736572774215,8319.937567847011
Rb-71,37,34,71,1,8118.0,8280.54105,8164.4927,8024.012177300754,8161.887999999999
Mn-72,25,47,72,1,7955.0,8102.5,7981.0,8044.962295562553,7959.0
Fe-72,26,46,72,0,8195.0,8179.0,8182.166666666666,8196.61376338244,8195.520372826997
Co-72,27,45,72,4,8338.0,8341.462725,8350.559183333335,8238.794766424682,8340.51244107857
Ni-72,28,44,72,3,8520.2118,8501.149,8503.930216666668,8374.922310905182,8521.048821143822
Cu-72,29,43,72,2,8586.5256,8589.982675,8599.738675,8395.451970258631,8588.30497936791
Zn-72,30,42,72,1,8691.8053,8675.36515,8678.199508333335,8427.900427935505,8691.732455428853
Ga-72,31,41,72,0,8687.0893,8691.635025,8701.12885,8386.372392016288,8694.170885120155
Ge-72,32,40,72,4,8731.7459,8713.5297,8717.131466666666,8413.38092750912,8732.024643442186
As-72,33,39,72,3,8660.3786,8661.606749999999,8671.025233333334,8400.216168725647,8661.174448573971
Se-72,34,38,72,2,8644.4902,8623.941149999999,8628.315858333333,8384.057032159068,8644.043226476184
Br-72,35,37,72,1,8511.3126,8511.1508,8525.02195,8255.72154328492,8519.878639792289
Kr-72,36,36,72,0,8429.3193,8393.896,8405.207875,8179.106706378984,8418.578037160425
Rb-72,37,35,72,4,8202.0,8270.2811,8245.886999999999,8051.565512382212,8256.660301301235
Mn-73,25,48,73,4,7895.0,8053.0,7930.0,8030.771669743181,7905.0
Fe-73,26,47,73,3,8121.0,8106.25,8106.25,8155.090873131646,8109.020666319626
Co-73,27,46,73,2,8302.0,8305.9336,8316.037608333334,8245.51746577416,8301.26804290734
Ni-73,28,45,73,1,8457.6529,8442.929925,8447.023408333334,8306.311227273713,8458.64851794373
Cu-73,29,44,73,0,8568.5699,8573.267475,8583.861183333333,8354.277668605655,8569.333653831492
Zn-73,30,43,73,4,8648.3455,8632.80825,8636.119266666665,8386.625906600526,8645.35429900697
Ga-73,31,42,73,3,8693.874,8698.841975,8708.966916666666,8452.275319199027,8696.21152168235
Ge-73,32,41,73,2,8705.05,8691.503175,8695.341825,8453.531577699747,8707.008624229627
As-73,33,40,73,1,8689.6099,8696.0678,8707.002483333334,8398.573505117756,8692.25217492872
Se-73,34,39,73,0,8641.5591,8627.228650000001,8631.708975000001,8335.559162709913,8643.311253029864
Br-73,35,38,73,4,8568.0803,8571.66045,8585.220508333334,8285.331798410682,8571.120533561232
Kr-73,36,37,73,3,8460.1847,8443.398949999999,8455.497833333331,8239.684272872408,8462.57523245828
Rb-73,37,36,73,2,8305.0821,8304.148874999999,8310.803575,8142.787653809581,8294.279184493518
Sr-73,38,35,73,1,8102.0,8249.255799999999,8116.9867,8014.612694489655,8157.1044
Fe-74,26,48,74,1,8076.0,8057.5,8057.5,8116.322562010585,8060.944612181156
Co-74,27,47,74,0,8239.0,8239.75,8250.516683333331,8190.833052142236,8241.02283336863
Ni-74,28,46,74,4,8433.0,8413.822975,8416.800199999998,8291.391416518929,8431.416694497879
Cu-74,29,45,74,3,8521.5633,8520.0696,8529.754283333332,8359.741469860843,8520.056382224499
Zn-74,30,44,74,2,8642.7547,8625.8513,8629.248666666666,8432.084602755265,8642.8685675598
Ga-74,31,43,74,1,8663.1676,8663.892899999999,8672.213208333333,8396.278656216691,8660.292851536733
Ge-74,32,42,74,0,8725.2011,8707.932775,8710.856216666667,8415.642465401128,8725.419166059848
As-74,33,41,74,4,8680.002,8681.789925,8690.853033333333,8373.303715211476,8679.817481707414
Se-74,34,40,74,3,8687.7155,8668.306975,8671.543083333332,8418.395965734244,8687.954087949058
Br-74,35,39,74,2,8583.5615,8585.54865,8595.452324999998,8342.401049644543,8585.569385493302
Kr-74,36,38,74,1,8533.039,8513.620875,8521.856325,8275.73976780973,8538.814155740487
Rb-74,37,37,74,0,8381.7123,8361.2281,8367.260075,8134.34268744886,8353.431535923195
Sr-74,38,36,74,4,8221.0,8262.6705,8242.401375000001,8074.140333408818,8258.003451795399
Fe-75,26,49,75,4,7996.0,8126.0,7998.5,8070.405435766384,8007.0
Co-75,27,48,75,3,8197.0,8199.5,8208.479158333334,8188.955024984978,8198.636274828961
Ni-75,28,47,75,2,8369.0,8353.063675,8358.738225000001,8271.038483266306,8370.63049015864
Cu-75,29,46,75,1,8495.0801,8498.773375,8509.085166666666,8321.565561295045,8494.234493760754
Zn-75,30,45,75,0,8592.4981,8581.109925,8585.787699999999,8361.916905291433,8595.403410675919
Ga-75,31,44,75,4,8660.7565,8663.81395,8673.566408333332,8388.986994478662,8659.55850899371
Ge-75,32,43,75,3,8695.6096,8680.516025,8683.949949999998,8449.663034010271,8694.176413597672
As-75,33,42,75,2,8700.8748,8705.567,8715.653208333333,8447.028931602075,8700.652070100508
Se-75,34,41,75,1,8678.9139,8663.033725000001,8667.083308333335,8389.253854846507,8676.992222427016
Br-75,35,40,75,0,8627.6497,8632.8527,8644.136266666668,8324.55962481597,8628.775319335355
Kr-75,36,39,75,4,8553.4399,8536.699825,8543.789608333333,8273.359065316357,8553.74058660142
Rb-75,37,38,75,3,8448.2762,8442.347525000001,8459.361666666668,8226.180689129296,8442.16090432661
Sr-75,38,37,75,2,8296.5116,8273.157775,8274.785075,8130.319664514859,8271.305440955624
Y-75,39,36,75,1,8089.0,8249.5,8138.06955,8004.632502197188,8139.2212
Fe-76,26,50,76,2,7943.0,8079.0,7941.5,8035.484214348375,7957.0
Co-76,27,49,76,1,8131.0,8126.0,8126.0,8119.395813680259,8123.603748047892
Ni-76,28,48,76,0,8338.0,8319.812525,8327.117383333334,8246.333200312689,8345.533104943874
Cu-76,29,47,76,4,8443.6018,8443.809125,8454.359675,8276.444705131647,8445.606084479292
Zn-76,30,46,76,3,8582.2735,8564.651375,8567.867283333333,8398.698016424598,8580.566999876964
Ga-76,31,45,76,2,8624.5272,8625.949825,8635.351175,8409.17720931824,8627.76834623939
Ge-76,32,44,76,1,8705.2364,8688.400024999999,8691.210158333331,8426.610131530102,8704.381675972118
As-76,33,43,76,0,8682.8172,8686.044600000001,8694.9938,8378.687983345255,8684.227488403287
Se-76,34,42,76,4,8711.4781,8693.3012,8695.922933333333,8396.750727809374,8710.782807268492
Br-76,35,41,76,3,8635.883,8635.31795,8644.813941666667,8378.87686573648,8632.475320737114
Kr-76,36,40,76,2,8608.8077,8589.8167,8593.917099999999,8357.423857826137,8608.794757163361
Rb-76,37,39,76,1,8486.2161,8482.35555,8497.620941666664,8231.741879506975,8491.245743923158
Sr-76,38,38,76,0,8393.9294,8361.843325,8361.779758333334,8154.179276736976,8361.04436639465
Y-76,39,37,76,4,8173.0,8240.170533333332,8214.73995,8031.8066697183485,8224.709299517432
Co-77,27,50,77,4,8082.0,8126.0,8091.25,8105.375578013738,8091.891825937563
Ni-77,28,49,77,3,8272.0,8251.167375,8259.536883333332,8218.437851761113,8269.491224455469
Cu-77,29,48,77,2,8411.2501,8415.349525,8428.245833333332,8292.848070726006,8418.642157277967
Zn-77,30,47,77,1,8530.0037,8515.946675000001,8520.947183333335,8334.041799886267,8528.49815047675
Ga-77,31,46,77,0,8613.3907,8617.691525,8627.844625,8367.424653966402,8615.30788066905
Ge-77,32,45,77,4,8671.0293,8657.130425,8661.690641666666,8389.656906875893,8672.214249653918
As-77,33,44,77,3,8695.9789,8700.1339,8709.676941666665,8445.600754110339,8695.710813371314
Se-77,34,43,77,2,8694.6908,8679.8207,8683.070808333332,8439.412132643649,8694.802698737989
Br-77,35,42,77,1,8666.8073,8671.990475,8682.150491666667,8379.178138527806,8666.52526309094
Kr-77,36,41,77,0,8616.837,8601.196775,8606.11445,8312.999706177654,8616.295771556846
Rb-77,37,40,77,4,8537.3396,8539.580275,8553.188325000001,8260.941510742538,8541.453226448868
Sr-77,38,39,77,3,8435.9188,8413.895875,8426.044966666665,8212.233022328506,8431.88237646458
Y-77,39,38,77,2,8278.0,8273.42705,8279.564816666667,8117.37297347012,8263.631780927244
Zr-77,40,37,77,1,8075.0,8220.0,8094.16825,7994.118220852052,8138.848099999999
Co-78,27,51,78,2,7997.0,8140.5,8038.5,8051.428298924327,8023.0
Ni-78,28,50,78,1,8238.0,8207.2345,8215.100525000002,8179.316974402231,8222.493405432984
Cu-78,29,49,78,0,8354.6695,8353.046075,8364.976616666667,8235.978222261125,8355.040189052796
Zn-78,30,48,78,4,8507.38,8493.28545,8498.593691666665,8320.579553229469,8512.898841248418
Ga-78,31,47,78,3,8577.1043,8574.373575,8584.239666666666,8380.393475591405,8574.838624959777
Ge-78,32,46,78,2,8671.6636,8655.70375,8659.101208333333,8439.220287964468,8673.377191466629
As-78,33,45,78,1,8673.876,8675.1803,8684.107183333334,8394.394342493282,8674.391222151167
Se-78,34,44,78,0,8717.8072,8701.4667,8703.698991666668,8403.136966947113,8717.714268114696
Br-78,35,43,78,4,8661.9594,8666.335224999999,8675.0678,8357.49475632819,8664.91976499851
Kr-78,36,42,78,3,8661.2385,8642.4213,8645.412641666666,8393.40653961796,8660.193069192674
Rb-78,37,41,78,2,8558.3512,8559.646225,8569.586741666666,8316.911227172544,8560.615029755338
Sr-78,38,40,78,1,8500.0971,8481.661100000001,8489.670908333334,8248.423819633519,8505.200218214817
Y-78,39,39,78,0,8349.0,8332.548675,8338.0239,8111.1369616738175,8323.458346338928
Zr-78,40,38,78,4,8194.0,8236.333333333334,8218.2667,8050.914384186132,8234.180532329676
Ni-79,28,51,79,4,8150.0,8128.75,8128.75,8136.146282976735,8130.921603331599
Cu-79,29,50,79,3,8320.938,8314.44895,8327.228791666668,8243.975010972437,8308.101651360434
Zn-79,30,49,79,2,8450.5825,8436.263475,8442.421566666664,8311.314422892288,8451.328179260465
Ga-79,31,48,79,1,8556.0725,8557.92475,8569.513058333334,8344.015002557586,8559.18555440655
Ge-79,32,47,79,0,8634.5089,8620.018675,8625.361625000001,8371.010521733035,8634.257546486368
As-79,33,46,79,4,8676.6172,8681.62845,8691.3491,8388.800871245438,8679.545824264911
Se-79,34,45,79,3,8695.5923,8683.055175,8686.463583333334,8440.22860034715,8697.29490468004
Br-79,35,44,79,2,8687.5956,8693.372775,8702.619725,8430.786745773219,8688.657277116343
Kr-79,36,43,79,1,8657.113,8643.32325,8646.829774999998,8368.416065525103,8657.982130842305
Rb-79,37,42,79,0,8601.1401,8605.67215,8616.212375,8300.928349708924,8601.660784399557
Sr-79,38,41,79,4,8523.8558,8508.9751,8516.391124999998,8248.115756116245,8526.133997157083
Y-79,39,40,79,3,8416.7788,8412.25005,8429.000341666666,8197.875893301034,8412.54487083793
Zr-79,40,39,79,2,8267.0,8242.537975,8243.378075,8103.984193207516,8238.419275068547
Nb-79,41,38,79,1,8066.0,8221.0,8113.50555,7983.11189879024,8117.0111
Ni-80,28,52,80,2,8088.0,8119.333333333333,8077.69125,8115.362819703583,8086.5
Cu-80,29,51,80,1,8246.0,8241.148925,8252.6443,8176.673498812232,8240.627658096482
Zn-80,30,50,80,0,8423.5457,8403.198274999999,8408.011849999999,8282.67014314732,8413.328155842515
Ga-80,31,49,80,4,8508.4545,8507.348725,8518.286883333334,8302.654722012929,8510.281385345239
Ge-80,32,48,80,3,8627.5707,8609.887475,8615.571791666665,8412.427589707668,8628.190986990654
As-80,33,47,80,2,8651.2824,8651.45,8661.070391666668,8414.500657968081,8651.948694836148
Se-80,34,46,80,1,8710.8142,8695.89205,8698.471849999998,8419.601487116002,8711.974612834096
Br-80,35,45,80,0,8677.6541,8680.7169,8688.579541666668,8366.520277435468,8678.666719171186
Kr-80,36,44,80,4,8692.9301,8676.25585,8678.359366666667,8377.027242038916,8693.218524061494
Rb-80,37,43,80,3,8611.676,8612.561549999999,8620.609058333332,8354.693128742376,8610.352752459396
Sr-80,38,42,80,2,8578.5966,8560.714825,8564.440791666666,8328.8203856802,8578.311880658177
Y-80,39,41,80,1,8454.2759,8449.320975,8463.166933333334,8205.988473276948,8458.822419029124
Zr-80,40,40,80,0,8365.0,8331.06135,8331.201491666667,8127.816946243368,8330.324551276582
Nb-80,41,39,80,4,8151.0,8211.0,8183.27185,8010.0815092604025,8191.104425107724
Ni-81,28,53,81,0,8000.0,8129.0,8009.0,8085.823728792946,8028.0
Cu-81,29,52,81,4,8185.0,8188.513875000001,8188.513875000001,8163.1258545988685,8186.703244560125
Zn-81,30,51,81,3,8351.9262,8335.907975,8341.681475,8265.949811648556,8347.582746454877
Ga-81,31,50,81,2,8483.3576,8478.987625,8489.687549999999,8326.761614282552,8474.950872146674
Ge-81,32,49,81,1,8580.6587,8564.681225,8571.080241666667,8351.727387243922,8580.222767021796
As-81,33,48,81,0,8648.0571,8649.2598,8660.977925000001,8372.8592734284,8649.94536167296
Se-81,34,47,81,4,8685.9998,8671.9815,8676.372524999999,8386.564683511384,8685.062652846429
Br-81,35,46,81,3,8695.9465,8700.617600000001,8709.803766666668,8433.670419045911,8697.541270004735
Kr-81,36,45,81,2,8682.8206,8669.481025,8671.858016666665,8421.24631759645,8682.414219096452
Rb-81,37,44,81,1,8645.5139,8651.252124999999,8660.333341666666,8357.02965277542,8645.458021401886
Sr-81,38,43,81,0,8587.3545,8575.803899999999,8579.642633333333,8288.389391677121,8589.341934952816
Y-81,39,42,81,4,8505.9031,8508.624775,8520.976566666668,8234.914853047725,8509.534003847984
Zr-81,40,41,81,3,8395.1519,8380.4189,8390.817266666669,8183.1407530291535,8396.9495165256
Nb-81,41,40,81,2,8248.0,8243.247225,8248.932325,8090.186606578191,8233.141171200488
Mo-81,42,39,81,1,8054.0,8192.5,8070.834,7971.651562069817,8106.668
Ni-82,28,54,82,3,7935.0,8066.0,7927.5,8057.541114886934,7938.0
Cu-82,29,53,82,2,8108.0,8109.25,8109.25,8123.924293173325,8108.12675689745
Zn-82,30,52,82,1,8301.1175,8288.030325,8292.965066666668,8227.134579941612,8306.157942092806
Ga-82,31,51,82,0,8421.0494,8418.062975,8427.997066666667,8268.760543208613,8417.710039126057
Ge-82,32,50,82,4,8563.7567,8544.026675000001,8549.649499999998,8339.74234252127,8557.497212550305
As-82,33,49,82,3,8611.4153,8609.6089,8620.280083333333,8391.722757782927,8611.259101131775
Se-82,34,48,82,2,8693.1973,8677.7625,8683.296033333334,8439.030587086381,8696.165260520165
Br-82,35,47,82,1,8682.4953,8682.6782,8691.751591666667,8387.054188127073,8683.788084570444
Kr-82,36,46,82,0,8710.6754,8695.3858,8697.048116666665,8386.8684502178,8711.045552888962
Rb-82,37,45,82,4,8647.4275,8652.28215,8659.652208333333,8338.585446138402,8649.626465595758
Sr-82,38,44,82,3,8635.719,8618.8202,8620.884108333332,8366.086590460114,8635.63520656081
Y-82,39,43,82,2,8529.2762,8529.452825,8537.848633333331,8289.355357429107,8530.309863660548
Zr-82,40,42,82,1,8465.4666,8449.730524999999,8457.003291666668,8219.767005571723,8474.273273431154
Nb-82,41,41,82,0,8312.0,8299.52705,8304.10005,8086.306507963345,8292.380029357695
Mo-82,42,40,82,4,8163.0,8205.333333333334,8180.39125,8026.1687920385775,8192.392397742822
Cu-83,29,54,83,0,8044.0,8097.0,8051.031,8116.139226025455,8049.345992971915
Zn-83,30,53,83,4,8226.0,8214.362799999999,8215.509141666667,8186.674612223715,8218.766752002513
Ga-83,31,52,83,3,8372.5756,8375.89205,8386.517933333334,8284.700602348905,8378.135242001232
Ge-83,32,51,83,2,8504.3462,8487.853875,8493.660199999998,8339.47581376756,8501.5161364791
As-83,33,50,83,1,8599.654,8595.3981,8606.579174999999,8357.392943720813,8591.307819637517
Se-83,34,49,83,0,8658.556,8644.76225,8651.024141666667,8373.13430284115,8659.881239695125
Br-83,35,48,83,4,8693.3852,8695.045925,8706.810833333333,8383.077407976161,8697.65626521515
Kr-83,36,47,83,3,8695.7295,8685.0259,8688.858191666668,8426.036022560414,8698.627478105935
Rb-83,37,46,83,2,8675.2193,8682.786025,8690.696408333333,8410.874006646232,8676.938695564124
Sr-83,38,45,83,1,8638.4076,8624.570625,8626.431491666666,8345.074243018049,8636.95391084837
Y-83,39,44,83,0,8573.6571,8579.7002,8588.696141666667,8275.422207168273,8574.431460328584
Zr-83,40,43,83,4,8488.3997,8476.605950000001,8482.196183333333,8221.368707096739,8490.816424070023
Nb-83,41,42,83,3,8378.9889,8378.044575,8392.50435,8168.056235486868,8378.50947052388
Mo-83,42,41,83,2,8234.0,8211.833,8212.653675000001,8076.0105358726305,8209.674572366866
Tc-83,43,40,83,1,8043.0,8189.0,8080.12755,7959.771685985724,8082.2551
Cu-84,29,55,84,3,7965.0,8099.0,7984.0,8070.376792691335,7970.0
Zn-84,30,54,84,2,8171.0,8157.67155,8158.333108333333,8177.539878003638,8163.246225316375
Ga-84,31,53,84,1,8307.525,8307.704575,8316.674766666667,8219.971436519574,8309.133912512922
Ge-84,32,52,84,0,8465.5244,8450.48685,8455.106583333334,8308.10175902176,8468.026554603575
As-84,33,51,84,4,8547.9385,8545.696875,8556.287691666665,8319.532827908406,8545.301605751065
Se-84,34,50,84,3,8658.7935,8637.066575,8642.621691666664,8417.962368997822,8648.896296918765
Br-84,35,49,84,2,8671.3294,8667.995125000001,8678.183608333333,8412.956669911704,8669.868670774988
Kr-84,36,48,84,1,8717.4473,8703.382925,8708.557741666667,8407.91635108222,8723.164277882455
Rb-84,37,47,84,0,8676.2244,8678.944425,8687.449566666666,8350.667512963983,8680.907358028615
Sr-84,38,46,84,4,8677.5132,8661.885875,8662.854491666667,8354.753153590438,8677.247677999032
Y-84,39,45,84,3,8587.7812,8592.538125,8599.511991666666,8328.145218775386,8589.241778396312
Zr-84,40,44,84,2,8549.0301,8531.721925,8533.840033333332,8298.561836847453,8547.519683919028
Nb-84,41,43,84,1,8417.9563,8415.9887,8426.928475,8178.732573138332,8422.35568560298
Mo-84,42,42,84,0,8325.0,8297.9266,8297.553458333332,8100.225031102,8298.33309971758
Tc-84,43,41,84,4,8120.0,8180.333333333333,8150.3331,7986.680444241068,8157.15486658326
Zn-85,30,55,85,0,8090.0,8124.333333333333,8086.7869,8142.8456502349745,8098.157402733093
Ga-85,31,54,85,4,8253.5687,8255.5514,8261.199558333334,8207.11151364335,8253.487457354575
Ge-85,32,53,85,3,8401.7689,8388.398175,8393.135008333335,8300.526967796033,8402.403791351708
As-85,33,52,85,2,8510.9851,8515.213225,8526.072366666667,8349.710498364455,8517.202427909786
Se-85,34,51,85,1,8610.3045,8591.9881,8597.574975,8361.201305535104,8604.717978277711
Br-85,35,50,85,0,8673.5926,8667.529675,8678.592483333334,8371.980548131956,8662.128536158187
Kr-85,36,49,85,4,8698.5633,8684.811075,8691.295708333333,8378.453646671109,8697.588780783954
Rb-85,37,48,85,3,8697.4416,8703.026875,8714.208025,8417.423074894252,8706.043186355897
Sr-85,38,47,85,2,8675.7193,8664.5744,8668.377408333334,8399.743958184205,8679.94524357231
Y-85,39,46,85,1,8628.1486,8635.016925,8642.781625,8332.599366412387,8629.331014902467
Zr-85,40,45,85,0,8564.0394,8550.514625,8553.238641666667,8262.062259883562,8563.049796860247
Nb-85,41,44,85,4,8473.7117,8478.6236,8489.3131,8207.504442124751,8476.658053231973
Mo-85,42,43,85,3,8361.332,8348.595150000001,8357.428133333331,8152.648464072411,8364.291172904392
Tc-85,43,42,85,2,8215.0,8212.186225,8212.186225,8061.483663539704,8207.149969854243
Ru-85,44,41,85,1,8027.0,8160.5,8033.812,7947.503601110496,8061.624
Zn-86,30,56,86,3,8032.0,8147.5,8026.44125,8126.125030241405,8040.8825
Ga-86,31,55,86,2,8182.0,8183.13125,8188.047916666666,8180.166955507978,8182.501803649797
Ge-86,32,54,86,1,8354.63,8342.2363,8344.751633333333,8262.530906727807,8355.309382838837
As-86,33,53,86,0,8456.7215,8457.44985,8466.375783333333,8291.413983119046,8457.595558682839
Se-86,34,52,86,4,8581.8224,8567.6734,8572.619633333332,8350.693996735685,8587.359144777965
Br-86,35,51,86,3,8632.3659,8630.16645,8641.077291666666,8395.406655808523,8630.192987048022
Kr-86,36,50,86,2,8712.0295,8689.718525,8695.180983333334,8432.830452844093,8699.11667880895
Rb-86,37,49,86,1,8696.9014,8690.28485,8700.977908333334,8375.227262369752,8691.945925609201
Sr-86,38,48,86,0,8708.4566,8695.598925,8701.198191666666,8367.497793363507,8717.731309411223
Y-86,39,47,86,4,8638.4293,8642.42365,8650.624891666668,8317.106279205527,8643.277071849474
Zr-86,40,46,86,3,8614.0523,8598.742625,8600.251966666667,8336.823882918019,8613.818631870241
Nb-86,41,45,86,2,8502.2231,8504.205324999999,8512.024433333334,8260.05973134505,8502.889651499278
Mo-86,42,44,86,1,8434.7175,8417.591325,8422.866883333332,8189.968399530703,8438.892144976107
Tc-86,43,43,86,0,8280.0,8268.04145,8272.572758333334,8060.086770187083,8262.027040328234
Ru-86,44,42,86,4,8133.0,8256.5,8145.6158,8000.119774181573,8186.231599999999
Ga-87,31,56,87,0,8124.0,8173.856233333333,8134.2809,8166.271411620069,8134.521285207815
Ge-87,32,55,87,4,8285.0,8273.942224999999,8274.585566666667,8224.719733490998,8278.646491093521
As-87,33,54,87,3,8413.8521,8416.1549,8423.789625,8313.694949131208,8412.153767284646
Se-87,34,53,87,2,8529.092,8516.51345,8521.186358333332,8357.690846675801,8531.254604940517
Br-87,35,52,87,1,8605.9105,8610.761274999999,8621.808033333331,8363.321013938761,8613.88270643722
Kr-87,36,51,87,0,8675.284,8656.715100000001,8662.811058333333,8369.526951239059,8669.189675928417
Rb-87,37,50,87,4,8710.9843,8701.5641,8712.886716666666,8372.795455219546,8694.39064482906
Sr-87,38,49,87,3,8705.2363,8690.270825,8697.508324999999,8407.91868561195,8703.897869835126
Y-87,39,48,87,2,8674.8451,8679.162525,8691.1451,8387.92246867053,8685.147103743006
Zr-87,40,47,87,1,8623.6545,8612.064125,8615.883916666668,8319.649472821426,8627.72075580224
Nb-87,41,46,87,0,8551.7579,8557.122775,8565.446066666666,8248.341572441239,8552.345885503291
Mo-87,42,45,87,4,8462.4243,8449.593499999999,8453.454333333333,8193.346714801952,8462.722749939041
Tc-87,43,44,87,3,8347.7449,8349.573325000001,8362.567141666666,8136.941318655327,8347.46190966582
Ru-87,44,43,87,2,8201.0,8184.344,8184.344,8046.631311810138,8184.147507339928
Ga-88,31,57,88,3,8050.0,8171.5,8069.2375,8132.619038867934,8056.475
Ge-88,32,56,88,2,8236.0,8222.9075,8222.926899999999,8225.161022389897,8228.235698611288
As-88,33,55,88,1,8351.0,8354.25035,8361.573383333332,8251.769760256899,8353.187776984885
Se-88,34,54,88,0,8495.0045,8480.555475,8482.850349999997,8324.56341914892,8493.348121822832
Br-88,35,53,88,4,8563.7479,8563.61505,8572.779283333333,8328.728049893101,8564.52151429386
Kr-88,36,52,88,3,8656.8499,8643.34735,8648.800716666667,8416.751624514767,8663.494841795362
Rb-88,37,51,88,2,8681.1154,8677.408650000001,8688.928983333335,8405.749158643457,8678.260609771802
Sr-88,38,50,88,1,8732.5958,8707.36405,8714.1171,8392.373774108899,8715.211582784907
Y-88,39,49,88,0,8682.5396,8677.607475,8688.505883333331,8331.760756883166,8679.84592346332
Zr-88,40,48,88,4,8666.0339,8653.921425,8659.629108333334,8330.359890479125,8675.36136197844
Nb-88,41,47,88,3,8572.4013,8576.059925,8584.570008333332,8299.618560556655,8577.184912133942
Mo-88,42,46,88,2,8523.9087,8508.519925,8510.813908333334,8266.905122051761,8523.739212943536
Tc-88,43,45,88,1,8389.8338,8391.540075,8402.072841666668,8150.197436641073,8395.145028478228
Ru-88,44,44,88,0,8298.0,8269.878325,8268.963941666667,8071.575351519665,8270.409544672817
Rh-88,45,43,88,4,8090.0,8227.5,8128.28945,7961.843222674405,8134.5789
Ge-89,32,57,89,0,8161.0,8191.666666666667,8156.61555,8186.708847720905,8166.5557650254295
As-89,33,56,89,4,8304.0,8308.654825,8314.141741666666,8239.75138142578,8306.54674990672
Se-89,34,55,89,3,8435.2799,8423.279175,8425.867533333334,8324.441460053386,8436.487165867384
Br-89,35,54,89,2,8530.7802,8533.524775,8541.315916666666,8363.61745656109,8528.980365461031
Kr-89,36,53,89,1,8614.8158,8603.0775,8608.300025,8363.90228082572,8618.343257835644
Rb-89,37,52,89,0,8664.1895,8667.85015,8679.698941666667,8365.888541292117,8672.798894416037
Sr-89,38,51,89,4,8705.923,8685.90135,8693.109658333333,8366.193967054724,8697.878568075825
Y-89,39,50,89,3,8714.011,8700.588225,8712.539583333331,8397.600762815844,8694.114286138374
Zr-89,40,49,89,2,8673.3865,8658.2215,8664.751583333335,8375.468976209037,8671.869434416942
Nb-89,41,48,89,1,8616.8184,8621.42965,8632.789741666667,8306.2645567609,8625.622669147853
Mo-89,42,47,89,0,8544.9851,8532.95355,8537.327675,8234.289130303876,8548.32071461381
Tc-89,43,46,89,4,8450.5758,8454.51945,8464.081258333332,8178.917987105783,8452.606361632232
Ru-89,44,45,89,3,8340.376,8321.940625,8328.93025,8120.956669063577,8336.042010490797
Rh-89,45,44,89,2,8189.0,8246.333333333334,8213.33725,8031.476687287545,8216.032940041125
Ge-90,32,58,90,3,8109.0,8212.5,8102.685,8179.561185843255,8117.370000000001
As-90,33,57,90,2,8240.0,8241.95955,8247.036708333333,8222.98135473567,8240.44456131955
Se-90,34,56,90,1,8395.7672,8382.732175,8384.434783333334,8287.670008300498,8396.092715376371
Br-90,35,55,90,0,8478.1865,8481.422999999999,8488.581633333331,8305.695302558372,8479.42703264513
Kr-90,36,54,90,4,8591.2599,8576.966799999998,8579.26633333333,8354.861601625342,8590.037286157189
Rb-90,37,53,90,3,8631.5262,8632.3074,8641.826275,8392.766803473092,8635.561131337265
Sr-90,38,52,90,2,8696.0043,8682.658599999999,8689.226533333333,8421.657328486603,8703.61612882154
Y-90,39,51,90,1,8693.3778,8685.841725,8697.395250000001,8359.680504337717,8686.143677749427
Zr-90,40,50,90,0,8709.9699,8685.905375,8691.942091666668,8345.550223364,8692.323543540138
Nb-90,41,49,90,4,8633.377,8630.447375,8640.829158333334,8293.481573110977,8631.546402778515
Mo-90,42,48,90,3,8597.0285,8583.778525,8589.383075000002,8305.931533824429,8604.562257219963
Tc-90,43,47,90,2,8483.36,8485.3229,8494.217225,8229.290907487195,8487.617001022687
Ru-90,44,46,90,1,8409.7684,8395.337449999999,8400.771583333331,8159.193739307956,8415.396252904984
Rh-90,45,45,90,0,8254.0,8246.699274999999,8251.161124999999,8032.673702729891,8239.543435555825
Pd-90,46,44,90,4,8113.0,8232.284749999999,8119.7279,7972.9479065451405,8159.4558
As-91,33,58,91,0,8189.0,8234.333333333334,8196.82395,8204.418880422794,8194.533872266376
Se-91,34,57,91,4,8334.8382,8321.29805,8323.380691666667,8252.431508671316,8333.109916987454
Br-91,35,56,91,3,8441.9242,8446.205249999999,8453.621049999998,8332.978037606677,8442.690292397423
Kr-91,36,55,91,2,8541.7519,8530.133325,8532.732125,8367.669503533863,8541.529961886119
Rb-91,37,54,91,1,8607.5621,8611.319325,8619.186883333332,8363.079336904844,8608.461463390482
Sr-91,38,53,91,0,8663.8759,8652.956525000001,8658.878675,8361.168206560089,8669.829715579435
Y-91,39,52,91,4,8684.9421,8687.89975,8699.851008333335,8358.730775885899,8695.413351928655
Zr-91,40,51,91,3,8693.3149,8675.189525,8681.53775,8386.539166191496,8685.373748659624
Nb-91,41,50,91,2,8670.8983,8662.1761,8672.771433333332,8362.436906331159,8654.59954714028
Mo-91,42,49,91,1,8613.6286,8598.3289,8604.772308333333,8292.480692854815,8612.230687066534
Tc-91,43,48,91,0,8536.6558,8540.239125,8551.812175,8219.931230030574,8544.533908449892
Ru-91,44,47,91,4,8442.9287,8432.15495,8438.538316666665,8164.238763261959,8449.555824504263
Rh-91,45,46,91,3,8328.0,8327.290850000001,8332.271024999998,8104.714579865125,8320.111172832692
Pd-91,46,45,91,2,8183.0,8217.521233333333,8187.573350000001,8016.041095561721,8194.649731984446
As-92,33,59,92,3,8121.0,8232.5,8146.0,8180.882216011364,8129.0
Se-92,34,58,92,2,8290.0,8277.59145,8277.697016666665,8260.710143612558,8283.78139009336
Br-92,35,57,92,1,8384.9123,8389.5333,8396.001708333333,8274.02822272707,8385.740174971981
Kr-92,36,56,92,0,8512.675,8499.609199999999,8501.368633333332,8333.58519650525,8512.187252374177
Rb-92,37,55,92,4,8569.4225,8569.7075,8577.026249999999,8331.545677551912,8568.06838848756
Sr-92,38,54,92,3,8648.907,8636.57655,8639.446949999998,8409.94332522864,8650.662955794169
Y-92,39,53,92,2,8661.5894,8662.9203,8672.860891666665,8393.833904826024,8668.888416501586
Zr-92,40,52,92,1,8692.6783,8681.474625,8686.991116666668,8373.625209331383,8700.634223695508
Nb-92,41,51,92,0,8662.3731,8656.7507,8667.050666666666,8310.304681123718,8654.921837346397
Mo-92,42,50,92,4,8657.7312,8634.709775,8640.318983333333,8304.194328532587,8643.191626088543
Tc-92,43,49,92,3,8563.544,8559.29715,8569.856083333334,8269.42581956765,8560.826307227717
Ru-92,44,48,92,2,8504.774,8491.227925000001,8496.960175,8234.061673900216,8510.72874986922
Rh-92,45,47,92,1,8373.4211,8371.973925,8383.795774999999,8120.568441432043,8380.239951752128
Pd-92,46,46,92,0,8275.5695,8251.9208,8251.1901,8042.012723335688,8251.877882720817
Ag-92,47,45,92,4,8080.0,8210.5,8113.85485,7935.769504557084,8115.709699999999
Se-93,34,59,93,0,8225.0,8213.70955,8213.70955,8219.63498508805,8216.6178660177
Br-93,35,58,93,4,8345.5986,8350.314,8357.087258333333,8262.961523183512,8346.403161597047
Kr-93,36,57,93,3,8458.1085,8446.356225,8447.7578,8339.494039975976,8457.490648734958
Rb-93,37,56,93,2,8540.9209,8543.56705,8550.817291666666,8370.007434227578,8538.726447126419
Sr-93,38,55,93,1,8612.7875,8601.298175,8604.80455,8360.972434964668,8612.174232439784
Y-93,39,54,93,0,8648.9054,8651.403775,8659.351033333332,8355.458207231457,8650.890515950328
Zr-93,40,53,93,4,8671.6207,8661.849525,8666.65755,8350.479116873696,8678.151378022332
Nb-93,41,52,93,3,8664.1849,8668.280999999999,8678.742166666667,8374.796693403889,8672.23412397438
Mo-93,42,51,93,2,8651.4095,8633.36505,8639.4148,8348.874396989326,8644.761607661589
Tc-93,43,50,93,1,8608.5782,8600.185025,8611.032516666666,8278.330496339877,8594.241257125523
Ru-93,44,49,93,0,8531.4627,8516.586650000001,8523.176766666667,8205.291780624542,8529.345641507494
Rh-93,45,48,93,4,8434.8255,8437.456975,8449.896741666666,8149.327796464231,8444.230772285342
Pd-93,46,47,93,3,8318.5637,8305.85045,8305.641483333333,8088.233490506925,8305.849858900161
Ag-93,47,46,93,2,8175.0,8230.8565,8197.786325,8000.344130076516,8200.882494712838
Se-94,34,60,94,3,8180.0,8267.5,8171.68035,8220.385139093798,8184.2328
Br-94,35,59,94,2,8287.0,8289.97715,8296.1293,8254.611135608455,8286.795857359297
Kr-94,36,58,94,1,8424.3318,8412.3356,8413.4088,8304.270696070203,8424.560072889306
Rb-94,37,57,94,0,8492.7644,8496.378700000001,8502.122033333333,8313.001612196163,8492.072131787112
Sr-94,38,56,94,4,8593.8344,8578.9991,8581.186625000002,8353.380406726154,8589.58673314764
Y-94,39,55,94,3,8622.8068,8621.84905,8630.023458333335,8384.85627730926,8622.35817857969
Zr-94,40,54,94,2,8666.8016,8656.031325,8658.519825,8406.338903286343,8669.844280801697
Nb-94,41,53,94,1,8648.9014,8652.900450000001,8661.689325000001,8341.027632896126,8656.02622178
Mo-94,42,52,94,0,8662.3341,8649.648799999999,8655.007658333332,8321.447753660112,8668.790189453992
Tc-94,43,51,94,4,8608.7373,8604.32285,8614.896191666667,8268.054359475327,8603.643797023213
Ru-94,44,50,94,3,8583.662,8562.033975,8567.892441666667,8273.664970389838,8571.037231324923
Rh-94,45,49,94,2,8472.4033,8467.1345,8477.959491666665,8197.26869862086,8469.787292199167
Pd-94,46,48,94,1,8391.6832,8378.853925,8387.582408333332,8127.582065569078,8402.233451474653
Ag-94,47,47,94,0,8238.0,8232.4635,8236.39205,8004.231667068722,8226.687892738295
Cd-94,48,46,94,4,8102.0,8217.0,8107.0676,7944.80514951356,8139.7047
Se-95,34,61,95,1,8112.0,8204.5,8106.64865,8162.795191514781,8115.1618
Br-95,35,60,95,0,8245.0,8249.117675,8249.117675,8232.566585697155,8247.225122696513
Kr-95,36,59,95,4,8365.9963,8355.967325,8356.823033333332,8271.522111301405,8365.649816820303
Rb-95,37,58,95,3,8460.1967,8465.661,8471.721058333333,8344.159382717391,8461.175367875892
Sr-95,38,57,95,2,8549.0875,8536.706925,8538.257058333333,8370.775271711238,8545.19509850649
Y-95,39,56,95,1,8604.9644,8604.882425,8612.701966666667,8357.689565097402,8600.263526783565
Zr-95,40,55,95,0,8643.5924,8631.758125,8635.642499999998,8348.841471623826,8644.592854123977
Nb-95,41,54,95,4,8647.2133,8652.028225,8659.161383333334,8341.504879488752,8650.113547154386
Mo-95,42,53,95,3,8648.7212,8637.5677,8641.979649999997,8362.429926993094,8653.819453006936
Tc-95,43,52,95,2,8622.6911,8626.012675,8636.821391666666,8334.824922261092,8629.984904800358
Ru-95,44,51,95,1,8587.4706,8569.78835,8575.927658333334,8263.843520531427,8581.751592287528
Rh-95,45,50,95,0,8525.3707,8517.100774999999,8527.802183333331,8190.392565200173,8512.147829021666
Pd-95,46,49,95,4,8428.9807,8413.421900000001,8421.004433333334,8134.2022698076335,8427.032524284214
Ag-95,47,48,95,3,8315.0,8312.223825000001,8316.461966666666,8071.530374225733,8306.095401675539
Cd-95,48,47,95,2,8171.0,8205.7671,8187.864599999999,7984.4038388105655,8199.684601912311
Br-96,35,61,96,3,8184.0,8186.716125,8186.716125,8217.458753630975,8185.453262779803
Kr-96,36,60,96,2,8330.8721,8319.87975,8320.471875,8286.169812635513,8330.865121502113
Rb-96,37,59,96,1,8408.8963,8415.33475,8420.5674,8288.312088486224,8413.506188172521
Sr-96,38,58,96,0,8521.2041,8510.3078,8511.5072,8336.389775182472,8522.603836689103
Y-96,39,57,96,4,8569.4269,8568.307175,8575.237024999999,8329.030010795621,8563.717881933491
Zr-96,40,56,96,3,8635.3283,8619.075700000001,8621.785233333334,8398.456525114145,8629.488644432071
Nb-96,41,55,96,2,8628.8868,8630.972,8637.658258333333,8377.97778739063,8628.542082120359
Mo-96,42,54,96,1,8653.988,8642.110475,8643.688183333334,8352.194297853852,8654.35321846833
Tc-96,43,53,96,0,8614.8673,8617.935775,8626.5504,8286.707082556957,8619.548367889822
Ru-96,44,52,96,4,8609.413,8596.6405,8602.156725,8276.538208364156,8614.99425341971
Rh-96,45,51,96,3,8534.6735,8530.777,8541.117816666667,8237.823101342121,8530.944116493338
Pd-96,46,50,96,2,8490.0207,8468.541475,8474.630966666666,8200.20701728319,8477.1407957395
Ag-96,47,49,96,1,8360.2903,8354.74215,8367.373033333333,8090.00073094993,8359.151303015486
Cd-96,48,48,96,0,8259.0,8240.073825,8240.073825,8011.6599936123,8240.095937912545
In-96,49,47,96,4,8069.0,8200.5,8117.12525,7908.626878057421,8130.2505
Br-97,35,62,97,1,8140.0,8239.5,8158.550200000001,8180.024471725997,8144.401400000001
Kr-97,36,61,97,0,8269.8645,8263.931425,8264.605899999999,8243.401969077993,8271.647748953545
Rb-97,37,60,97,4,8376.1872,8383.027075,8388.3036,8278.275745867282,8379.358733923556
Sr-97,38,59,97,3,8471.8489,8464.530875,8465.812008333332,8347.12688816664,8477.869973443412
Y-97,39,58,97,2,8541.4616,8546.065175,8552.968691666667,8370.102595436494,8544.270014191292
Zr-97,40,57,97,1,8603.7182,8587.136475,8589.986108333334,8353.327928393941,8595.50482867673
Nb-97,41,56,97,0,8623.1384,8624.174149999999,8630.765925,8341.392710681268,8617.930220501134
Mo-97,42,55,97,4,8635.0926,8623.852725,8625.417716666663,8331.867479052393,8633.437415181312
Tc-97,43,54,97,3,8623.7254,8627.6509,8634.440866666666,8349.489964019285,8624.15629816219
Ru-97,44,53,97,2,8604.2799,8592.963725,8597.328041666666,8320.32783077068,8608.391790783096
Rh-97,45,52,97,1,8559.8949,8562.219875,8572.917483333333,8249.046601055048,8566.68338703742
Pd-97,46,51,97,0,8502.4303,8485.818500000001,8492.318658333334,8175.253468947667,8497.906948228823
Ag-97,47,50,97,4,8423.2121,8414.5226,8426.287033333332,8118.877955136986,8412.254063224644
Cd-97,48,49,97,3,8310.3013,8289.915925000001,8289.941725,8054.620878611636,8286.80293612248
In-97,49,48,97,2,8165.0,8281.5,8220.287,7968.236871774284,8237.574
Br-98,35,63,98,4,8078.0,8179.5,8093.24575,8149.513054525079,8081.0
Kr-98,36,62,98,3,8234.0,8225.043275,8225.043275,8250.630234060553,8227.257643940657
Rb-98,37,61,98,2,8330.7294,8331.448199999999,8336.187283333333,8276.85654315588,8328.205480031169
Sr-98,38,60,98,1,8445.7385,8436.571575,8437.259233333334,8313.712195121361,8447.846133002282
Y-98,39,59,98,0,8497.6162,8504.978975,8510.63125,8314.455398132035,8506.862329286321
Zr-98,40,58,98,4,8581.3984,8569.4706,8571.047275,8347.162757798806,8582.505463283393
Nb-98,41,57,98,3,8596.3016,8597.217875,8603.097650000002,8372.52272328284,8592.848778231992
Mo-98,42,56,98,2,8635.1691,8623.849875,8624.681408333334,8387.542235336205,8633.765258806397
Tc-98,43,55,98,1,8610.0047,8613.447875,8619.309775000002,8319.764697558297,8610.30342487769
Ru-98,44,54,98,0,8620.314,8608.1734,8610.177641666669,8295.532835889893,8620.426423867137
Rh-98,45,53,98,4,8560.8038,8563.01495,8571.582675000001,8241.104636666036,8565.15101713545
Pd-98,46,52,98,3,8533.8999,8522.0638,8527.824866666666,8240.23447372556,8540.107426457856
Ag-98,47,51,98,2,8441.6866,8436.522175,8447.0639,8164.175902396635,8437.87778782226
Cd-98,48,50,98,1,8378.2953,8355.9874,8364.001625,8095.2508269179025,8366.738817205221
In-98,49,49,98,0,8230.0,8217.5127,8217.5127,7974.899497989394,8212.079812738157
Kr-99,36,63,99,1,8175.0,8166.84325,8166.84325,8194.904565098574,8168.517331520043
Rb-99,37,62,99,0,8295.301,8297.140925,8302.393966666667,8252.31079464107,8293.093517451185
Sr-99,38,61,99,4,8402.5235,8391.683625,8393.345175,8283.368846490646,8399.077733777043
Y-99,39,60,99,3,8476.6938,8480.6593,8485.994008333331,8348.534309403683,8478.764499095716
Zr-99,40,59,99,2,8539.225,8533.91165,8535.699625000001,8368.106247381724,8547.852238573745
Nb-99,41,58,99,1,8578.9859,8586.008725,8592.166341666665,8347.975207322645,8582.941251323447
Mo-99,42,57,99,0,8607.7982,8599.857125,8600.470116666665,8333.179379413361,8607.346444803854
Tc-99,43,56,99,4,8613.6105,8617.8476,8623.7842,8321.62060916506,8613.35319670797
Ru-99,44,55,99,3,8608.7132,8597.70595,8599.625166666667,8336.023046774026,8608.255634388077
Rh-99,45,54,99,2,8580.1959,8582.997824999999,8590.177491666665,8305.418812025484,8580.702882438338
Pd-99,46,53,99,1,8537.9332,8527.2733,8531.810766666666,8233.964154948944,8541.958964518233
Ag-99,47,52,99,0,8474.7744,8476.849,8487.217591666667,8159.892678364139,8481.856054215783
Cd-99,48,51,99,4,8398.3734,8383.025775,8390.343700000001,8103.3693529136835,8396.833454628855
In-99,49,50,99,3,8304.0,8291.336825,8291.336825,8037.519450264012,8284.260745403437
Sn-99,50,49,99,2,8161.0,8255.5515,8184.45235,7951.858611867651,8219.205999999998
Kr-100,36,64,100,4,8134.0,8220.087650000001,8129.128600000001,8185.723528884693,8137.1278999999995
Rb-100,37,63,100,3,8244.5085,8245.8037,8251.420474999999,8244.196241635818,8244.686027933401
Sr-100,38,62,100,2,8372.2012,8361.397825,8362.905591666666,8303.13803178161,8370.084943134856
Y-100,39,61,100,1,8439.4151,8439.4752,8444.048283333334,8295.883809353352,8435.143714175045
Zr-100,40,60,100,0,8522.1066,8514.805424999999,8515.425391666666,8333.963774249194,8525.491586408532
Nb-100,41,59,100,4,8548.4683,8553.3275,8558.558533333333,8322.024698166722,8553.748407484223
Mo-100,42,58,100,3,8604.6626,8593.92275,8594.336983333333,8383.034172429827,8605.364503615732
Tc-100,43,57,100,2,8595.1184,8597.455075,8602.501958333334,8358.802071771928,8594.465087366161
Ru-100,44,56,100,1,8619.3593,8607.3923,8608.83385,8328.505987129818,8618.995940485529
Rh-100,45,55,100,0,8575.1732,8576.8408,8583.221625,8261.300585464254,8574.611539946316
Pd-100,46,54,100,4,8563.5652,8551.73275,8554.03405,8247.622473494113,8563.619619362711
Ag-100,47,53,100,3,8484.9947,8486.787625,8495.22925,8205.02201857968,8489.837551073118
Cd-100,48,52,100,2,8437.7375,8426.906975,8432.9631,8165.488010606809,8445.478022178417
In-100,49,51,100,1,8329.7495,8324.512075,8338.772383333335,8058.625072626128,8328.371887105042
Sn-100,50,50,100,0,8251.626,8314.21565,8247.327949999999,7980.621988805734,8264.9512
Kr-101,36,65,101,2,8075.0,8163.87215,8071.81205,8159.567807259591,8080.1355
Rb-101,37,64,101,1,8206.1753,8208.130575,8208.130575,8207.622147215543,8204.144767260103
Sr-101,38,63,101,0,8324.7411,8315.2373,8318.259516666665,8259.44626262922,8325.68589045211
Y-101,39,62,101,4,8413.3305,8414.45565,8420.349649999998,8286.933646111174,8412.331349952772
Zr-101,40,61,101,3,8485.8439,8477.335325,8477.854858333332,8348.506079393324,8482.971533153157
Nb-101,41,60,101,2,8534.8355,8539.455975,8544.4722,8364.891806928088,8535.765471380373
Mo-101,42,59,101,1,8572.9159,8566.296275,8567.266183333333,8341.71066432134,8575.693126710723
Tc-101,43,58,101,0,8593.1366,8597.951275,8603.809083333334,8324.262508930926,8593.45136253944
Ru-101,44,57,101,4,8601.366,8591.29475,8592.976583333333,8310.812893364637,8600.998921620867
Rh-101,45,56,101,3,8588.2172,8591.00915,8597.690308333333,8322.071109702129,8587.521977686334
Pd-101,46,55,101,2,8560.8644,8550.322175,8552.800474999998,8290.130301595664,8560.431245232754
Ag-101,47,54,101,1,8512.5465,8515.03095,8521.916374999997,8218.618441366421,8512.713914991167
Cd-101,48,53,101,0,8450.3657,8440.423675,8444.890925,8144.326855898705,8454.199210170544
In-101,49,52,101,4,8370.426,8372.472174999999,8385.089658333332,8087.689815712352,8380.210059794443
Sn-101,50,51,101,3,8281.103,8253.687375,8253.687375,8020.239445613589,8252.186160771418
Rb-102,37,65,102,4,8152.7443,8154.627125,8154.627125,8178.799174771081,8151.181527515437
Sr-102,38,64,102,3,8291.2213,8281.752525,8284.332166666667,8271.942415734715,8292.154936115165
Y-102,39,63,102,2,8371.9172,8371.997475,8378.454308333332,8291.175619380518,8372.856999825219
Zr-102,40,62,102,1,8466.294,8456.52125,8457.736175,8317.111616054557,8464.362636529415
Nb-102,41,61,102,0,8504.8675,8506.49065,8511.14675,8310.966930193088,8502.996849849822
Mo-102,42,60,102,4,8568.3994,8558.377225,8559.153325,8336.94870287505,8569.235024590464
Tc-102,43,59,102,3,8570.6514,8573.376725,8578.337291666667,8356.454761869041,8571.410155726
Ru-102,44,58,102,2,8607.4275,8596.0221,8597.132324999999,8365.809895020082,8607.599817795417
Rh-102,45,57,102,1,8576.9818,8579.12665,8584.998958333334,8296.296302393128,8576.982959916902
Pd-102,46,56,102,0,8580.2887,8568.570725,8570.521316666665,8268.085861598445,8579.932842857486
Ag-102,47,55,102,4,8517.165,8517.9497,8524.204808333332,8212.862951479285,8516.42141588243
Cd-102,48,54,102,3,8484.1322,8472.906775,8475.140608333333,8205.814591909202,8483.99061139261
In-102,49,53,102,2,8388.5719,8389.5883,8399.1914,8130.165693314641,8393.321875872945
Sn-102,50,52,102,1,8324.4313,8309.99085,8310.771091666666,8062.299852055981,8317.541376615449
Sb-102,51,51,102,0,8181.0,8269.5515,8213.22205,7944.7952187358815,8193.9876
Rb-103,37,66,103,2,8112.0,8206.087650000001,8133.524800000001,8176.713201577696,8117.049600000002
Sr-103,38,65,103,1,8242.0,8231.87135,8234.735008333333,8218.34609192762,8241.221261494442
Y-103,39,64,103,0,8342.6336,8342.216925,8348.575766666667,8264.94699304754,8341.126393191553
Zr-103,40,63,103,4,8425.8337,8417.435575,8419.678341666666,8289.089808700463,8425.739449552637
Nb-103,41,62,103,3,8488.332,8490.182075,8495.741633333331,8347.154827220278,8486.69904941876
Mo-103,42,61,103,2,8538.2672,8528.43835,8529.770908333334,8360.554869697828,8536.82917906531
Tc-103,43,60,103,1,8566.1045,8570.8858,8576.676966666666,8334.606094724513,8567.438170804178
Ru-103,44,59,103,0,8584.3656,8575.717274999999,8577.152399999999,8314.697428687065,8585.1416679245
Rh-103,45,58,103,4,8584.1927,8588.299625,8594.582224999998,8299.488451227839,8584.92646836177
Pd-103,46,57,103,3,8571.0173,8561.170525,8563.473449999998,8307.672255106627,8571.183115483262
Ag-103,47,56,103,2,8537.652,8540.2073,8546.809958333333,8274.491834223241,8537.193603620106
Cd-103,48,55,103,1,8489.7547,8479.905475,8482.389033333333,8203.029789488524,8489.504246577337
In-103,49,54,103,0,8423.7199,8425.793525000001,8433.426141666665,8128.571293487585,8423.77445650529
Sn-103,50,53,103,4,8343.0,8331.225975,8338.493208333333,8071.851657553821,8352.099278000036
Sb-103,51,52,103,3,8234.0,8260.9164,8242.064325,8002.793229679107,8242.885564530503
Rb-104,37,67,104,0,8057.0,8152.37215,8074.99005,8149.231566367143,8060.980100000001
Sr-104,38,66,104,4,8206.0,8194.805325,8194.805325,8209.695653121818,8201.749522317547
Y-104,39,65,104,3,8298.0,8296.8788,8302.969641666667,8262.597141475675,8296.560945985095
Zr-104,40,64,104,2,8402.3159,8392.655025,8394.719358333332,8312.914407248925,8401.658027355379
Nb-104,41,63,104,1,8453.3832,8454.707475,8460.226391666667,8297.770728361573,8453.088137187311
Mo-104,42,62,104,0,8527.9063,8517.714750000001,8519.115058333335,8327.110441489247,8527.452005453932
Tc-104,43,61,104,4,8541.107,8544.3443,8549.397833333334,8311.217357742245,8541.838347182107
Ru-104,44,60,104,3,8587.3998,8576.794474999999,8577.811066666665,8364.282183040756,8587.785354050358
Rh-104,45,59,104,2,8568.9501,8571.4825,8576.715833333332,8336.814494708226,8569.324042173754
Pd-104,46,58,104,1,8584.8485,8573.7114,8575.193033333331,8302.908144606854,8585.061113335034
Ag-104,47,57,104,0,8536.185,8537.4188,8543.714733333332,8234.358821957712,8536.720019185994
Cd-104,48,56,104,4,8517.6232,8506.384474999999,8508.505625000002,8217.638007450369,8517.468648933147
In-104,49,55,104,3,8435.238,8436.419225,8443.210758333333,8171.198804104903,8434.985901463324
Sn-104,50,54,104,2,8383.9114,8370.29545,8373.597791666667,8130.028396589294,8384.173386327182
Sb-104,51,53,104,1,8258.0,8258.2123,8262.567708333332,8026.552400477046,8251.865542705791
Te-104,52,52,104,0,8157.3256,8235.3841,8156.6915,7948.988640862035,8169.8143
Sr-105,38,67,105,2,8152.0,8142.75,8142.75,8191.5486760779395,8148.755301751489
Y-105,39,66,105,1,8262.0,8264.1584,8270.426175,8227.229468541746,8263.387812958936
Zr-105,40,65,105,0,8358.598,8350.27485,8352.527891666667,8268.938658632338,8358.231872868408
Nb-105,41,64,105,4,8431.6925,8434.314475,8440.127825,8289.945835375647,8431.644869733862
Mo-105,42,63,105,3,8494.863,8485.1066,8487.347674999999,8344.582696268495,8494.581035855057
Tc-105,43,62,105,2,8534.6074,8536.962325,8542.637083333331,8355.18215964984,8533.143213600379
Ru-105,44,61,105,1,8561.9016,8553.192975,8554.527649999998,8326.726655753037,8562.200788519467
Rh-105,45,60,105,0,8572.7053,8576.422475,8582.199691666665,8304.534395241988,8572.832145735025
Pd-105,46,59,105,4,8570.6509,8561.375425,8563.211824999998,8287.687391582453,8570.296153183852
Ag-105,47,58,105,3,8550.3708,8553.862724999999,8560.25875,8292.861168115774,8550.985471221282
Cd-105,48,57,105,2,8516.8532,8507.35335,8509.834283333334,8258.530352445408,8517.194915231259
In-105,49,56,105,1,8464.7045,8466.856325,8474.148841666669,8187.216798342079,8464.615511844759
Sn-105,50,55,105,0,8397.229,8384.936249999999,8388.300333333333,8112.6400479036865,8396.369352349395
Sb-105,51,54,105,4,8300.9923,8303.353500000001,8307.600141666668,8055.866250945404,8296.732111866524
Te-105,52,53,105,3,8186.8368,8201.666666666666,8185.08475,7985.192264271893,8193.107395431422
Sr-106,38,68,106,0,8114.0,8192.0,8111.88935,8181.661444278757,8120.778700000001
Y-106,39,67,106,4,8215.0,8215.75,8220.194966666666,8200.116204906248,8213.717491807145
Zr-106,40,66,106,3,8330.0,8321.101425,8322.680891666667,8285.665511784571,8330.6384269991
Nb-106,41,65,106,2,8393.2657,8394.96515,8399.874749999999,8298.7594031555,8392.69527389476
Mo-106,42,64,106,1,8479.5202,8468.663700000001,8470.11535,8315.381530449706,8478.73576331028
Tc-106,43,63,106,0,8506.557,8508.0387,8513.388216666666,8303.28068942467,8505.653374499989
Ru-106,44,62,106,4,8560.9406,8550.834475,8552.056783333333,8323.343647594851,8560.768995983011
Rh-106,45,61,106,3,8553.9317,8556.103,8561.106491666666,8337.216562654246,8554.224424482056
Pd-106,46,60,106,2,8579.9934,8569.619775,8570.753775000001,8341.586919094285,8579.97958368223
Ag-106,47,59,106,1,8544.6397,8545.553625,8551.281866666666,8270.95521146166,8543.949834816369
Cd-106,48,58,106,0,8539.0492,8528.014375,8529.912208333335,8239.338288377981,8539.166966046923
In-106,49,57,106,4,8470.1213,8471.70935,8478.418116666666,8183.520640504818,8470.76857609469
Sn-106,50,56,106,3,8432.0383,8419.0944,8421.970525,8170.551297221264,8431.84391453989
Sb-106,51,55,106,2,8322.0124,8321.4739,8328.221858333334,8095.367308554964,8321.516908701098
Te-106,52,54,106,1,8236.7682,8227.01,8226.026025,8028.814473762716,8230.377734248244
I-106,53,53,106,0,8089.0,8181.4184000000005,8111.79845,7914.019745412455,8107.9233
Sr-107,38,69,107,3,8057.0,8140.5,8058.0,8157.086228192237,8062.0
Y-107,39,68,107,2,8178.0,8179.5,8179.5,8204.248194243239,8175.941302665784
Zr-107,40,67,107,1,8284.0,8275.8146,8277.981966666666,8234.411282098941,8284.40767115053
Nb-107,41,66,107,0,8367.0898,8370.245325,8375.534466666666,8271.535408034102,8367.350632003265
Mo-107,42,65,107,4,8442.219,8433.09055,8435.088533333334,8289.60029002517,8441.906279492756
Tc-107,43,64,107,3,8492.8979,8496.383475,8502.175633333332,8340.88249342728,8493.18499813979
Ru-107,44,63,107,2,8533.3676,8524.338075,8526.028325,8348.852498884287,8532.51354782819
Rh-107,45,62,107,1,8554.104,8557.2026,8562.741608333334,8318.131589706667,8553.952826991348
Pd-107,46,61,107,0,8560.8946,8552.872825,8554.377658333335,8293.819141183343,8561.540225345916
Ag-107,47,60,107,4,8553.9012,8557.074825,8562.91245,8275.446243418613,8553.478372812879
Cd-107,48,59,107,3,8533.3524,8523.877274999999,8526.169366666665,8277.669479678958,8532.587376890187
In-107,49,58,107,2,8494.0439,8496.470925,8503.5288,8242.270477087413,8494.231491198696
Sn-107,50,57,107,1,8439.4946,8427.6338,8430.818841666667,8171.1965124677445,8439.118862984922
Sb-107,51,56,107,0,8358.7344,8360.3922,8367.286166666667,8096.546060390236,8358.211974797076
Te-107,52,55,107,4,8258.0,8251.044925,8250.501283333333,8039.744113220628,8252.999759575894
I-107,53,54,107,3,8146.0,8177.2244,8156.46345,7967.447186947275,8156.903233420551
Y-108,39,69,108,0,8129.0,8158.666666666667,8131.25,8174.260477882409,8131.858950748553
Zr-108,40,68,108,4,8253.0,8244.032675,8245.659491666665,8226.412001321245,8253.424736963581
Nb-108,41,67,108,3,8325.6604,8328.485675,8333.177275000002,8273.893330292605,8327.137986906322
Mo-108,42,66,108,2,8422.1581,8412.52065,8413.759316666667,8316.564576033124,8422.698385359456
Tc-108,43,65,108,1,8462.8172,8464.066074999999,8469.400641666667,8294.815727798596,8462.776041383815
Ru-108,44,64,108,0,8527.2267,8517.0728,8518.319891666666,8316.489087774175,8527.036067774428
Rh-108,45,63,108,4,8532.6657,8534.109225,8539.105416666665,8297.173002067739,8532.50762996711
Pd-108,46,62,108,3,8567.0241,8557.293975,8558.243208333333,8342.69872531106,8567.150162213777
Ag-108,47,61,108,2,8542.0262,8544.10195,8549.210425000001,8312.433353041903,8542.474399197476
Cd-108,48,60,108,1,8550.0196,8539.33215,8540.906641666665,8275.68780880372,8549.798273499511
In-108,49,59,108,0,8495.2516,8495.725175,8502.031299999999,8206.108650886285,8494.391348171475
Sn-108,50,58,108,4,8469.0273,8456.74645,8459.437308333334,8186.743777721877,8469.133912686306
Sb-108,51,57,108,3,8372.6666,8373.3799,8379.853949999999,8136.501279343005,8372.87781508174
Te-108,52,56,108,2,8303.7221,8293.40875,8295.436883333334,8093.933107939818,8303.569400770075
I-108,53,55,108,1,8176.0,8174.59595,8174.59595,7993.877376092427,8167.4273100899545
Xe-108,54,54,108,0,8074.8886,8152.6404,8071.8644,7916.837484839833,8088.497000000001
Y-109,39,70,109,3,8089.0,8174.5,8106.5,8171.60570800859,8094.0
Zr-109,40,69,109,2,8204.0,8196.565175,8198.9293,8214.97001320725,8203.71971657747
Nb-109,41,68,109,1,8297.1307,8300.5957,8305.562341666666,8240.017993873123,8297.634204058962
Mo-109,42,67,109,0,8381.4163,8373.608225,8374.992533333334,8272.841109505183,8381.511981494523
Tc-109,43,66,109,4,8444.1796,8447.864725,8453.253874999999,8288.142870490574,8444.67189144576
Ru-109,44,65,109,3,8496.228,8488.349525,8490.419691666666,8336.138693681916,8496.767497996396
Rh-109,45,64,109,2,8528.1404,8531.0301,8536.606174999999,8341.637655639566,8528.25781112593
Pd-109,46,63,109,1,8544.8825,8536.854749999999,8537.999824999999,8308.874856559774,8544.538824559233
Ag-109,47,62,109,0,8547.9155,8551.74715,8557.094266666665,8282.593355630808,8548.079451886078
Cd-109,48,61,109,4,8538.7646,8530.34185,8532.300283333334,8262.79833338123,8539.62689762667
In-109,49,60,109,3,8513.1027,8515.60835,8522.339825,8262.126084952793,8512.972445251089
Sn-109,50,59,109,2,8470.5183,8460.139825,8463.090049999999,8225.734744969493,8471.053759020806
Sb-109,51,58,109,1,8404.8161,8406.4995,8413.395441666666,8154.984576763911,8404.883171767164
Te-109,52,57,109,0,8319.3305,8310.6267,8313.088266666668,8080.301262671326,8318.58077203685
I-109,53,56,109,4,8220.0164,8222.9843,8225.840008333333,8023.494983537801,8214.836607180967
Xe-109,54,55,109,3,8107.3071,8179.0,8105.03615,7949.567881821225,8116.0723
Zr-110,40,70,110,0,8171.0,8161.5,8161.5,8201.95999707309,8166.393208834547
Nb-110,41,69,110,4,8255.2607,8255.7384,8259.910583333332,8214.620814344058,8254.079630217639
Mo-110,42,68,110,3,8359.293,8350.09485,8350.896191666667,8292.90536393816,8358.995115264779
Tc-110,43,67,110,2,8411.2603,8412.70335,8417.659141666667,8300.588504748042,8411.507696849309
Ru-110,44,66,110,1,8486.3123,8476.569025,8477.995841666667,8309.273290629264,8486.575598372341
Rh-110,45,65,110,0,8504.2551,8504.877525,8509.882391666666,8292.010335137868,8504.278884542766
Pd-110,46,64,110,4,8547.163,8537.6682,8538.561241666666,8306.84672180538,8547.138256357315
Ag-110,47,63,110,3,8532.1089,8535.017375,8539.543883333332,8315.27392384019,8532.355815581013
Cd-110,48,62,110,2,8551.2755,8541.237025,8542.382225000001,8315.241161271922,8551.380147306203
In-110,49,61,110,1,8508.9087,8510.45365,8516.625308333332,8244.017187571555,8509.61715831237
Sn-110,50,60,110,0,8496.0875,8483.9673,8486.516591666665,8209.482606276297,8495.969040354457
Sb-110,51,59,110,4,8412.6821,8413.645349999999,8419.888533333331,8153.237647251272,8413.463194451471
Te-110,52,58,110,3,8358.116,8348.0313,8349.987683333335,8134.5674937804415,8357.96717971338
I-110,53,57,110,2,8244.0767,8244.30265,8250.033066666667,8059.890471486901,8244.97163929504
Xe-110,54,56,110,1,8159.2808,8148.7424,8148.7424,7994.868009971426,8152.0646218963575
Zr-111,40,71,111,3,8118.0,8136.333333333333,8112.75,8184.076235059348,8115.5
Nb-111,41,70,111,2,8223.0,8225.532675,8230.163983333334,8223.858352654906,8222.095662284737
Mo-111,42,69,111,1,8315.2932,8309.074675,8310.274175,8244.164853286498,8315.725159615387
Tc-111,43,68,111,0,8390.0906,8393.045225,8398.156541666667,8272.950440544248,8389.638355662022
Ru-111,44,67,111,4,8452.9582,8444.76015,8446.832083333331,8285.655347189879,8452.562180150904
Rh-111,45,66,111,3,8495.6267,8497.997425,8503.579616666666,8330.428320560448,8495.867425205926
Pd-111,46,65,111,2,8521.7498,8514.44945,8515.778916666666,8333.603087700309,8521.85218081925
Ag-111,47,64,111,1,8534.7878,8538.968775000001,8543.99781666667,8299.00568874169,8535.270331824211
Cd-111,48,63,111,0,8537.0801,8528.132075,8529.52845,8270.895105940153,8536.468190900647
In-111,49,62,111,4,8522.2824,8525.2317,8531.660366666663,8249.774117320556,8522.283722230623
Sn-111,50,61,111,3,8493.131,8482.467925,8485.210066666668,8246.257423279963,8492.604333948906
Sb-111,51,60,111,2,8440.1203,8441.708125000001,8448.402041666668,8208.943818337979,8440.143915014345
Te-111,52,59,111,1,8367.7635,8359.132325,8361.5434,8138.595373320372,8367.768206182996
I-111,53,58,111,0,8282.9343,8285.48745,8291.149583333334,8063.916671119083,8282.443968137988
Xe-111,54,57,111,4,8182.0,8175.327875,8174.640058333333,8007.127891701887,8177.5206784699585
Cs-111,55,56,111,3,8070.0,8153.9519,8089.8956,7931.563543217891,8081.245999999999
Zr-112,40,72,112,1,8081.0,8157.0,8078.0,8150.820400239488,8089.0
Nb-112,41,71,112,0,8178.0,8179.065175,8180.281866666666,8192.147441593732,8178.581309113965
Mo-112,42,70,112,4,8291.0,8282.68955,8283.461633333332,8236.911460937123,8291.31278679191
Tc-112,43,69,112,3,8353.6217,8354.874775,8359.191366666666,8279.102492537104,8353.39414864492
Ru-112,44,68,112,2,8439.2431,8429.638625,8431.067391666667,8314.968947535428,8438.724186114756
Rh-112,45,67,112,1,8468.8666,8469.103725,8474.195225000001,8287.715568281208,8468.887257241036
Pd-112,46,66,112,0,8520.7205,8511.715325000001,8512.77665,8302.644949473242,8520.706042287307
Ag-112,47,65,112,4,8516.0807,8518.656175,8522.86133333333,8280.359373802185,8515.956191676823
Cd-112,48,64,112,3,8544.7306,8535.126625,8535.827099999999,8318.696429735473,8544.771503158385
In-112,49,63,112,2,8514.6674,8516.193675,8522.300125,8286.005804027212,8514.466528746723
Sn-112,50,62,112,1,8513.6189,8501.5533,8504.053741666667,8247.083553585753,8513.717608022065
Sb-112,51,61,112,0,8443.633,8443.2422,8449.141674999999,8176.7394941521015,8442.073483159114
Te-112,52,60,112,4,8400.6527,8391.1944,8392.870991666667,8155.073085634319,8400.685975454318
I-112,53,59,112,3,8299.8801,8301.136725,8306.220716666667,8101.054244176896,8299.708464217634
Xe-112,54,58,112,2,8230.0646,8220.010875,8221.720533333333,8057.291643498958,8230.344835319469
Cs-112,55,57,112,1,8102.0,8130.190366666667,8110.3211,7960.681208049542,8111.582244141666
Zr-113,40,73,113,4,8027.0,8107.5,8026.5,8128.083966067782,8032.0
Nb-113,41,72,113,3,8143.0,8146.0,8146.0,8194.64471706971,8142.441302665783
Mo-113,42,71,113,2,8246.0,8239.138275,8240.331841666666,8231.04486025515,8245.943076287454
Tc-113,43,70,113,1,8329.4652,8332.606425,8337.405783333334,8246.957067537873,8329.553333649468
Ru-113,44,69,113,0,8402.6857,8395.004,8397.103841666667,8271.94984495543,8402.866269334134
Rh-113,45,68,113,4,8456.8165,8458.382300000001,8463.837824999999,8282.212387635367,8456.306099673619
Pd-113,46,67,113,3,8492.5795,8485.532299999999,8486.918883333332,8323.821719699816,8492.671448055844
Ag-113,47,66,113,2,8516.066,8519.394274999999,8524.230624999997,8324.808595739427,8515.692430594801
Cd-113,48,65,113,1,8526.9874,8518.96505,8519.990183333335,8288.56907888512,8527.226028620189
In-113,49,64,113,0,8522.9297,8526.531825,8532.653150000002,8258.759208723268,8523.086259576006
Sn-113,50,63,113,4,8506.8117,8496.096925,8499.099166666667,8236.401472216177,8508.086245549812
Sb-113,51,62,113,3,8465.2762,8466.860825,8473.350958333333,8230.08772500465,8465.261789661405
Te-113,52,61,113,2,8404.6366,8396.831474999999,8398.745949999999,8191.916669839384,8404.218197695538
I-113,53,60,113,1,8333.7528,8336.839375,8342.405216666666,8122.042142630575,8334.282071935828
Xe-113,54,59,113,0,8247.9277,8239.1054,8240.859849999999,8047.402470595726,8246.695821834106
Cs-113,55,58,113,4,8148.623,8151.437775,8151.437775,7990.651219810214,8143.930903150196
Ba-113,56,57,113,3,8035.0,8109.0,8033.0226999999995,7913.442732984214,8044.0454
Nb-114,41,73,114,1,8097.0,8097.5,8097.5,8145.161509128724,8095.275814166115
Mo-114,42,72,114,0,8219.0,8210.25,8210.818583333334,8215.722154098463,8218.262821762128
Tc-114,43,71,114,4,8290.2599,8292.358925,8296.489183333331,8223.271819751923,8290.388848014223
Ru-114,44,70,114,3,8385.3351,8376.561525000001,8377.949716666666,8294.57860445308,8385.843030683545
Rh-114,45,69,114,2,8426.6221,8426.7247,8431.746433333334,8297.476153363183,8426.48309394619
Pd-114,46,68,114,1,8488.0056,8479.34195,8480.457858333331,8299.40999521698,8487.91184337917
Ag-114,47,67,114,0,8493.7786,8496.323175000001,8500.390633333334,8277.665340615451,8493.67839658844
Cd-114,48,66,114,4,8531.5135,8522.423725,8522.986,8287.872392531683,8531.511223843214
In-114,49,65,114,3,8511.9742,8514.335675,8520.241133333333,8291.01416805686,8511.785407107312
Sn-114,50,64,114,2,8522.5671,8510.145199999999,8512.443958333333,8287.078832379937,8522.357863222509
Sb-114,51,63,114,1,8462.5191,8464.353975,8470.176058333333,8215.712350973381,8464.38644317143
Te-114,52,62,114,0,8432.7885,8424.034375,8425.523466666667,8178.679991128744,8432.873894945042
I-114,53,61,114,4,8344.779,8346.693224999999,8351.5218,8122.148555897421,8345.761208651686
Xe-114,54,60,114,3,8289.2054,8279.163475,8280.808350000001,8097.967302570388,8288.866816412781
Cs-114,55,59,114,2,8173.5711,8175.231925,8177.902558333333,8023.828869107478,8168.805450274143
Ba-114,56,58,114,1,8089.6865,8155.3115,8082.0907,7960.523751999923,8097.0
Nb-115,41,74,115,4,8061.0,8143.0,8077.0,8139.601743470716,8063.0
Mo-115,42,73,115,3,8173.0,8165.5,8166.762025,8203.445463888786,8172.268431555449
Tc-115,43,72,115,2,8264.0,8267.5873,8271.919133333333,8236.649901519897,8263.652439961343
Ru-115,44,71,115,1,8346.814,8339.0301,8340.716591666667,8248.490831181869,8346.655139790137
Rh-115,45,70,115,0,8410.6538,8412.675925,8417.906341666665,8269.918375471067,8410.912101140102
Pd-115,46,69,115,4,8457.7342,8450.508300000001,8452.146991666667,8277.882282454435,8457.867674232655
Ag-115,47,68,115,3,8490.5553,8493.96855,8498.734550000001,8316.383240135867,8490.701659109185
Cd-115,48,67,115,2,8510.7252,8502.839425,8503.726758333334,8315.308898882933,8510.867106715072
In-115,49,66,115,1,8516.5472,8520.356275,8526.109599999998,8277.606209669682,8516.487836038948
Sn-115,50,65,115,0,8514.0702,8501.054675,8503.865558333331,8246.217557057784,8512.161574647822
Sb-115,51,64,115,4,8480.9156,8482.846225000001,8489.178091666665,8222.705953825616,8480.800246976503
Te-115,52,63,115,3,8431.1504,8424.84045,8426.374658333334,8213.639229572134,8432.047746165788
I-115,53,62,115,2,8374.5651,8376.952125,8382.022158333333,8174.670746281348,8373.841705488465
Xe-115,54,61,115,1,8300.9704,8293.001075,8294.582,8105.337091216775,8301.390041088054
Cs-115,55,60,115,0,8216.0,8217.9234,8223.307241666666,8030.768089269981,8215.791569591891
Ba-115,56,59,115,4,8116.0,8107.131425,8107.1314250000005,7974.072757584263,8110.997838444335
Nb-116,41,75,116,2,8012.0,8096.5,8027.5,8114.989418493867,8016.0
Mo-116,42,74,116,1,8143.0,8135.5,8135.5,8171.043530638448,8142.172557501655
Tc-116,43,73,116,0,8223.0,8225.4556,8229.234499999999,8203.88078487349,8222.755184967817
Ru-116,44,72,116,4,8326.884,8317.902925,8318.665333333334,8242.057977388806,8325.828689713879
Rh-116,45,71,116,3,8377.6123,8378.303575,8382.820058333335,8279.07124640587,8377.18929724191
Pd-116,46,70,116,2,8449.2755,8440.83265,8441.862508333332,8308.859982443118,8449.161910204824
Ag-116,47,69,116,1,8465.9073,8468.5942,8472.817441666666,8277.050227911723,8466.562481627523
Cd-116,48,68,116,0,8512.3511,8503.442275,8503.981841666668,8286.032049960164,8512.415340952708
In-116,49,67,116,4,8501.6177,8504.4946,8509.857875,8261.166359879673,8501.63060848042
Sn-116,50,66,116,3,8523.1166,8510.886625000001,8512.905716666666,8292.619417135764,8523.02019580039
Sb-116,51,65,116,2,8475.8208,8476.6063,8482.361941666666,8257.821920106511,8474.435715160344
Te-116,52,64,116,1,8455.6435,8446.95795,8448.01165,8217.29499816818,8455.362526971745
I-116,53,63,116,0,8381.2858,8381.586825,8386.075850000001,8146.410547992868,8380.024721386893
Xe-116,54,62,116,4,8336.8365,8327.6544,8329.048758333334,8122.738414593733,8337.085330171592
Cs-116,55,61,116,3,8235.0,8237.22535,8242.195458333332,8064.963689752013,8234.925254767291
Ba-116,56,60,116,2,8162.0,8154.671625,8154.671625,8020.180741836974,8157.938175524935
La-116,57,59,116,1,8032.0,8115.0,8053.7144499999995,7927.033904660849,8049.0
Mo-117,42,75,117,4,8096.0,8089.25,8089.25,8149.449436786541,8095.25530175149
Tc-117,43,74,117,3,8195.0,8199.0,8203.011625,8210.60145894192,8196.109233667656
Ru-117,44,73,117,2,8285.5625,8278.166975,8279.168875,8240.78369774984,8284.745477140099
Rh-117,45,72,117,1,8359.2766,8361.538199999999,8366.278533333334,8248.854234523333,8359.044432965129
Pd-117,46,71,117,0,8416.9243,8409.548975,8410.924466666667,8266.928437335853,8415.542634845717
Ag-117,47,70,117,4,8459.4515,8462.7196,8467.360374999998,8272.727586157329,8459.468814210906
Cd-117,48,69,117,3,8488.974,8480.9344,8481.648516666668,8308.171835710982,8488.425032891068
In-117,49,68,117,2,8503.8653,8507.892775,8513.416741666668,8305.154142928119,8504.016906430817
Sn-117,50,67,117,1,8509.612,8498.513225,8500.949983333334,8266.154833509781,8510.317770229929
Sb-117,51,66,117,0,8487.8981,8490.41275,8496.319233333334,8233.299409725389,8488.026814874924
Te-117,52,65,117,4,8450.9203,8443.7925,8444.722258333333,8208.711024606086,8450.219807349336
I-117,53,64,117,3,8404.4307,8408.020725,8412.909783333333,8196.932378696503,8405.133661376814
Xe-117,54,63,117,2,8344.2976,8336.775875,8338.297883333333,8157.222113944483,8344.297412209142
Cs-117,55,62,117,1,8271.8652,8274.2928,8279.465124999999,8088.491487406031,8271.98853910304
Ba-117,56,61,117,0,8187.9546,8177.732175,8179.653008333333,8014.022265523252,8186.447962531496
La-117,57,60,117,4,8086.0,8160.5,8104.5,7957.399752132809,8101.0
Mo-118,42,76,118,2,8067.0,8134.5,8060.0,8142.326791527023,8067.0
Tc-118,43,75,118,1,8153.0,8155.5,8159.061674999999,8162.965294067492,8153.805323596603
Ru-118,44,74,118,0,8263.0,8256.069825,8256.641699999998,8223.84099922297,8264.34438580865
Rh-118,45,73,118,4,8322.8539,8324.53355,8328.298883333333,8226.86938912548,8323.31901844501
Pd-118,46,72,118,3,8405.2197,8397.2116,8398.041374999999,8291.450144439332,8405.220377484462
Ag-118,47,71,118,2,8433.89,8434.89945,8438.998641666665,8290.101296552983,8433.084539022608
Cd-118,48,70,118,1,8487.835,8478.991324999999,8479.526458333332,8286.311839299418,8487.59653260972
In-118,49,69,118,0,8485.667,8489.07465,8494.13125,8260.671495813807,8486.259373555138
Sn-118,50,68,118,4,8516.5341,8504.847925,8506.480508333334,8266.767104522534,8516.62952854724
Sb-118,51,67,118,3,8478.9156,8480.785324999999,8486.369308333331,8264.761480181087,8479.181248890149
Te-118,52,66,118,2,8469.697,8461.854925,8462.634166666667,8257.35649199014,8469.911607490545
I-118,53,65,118,1,8406.1203,8408.58065,8412.599633333333,8186.233965287922,8406.359554957558
Xe-118,54,64,118,0,8374.9819,8365.658524999999,8366.727350000001,8147.066243208841,8374.910337131483
Cs-118,55,63,118,4,8286.4053,8288.42685,8293.485100000002,8090.367296675838,8286.88618325789
Ba-118,56,62,118,3,8227.0,8218.290025,8219.530058333334,8060.839429070854,8225.937407934798
La-118,57,61,118,2,8114.0,8114.23865,8114.23865,7987.26291199565,8106.464097385088
Mo-119,42,77,119,0,8019.0,8089.5,8014.5,8126.217503409847,8019.0
Tc-119,43,76,119,4,8126.0,8128.75,8128.75,8157.741237199182,8124.968884082396
Ru-119,44,75,119,3,8220.0,8215.140625,8215.798133333334,8216.225483367794,8221.722082304075
Rh-119,45,74,119,2,8303.3953,8306.1495,8310.450633333334,8243.547332197018,8303.75473235068
Pd-119,46,73,119,1,8368.9594,8363.991175,8364.961091666666,8248.128066877198,8370.544540535195
Ag-119,47,72,119,0,8423.2126,8426.256449999999,8430.701991666665,8263.046445955222,8423.122472187475
Cd-119,48,71,119,4,8461.4381,8455.029675,8456.01945,8266.805683922763,8462.275797664926
In-119,49,70,119,3,8486.1387,8490.01625,8495.355641666665,8299.241597148293,8486.107697444955
Sn-119,50,69,119,2,8499.4494,8489.02635,8490.606833333333,8294.39035009493,8499.629076481899
Sb-119,51,68,119,1,8487.9218,8490.868825,8496.282466666667,8254.249608685774,8487.789199762206
Te-119,52,67,119,0,8462.0785,8455.093625,8455.947166666667,8220.031647453907,8462.389605751323
I-119,53,66,119,4,8426.8924,8429.892749999999,8434.476333333334,8194.438255787103,8426.624947218936
Xe-119,54,65,119,3,8378.442,8370.6829,8372.016958333334,8179.9859878255365,8378.419106415387
Cs-119,55,64,119,2,8317.3347,8320.0143,8325.201541666665,8139.585587807393,8317.147121803333
Ba-119,56,63,119,1,8245.9287,8236.81705,8238.880549999998,8071.5157467460285,8246.850623819322
La-119,57,62,119,0,8159.0,8159.5,8162.011233333334,7997.173107905895,8151.84146654447
Ce-119,58,61,119,4,8058.0,8123.0,8055.5226999999995,7940.638952792204,8071.0
Tc-120,43,77,120,2,8083.0,8084.75,8084.75,8139.428055571684,8082.303395582726
Ru-120,44,76,120,1,8199.0,8191.559925,8191.674941666666,8184.976114261896,8198.00091158583
Rh-120,45,75,120,0,8266.0,8267.928075,8271.289816666666,8210.28785850896,8266.315036969845
Pd-120,46,74,120,4,8357.0817,8349.230275,8349.928516666667,8242.574678132334,8357.229621911129
Ag-120,47,73,120,3,8395.3281,8396.651425,8400.554825,8274.50845911197,8395.31414462793
Cd-120,48,72,120,2,8458.024,8449.79775,8450.356541666666,8298.850993144442,8458.150270683302
In-120,49,71,120,1,8466.2575,8468.602350000001,8473.290283333332,8263.305581228467,8465.881175933411
Sn-120,50,70,120,0,8504.488,8493.15675,8494.502100000002,8267.030878571653,8504.505419506417
Sb-120,51,69,120,4,8475.63,8478.387825,8483.295983333333,8239.921018510926,8476.18382785154
Te-120,52,68,120,3,8476.9857,8469.29035,8469.877758333334,8264.756486280156,8477.045792757692
I-120,53,67,120,2,8423.6745,8427.261325,8431.278966666665,8228.1255920724,8424.980059604892
Xe-120,54,66,120,1,8404.0322,8394.863475,8395.825966666667,8186.4901956307585,8403.998683705511
Cs-120,55,65,120,0,8328.4811,8329.476775,8334.333058333332,8115.256408753874,8327.306428792925
Ba-120,56,64,120,4,8280.2949,8271.27285,8272.796899999998,8089.835228568306,8280.844215551675
La-120,57,63,120,3,8179.0,8181.732175,8187.584741666666,8028.320123234883,8180.9704945678195
Ce-120,58,62,120,2,8108.0,8122.0,8107.5,7982.666517835703,8115.4639545489845
Tc-121,43,78,121,0,8054.0,8129.0,8068.0,8135.911377099483,8057.0
Ru-121,44,77,121,4,8156.0,8150.0,8150.200475,8164.582012939698,8154.5602207266
Rh-121,45,76,121,3,8245.2397,8248.342700000001,8252.186325,8220.421112046834,8245.071485667135
Pd-121,46,75,121,2,8320.8584,8314.437575,8315.306783333333,8245.033641619477,8320.657833964746
Ag-121,47,74,121,1,8382.3306,8385.632925,8389.669058333335,8246.386528389305,8382.016717582375
Cd-121,48,73,121,0,8430.9972,8423.5674,8424.519349999999,8258.333409790044,8430.09690769079
In-121,49,72,121,4,8463.8767,8467.498925,8472.720733333332,8260.16929402099,8464.108047519943
Sn-121,50,71,121,3,8485.1964,8475.3151,8476.9105,8289.642223797324,8485.239462040476
Sb-121,51,70,121,2,8482.0574,8485.715225,8490.838,8283.059817892086,8482.508639120972
Te-121,52,69,121,1,8466.8641,8460.064849999999,8460.975658333333,8241.922397554188,8466.90034681722
I-121,53,68,121,0,8441.4111,8444.433025,8448.992100000001,8206.439000414435,8441.62249423472
Xe-121,54,67,121,4,8403.8326,8395.547975,8396.770324999998,8179.907506909439,8403.68436574163
Cs-121,55,66,121,3,8352.9152,8356.3758,8361.370991666667,8162.817398666148,8353.221847647907
Ba-121,56,65,121,2,8293.9083,8284.9046,8286.74155,8121.774846709591,8293.050993046782
La-121,57,64,121,1,8217.0,8220.073725,8225.766758333333,8054.419508340269,8218.912659701984
Ce-121,58,63,121,0,8132.0,8122.5,8122.5,7980.228148972653,8125.1690230006625
Pr-121,59,62,121,4,8033.0,8106.0,8049.0,7923.796651605045,8041.0
Tc-122,43,79,122,3,8011.0,8086.0,8021.5,8111.603449329201,8013.0
Ru-122,44,78,122,2,8132.0,8125.75,8125.75,8162.551273073232,8131.310464584713
Rh-122,45,77,122,1,8208.0,8210.00795,8213.198124999999,8174.838764201801,8207.7070072556
Pd-122,46,76,122,0,8305.9755,8298.073025,8298.4109,8227.066299337852,8305.663396796283
Ag-122,47,75,122,4,8352.7591,8355.11945,8358.891408333333,8226.085465756008,8353.682767991382
Cd-122,48,74,122,3,8424.2667,8416.327175,8416.848258333332,8284.16226697808,8424.244012950992
In-122,49,73,122,2,8442.1079,8444.702575,8449.457308333333,8279.034298209785,8442.030544018475
Sn-122,50,72,122,1,8487.8968,8477.021,8478.415391666666,8270.415798241316,8487.888081410829
Sb-122,51,71,122,0,8468.3222,8470.628775000001,8475.25775,8241.38684272408,8468.004056688069
Te-122,52,70,122,4,8478.1315,8470.3758,8470.914525,8243.822217090657,8477.994067121266
I-122,53,69,122,3,8437.0139,8438.2358,8442.214433333333,8236.788846298932,8435.779173342562
Xe-122,54,68,122,2,8424.6644,8415.859175,8416.8684,8226.290391839677,8424.65475881261
Cs-122,55,67,122,1,8359.1515,8361.508425,8366.374591666667,8155.745299259248,8360.400297638229
Ba-122,56,66,122,0,8323.7567,8314.00775,8315.364425,8114.756439960722,8322.93536945038
La-122,57,65,122,4,8235.0,8236.050224999999,8241.157975,8057.990850366718,8233.81199210962
Ce-122,58,64,122,3,8174.0,8164.5,8163.392091666667,8023.2598346372415,8168.334065161266
Pr-122,59,63,122,2,8060.0,8130.0,8078.5,7950.261944183547,8072.0
Ru-123,44,79,123,0,8089.0,8084.5,8084.5,8144.097986067011,8088.94837166777
Rh-123,45,78,123,4,8185.0,8188.309925,8191.854033333333,8170.068205229532,8185.612093710995
Pd-123,46,77,123,3,8270.0318,8263.188549999999,8264.031324999998,8223.283597953223,8269.06437667068
Ag-123,47,76,123,2,8337.9707,8342.159775,8346.180633333333,8245.328007923257,8339.248553456486
Cd-123,48,75,123,1,8395.3955,8388.940525,8389.860525,8243.697862136745,8396.04525621794
In-123,49,74,123,0,8437.9362,8440.8699,8446.038891666667,8252.845448067004,8437.739651407239
Sn-123,50,73,123,4,8467.2313,8457.246125000001,8458.908925000002,8252.866914107435,8467.126403356851
Sb-123,51,72,123,3,8472.3196,8475.346475,8480.303583333334,8279.419442759057,8472.213824712717
Te-123,52,71,123,2,8465.537,8458.675775,8459.540791666666,8271.201473588868,8465.21901454544
I-123,53,70,123,1,8449.1896,8451.861874999999,8456.296241666667,8229.202531663464,8449.093375342347
Xe-123,54,69,123,0,8420.9239,8413.824225,8415.299708333332,8192.54425061632,8421.072821550262
Cs-123,55,68,123,4,8380.3796,8383.30095,8388.155325,8165.137085672958,8380.352322987097
Ba-123,56,67,123,3,8330.2086,8322.3827,8323.992158333333,8145.442615141945,8330.640988058045
La-123,57,66,123,2,8267.0,8268.600125,8273.762133333332,8103.802536192507,8265.695823095752
Ce-123,58,65,123,1,8193.0,8184.25,8186.274958333333,8037.211703205063,8192.848823029077
Pr-123,59,64,123,0,8104.0,8107.0,8107.0,7963.194393714961,8100.7722796651215
Ru-124,44,80,124,3,8065.0,8128.0,8058.0,8135.6614793034005,8065.0
Rh-124,45,79,124,2,8148.0,8149.75,8153.999999999999,8157.057740912981,8150.676345423627
Pd-124,46,78,124,1,8252.0,8245.32265,8246.02845,8193.44004077491,8252.949894182202
Ag-124,47,77,124,0,8308.8958,8310.3681,8313.9129,8212.065434966442,8308.134876083432
Cd-124,48,76,124,4,8387.0179,8379.228299999999,8379.741158333334,8239.070471247407,8387.105770307615
In-124,49,75,124,3,8414.3243,8416.909650000001,8421.649008333334,8266.011224266505,8414.880510425595
Sn-124,50,74,124,2,8467.3997,8456.879225,8458.424858333332,8285.458602645072,8467.343212348975
Sb-124,51,73,124,1,8456.1517,8458.4758,8463.09705,8246.891094137347,8456.37637117248
Te-124,52,72,124,0,8473.2705,8465.995475,8466.562833333333,8245.962190035527,8473.271380821649
I-124,53,71,124,4,8441.4807,8443.356950000001,8447.468025000002,8216.89931933625,8441.89984832425
Xe-124,54,70,124,3,8437.6138,8429.2987,8430.299666666666,8235.351422835833,8437.557963240186
Cs-124,55,69,124,2,8383.5114,8384.380275,8388.805608333332,8197.12306643038,8383.13298581252
Ba-124,56,68,124,1,8355.8209,8347.1247,8348.31583333333,8154.811426888261,8356.246721265199
La-124,57,67,124,0,8278.2926,8279.90885,8284.933308333333,8083.391502469123,8278.936928620236
Ce-124,58,66,124,4,8229.0,8220.314525,8222.02915,8056.444975560059,8228.99745771173
Pr-124,59,65,124,3,8128.0,8129.25,8131.75,7991.201215236006,8122.316737218459
Nd-124,60,64,124,2,8054.0,8113.0,8050.5,7944.806184483235,8067.0
Ru-125,44,81,125,1,8023.0,8088.0,8018.0,8091.924221526926,8022.0
Rh-125,45,80,125,0,8124.0,8126.75,8126.75,8150.875880771866,8122.968884082395
Pd-125,46,79,125,4,8215.0,8209.75795,8211.947641666666,8174.288625327674,8218.858009769994
Ag-125,47,78,125,3,8293.3151,8295.1775,8299.390683333333,8224.900658927245,8292.944139535275
Cd-125,48,77,125,2,8357.6815,8351.448775,8352.672675000002,8244.509062498793,8358.091237364995
In-125,49,76,125,1,8407.9365,8410.8245,8416.06455,8240.124916561814,8408.088875822717
Sn-125,50,75,125,0,8445.5285,8435.60435,8437.512716666664,8246.634251516058,8445.494340185638
Sb-125,51,74,125,4,8458.1612,8460.692500000001,8465.628716666666,8244.94321845221,8458.08948819008
Te-125,52,73,125,3,8458.0361,8451.9339,8452.694216666667,8268.61538200617,8458.202309976816
I-125,53,72,125,2,8450.2911,8452.8699,8457.052933333332,8258.851189864976,8450.233940803446
Xe-125,54,71,125,1,8430.939,8423.944625,8425.324833333332,8216.117047919774,8430.800554247908
Cs-125,55,70,125,0,8399.8033,8402.318449999999,8407.116891666665,8178.368412329787,8399.821827164398
Ba-125,56,69,125,4,8358.1784,8351.1507,8352.642141666667,8150.143890537135,8358.261801751805
La-125,57,68,125,3,8304.6438,8307.40505,8312.421358333333,8127.876424823609,8304.875291437456
Ce-125,58,67,125,2,8242.0,8234.0212,8235.765791666667,8085.680360518319,8242.019737991159
Pr-125,59,66,125,1,8167.0,8167.75,8173.134933333333,8019.900615600804,8165.45888661611
Nd-125,60,65,125,0,8080.0,8092.666666666667,8080.5,7946.078363213054,8089.156472335852
Rh-126,45,81,126,3,8087.0,8085.25,8085.25,8131.847521664186,8079.689535415287
Pd-126,46,80,126,2,8197.0,8189.25,8192.31565,8176.469750870483,8200.646489905315
Ag-126,47,79,126,1,8261.0,8262.948225,8267.748033333333,8181.545144507092,8264.14783407793
Cd-126,48,78,126,0,8346.7393,8339.597725,8340.6446,8226.031166009532,8347.341315278023
In-126,49,77,126,4,8384.6067,8385.997525,8390.834025,8221.487591804767,8384.478125571373
Sn-126,50,76,126,3,8443.5227,8433.030525,8434.833591666666,8273.257409129192,8443.771405679852
Sb-126,51,75,126,2,8440.3136,8442.1404,8446.783741666668,8264.757070434009,8440.353741359264
Te-126,52,74,126,1,8463.2397,8456.416825,8456.959341666667,8252.091049821858,8463.254966619548
I-126,53,73,126,0,8439.9379,8441.613575,8445.421266666664,8220.11417263867,8439.871395018494
Xe-126,54,72,126,4,8443.5375,8435.69185,8436.617958333332,8219.284152433229,8443.523656701982
Cs-126,55,71,126,3,8399.2673,8399.850425,8404.249949999998,8207.32743080069,8398.697917976351
Ba-126,56,70,126,2,8379.7187,8371.2883,8372.233616666666,8194.063821561154,8379.639284084102
La-126,57,69,126,1,8312.4268,8313.6134,8317.84975,8124.385033892516,8311.80761187252
Ce-126,58,68,126,0,8273.2581,8264.142425,8265.520125,8081.848613948083,8272.726880000177
Pr-126,59,67,126,4,8184.0,8185.228525,8190.550608333333,8025.102190580156,8184.002385632647
Nd-126,60,66,126,3,8122.0,8112.5,8111.833333333333,7985.293873879196,8115.380885148613
Pm-126,61,65,126,2,8008.0,8077.5,8025.5,7912.886027028591,8019.0
Rh-127,45,82,127,1,8060.0,8130.5,8074.5,8101.598180712832,8063.0
Pd-127,46,81,127,0,8160.0,8149.75,8153.369758333332,8156.335933950608,8156.8179917923635
Ag-127,47,80,127,4,8244.0,8245.38795,8251.956458333334,8177.325164973377,8247.561083029674
Cd-127,48,79,127,3,8316.8971,8309.912175000001,8312.438566666666,8225.353178992313,8317.873257065492
In-127,49,78,127,2,8374.8212,8377.602425,8382.864441666667,8242.649314095372,8375.170970690328
Sn-127,50,77,127,1,8420.5482,8410.930925,8413.087824999999,8235.725646887939,8420.582973507766
Sb-127,51,76,127,0,8439.811,8442.124325,8447.099149999998,8239.747493199247,8440.022590858716
Te-127,52,75,127,4,8446.109,8440.3976,8441.055983333334,8236.439412184449,8446.153937668756
I-127,53,74,127,3,8445.482,8448.205600000001,8452.132883333335,8257.268903191407,8445.625666220983
Xe-127,54,73,127,2,8434.1066,8427.19065,8428.439383333334,8246.042066434458,8434.093036095655
Cs-127,55,72,127,1,8411.5617,8413.843775000001,8418.312758333333,8202.690899371173,8411.351588169806
Ba-127,56,71,127,0,8378.456,8371.4293,8372.685749999999,8163.930893232342,8378.030818053174
La-127,57,70,127,4,8333.5412,8336.833325,8341.481791666665,8134.94353818051,8334.252253014369
Ce-127,58,69,127,3,8280.7922,8273.5705,8275.129391666665,8110.132507592694,8280.87784336664
Pr-127,59,68,127,2,8216.0,8217.909725,8223.147324999998,8067.419165162379,8215.917603546699
Nd-127,60,67,127,1,8142.0,8132.5,8132.0,8002.4939381625345,8135.3862994600395
Pm-127,61,66,127,0,8052.0,8078.0,8062.5,7928.886134049888,8064.23129446717
Rh-128,45,83,128,4,8010.0,8086.5,8028.0,8085.218119674057,8026.0
Pd-128,46,82,128,3,8137.0,8122.75,8122.75,8152.1365628740305,8121.637907083057
Ag-128,47,81,128,2,8211.0,8208.132775,8213.921049999999,8168.740038530273,8208.36687421915
Cd-128,48,80,128,1,8303.2367,8295.521275,8299.030283333332,8197.13113193705,8306.83467297202
In-128,49,79,128,0,8351.4361,8352.123975,8358.964916666666,8209.803610588004,8354.527970753392
Sn-128,50,78,128,4,8416.9749,8405.805175,8407.795508333333,8232.060958891081,8416.489100208244
Sb-128,51,77,128,3,8420.7724,8422.158925,8426.694841666666,8254.085294059834,8420.387351266947
Te-128,52,76,128,2,8448.7536,8442.34165,8442.871325,8269.120410957625,8448.733395831667
I-128,53,75,128,1,8432.8309,8434.634600000001,8438.092641666666,8228.153750353646,8432.717735504531
Xe-128,54,74,128,0,8443.3008,8435.69935,8436.43335,8223.097869535746,8443.286526317204
Cs-128,55,73,128,4,8406.4953,8408.309949999999,8412.31085,8192.335395457749,8407.199750610727
Ba-128,56,72,128,3,8395.9878,8388.209575,8389.116975,8204.611128170563,8395.935344344654
La-128,57,71,128,2,8337.1904,8339.50395,8343.582575,8164.989688365491,8338.087053413286
Ce-128,58,70,128,1,8306.9259,8298.599125,8299.502616666665,8122.379783691488,8307.406267249276
Pr-128,59,69,128,0,8228.9141,8229.887175,8234.602524999998,8050.91360262023,8228.598866483379
Nd-128,60,68,128,4,8177.0,8168.6284,8170.748825,8022.637482764123,8177.8533111488605
Pm-128,61,67,128,3,8075.0,8076.0,8078.583333333333,7953.673925376944,8069.795079972752
Sm-128,62,66,128,2,7998.0,8058.5,7995.0,7906.649451192998,8008.0
Pd-129,46,83,129,1,8086.0,8076.25,8076.25,8109.818079402878,8076.472418583388
Ag-129,47,82,129,0,8188.0,8183.896699999999,8189.839808333332,8160.5620447088095,8179.643841498532
Cd-129,48,81,129,4,8269.5311,8262.048375,8265.964516666667,8179.253430822474,8268.889565349695
In-129,49,80,129,3,8338.759,8340.707325,8349.15235,8224.715834670904,8344.374895675377
Sn-129,50,79,129,2,8392.8161,8382.966675,8386.976525,8239.815709584027,8396.081568693196
Sb-129,51,78,129,1,8418.0598,8419.915874999999,8424.886975,8230.553562975385,8417.781126152762
Te-129,52,77,129,0,8430.4098,8424.8041,8425.459925,8232.229195523625,8430.370699418816
I-129,53,76,129,4,8435.9908,8438.566175,8442.235475,8227.393547794865,8435.97297026497
Xe-129,54,75,129,3,8431.3904,8424.86475,8425.7991,8245.415899055339,8431.281783970911
Cs-129,55,74,129,2,8416.0465,8418.8518,8422.999775,8232.80468178204,8416.118655056944
Ba-129,56,73,129,1,8391.0811,8384.923575,8386.074116666667,8188.947143689814,8391.59128355381
La-129,57,72,129,0,8356.0449,8358.27825,8362.605091666665,8149.249638607228,8355.379358598857
Ce-129,58,71,129,4,8310.9411,8303.784,8304.996116666665,8119.550477639127,8310.804136565785
Pr-129,59,70,129,3,8254.3808,8257.89585,8262.711133333334,8092.223533061568,8255.241219672935
Nd-129,60,69,129,2,8191.0,8183.05465,8185.070849999999,8049.029010901696,8191.146640130063
Pm-129,61,68,129,1,8114.0,8114.25,8116.75,7984.998821546162,8107.800494284179
Sm-129,62,67,129,0,8023.0,8036.666666666667,8022.75,7911.623373959619,8029.848307315399
Pd-130,46,84,130,4,8046.0,8119.5,8055.9289499999995,8107.653557400552,8077.0
Ag-130,47,83,130,3,8142.0,8139.0301,8141.397116666667,8145.97464465905,8132.305273496875
Cd-130,48,82,130,2,8252.5868,8239.5833,8242.393408333333,8184.870776481422,8242.794814405657
In-130,49,81,130,1,8314.176,8309.300425000001,8317.321241666667,8183.732417189799,8310.520221798903
Sn-130,50,80,130,0,8386.817,8375.78975,8381.851566666666,8221.273102789864,8394.745019864786
Sb-130,51,79,130,4,8397.3641,8399.2919,8405.376508333331,8213.557720284925,8401.048769400302
Te-130,52,78,130,3,8430.3251,8424.39925,8424.908858333332,8259.196151926744,8430.329896820987
I-130,53,77,130,2,8421.1011,8423.36005,8426.532541666667,8247.678977472859,8421.375800190926
Xe-130,54,76,130,1,8437.7314,8430.48655,8431.034966666666,8231.651158968305,8437.723505754431
Cs-130,55,75,130,0,8408.7848,8410.506150000001,8414.133108333333,8197.110909404952,8408.419654716048
Ba-130,56,74,130,4,8405.513,8397.94415,8398.632625,8193.362423391507,8405.572822903152
La-130,57,73,130,3,8356.1919,8357.356075,8361.062383333334,8176.574003110277,8355.494480859084
Ce-130,58,72,130,2,8333.2164,8325.35925,8326.160008333332,8160.832932307128,8332.974007072218
Pr-130,59,71,130,1,8263.7565,8265.424350000001,8269.643125000002,8092.27155893029,8264.170187646136
Nd-130,60,70,130,0,8222.5136,8212.7978,8214.024983333333,8048.426684465093,8221.262673248479
Pm-130,61,69,130,4,8131.0,8132.0,8136.972733333333,7991.772639827232,8131.114875233841
Sm-130,62,68,130,3,8065.0,8057.5,8057.5,7946.998018468347,8059.724185833885
Eu-130,63,67,130,2,7950.0,8020.5,7966.0,7875.187390095889,7961.0
Pd-131,46,85,131,2,7993.0,8069.5,7998.5,8081.22769177326,8012.0
Ag-131,47,84,131,1,8102.0,8104.035525,8104.035525,8116.674973354215,8100.890059151861
Cd-131,48,83,131,0,8206.1204,8196.561825,8199.666925000001,8163.631768413008,8201.532450768034
In-131,49,82,131,4,8297.9544,8290.8046,8299.110183333334,8180.143312037245,8285.409032218335
Sn-131,50,81,131,3,8362.5183,8347.356575,8353.992725,8223.057655335353,8360.046454372812
Sb-131,51,80,131,2,8392.5525,8394.523225,8403.059408333333,8236.070135691063,8399.902459961375
Te-131,52,79,131,1,8411.2339,8405.81555,8407.978133333332,8224.65813006361,8414.29723159666
I-131,53,78,131,0,8422.2977,8424.759525,8428.155925000001,8224.120058705816,8422.36976643886
Xe-131,54,77,131,4,8423.7367,8417.68175,8418.308949999999,8217.840808430225,8423.911601282842
Cs-131,55,76,131,3,8415.0317,8418.2828,8422.065958333333,8233.089559680553,8415.219836472967
Ba-131,56,75,131,2,8398.5511,8391.956925,8392.841649999998,8219.16731859132,8398.177378583816
La-131,57,74,131,1,8370.3676,8373.180425,8377.353591666666,8174.907112016833,8370.554333335827
Ce-131,58,73,131,0,8333.3969,8327.1252,8328.159316666664,8134.341260609475,8333.369244924766
Pr-131,59,72,131,4,8286.1439,8288.6666,8292.784016666667,8103.978092700428,8285.625845187262
Nd-131,60,71,131,3,8230.3045,8223.497125,8224.821608333334,8074.161248069725,8230.446021244516
Pm-131,61,70,131,2,8163.0,8165.699425000001,8171.001391666667,8030.519240474028,8164.077346724758
Sm-131,62,69,131,1,8085.0,8077.25,8076.583333333334,7967.421919213882,8079.889006615753
Eu-131,63,68,131,0,7996.0,8060.5,8010.5,7894.295374123987,8005.0
Ag-132,47,85,132,4,8053.0,8085.333333333333,8065.0,8101.098149418562,8071.49547465124
Cd-132,48,84,132,3,8169.1421,8164.396699999999,8164.215708333333,8162.926727624424,8169.128446775928
In-132,49,83,132,2,8253.7162,8250.84635,8258.597141666667,8175.208314554288,8251.066579619386
Sn-132,50,82,132,1,8354.8726,8331.168375,8337.374008333332,8196.641572382727,8338.992071399884
Sb-132,51,81,132,0,8372.3452,8368.711925,8376.926408333333,8204.004752535466,8370.051669807064
Te-132,52,80,132,4,8408.4859,8402.905275000001,8406.482025000001,8221.98501431475,8414.591966513033
I-132,53,79,132,3,8406.4628,8408.513725,8413.00445,8239.161280393344,8409.43341581351
Xe-132,54,78,132,2,8427.6229,8420.926775,8421.403375,8250.2090044989,8427.687284070502
Cs-132,55,77,132,1,8405.5878,8407.8436,8411.136675,8207.389100846936,8405.592744384381
Ba-132,56,76,132,0,8409.3747,8401.889825,8402.332483333334,8198.669556808934,8409.313005475631
La-132,57,75,132,4,8367.7559,8369.765475,8373.444958333332,8166.428893749081,8368.261959986436
Ce-132,58,74,132,3,8352.3223,8344.9036,8345.559766666665,8172.712081023491,8352.52367053608
Pr-132,59,73,132,2,8291.5377,8293.066775,8296.7117,8131.875270534711,8291.28742925827
Nd-132,60,72,132,1,8256.8104,8249.620175,8250.682808333335,8089.298823053259,8257.762400309417
Pm-132,61,71,132,0,8177.0,8177.9294,8182.449433333333,8017.906646142024,8176.505924655407
Sm-132,62,70,132,4,8122.0,8112.75,8114.130824999999,7988.472881794411,8120.661565277614
Eu-132,63,69,132,3,8018.0,8019.0,8019.0,7915.79622201116,8013.217116831898
Ag-133,47,86,133,2,8013.0,8094.0,8026.0,8090.839646865789,8016.0
Cd-133,48,85,133,1,8121.0,8117.0301,8117.222791666666,8122.253130419084,8120.935538457272
In-133,49,84,133,0,8217.0,8219.5671,8227.2771,8165.61688119262,8224.019253784241
Sn-133,50,83,133,4,8310.089,8293.2155,8299.564425,8180.059488965396,8304.653164503108
Sb-133,51,82,133,3,8364.7302,8355.764675,8364.415275,8220.442525421971,8350.31296708677
Te-133,52,81,133,2,8389.0255,8379.597425,8383.493058333333,8231.469868704762,8386.199402236101
I-133,53,80,133,1,8405.0993,8407.310975,8413.424141666665,8218.085127986158,8411.046972513142
Xe-133,54,79,133,0,8412.6477,8406.8312,8408.737824999998,8215.457755253101,8415.510793223139
Cs-133,55,78,133,4,8409.9786,8413.04175,8416.547375,8207.813761908932,8410.098679135603
Ba-133,56,77,133,3,8400.2059,8394.04055,8394.668008333334,8220.32061127375,8400.222574643592
La-133,57,76,133,2,8378.8415,8382.077775,8385.946558333333,8205.15616596811,8379.142081864808
Ce-133,58,75,133,1,8349.8301,8344.00515,8344.932241666667,8160.590560480732,8350.540534853155
Pr-133,59,74,133,0,8310.2588,8313.233425,8317.373808333334,8119.221154348483,8310.719544433388
Nd-133,60,73,133,4,8262.232,8255.852225,8256.835208333332,8088.238793921297,8262.191601739476
Pm-133,61,72,133,3,8204.2841,8205.900925,8210.301608333333,8055.956555403797,8203.60643024555
Sm-133,62,71,133,2,8137.0,8128.65675,8130.304233333333,8011.898538655831,8135.643667792002
Eu-133,63,70,133,1,8056.0,8058.25,8060.583333333333,7949.769427902805,8051.795079972752
Gd-133,64,69,133,0,7966.0,8023.0,7963.5,7876.907078478765,7976.0
Cd-134,48,86,134,4,8086.0,8106.047366666667,8080.0987000000005,8120.314928694784,8084.644476741238
In-134,49,85,134,3,8173.0,8174.100975,8177.970508333334,8154.728131375751,8172.540423959421
Sn-134,50,84,134,2,8275.1719,8265.2155,8270.838233333332,8188.427166461421,8283.741325129726
Sb-134,51,83,134,1,8325.9398,8320.106475,8328.441591666668,8181.953514073188,8320.528028284278
Te-134,52,82,134,0,8383.6442,8369.351775,8372.97193333333,8213.250750844096,8371.4644399454
I-134,53,81,134,4,8389.0722,8386.3227,8392.124966666664,8202.707186233216,8386.28399273242
Xe-134,54,80,134,3,8413.6994,8407.5626,8410.611366666666,8242.371537784053,8418.780294739292
Cs-134,55,79,134,2,8398.647,8401.385575,8405.893891666665,8228.149498174362,8402.096375348203
Ba-134,56,78,134,1,8408.1731,8401.226775000001,8401.608991666668,8209.363780180745,8408.245673433903
La-134,57,77,134,0,8374.4888,8376.499775,8379.760358333333,8172.596986647116,8374.008915344239
Ce-134,58,76,134,4,8365.7716,8358.46365,8358.939483333332,8166.236033519859,8365.660693945583
Pr-134,59,75,134,3,8312.8817,8314.882575,8318.639049999998,8144.696865712966,8313.882252188569
Nd-134,60,74,134,2,8285.5391,8278.093799999999,8278.604483333333,8126.731389781595,8285.527207122546
Pm-134,61,73,134,1,8213.4131,8215.144925,8219.118774999999,8059.506413378661,8213.936258583019
Sm-134,62,72,134,0,8167.0,8159.80015,8161.088616666666,8014.5628123848865,8168.102475064364
Eu-134,63,71,134,4,8075.0,8076.25,8080.864908333333,7958.063770577745,8074.747630685019
Gd-134,64,70,134,3,8008.0,8019.666666666667,8006.75,7908.421257732172,8013.1557895285305
Cd-135,48,87,135,2,8036.0,8106.0,8032.9398,8098.992417740414,8035.8796
In-135,49,86,135,1,8136.0,8138.25,8142.543633333333,8126.630626186449,8135.24506148093
Sn-135,50,85,135,0,8230.6877,8221.835575000001,8226.051266666667,8166.583886701364,8235.445592945054
Sb-135,51,84,135,4,8291.9894,8294.45215,8302.639883333333,8179.06188979867,8299.388451770905
Te-135,52,83,135,3,8345.7384,8336.6313,8340.72665,8216.92963530628,8342.335199105328
I-135,53,82,135,2,8384.7609,8377.733925,8383.512233333333,8226.0679782361,8372.781698205605
Xe-135,54,81,135,1,8398.4783,8388.944675,8392.244449999998,8210.876973709179,8395.392449432009
Cs-135,55,80,135,0,8401.3393,8403.848175,8409.768283333331,8206.277194425793,8406.405692143599
Ba-135,56,79,135,4,8397.5345,8391.683225,8393.455308333334,8197.342588870859,8400.407803758417
La-135,57,78,135,3,8382.7972,8385.664424999999,8389.214875,8207.137530674003,8382.440145239936
Ce-135,58,77,135,2,8361.9861,8355.394375,8356.0543,8190.795501155616,8360.72903677994
Pr-135,59,76,135,1,8328.9284,8331.562624999999,8335.570349999998,8146.015806397851,8328.719965552638
Nd-135,60,75,135,0,8288.1536,8282.1059,8283.028575,8103.903602308112,8288.869008840375
Pm-135,61,74,135,4,8236.7933,8239.847825,8244.015441666668,8072.344101461367,8237.219041678765
Sm-135,62,73,135,3,8177.627,8171.4914499999995,8172.796049999999,8037.619584740558,8179.003955399475
Eu-135,63,72,135,2,8107.0,8109.39345,8113.6493666666665,7993.1749864989615,8107.198202988747
Gd-135,64,71,135,1,8028.0,8020.5,8020.5,7932.047124252467,8022.724185833885
Tb-135,65,70,135,0,7939.0,8003.5,7953.0,7859.463110348321,7946.0
In-136,49,87,136,4,8091.0,8120.333333333333,8093.1419,8111.928197878459,8092.44517915022
Sn-136,50,86,136,3,8197.0,8186.912075,8188.261833333334,8168.715156032372,8196.611518360094
Sb-136,51,85,136,2,8252.2533,8253.7158,8259.88855,8177.089884341729,8256.744821464119
Te-136,52,84,136,1,8319.4301,8313.553875000001,8317.096350000002,8192.477818582563,8325.48367541484
I-136,53,83,136,0,8351.3242,8347.885525,8353.679008333333,8195.098631688123,8348.370791300273
Xe-136,54,82,136,4,8396.1889,8383.027425,8386.071833333332,8209.218021300729,8385.842733823385
Cs-136,55,81,136,3,8389.7723,8387.27445,8392.693749999999,8221.607598515513,8385.895181327485
Ba-136,56,80,136,2,8402.7566,8396.203825,8398.833025,8229.043149761499,8407.284804386212
La-136,57,79,136,1,8376.0512,8378.589125,8383.065291666668,8184.85009705077,8379.263271796255
Ce-136,58,78,136,0,8373.7624,8366.82925,8367.247791666668,8172.875543351317,8373.75152725085
Pr-136,59,77,136,4,8330.0089,8330.919125,8334.48395,8139.350858515549,8328.409489331765
Nd-136,60,76,136,3,8308.5127,8300.903425,8301.340016666667,8139.805512823755,8308.22335514915
Pm-136,61,75,136,2,8243.7207,8245.8688,8249.44185,8097.908399999091,8243.513896025492
Sm-136,62,74,136,1,8205.9165,8198.073925,8198.81855,8055.657503208935,8205.629050592444
Eu-136,63,73,136,0,8122.0,8123.562025,8127.403858333333,7984.4430044975925,8121.808195034236
Gd-136,64,72,136,4,8064.0,8056.5,8055.583333333333,7954.00316762569,8059.856520747193
Tb-136,65,71,136,3,7961.0,8023.5,7975.1633999999995,7877.618483557954,7969.3268
In-137,49,88,137,2,8053.0,8127.0,8073.5,8105.773622080107,8055.0
Sn-137,50,87,137,1,8152.0,8143.171925000001,8144.940958333334,8129.879879541042,8151.619603568633
Sb-137,51,86,137,0,8218.4764,8221.392,8225.57765,8166.594471794839,8218.392158079976
Te-137,52,85,137,4,8280.2357,8275.552075,8277.9608,8177.2061012073245,8283.153960420763
I-137,53,84,137,3,8326.0033,8328.623075,8334.690383333334,8212.573886755103,8332.361465335123
Xe-137,54,83,137,2,8364.2865,8355.38415,8358.781350000001,8219.913690325568,8362.034260588714
Cs-137,55,82,137,1,8388.9581,8383.322525,8388.8389,8203.073011415636,8378.427319383693
Ba-137,56,81,137,0,8391.8288,8382.352425000001,8385.2009,8196.610760132246,8388.645352801948
La-137,57,80,137,4,8381.8807,8385.148325,8390.788883333335,8186.455288032723,8386.867602427583
Ce-137,58,79,137,3,8367.2497,8361.9308,8363.7057,8193.566738372021,8370.74355518374
Pr-137,59,78,137,2,8341.7074,8344.42655,8348.186358333332,8176.107853089865,8341.611280503672
Nd-137,60,77,137,1,8309.5892,8302.545624999999,8303.160491666666,8131.199850904646,8308.240506576509
Pm-137,61,76,137,0,8263.6516,8267.195475,8270.896324999998,8088.4018684300345,8263.544376149654
Sm-137,62,75,137,4,8213.5527,8206.51185,8207.265833333335,8056.304719770257,8213.311793663575
Eu-137,63,74,137,3,8150.5738,8153.0338,8157.17185,8019.159756685302,8150.5508641915
Gd-137,64,73,137,2,8080.0,8073.75,8075.063666666666,7974.356110373,8080.881557819876
Tb-137,65,72,137,1,7999.0,8001.25,8001.25,7914.260398008073,7996.134372582064
Sn-138,50,88,138,4,8118.0,8108.0,8108.0,8128.276362446238,8116.451906168763
Sb-138,51,87,138,3,8178.0,8179.756225,8183.55715,8158.745275908756,8178.028333703569
Te-138,52,86,138,2,8252.5786,8246.7183,8246.913424999999,8187.715722129562,8252.401185853274
I-138,53,85,138,1,8292.445,8293.156074999999,8297.466441666664,8176.682498471733,8294.819192342266
Xe-138,54,84,138,0,8344.6913,8338.85485,8341.852383333331,8202.357309863495,8350.215097086033
Cs-138,55,83,138,4,8360.1437,8358.850225,8364.311216666665,8189.288708640698,8358.825192422906
Ba-138,56,82,138,3,8393.4222,8380.71585,8383.317941666668,8223.120548647621,8384.078036540875
La-138,57,81,138,2,8375.0835,8373.341625,8378.488525,8206.468381547604,8371.515323206904
Ce-138,58,80,138,1,8377.0408,8370.3671,8372.700949999999,8185.458439997867,8381.212879224906
Pr-138,59,79,138,0,8339.2195,8341.859775,8346.285375,8146.76117209318,8342.829380807532
Nd-138,60,78,138,4,8325.4946,8318.40785,8318.780999999999,8138.058616864803,8325.636153891677
Pm-138,61,77,138,3,8268.3558,8271.371075,8274.51029166667,8111.840620500412,8268.549724331631
Sm-138,62,76,138,2,8237.9286,8230.151974999999,8230.500208333331,8091.874119149549,8237.647469916592
Eu-138,63,75,138,1,8161.6211,8164.821425,8168.612741666667,8026.177060636096,8162.939188522571
Gd-138,64,74,138,0,8112.0,8105.387375,8106.168716666666,7980.319305411378,8112.921319196389
Tb-138,65,73,138,4,8019.0,8020.1683,8022.084966666667,7924.028950099001,8015.072069486808
Dy-138,66,72,138,3,7950.0,8003.5,7944.5,7869.60624451063,7955.0
Sn-139,50,89,139,2,8073.0,8127.5,8068.65615,8111.264620379896,8073.3123
Sb-139,51,88,139,1,8144.0,8147.208275,8151.049983333333,8132.068134971054,8143.975729632305
Te-139,52,87,139,0,8211.7716,8207.427425,8207.977975,8165.705916929251,8212.188472017848
I-139,53,86,139,4,8265.61,8267.931400000001,8271.025808333334,8174.543738179647,8265.22972866328
Xe-139,54,85,139,3,8311.5904,8306.604725000001,8308.666558333334,8207.426258114696,8313.858380983129
Cs-139,55,84,139,2,8342.3397,8345.288700000001,8350.866741666665,8213.052714511621,8348.04887253459
Ba-139,56,83,139,1,8367.0194,8358.2675,8361.089633333333,8194.709773817776,8365.33804494076
La-139,57,82,139,0,8377.9987,8373.7031,8378.948499999999,8186.4885252671775,8368.599886019641
Ce-139,58,81,139,4,8370.4664,8361.061275,8363.5818,8175.177861141255,8367.308913005396
Pr-139,59,80,139,3,8349.5208,8352.64935,8358.184333333333,8179.6327724701705,8354.080949393345
Nd-139,60,79,139,2,8323.6642,8318.352975,8320.159083333332,8161.114149844943,8326.937510659116
Pm-139,61,78,139,1,8285.5473,8289.22695,8292.809258333335,8116.1584895492615,8285.993348493066
Sm-139,62,77,139,0,8243.0786,8236.371875,8236.828524999997,8072.728283018289,8241.949304533224
Eu-139,63,76,139,4,8187.2187,8190.290849999999,8194.225683333332,8040.130605036611,8186.724959395014
Gd-139,64,75,139,3,8126.0,8118.725825,8119.395141666667,8000.58584066871,8125.335567654971
Tb-139,65,74,139,2,8052.0,8054.119025,8057.926083333333,7955.448926379863,8051.466610518973
Dy-139,66,73,139,1,7971.0,7984.0,7970.72365,7896.414282165507,7976.418673897979
Sn-140,50,90,140,0,8038.0,8093.5,8032.0,8113.238232966247,8039.0
Sb-140,51,89,140,4,8103.0,8105.0,8105.0,8118.297967229141,8102.775814166115
Te-140,52,88,140,3,8183.3567,8177.9587,8178.061633333333,8170.088855286063,8183.797347127142
I-140,53,87,140,2,8229.474,8231.20825,8233.927508333334,8174.9238210915155,8230.254462878756
Xe-140,54,86,140,1,8290.8875,8284.45655,8284.890083333335,8185.07499914039,8290.378982538303
Cs-140,55,85,140,0,8314.3227,8315.6723,8319.651983333331,8183.454595085636,8316.413414314113
Ba-140,56,84,140,4,8353.15,8347.484675,8349.981833333331,8194.08252309558,8358.20347456754
La-140,57,83,140,3,8355.0201,8354.5812,8359.947733333334,8201.740881524069,8354.37617483905
Ce-140,58,82,140,2,8376.3045,8364.023675,8366.366833333333,8205.896800681263,8367.981896801632
Pr-140,59,81,140,1,8346.5163,8345.374125,8350.224483333333,8160.754202426453,8343.443214282888
Nd-140,60,80,140,0,8337.864,8331.246725,8333.460808333333,8145.886327642576,8341.75351761152
Pm-140,61,79,140,4,8289.0958,8291.131174999999,8295.288808333331,8111.248474494726,8291.85008052639
Sm-140,62,78,140,3,8263.8211,8256.775474999999,8256.921633333333,8106.0215820797775,8264.291986920893
Eu-140,63,77,140,2,8197.733,8198.926175,8202.231716666667,8063.199917707064,8196.000479212065
Gd-140,64,76,140,1,8154.9757,8146.737925,8146.911666666667,8021.532558987544,8153.8280921304595
Tb-140,65,75,140,0,8068.6732,8070.877,8074.593599999999,7950.585328050755,8068.309017889446
Dy-140,66,74,140,4,8008.0,8001.5,8000.666666666666,7919.273469654949,8005.342984968625
Ho-140,67,73,140,3,7906.0,7968.0,7917.95115,7839.184648024064,7912.9023
Sb-141,51,90,141,2,8069.0,8098.333333333333,8072.5118,8115.541042040326,8070.085577830894
Te-141,52,89,141,1,8142.0,8137.505825,8137.664333333333,8133.257897593708,8141.464051572952
I-141,53,88,141,0,8202.2562,8204.78405,8207.822566666666,8163.971466354068,8202.588026746427
Xe-141,54,87,141,4,8255.3647,8250.7069,8251.514733333332,8171.122777636192,8255.742588137206
Cs-141,55,86,141,3,8294.3554,8296.967425,8300.170783333333,8201.534133743628,8294.408330738457
Ba-141,56,85,141,2,8326.0774,8321.03905,8322.810833333333,8205.527538894512,8328.217737979903
La-141,57,84,141,1,8343.205,8346.086449999999,8351.470625,8185.821217916425,8348.099018397228
Ce-141,58,83,141,0,8355.3956,8346.616549999999,8349.269183333334,8175.938445125075,8353.89414838599
Pr-141,59,82,141,4,8353.9852,8350.321075,8355.464041666666,8163.534479890348,8345.35598549541
Nd-141,60,81,141,3,8335.5074,8326.832124999999,8329.323966666667,8165.358445707885,8332.962155293873
Pm-141,61,80,141,2,8303.9405,8306.771525,8312.224666666665,8145.833851760478,8307.815456650831
Sm-141,62,79,141,1,8265.846,8261.688225,8263.205166666668,8100.906412178607,8269.727306988067
Eu-141,63,78,141,0,8217.6853,8221.7786,8225.403708333333,8056.894319478585,8218.735651266894
Gd-141,64,77,141,4,8164.609,8158.38995,8158.92995,8023.83102619399,8164.704301278259
Tb-141,65,76,141,3,8097.4761,8101.548325,8105.084566666666,7981.906007371154,8097.24461392401
Dy-141,66,75,141,2,8027.0,8019.931475,8019.154241666667,7936.459980638219,8022.900561197634
Ho-141,67,74,141,1,7943.0,7966.666666666667,7949.9604,7878.513480380255,7949.586717402206
Sb-142,51,91,142,0,8027.0,8086.5,8035.0,8104.349149737205,8028.0
Te-142,52,90,142,4,8113.0,8107.339175,8106.932133333334,8132.081091978537,8111.524165029209
I-142,53,89,142,3,8165.2517,8166.589875,8168.925300000001,8158.574917226754,8164.421615102833
Xe-142,54,88,142,2,8233.1695,8227.424725,8227.906441666666,8183.233138543975,8233.314468046656
Cs-142,55,87,142,1,8264.8777,8265.89115,8268.981325,8168.327622301819,8264.889947762167
Ba-142,56,86,142,0,8310.9718,8304.771850000001,8305.145783333332,8188.931368338929,8310.894608944445
La-142,57,85,142,4,8320.8263,8321.800575,8325.655258333334,8173.606078171524,8321.796453824483
Ce-142,58,84,142,3,8347.07,8340.924675,8343.26435,8201.73337120275,8351.428541864854
Pr-142,59,83,142,2,8336.3032,8335.985574999999,8341.325641666666,8182.893847699504,8335.464584549643
Nd-142,60,82,142,1,8346.031,8334.12675,8336.37135,8160.132822316014,8338.255097704248
Pm-142,61,81,142,0,8306.6587,8304.52065,8309.552408333333,8119.766179966165,8303.444453536104
Sm-142,62,80,142,4,8285.9407,8279.314825,8281.454025000003,8108.962593947057,8289.678998197922
Eu-142,63,79,142,3,8226.396,8229.018049999999,8233.362625,8078.130027312332,8230.687091375155
Gd-142,64,78,142,2,8190.2569,8183.2042,8183.362391666666,8056.360339686045,8191.002484750508
Tb-142,65,77,142,1,8111.508,8114.905650000001,8118.126025,7992.359142142738,8112.299666836756
Dy-142,66,76,142,0,8061.0,8052.516575,8052.764724999999,7945.750170009289,8059.687839318626
Ho-142,67,75,142,4,7965.0,7966.774425,7968.884991666666,7889.714604175814,7961.78717093392
Er-142,68,74,142,3,7893.0,7949.5,7889.74365,7830.590238658161,7901.4873
Te-143,52,91,143,2,8070.0,8066.25,8066.25,8118.673260592944,8069.586278750828
I-143,53,90,143,1,8137.0,8139.285175,8142.0182166666655,8133.5073261251155,8136.418772710487
Xe-143,54,89,143,0,8196.8855,8191.898375,8192.498708333334,8161.440662540453,8196.358626266467
Cs-143,55,88,143,4,8243.6707,8245.4285,8248.69765,8166.987859820115,8243.052721830943
Ba-143,56,87,143,3,8281.9878,8276.795624999999,8277.7691,8194.941601638518,8282.194795342533
La-143,57,86,143,2,8306.1271,8308.756325,8312.005416666667,8197.377696727897,8306.286138344736
Ce-143,58,85,143,1,8324.6765,8319.409800000001,8321.024775000002,8176.438938025854,8326.333440726428
Pr-143,59,84,143,0,8329.428,8332.52685,8337.875458333332,8164.986532193832,8334.076728880951
Nd-143,60,83,143,4,8330.4893,8321.57395,8324.125491666666,8151.547636787333,8328.572882164446
Pm-143,61,82,143,3,8317.7341,8314.07745,8319.338425000002,8150.764987413774,8309.441603695346
Sm-143,62,81,143,2,8288.1825,8279.92325,8282.555341666666,8130.285071822023,8285.289969869875
Eu-143,63,80,143,1,8245.8177,8248.70965,8253.842883333331,8085.457293292215,8249.52577178581
Gd-143,64,79,143,0,8198.3188,8192.810300000001,8194.407816666668,8040.910663781264,8200.796960950192
Tb-143,65,78,143,4,8138.2176,8142.965725,8146.880174999999,8007.414620181305,8140.923712378364
Dy-143,66,77,143,3,8075.0527,8068.123525,8068.5499500000005,7963.127876262033,8074.613276425403
Ho-143,67,76,143,2,7999.0,8002.1448,8004.688458333334,7917.395385875325,7996.07868714215
Er-143,68,75,143,1,7917.0,7930.0,7915.512000000001,7860.562391924198,7921.060452508389
Te-144,52,92,144,0,8040.0,8091.0,8035.11395,8118.896414648273,8042.6433
I-144,53,91,144,4,8098.0,8100.33485,8102.22245,8120.716418932567,8098.258931609143
Xe-144,54,90,144,3,8172.8845,8167.329775,8167.571633333332,8167.554380994989,8172.727003801561
Cs-144,55,89,144,2,8211.8894,8212.9997,8215.906258333333,8169.17537132485,8211.577140083655
Ba-144,56,88,144,1,8265.4549,8259.064774999999,8259.674750000002,8174.808571017754,8264.77557929663
La-144,57,87,144,0,8281.4283,8283.172275,8286.401425,8169.391422286276,8282.438839377002
Ce-144,58,86,144,4,8314.7612,8308.458425,8308.631516666666,8176.856844774913,8314.253677801875
Pr-144,59,85,144,3,8311.5411,8312.62325,8316.36945833333,8179.834415698229,8311.756034671189
Nd-144,60,84,144,2,8326.9237,8320.5525,8322.739175,8181.0063949824025,8330.885111692094
Pm-144,61,83,144,1,8305.2969,8304.704225,8309.975633333333,8135.289156013333,8304.00583454771
Sm-144,62,82,144,0,8303.68,8291.701825,8294.019774999997,8117.849119246191,8295.951291929647
Eu-144,63,81,144,4,8254.1744,8251.364925,8256.373683333331,8082.248915715085,8250.31203535349
Gd-144,64,80,144,3,8221.9382,8216.030375,8218.426416666665,8071.472763767381,8225.93495119324
Tb-144,65,79,144,2,8151.2877,8153.46565,8157.734825,8027.845748097915,8153.616609251463
Dy-144,66,78,144,1,8105.5902,8098.4774,8098.827149999999,7986.990436320566,8106.56217496768
Ho-144,67,77,144,0,8017.0977,8019.5738249999995,8022.724458333333,7916.388053689928,8016.35034527763
Er-144,68,76,144,4,7956.0,7947.878175,7947.878175,7884.323094734429,7951.32848775853
Tm-144,69,75,144,3,7850.0,7915.5,7864.249449999999,7800.533161848606,7859.4989
Te-145,52,93,145,3,7998.0,8050.5,7994.0,8099.711210866051,7998.0
I-145,53,92,145,2,8069.0,8072.1038499999995,8072.1038499999995,8120.726823604444,8069.3424343197985
Xe-145,54,91,145,1,8135.0877,8130.5805,8130.973566666666,8132.870588379477,8135.1839556657405
Cs-145,55,90,145,0,8188.7342,8190.971375,8194.136083333335,8158.159648742378,8189.10322277279
Ba-145,56,89,145,4,8234.7991,8229.279125000001,8230.093850000001,8162.180560974177,8233.820198564848
La-145,57,88,145,3,8266.0873,8267.910925,8271.080633333331,8187.689722716632,8265.238064044892
Ce-145,58,87,145,2,8289.8762,8284.739300000001,8285.051033333333,8188.640007637612,8289.851121745622
Pr-145,59,86,145,1,8302.1285,8304.705475,8307.708341666668,8166.592358537628,8301.282512545757
Nd-145,60,85,145,0,8309.1883,8303.572250000001,8305.079583333332,8153.657014351641,8310.886506426441
Pm-145,61,84,145,4,8302.6583,8305.721775,8311.09260833333,8139.238281710731,8307.170255548981
Sm-145,62,83,145,3,8293.0139,8283.996374999999,8286.733483333333,8135.872172018372,8290.939302307366
Eu-145,63,82,145,2,8269.2744,8265.63645,8271.215233333332,8114.484684673455,8261.061751113155
Gd-145,64,81,145,1,8228.9485,8220.7443,8223.571974999999,8069.823873891534,8227.077624591835
Tb-145,65,80,145,0,8178.5397,8178.2234,8183.702266666665,8024.787277429026,8178.694416606808
Dy-145,66,79,145,4,8116.8884,8111.58775,8112.875999999999,7990.889442071256,8120.176340803909
Ho-145,67,78,145,3,8048.5792,8052.28525,8056.106133333333,7944.258558771272,8049.3359486709005
Er-145,68,77,145,2,7975.0,7968.643425,7968.643425,7898.2608547119735,7971.396588950758
Tm-145,69,76,145,1,7889.0,7952.4089,7903.3178,7842.565134441196,7893.6356
I-146,53,93,146,0,8031.0,8056.0,8032.87415,8108.540028291032,8031.148099401582
Xe-146,54,92,146,4,8110.4154,8105.171375,8105.205058333333,8132.198887487535,8110.545863799514
Cs-146,55,91,146,3,8155.4365,8156.941125,8159.621983333334,8154.691700728688,8155.656132219715
Ba-146,56,90,146,2,8215.5293,8209.963625,8210.2778,8175.408922066796,8215.892732186505
La-146,57,89,146,1,8239.9988,8240.617825000001,8243.182891666667,8157.241929882647,8238.400426932769
Ce-146,58,88,146,0,8278.5081,8272.944025,8273.023225,8173.265699709959,8278.717118910105
Pr-146,59,87,146,4,8280.325,8283.64045,8286.112983333334,8155.922027367259,8281.528882613693
Nd-146,60,86,146,3,8304.0927,8297.6503,8297.700091666666,8178.460924051385,8303.449274570645
Pm-146,61,85,146,2,8288.655,8290.821725,8294.77665,8157.649253068792,8290.61704644285
Sm-146,62,84,146,1,8293.8581,8287.37795,8289.601625,8133.557877309455,8297.59110065291
Eu-146,63,83,146,0,8261.9327,8261.0851,8266.666658333335,8091.752830289438,8260.71990078306
Gd-146,64,82,146,4,8249.5072,8236.54435,8238.934949999999,8079.0625538915565,8241.367050854531
Tb-146,65,81,146,3,8187.1474,8185.331225,8190.358158333334,8043.673147637914,8184.115844799857
Dy-146,66,80,146,2,8146.1128,8139.77775,8142.055324999999,8020.276039658899,8149.309425459616
Ho-146,67,79,146,1,8063.2426,8067.36045,8071.511341666666,7958.118319219043,8067.423121900683
Er-146,68,78,146,0,8010.5127,8003.27235,8003.7976,7910.902383553539,8011.240558821782
Tm-146,69,77,146,4,7914.0,7931.167033333334,7921.076425,7855.1612573075545,7909.250550000001
I-147,53,94,147,3,8001.0,8058.0,8011.0,8102.659715256158,8001.0
Xe-147,54,93,147,2,8072.0,8068.15865,8068.0501,8121.762842134539,8071.914109562438
Cs-147,55,92,147,1,8131.801,8134.06535,8136.931949999998,8131.398183327488,8131.726176310119
Ba-147,56,91,147,0,8183.2405,8178.9504,8179.408458333333,8154.171443115834,8184.253657047358
La-147,57,90,147,4,8221.5536,8224.548925,8227.547825,8156.739640390255,8222.33925113114
Ce-147,58,89,147,3,8252.5274,8248.411325000001,8248.615333333335,8179.816774800307,8252.566493893726
Pr-147,59,88,147,2,8270.54,8274.0296,8276.629016666666,8179.348796192269,8270.753709380651
Nd-147,60,87,147,1,8283.6036,8278.296325,8278.219441666664,8156.308908597821,8282.94699962696
Pm-147,61,86,147,0,8284.3712,8286.977825,8289.746191666665,8141.9724782459125,8282.975982076825
Sm-147,62,85,147,4,8280.5734,8274.738175,8276.248408333333,8126.625945691593,8282.277908264283
Eu-147,63,84,147,3,8263.5409,8266.257075,8271.876841666666,8120.698435564564,8267.712809339795
Gd-147,64,83,147,2,8243.3366,8233.671875,8236.439624999999,8098.448425474474,8240.716379071828
Tb-147,65,82,147,1,8206.625,8204.7013,8210.466625000001,8054.01803572982,8201.082012102112
Dy-147,66,81,147,0,8156.768,8148.0281749999995,8150.4012416666665,8008.533454617151,8154.024581867053
Ho-147,67,80,147,4,8094.0381,8096.90985,8101.9576,7974.263010607189,8097.14901965027
Er-147,68,79,147,3,8026.476,8020.424875,8021.753108333333,7925.304697548929,8029.6355290723395
Tm-147,69,78,147,2,7948.8178,7952.378175,7952.378175,7879.061729981151,7947.1485135743615
Xe-148,54,94,148,0,8047.0,8041.8538499999995,8041.8538499999995,8120.733660548877,8046.172195763921
Cs-148,55,93,148,4,8097.5469,8099.5715,8101.735058333333,8119.624621011026,8097.654649155603
Ba-148,56,92,148,3,8164.1118,8158.840575,8158.954658333332,8161.550642924388,8164.487936636032
La-148,57,91,148,2,8193.7165,8196.72565,8199.151166666667,8160.247696861643,8195.727054630723
Ce-148,58,90,148,1,8240.3876,8234.872175,8234.757116666666,8162.003813704781,8240.443972738203
Pr-148,59,89,148,0,8249.5409,8251.806925,8253.871125000001,8153.185356291897,8249.742090755817
Nd-148,60,88,148,4,8277.1778,8271.434825,8270.991175,8157.782118423728,8277.274186683764
Pm-148,61,87,148,3,8268.2283,8269.88485,8272.088191666666,8156.125015525906,8266.423795190927
Sm-148,62,86,148,2,8279.6326,8273.3522,8273.265641666665,8154.576801505911,8279.013578200178
Eu-148,63,85,148,1,8253.8155,8255.83495,8259.8004,8108.617672671902,8255.406694832765
Gd-148,64,84,148,0,8248.3398,8241.368425,8243.628733333335,8088.891513486729,8252.163080608358
Tb-148,65,83,148,4,8204.3207,8203.9802,8209.467775,8052.462488249584,8203.45967940452
Dy-148,66,82,148,3,8180.943,8168.785575,8170.863208333333,8036.256618489711,8173.7485808898555
Ho-148,67,81,148,2,8108.9797,8107.452175,8112.4225333333325,7991.929214503104,8105.0751628171665
Er-148,68,80,148,1,8059.6924,8052.68675,8054.710558333333,7952.088877473651,8062.558329973381
Tm-148,69,79,148,0,7968.5011,7972.119,7976.518558333331,7881.898644737033,7972.27258130288
Yb-148,70,78,148,4,7906.0,7956.9089,7900.8429,7849.186388262008,7914.5629
Xe-149,54,95,149,3,8009.0,8055.5,8003.95615,8104.564979724568,8008.9123
Cs-149,55,94,149,2,8073.0,8075.910375,8078.3101166666665,8121.838344040199,8072.592479030272
Ba-149,56,93,149,1,8131.8495,8127.305325,8127.567349999999,8129.137233262524,8131.848017675091
La-149,57,92,149,0,8176.1915,8178.958,8181.3797749999985,8149.516187412477,8175.899542224339
Ce-149,58,91,149,4,8214.2294,8210.36335,8210.7019,8150.701264548752,8215.211035690672
Pr-149,59,90,149,3,8238.304,8242.097225000001,8244.713675000003,8171.3584739847865,8239.9345837755
Nd-149,60,89,149,2,8255.4437,8251.807775000001,8251.554333333333,8169.536090225184,8256.940863977348
Pm-149,61,88,149,1,8261.5277,8266.1112,8268.677291666665,8145.614180612781,8263.143132595504
Sm-149,62,87,149,0,8263.4683,8258.530825,8258.357816666667,8129.953999421098,8262.759914061708
Eu-149,63,86,149,4,8253.556,8256.2709,8259.092783333334,8113.728853268213,8252.251140097509
Gd-149,64,85,149,3,8239.4856,8233.634075,8235.293624999998,8105.260981481831,8241.341621068668
Tb-149,65,84,149,2,8209.8153,8213.24715,8218.274725,8082.190979672342,8213.082968823295
Dy-149,66,83,149,1,8179.0972,8170.152475,8172.632575,8038.050868760534,8177.178063162601
Ho-149,67,82,149,0,8133.255,8130.676,8135.993083333334,7992.157874192739,8126.036128808255
Er-149,68,81,149,4,8074.9558,8065.332,8067.581083333333,7957.542349625275,8071.917006765756
Tm-149,69,80,149,3,8004.0,8005.89195,8011.3313333333335,7906.272502215699,8005.889929152262
Yb-149,70,79,149,2,7927.0,7939.418900000001,7931.380875000001,7859.803012381673,7941.16637639673
Xe-150,54,96,150,1,7983.0,8030.0,7976.2923,8081.091606544005,7983.5846
Cs-150,55,95,150,0,8039.0,8041.386725,8041.386725,8109.09244499282,8039.061761305982
Ba-150,56,94,150,4,8111.8405,8105.78885,8105.674358333334,8129.037599069741,8111.303258178194
La-150,57,93,150,3,8149.4339,8150.960975,8153.310416666667,8147.507728811555,8148.658081318571
Ce-150,58,92,150,2,8201.123,8196.365375,8196.601525,8164.6159427885805,8201.825171642366
Pr-150,59,91,150,1,8218.9316,8220.287325000001,8223.093916666665,8143.73192171391,8219.835954122995
Nd-150,60,90,150,0,8249.5789,8245.190475,8245.179475,8155.614449841065,8251.365419351861
Pm-150,61,89,150,4,8243.8125,8248.4437,8250.466741666667,8136.464663142074,8247.352136654014
Sm-150,62,88,150,3,8261.6235,8256.131150000001,8255.568366666666,8153.521010020896,8262.32904567701
Eu-150,63,87,150,2,8241.3481,8243.72845,8245.865533333334,8130.928540399323,8240.444170789357
Gd-150,64,86,150,1,8242.6103,8236.043575,8235.820058333333,8105.881999320697,8242.093265236097
Tb-150,65,85,150,0,8206.3396,8207.6231,8211.618141666666,8062.843453273225,8206.929403991822
Dy-150,66,84,150,4,8189.1495,8182.300525000001,8184.1564,8048.458023461418,8192.674710641695
Ho-150,67,83,150,3,8134.8423,8134.467125,8139.732458333333,8008.563921373674,8133.6295887276065
Er-150,68,82,150,2,8102.1962,8090.588375,8092.510775000001,7983.696006875295,8095.5343617320805
Tm-150,69,81,150,1,8021.0,8020.9128,8025.951341666667,7923.511787366267,8018.613069654904
Yb-150,70,80,150,0,7965.0,7957.359275,7957.359275,7875.816943345734,7960.347935746849
Lu-150,71,79,150,4,7866.0,7926.5,7884.749449999999,7820.404393921557,7884.0
Cs-151,55,96,151,3,8013.0,8037.666666666667,8017.0995,8105.484679000597,8014.744484471758
Ba-151,56,95,151,2,8079.0,8073.962375,8073.795708333333,8121.006594912812,8077.3068574294175
La-151,57,94,151,1,8129.0436,8132.508,8135.461441666667,8126.131749204833,8129.884972472748
Ce-151,58,93,151,0,8176.2779,8171.19205,8171.926058333333,8144.231372908716,8175.554467106948
Pr-151,59,92,151,4,8207.8824,8208.867975,8211.913558333332,8144.099210745258,8206.64610592365
Nd-151,60,91,151,3,8230.2741,8226.27195,8226.972991666666,8162.3481757552145,8231.021377432551
Pm-151,61,90,151,2,8241.2723,8244.081175,8246.552066666667,8159.231801024725,8241.856390862895
Sm-151,62,89,151,1,8243.9735,8240.600875,8240.162516666665,8134.532074273207,8246.020142110336
Eu-151,63,88,151,0,8239.2998,8244.3212,8246.862016666668,8117.621260578126,8241.484243852461
Gd-151,64,87,151,4,8231.0446,8225.81545,8225.603066666667,8100.564024605393,8230.491647382049
Tb-151,65,86,151,3,8208.8743,8212.598275,8215.403075,8089.575876741934,8208.340649699805
Dy-151,66,85,151,2,8184.6789,8179.026875,8180.4169999999995,8065.726064631723,8186.360924134746
Ho-151,67,84,151,1,8145.5267,8148.84755,8153.9370666666655,8021.9327324889,8149.0683780239215
Er-151,68,83,151,0,8104.8723,8096.26305,8098.599266666666,7975.668646948981,8103.180725080922
Tm-151,69,82,151,4,8050.0576,8048.2226,8053.50205,7940.734025783688,8044.000103786428
Yb-151,70,81,151,3,7983.7556,7974.0,7973.170349999999,7887.167781960753,7974.4568051648685
Lu-151,71,80,151,2,7904.0,7962.0441,7928.36975,7840.489385733802,7930.739500000001
Cs-152,55,97,152,1,7980.0,8031.0,7987.726549999999,8071.901252696037,7980.4531
Ba-152,56,96,152,0,8057.0,8051.710125,8051.293458333334,8119.166673129028,8056.253701719781
La-152,57,95,152,4,8102.0,8103.358475,8106.393308333333,8115.406273347209,8101.8497478903855
Ce-152,58,94,152,3,8161.0,8154.550925,8155.019799999998,8152.459395832909,8160.002888833261
Pr-152,59,93,152,2,8187.1049,8186.7730249999995,8189.953575,8148.491495567406,8185.03921103424
Nd-152,60,92,152,1,8224.0078,8217.741,8218.532566666667,8146.943607993263,8222.356813477058
Pm-152,61,91,152,0,8226.1293,8226.835225,8229.0314,8135.076685689711,8224.872677211313
Sm-152,62,90,152,4,8244.0645,8239.6087,8239.560225000001,8137.068040735638,8244.85252172764
Eu-152,63,89,152,3,8226.5854,8230.710775,8232.704625,8130.818660044503,8229.236781978969
Gd-152,64,88,152,2,8233.4042,8227.940025,8227.385108333332,8126.78619649805,8234.308920619422
Tb-152,65,87,152,1,8202.0072,8204.951325,8207.352366666666,8080.88129873391,8202.194187710318
Dy-152,66,86,152,0,8192.9171,8186.197875,8185.898683333333,8059.124507068793,8192.603873930524
Ho-152,67,85,152,4,8144.9193,8147.254775,8150.926674999999,8021.985211463574,8146.295403312781
Er-152,68,84,152,3,8119.3485,8112.842975,8114.566425000001,8000.4580681721845,8122.768049524521
Tm-152,69,83,152,2,8056.4387,8055.5203249999995,8060.614883333333,7955.522944859896,8053.808437599472
Yb-152,70,82,152,1,8015.4371,8003.5215,8005.703091666667,7916.8782276311895,8008.666387304733
Lu-152,71,81,152,0,7926.0,7924.9389,7924.9389,7847.158616550395,7917.875864433348
Ba-153,56,97,153,3,8023.0,8036.666666666667,8020.82525,8105.472730980804,8025.149003298314
La-153,57,96,153,2,8081.0,8082.5109,8085.661925,8119.317389994198,8080.01359839414
Ce-153,58,95,153,1,8134.0,8128.144325,8129.1479,8122.422872309804,8133.633969527914
Pr-153,59,94,153,0,8172.0371,8173.067825,8176.718574999999,8138.352045921811,8171.941876806792
Nd-153,60,93,153,4,8204.5832,8198.10025,8199.540791666668,8136.965052322962,8202.44248336716
Pm-153,61,92,153,3,8221.1536,8221.853925,8224.952575,8152.817057943554,8220.115170255956
Sm-153,62,91,153,2,8228.5373,8224.6073,8224.971341666665,8148.463887264148,8228.367559931577
Eu-153,63,90,153,1,8228.7011,8231.209975,8233.484708333333,8123.08492759007,8228.439641651357
Gd-153,64,89,153,0,8220.4209,8216.88845,8216.574325000001,8104.992659187738,8222.350180231955
Tb-153,65,88,153,4,8205.0504,8209.581575,8212.236916666665,8087.147368431411,8206.55147314832
Dy-153,66,87,153,3,8185.7514,8180.4313999999995,8180.223958333332,8073.658139384234,8185.387912139504
Ho-153,67,86,153,2,8153.6372,8157.5103,8160.5435166666675,8049.066503957378,8153.77579150862
Er-153,68,85,153,1,8118.8154,8113.36125,8114.495516666666,8005.673311849992,8120.970361383441
Tm-153,69,84,153,0,8071.2571,8074.430575,8079.374758333333,7959.073358728824,8074.731172505908
Yb-153,70,83,153,4,8022.0,8013.004425,8015.370283333333,7923.844182972204,8020.079768921869
Lu-153,71,82,153,3,7959.0882,7956.2185,7958.333458333333,7867.995975302847,7946.128259502599
Hf-153,72,81,153,2,7882.0,7927.5,7883.1222,7821.125240073885,7898.0
Ba-154,56,98,154,1,8001.0,8042.5,7995.07975,8083.405944152775,8002.1595
La-154,57,97,154,0,8051.0,8052.25,8054.313858333333,8106.39856761626,8049.656382369082
Ce-154,58,96,154,4,8116.0,8110.25995,8111.225808333333,8122.9526393493425,8116.63042796738
Pr-154,59,95,154,3,8147.2994,8149.1609,8152.493041666667,8137.382133015083,8148.581856361691
Nd-154,60,94,154,2,8192.3491,8186.917275,8188.344933333332,8151.179104269239,8192.78796153448
Pm-154,61,93,154,1,8204.717,8204.666150000001,8207.979966666668,8128.064673711969,8204.052719800955
Sm-154,62,92,154,0,8226.8379,8221.724875,8222.444491666665,8136.199043653835,8226.213790157775
Eu-154,63,91,154,4,8217.1006,8218.249,8220.394424999999,8115.4327542888905,8216.401344846263
Gd-154,64,90,154,3,8224.7996,8220.086975,8220.038108333334,8127.1033734989305,8225.066157903879
Tb-154,65,89,154,2,8196.6697,8200.35665,8202.349816666665,8102.900720505927,8198.527730231748
Dy-154,66,88,154,1,8193.1305,8187.402400000001,8186.987208333333,8077.234462911338,8193.669789770269
Ho-154,67,87,154,0,8150.6825,8153.885775,8156.437400000001,8033.144691692532,8151.360783526957
Er-154,68,86,154,4,8132.3919,8125.817525,8125.694116666666,8017.235747062224,8132.464351183918
Tm-154,69,85,154,3,8074.209,8077.170175,8081.019074999999,7972.884290890033,8077.006385284263
Yb-154,70,84,154,2,8039.9402,8033.96045,8035.595933333332,7946.68550412943,8044.04062502616
Lu-154,71,83,154,1,7968.0,7968.093800000001,7973.041133333334,7888.589528297658,7966.840107898831
Hf-154,72,82,154,0,7918.0,7923.251933333333,7916.30145,7840.529736477668,7921.673552853963
La-155,57,98,155,3,8028.0,8030.5,8030.5,8104.579584566423,8026.941302665784
Ce-155,58,97,155,2,8087.0,8081.808425,8082.87415,8116.817320033102,8087.440386076294
Pr-155,59,96,155,1,8131.0398,8132.54515,8135.891183333333,8118.049093728678,8131.10294374961
Nd-155,60,95,155,0,8170.305,8165.1939999999995,8166.911941666666,8131.910994994513,8171.304658046665
Pm-155,61,94,155,4,8195.2977,8195.663475,8199.220716666667,8129.328327386263,8195.521638687618
Sm-155,62,93,155,3,8211.2258,8206.234425,8207.515883333333,8142.794287376273,8210.148367322276
Eu-155,63,92,155,2,8216.676,8217.66545,8220.612791666666,8137.258504327336,8216.345077935286
Gd-155,64,91,155,1,8213.2541,8208.91755,8209.23770833333,8111.293636264682,8212.831218733894
Tb-155,65,90,155,0,8202.9173,8205.10705,8207.683133333334,8092.085405540074,8202.530205751218
Dy-155,66,89,155,4,8184.357,8180.61945,8180.570958333334,8073.493766725294,8185.86081217486
Ho-155,67,88,155,3,8159.2055,8162.95335,8165.8451166666655,8057.521818285895,8159.429466237894
Er-155,68,87,155,2,8129.4444,8123.8692,8123.812849999999,8032.224295249222,8128.838348665657
Tm-155,69,86,155,1,8088.376,8091.69705,8094.782524999999,7989.281668165758,8088.0080445140275
Yb-155,70,85,155,0,8043.8234,8038.584825,8039.728616666667,7942.379109758665,8046.184865536087
Lu-155,71,84,155,4,7987.4369,7991.2522,7996.176366666667,7906.87857373353,7991.846459049025
Hf-155,72,83,155,3,7929.0,7920.5,7919.666666666667,7848.7621772952925,7920.956685508586
Ta-155,73,82,155,2,7858.0,7907.0304,7870.1538,7801.714692798762,7863.3958
La-156,57,99,156,1,7997.0,8044.0,8007.5,8072.90183437876,8000.0
Ce-156,58,98,156,0,8068.0,8061.20425,8061.026258333332,8114.559255642342,8065.354666616245
Pr-156,59,97,156,4,8105.2337,8106.366625,8109.283241666666,8108.3963787005705,8104.861659346672
Nd-156,60,96,156,3,8156.3265,8150.6219,8151.889075,8140.613881739756,8155.860767436537
Pm-156,61,95,156,2,8176.7263,8176.3621,8179.966091666666,8134.212927962716,8177.099630704683
Sm-156,62,94,156,1,8205.0054,8199.81015,8201.175833333335,8129.874844759902,8204.64011173483
Eu-156,63,93,156,0,8204.6192,8204.241399999999,8207.275116666666,8115.275169367653,8203.717360480206
Gd-156,64,92,156,4,8215.3253,8210.360025,8211.03095,8114.8976179842975,8214.999892112373
Tb-156,65,91,156,3,8194.6415,8195.927025,8198.315508333333,8104.09513934139,8193.983681305173
Dy-156,66,90,156,2,8192.4366,8187.328724999999,8187.296941666665,8097.790083951554,8192.662957052808
Ho-156,67,89,156,1,8155.428,8157.471525,8159.846299999999,8052.203592368075,8155.528224592649
Er-156,68,88,156,0,8141.9084,8135.238225,8135.034249999999,8028.644986559395,8141.681542534469
Tm-156,69,87,156,4,8089.6032,8091.901975000001,8094.494124999999,7990.90094980679,8089.079517783949
Yb-156,70,86,156,3,8061.7107,8055.207225,8055.1374,7964.151276563421,8061.408720728791
Lu-156,71,85,156,2,7995.3752,7997.597975000001,8001.334991666667,7918.690448864295,7997.001835176677
Hf-156,72,84,156,1,7952.6676,7945.693525,7944.739983333333,7881.402517721553,7949.479077177188
Ta-156,73,83,156,0,7872.0,7888.0,7877.114799999999,7812.204389458147,7876.155524361629
La-157,57,100,157,4,7972.0,8021.5,7984.0,8074.641210020971,7975.0
Ce-157,58,99,157,3,8037.0,8031.5,8031.5,8102.852482125891,8034.613860167438
Pr-157,59,98,157,2,8085.817,8087.748175,8090.9227999999985,8113.550013707865,8085.70221942898
Nd-157,60,97,157,1,8132.1671,8126.9308249999995,8128.317808333334,8113.04645509243,8131.644711782054
Pm-157,61,96,157,0,8164.1458,8163.94795,8167.356449999999,8124.938921593985,8163.590948784244
Sm-157,62,95,157,4,8187.0642,8182.6451,8184.484983333333,8121.216692658386,8187.376463105138
Eu-157,63,94,157,3,8199.7975,8200.05075,8203.252475000001,8132.3071718539895,8199.314251765047
Gd-157,64,93,157,2,8203.5072,8198.66165,8199.846841666666,8125.640140499328,8202.637357121579
Tb-157,65,92,157,1,8198.1416,8199.293725,8202.282141666667,8099.177762565536,8197.904065985076
Dy-157,66,91,157,0,8184.6287,8179.7634,8180.093783333334,8078.915612190411,8184.105667062834
Ho-157,67,90,157,4,8163.1373,8166.168925,8168.856666666667,8059.617151981638,8163.432096796023
Er-157,68,89,157,3,8136.3757,8132.2115,8132.358833333334,8041.180065953458,8137.351494291775
Tm-157,69,88,157,2,8101.4285,8105.5598,8108.616891666667,8015.210671945932,8102.148154165175
Yb-157,70,87,157,1,8062.7551,8057.509475,8057.646675,7972.766285671241,8062.498986334819
Lu-157,71,86,157,0,8013.3128,8016.256225,8019.260624999999,7925.592550585612,8012.732493791226
Hf-157,72,85,157,4,7960.0,7954.48405,7955.816408333334,7889.842587990727,7961.835721263008
Ta-157,73,84,157,3,7896.0608,7898.59835,7900.700908333334,7829.471164424299,7893.601281574209
W-157,74,83,157,2,7828.0,7869.5,7824.0,7782.2616080476755,7833.0
Ce-158,58,100,158,1,8015.0,8025.666666666667,8012.25,8082.360406586539,8018.542491068389
Pr-158,59,99,158,0,8059.0,8060.014025,8062.112575,8100.80141059464,8057.279140465712
Nd-158,60,98,158,4,8114.9529,8109.74245,8110.7428500000005,8114.254815654657,8115.12419117221
Pm-158,61,97,158,3,8143.3622,8142.507375,8145.755358333332,8124.628981083181,8142.633657318156
Sm-158,62,96,158,2,8177.3075,8172.6164499999995,8174.008933333333,8135.382505036407,8177.335778618096
Eu-158,63,95,158,1,8185.132,8184.851025,8188.06355,8110.47371889118,8185.379300091031
Gd-158,64,94,158,0,8201.8229,8196.7356,8197.906224999999,8115.213065405457,8201.578090557201
Tb-158,65,93,158,4,8189.1556,8189.300125,8192.069616666666,8093.000101281178,8187.960200293621
Dy-158,66,92,158,3,8190.1298,8184.93435,8185.44305,8099.373880125241,8189.882206143567
Ho-158,67,91,158,2,8158.4709,8160.357825,8162.848016666667,8073.7135777251915,8158.349516670638
Er-158,68,90,158,1,8147.927,8142.380575,8142.358616666666,8047.72826403597,8148.2715477224865
Tm-158,69,89,158,0,8101.1994,8103.708525,8106.147825,8002.749820125148,8101.657509503365
Yb-158,70,88,158,4,8079.1999,8072.575375,8072.537083333332,7985.471574181544,8079.083419860046
Lu-158,71,87,158,3,8018.5685,8020.7575,8023.473899999999,7936.705961325953,8018.729815167323
Hf-158,72,86,158,2,7981.2764,7975.271325,7975.393674999999,7909.301659053574,7981.826217903155
Ta-158,73,85,158,1,7907.0,7909.3176,7911.1196666666665,7853.395350627074,7905.329610597535
W-158,74,84,158,0,7855.0,7861.283366666667,7853.6438,7805.072264940685,7859.2624738119775
Ce-159,58,101,159,4,7983.0,8023.0,7981.5,8074.117737858374,7987.0
Pr-159,59,100,159,3,8037.0,8039.1957999999995,8041.443174999999,8100.335699107534,8036.088298724571
Nd-159,60,99,159,2,8088.8224,8084.201725,8085.490066666666,8109.556358946908,8089.050199266147
Pm-159,61,98,159,1,8126.8601,8127.428075,8130.562791666667,8107.44873154651,8127.222444035185
Sm-159,62,97,159,0,8157.4963,8153.1428,8154.6277666666665,8117.464595964014,8156.8323966019925
Eu-159,63,96,159,4,8176.6987,8177.275775,8180.424374999999,8112.656063959823,8177.0798728002965
Gd-159,64,95,159,3,8187.6177,8183.3250499999995,8184.9014333333325,8121.381298920597,8188.122669493934
Tb-159,65,94,159,2,8188.8025,8189.6245,8192.710966666666,8113.6317413262095,8188.668521933336
Dy-159,66,93,159,1,8181.5842,8176.4235,8177.272083333333,8086.755634753476,8180.924530438672
Ho-159,67,92,159,0,8165.1066,8167.02555,8169.800341666666,8065.498375653878,8164.819554464197
Er-159,68,91,159,4,8142.7742,8137.88045,8138.073974999999,8045.5305777879485,8142.448810118376
Tm-159,69,90,159,3,8112.7549,8115.601875,8118.363099999999,8024.6452050257485,8112.40451854857
Yb-159,70,89,159,2,8078.0428,8073.169825,8073.523891666667,7998.03615984029,8078.258628720847
Lu-159,71,88,159,1,8034.6009,8037.918475,8041.1412833333325,7956.13511404593,8035.060690522405
Hf-159,72,87,159,0,7986.561,7981.49085,7981.924274999999,7908.719914950573,7986.568276284243
Ta-159,73,86,159,4,7928.7258,7931.894125,7935.064458333332,7872.741279342751,7929.0429850281835
W-159,74,85,159,3,7867.0,7861.5,7860.833333333334,7810.127417422989,7864.380885148613
Re-159,75,84,159,2,7795.0,7845.6646,7807.8660500000005,7762.769614489149,7801.7929
Pr-160,59,101,160,1,8009.0,8028.0,8012.63315,8070.695862970692,8012.741259056226
Nd-160,60,100,160,0,8069.9662,8064.98765,8065.022916666667,8107.230116555112,8068.364258970066
Pm-160,61,99,160,4,8103.6398,8103.8066,8106.801666666666,8098.888423708942,8104.460567474433
Sm-160,62,98,160,3,8144.6159,8140.180775,8141.343041666666,8126.305986816783,8144.448008081049
Eu-160,63,97,160,2,8160.103,8159.84525,8162.508058333331,8117.680182372776,8159.80410746186
Gd-160,64,96,160,1,8183.0171,8178.00995,8179.339425,8111.01373280603,8183.008930762452
Tb-160,65,95,160,0,8177.4676,8178.539975,8181.793591666666,8093.964530814134,8179.7326183912655
Dy-160,66,94,160,4,8184.0526,8178.8753,8179.719708333333,8091.431097006253,8183.853246129466
Ho-160,67,93,160,3,8158.6004,8160.332625,8162.935683333333,8076.111905148249,8158.709407265383
Er-160,68,92,160,2,8151.7217,8146.480025,8146.67415,8067.72462763977,8151.712677391596
Tm-160,69,91,160,1,8110.8124,8112.986625,8115.458241666665,8022.692760673786,8110.994365842187
Yb-160,70,90,160,0,8092.5614,8086.81755,8086.909258333333,7997.537792627608,8092.617909269753
Lu-160,71,89,160,4,8038.3387,8040.07385,8042.871625,7959.283182605221,8038.568015799193
Hf-160,72,88,160,3,8006.3791,8000.1111,8000.189541666667,7927.401211276948,8006.164633372203
Ta-160,73,87,160,2,7938.2704,7939.72605,7942.504208333332,7881.487429992066,7937.743031606997
W-160,74,86,160,1,7892.7893,7885.9691,7885.117316666667,7845.700366446138,7889.271225713355
Re-160,75,85,160,0,7810.0,7826.666666666667,7815.47385,7777.068001714846,7815.109481766439
Pr-161,59,102,161,4,7986.0,8029.5,7995.0915,8072.852772919586,7988.183
Nd-161,60,101,161,3,8042.0,8037.7056,8037.941825,8097.070763048216,8040.330980208325
Pm-161,61,100,161,2,8085.9977,8086.6002,8089.703349999999,8104.874705220818,8086.558258765742
Sm-161,62,99,161,1,8122.0418,8118.715174999999,8120.150016666665,8101.287599050892,8123.088476295909
Eu-161,63,98,161,0,8148.981,8149.092275,8151.927808333333,8109.514999588484,8148.512146689149
Gd-161,64,97,161,4,8167.1934,8163.1385,8164.748808333333,8103.670744621127,8166.585451543099
Tb-161,65,96,161,3,8174.4809,8175.226825,8178.457999999999,8110.040662718437,8174.88894338798
Dy-161,66,95,161,2,8173.3093,8169.0621,8170.341549999999,8101.254823304884,8174.1448910231065
Ho-161,67,94,161,1,8163.1134,8164.6305250000005,8167.517674999999,8074.044437981783,8163.04602182381
Er-161,68,93,161,0,8145.8628,8140.925425,8141.483766666666,8051.847851107872,8145.612559945893
Tm-161,69,92,161,4,8120.4906,8122.996825,8125.765033333333,8031.246283368484,8120.673460414696
Yb-161,70,91,161,3,8090.3861,8085.630424999999,8085.975866666666,8007.92878910217,8090.155129640632
Lu-161,71,90,161,2,8052.7821,8055.2410500000005,8058.262716666667,7980.710628785429,8052.530692129438
Hf-161,72,89,161,1,8009.1245,8004.312525,8004.815041666666,7939.395607338321,8009.220504261964
Ta-161,73,88,161,0,7957.45,7960.2042,7963.223774999999,7891.767049893207,7957.242368350768
W-161,74,87,161,4,7901.0,7895.893675,7896.397283333332,7855.579389161657,7900.8614665958585
Re-161,75,86,161,3,7836.3292,7838.1637,7840.168991666666,7790.735142199416,7833.167825595651
Os-161,76,85,161,2,7765.0,7808.5,7762.0,7743.242121662458,7771.0
Nd-162,60,102,162,1,8022.0,8032.6554,8019.48975,8078.301681270214,8023.94706649583
Pm-162,61,101,162,0,8061.0,8060.951274999999,8062.767666666667,8092.601995920602,8058.948146629039
Sm-162,62,100,162,4,8107.5745,8103.602775,8104.781075,8103.216832123819,8108.202918641694
Eu-162,63,99,162,3,8129.5593,8129.56735,8132.364616666668,8109.523842006428,8130.132234215628
Gd-162,64,98,162,2,8159.0373,8154.407025,8155.677891666667,8117.475384496131,8158.825949262632
Tb-162,65,97,162,1,8164.0773,8161.59385,8164.591383333333,8091.163931461715,8161.21207416108
Dy-162,66,96,162,0,8173.4555,8168.55335,8169.784024999999,8092.826311562851,8173.930076355612
Ho-162,67,95,162,4,8155.4126,8156.14335,8158.934033333332,8069.319166089573,8155.365558360863
Er-162,68,94,162,3,8152.3959,8147.2079,8147.6653333333325,8070.47798878023,8152.16827040822
Tm-162,69,93,162,2,8117.5868,8118.858875,8121.433516666666,8043.496749148025,8116.967688195124
Yb-162,70,92,162,1,8102.5333,8097.287925,8097.450991666667,8017.462481303071,8102.692436479286
Lu-162,71,91,162,0,8054.5596,8055.634075,8058.299241666667,7971.740674105549,8053.983883346932
Hf-162,72,90,162,4,8027.1171,8021.216475,8021.477975,7953.232029795907,8027.159820662262
Ta-162,73,89,162,3,7964.3432,7966.17425,7968.952133333332,7900.091866801923,7964.862143721287
W-162,74,88,162,2,7923.8214,7918.139075,7918.386916666666,7871.594622885742,7924.493566929472
Re-162,75,87,162,1,7848.0,7849.763075,7851.407208333333,7817.967759230186,7845.717201288009
Os-162,76,86,162,0,7794.0,7801.2124,7792.721750000001,7769.472253074944,7797.955210793031
Nd-163,60,103,163,4,7992.0,8028.0,7991.0887999999995,8070.884739668382,7995.1776
Pm-163,61,102,163,3,8042.0,8041.9445,8043.921783333333,8093.096653978246,8039.158775765196
Sm-163,62,101,163,2,8084.1653,8079.8526,8081.308541666666,8099.541048653146,8083.771311543804
Eu-163,63,100,163,1,8116.0172,8116.65155,8119.616875,8094.592787472625,8116.914020934538
Gd-163,64,99,163,0,8140.756,8136.781475,8138.2827499999985,8101.115455564787,8141.222156870797
Tb-163,65,98,163,4,8155.6322,8155.63925,8158.670366666665,8094.283543000222,8154.841765868777
Dy-163,66,97,163,3,8161.784,8157.304575,8158.940216666666,8098.30778008449,8161.061821710674
Ho-163,67,96,163,2,8156.967,8158.136775,8161.223233333333,8088.529577936601,8157.479269399233
Er-163,68,95,163,1,8144.7403,8140.2159,8140.899649999999,8061.060297496709,8144.768899093356
Tm-163,69,94,163,0,8124.9774,8126.962575,8129.683691666665,8037.977320778299,8124.817587165355
Yb-163,70,93,163,4,8099.1069,8094.654275,8095.124,8016.775752677419,8099.43065865388
Lu-163,71,92,163,3,8066.6848,8068.9689,8071.848666666666,7991.041658443673,8066.738099062125
Hf-163,72,91,163,2,8028.0072,8023.388675,8023.926358333332,7963.243340054743,8027.862404574537
Ta-163,73,90,163,1,7981.8905,7984.768325,7987.866983333333,7922.55475962979,7982.421125455128
W-163,74,89,163,0,7930.3043,7925.591475,7926.136216666667,7874.739443352816,7930.682942890598
Re-163,75,88,163,4,7870.8655,7873.744675,7876.872066666667,7838.361368699974,7871.249240800544
Os-163,76,87,163,3,7807.0,7801.5,7801.0,7771.298289055797,7803.90254239432
Ir-163,77,86,163,2,7734.0,7785.0,7745.4227,7723.682335007572,7739.1746
Pm-164,61,103,164,1,8014.0,8031.333333333333,8017.4301,8065.610664453607,8018.185280121639
Sm-164,62,102,164,0,8067.7803,8063.156849999999,8064.638975,8097.459364472802,8067.771228618453
Eu-164,63,101,164,4,8095.3686,8095.04185,8097.861966666667,8087.140355535185,8095.030611806147
Gd-164,64,100,164,3,8129.9978,8125.6516,8126.879558333332,8109.7921977149035,8130.329304055195
Tb-164,65,99,164,2,8139.9304,8140.49115,8143.545016666666,8099.128939525611,8141.495235798052
Dy-164,66,98,164,1,8158.7129,8153.331525,8154.644774999999,8090.55021675495,8157.717269309171
Ho-164,67,97,164,0,8147.9234,8148.156175,8151.006608333332,8071.306200088196,8148.044808339825
Er-164,68,96,164,4,8149.0191,8144.214925,8145.017733333332,8066.809238018448,8149.3314048983675
Tm-164,69,95,164,3,8119.6534,8121.525675,8124.088216666666,8047.007277703217,8120.0660462262495
Yb-164,70,94,164,2,8109.4149,8104.1789499999995,8104.465024999999,8036.709426394713,8109.239629290822
Lu-164,71,93,164,1,8065.8043,8067.678725,8070.1300083333335,7992.443857139135,8066.04514545847
Hf-164,72,92,164,0,8043.8142,8038.3238,8038.651641666667,7965.877440843977,8043.700314513858
Ta-164,73,91,164,4,7986.9978,7988.32305,7990.939241666667,7927.196480579842,7986.605835902583
W-164,74,90,164,3,7951.4515,7945.5317749999995,7945.694349999999,7890.264947702223,7951.340890141523
Re-164,75,89,164,2,7881.0523,7882.735875,7885.442499999999,7843.962882318335,7880.919172304286
Os-164,76,88,164,1,7833.308,7826.80065,7825.970991666666,7809.8057353714985,7830.03218867171
Ir-164,77,87,164,0,7750.0,7766.333333333333,7754.574549999999,7741.777708325987,7754.279918307577
Pm-165,61,104,165,4,7992.0,8032.5,8003.00115,8068.249734154704,7998.0023
Sm-165,62,103,165,3,8041.0,8036.541325,8036.746091666666,8088.449988007023,8038.03923074166
Eu-165,63,102,165,2,8080.0529,8079.755875,8082.722666666667,8093.5892015977315,8079.357765537002
Gd-165,64,101,165,1,8110.4428,8106.2226,8107.693725000001,8087.392220833234,8110.492150752804
Tb-165,65,100,165,0,8130.3259,8131.087575,8133.960825,8092.289748045794,8130.811155431564
Dy-165,66,99,165,4,8143.9083,8139.521475,8140.982208333332,8084.515880148174,8143.755739913358
Ho-165,67,98,165,3,8146.9591,8147.00025,8150.134466666666,8086.203796918104,8146.2089647196035
Er-165,68,97,165,2,8139.9348,8135.8336500000005,8136.873483333333,8075.474967066743,8140.494688085655
Tm-165,69,96,165,1,8125.5489,8127.25955,8130.087733333333,8047.818354875097,8125.892084742302
Yb-165,70,95,165,0,8104.8399,8099.784475,8100.226633333333,8023.899256612987,8104.376066507478
Lu-165,71,94,165,4,8076.746,8078.927625,8081.658150000001,8002.129768561497,8076.734770621201
Hf-165,72,93,165,3,8042.8728,8038.241975,8038.763050000001,7973.993991034949,8042.965296045364
Ta-165,73,92,165,2,8003.0547,8004.8652999999995,8007.812691666665,7945.642989768686,8002.448936365634
W-165,74,91,165,1,7955.9704,7950.91145,7951.423516666666,7905.619137746887,7955.404590118244
Re-165,75,90,165,0,7901.5201,7904.413525,7907.347916666667,7857.642249501222,7901.971739206655
Os-165,76,89,165,4,7843.0,7837.752,7838.453458333333,7821.0913993946715,7842.909789461923
Ir-165,77,88,165,3,7776.0,7778.28335,7778.28335,7751.82057035756,7773.950057707274
Pt-165,78,87,165,2,7703.0,7748.0,7700.5,7704.093269703557,7708.0
Sm-166,62,104,166,1,8023.0,8017.195075,8017.195075,8071.534959546127,8019.147976887726
Eu-166,63,103,166,0,8056.0,8055.97785,8058.857358333334,8082.065327229059,8056.1603705182
Gd-166,64,102,166,4,8097.226,8092.872925,8094.134991666667,8090.078713786429,8097.316385518034
Tb-166,65,101,166,3,8113.223,8113.51235,8116.078799999999,8092.309263232036,8113.314101032009
Dy-166,66,100,166,2,8137.2793,8132.985325,8134.22685,8097.677083511669,8137.908163045336
Ho-166,67,99,166,1,8135.4933,8135.09325,8138.117266666666,8070.315602178063,8134.961722538766
Er-166,68,98,166,0,8141.9479,8137.037625,8138.137775,8069.18817283779,8141.670778269003
Tm-166,69,97,166,4,8118.9357,8120.18545,8122.628333333334,8044.524101900924,8119.229697109718
Yb-166,70,96,166,3,8112.4591,8107.50575,8108.031324999999,8040.543649637547,8112.6638762942275
Lu-166,71,95,166,2,8074.1756,8076.30795,8078.801408333334,8012.364295820128,8074.778282342228
Hf-166,72,94,166,1,8056.4386,8051.2438,8051.546658333333,7986.524247854062,8056.56503606906
Ta-166,73,93,166,0,8004.9714,8006.50095,8009.037533333334,7940.189262527673,8005.188924134897
W-166,74,92,166,4,7974.8951,7969.359725,7969.769249999999,7920.575627280888,7974.779941784519
Re-166,75,91,166,3,7909.6392,7911.5248,7914.211341666667,7863.097397534089,7910.291481623248
Os-166,76,90,166,2,7866.3371,7860.898575,7861.1815166666665,7833.608541195129,7866.961401829796
Ir-166,77,89,166,1,7789.0,7790.712725,7792.375033333334,7782.340684928421,7787.102484447873
Pt-166,78,88,166,0,7733.0,7774.81085,7728.84945,7733.754158840369,7739.006899999999
Sm-167,62,105,167,4,7992.0,8026.5,7993.41735,8064.981689831741,7997.8347
Eu-167,63,104,167,3,8038.0,8038.513225,8040.346558333333,8083.165185683441,8035.68303540576
Gd-167,64,103,167,2,8075.5428,8071.0602,8072.537549999999,8087.050948154574,8075.161558669772
Tb-167,65,102,167,1,8101.441,8102.2703,8105.131458333332,8079.712145928062,8101.954484942552
Dy-167,66,101,167,0,8120.8782,8117.1735,8118.628449999999,8083.060231785535,8121.803354415805
Ho-167,67,100,167,4,8130.3732,8130.722575,8133.849666666667,8074.387888556112,8130.595493089214
Er-167,68,99,167,3,8131.7352,8126.846875,8128.220033333334,8073.748585740921,8130.8738884212025
Tm-167,69,98,167,2,8122.5826,8123.4635,8126.271924999999,8062.108810335067,8122.212803829831
Yb-167,70,97,167,1,8106.202,8102.1747,8103.00765,8034.332837957276,8106.731239931545
Lu-167,71,96,167,0,8083.1722,8085.2705000000005,8088.039541666666,8009.625377781535,8083.501598199954
Hf-167,72,95,167,4,8054.185,8049.56405,8049.964241666667,7987.318462457068,8054.076641019695
Ta-167,73,94,167,3,8018.8614,8021.095925,8023.9758833333335,7956.79534944455,8019.075553499021
W-167,74,93,167,2,7976.7045,7972.650175,7973.318641666666,7927.917748757904,7977.25751301426
Re-167,75,92,167,1,7929.0,7930.938075,7933.840125000001,7888.594911298452,7928.579818447659
Os-167,76,91,167,0,7873.9557,7869.444074999999,7869.996491666665,7840.480312018771,7874.315406296795
Ir-167,77,90,167,4,7812.8254,7815.3883,7818.4336,7803.773411534609,7813.163364029611
Pt-167,78,89,167,3,7746.0,7741.0,7741.0,7732.305476794326,7743.224185833886
Sm-168,62,106,168,2,7971.0,8007.0,7971.60985,8061.364144252666,7978.2197
Eu-168,63,105,168,1,8012.0,8011.5,8011.5,8057.934849833969,8009.720651332892
Gd-168,64,104,168,0,8060.0,8055.3065,8056.325516666666,8085.493938813795,8059.142829086601
Tb-168,65,103,168,4,8082.798,8082.6306,8085.53075,8073.379579624551,8082.502418751011
Dy-168,66,102,168,3,8112.5293,8107.945625,8109.186516666667,8091.298582112564,8112.889932014936
Ho-168,67,101,168,2,8116.8061,8116.792375,8119.668100000001,8078.7669425468675,8117.208927978943
Er-168,68,100,168,1,8129.5897,8124.68605,8125.971925,8068.6516715579,8129.353303147226
Tm-168,69,99,168,0,8114.9516,8115.176475,8117.9143,8047.442444070158,8114.528243808957
Yb-168,70,98,168,4,8111.887,8106.993775,8107.685991666665,8041.156052298386,8111.560782954028
Lu-168,71,97,168,3,8080.4026,8080.956325,8083.502608333332,8016.90312905996,8079.9003401029595
Hf-168,72,96,168,2,8065.5536,8060.361175,8060.73445,8004.849836528747,8065.602673331104
Ta-168,73,95,168,1,8019.4287,8020.99775,8023.506083333332,7961.540621349692,8019.406637924016
W-168,74,94,168,0,7993.9327,7988.52525,7988.934366666666,7933.729562904973,7993.943080876713
Re-168,75,93,168,4,7935.1208,7935.660475,7938.308158333332,7894.697743450658,7934.296100111966
Os-168,76,92,168,3,7895.9408,7890.514325,7890.802249999999,7852.792762522105,7895.7158578343415
Ir-168,77,91,168,2,7823.8509,7824.988925,7827.493325,7806.1600116948,7822.969224554598
Pt-168,78,90,168,1,7773.6217,7767.515475,7766.806166666665,7773.748563941555,7770.4944111618925
Au-168,79,89,168,0,7688.0,7738.0,7698.42065,7706.358486302817,7693.8413
Eu-169,63,106,169,4,7991.0,8008.666666666667,7994.973550000001,8061.112529781505,7995.764008668339
Gd-169,64,105,169,3,8035.0,8031.1357,8031.552366666667,8077.274626557129,8032.731798643363
Tb-169,65,104,169,2,8069.0,8068.86025,8071.819666666666,8079.956186941106,8067.9177128122765
Dy-169,66,103,169,1,8094.7566,8089.8666,8091.222841666666,8071.577250406326,8093.593845440949
Ho-169,67,102,169,0,8109.0622,8109.614375,8112.4614,8073.447932714651,8109.166611363623
Er-169,68,101,169,4,8117.0078,8112.949025,8114.540733333332,8063.9185028177535,8117.319840343911
Tm-169,69,100,169,3,8114.4702,8115.168875,8118.137874999999,8060.960835272793,8114.658565370678
Yb-169,70,99,169,2,8104.5206,8100.1762,8101.062316666666,8048.447865473897,8104.003252418568
Lu-169,71,98,169,1,8086.3233,8087.649375,8090.353233333333,8020.617125064228,8085.9395197655485
Hf-169,72,97,169,0,8061.7791,8057.7382,8058.383683333334,7995.166703484127,8062.010372115707
Ta-169,73,96,169,4,8030.9577,8033.28865,8036.076116666666,7972.351360037634,8031.262600689889
W-169,74,95,169,3,7994.5381,7989.81525,7990.364833333332,7939.454723873864,7994.151821975923
Re-169,75,94,169,2,7951.3963,7953.3679,7956.342383333333,7910.075299193466,7951.385351951949
Os-169,76,93,169,1,7901.2862,7896.56335,7897.056108333334,7871.487880285162,7900.904842168818
Ir-169,77,92,169,0,7845.5944,7847.62305,7850.399491666667,7823.258185502729,7845.213701449926
Pt-169,78,91,169,4,7784.0,7779.11315,7779.789091666666,7786.4111014411465,7783.658930708709
Au-169,79,90,169,3,7716.0,7732.909533333333,7721.144925,7712.756292360344,7720.337501199346
Eu-170,63,107,170,2,7963.0,8001.0,7971.0,8049.8111875127315,7968.0
Gd-170,64,106,170,1,8017.0,8013.25,8013.333333333333,8062.329709951775,8015.913371017173
Tb-170,65,105,170,0,8047.0,8046.4495,8049.080749999999,8069.42539667906,8046.5023418710125
Dy-170,66,104,170,4,8084.0,8078.53285,8079.8200916666665,8075.052352159923,8082.9638285116835
Ho-170,67,103,170,3,8093.7902,8093.825774999999,8096.490366666667,8073.199361295796,8093.630179102696
Er-170,68,102,170,2,8111.9529,8107.73755,8108.991175000001,8076.18120195421,8112.328896944367
Tm-170,69,101,170,1,8105.5144,8105.219675,8108.241366666667,8048.0878544693,8105.736344830729
Yb-170,70,100,170,0,8106.6101,8102.1122,8103.012866666666,8044.43046937071,8106.815393394402
Lu-170,71,99,170,4,8081.6686,8082.306325,8084.884533333332,8018.733293543203,8081.495602181081
Hf-170,72,98,170,3,8070.8762,8065.85305,8066.3844500000005,8009.683734238991,8070.690344213327
Ta-170,73,97,170,2,8030.2965,8031.7573,8034.203666666666,7980.416859556588,8030.529532715216
W-170,74,96,170,1,8008.9482,8003.6198,8004.004024999999,7954.990405601076,8009.032240753273
Re-170,75,95,170,0,7955.012,7956.42045,7959.025099999999,7908.159121450989,7955.532437588418
Os-170,76,94,170,4,7921.1258,7915.7473,7916.0815999999995,7887.553971047147,7921.0878713239335
Ir-170,77,93,170,3,7853.0,7855.500625000001,7857.9744,7825.771431501912,7854.247635978333
Pt-170,78,92,170,2,7808.2365,7803.14225,7803.467875,7795.382370762891,7808.71081545718
Au-170,79,91,170,1,7730.0,7731.039675,7731.039675,7746.544099686728,7727.516275494968
Hg-170,80,90,170,0,7671.0,7714.8032,7667.903,7697.939606048365,7677.427699999999
Gd-171,64,107,171,4,7990.0,8001.333333333333,7989.4786,8056.672306607216,7993.520896262333
Tb-171,65,106,171,3,8030.0,8030.75,8032.5,8070.808791217963,8028.62994347424
Dy-171,66,105,171,2,8062.0,8058.43915,8059.929016666667,8072.333062298576,8062.683345832378
Ho-171,67,104,171,1,8083.6021,8084.36685,8087.252758333333,8063.010771287334,8083.822588936924
Er-171,68,103,171,0,8097.7404,8093.958675,8095.368283333333,8063.4726403753175,8097.875365835109
Tm-171,69,102,171,4,8101.8931,8102.078975,8105.068358333333,8053.125542955153,8101.906557425693
Yb-171,70,101,171,3,8097.8826,8093.924,8095.219375,8047.858132761698,8098.434886165593
Lu-171,71,100,171,2,8084.6621,8085.927125,8088.66545,8034.507902115064,8084.861843084527
Hf-171,72,99,171,1,8066.0687,8061.792425,8062.573083333333,8006.683804026766,8066.029019361845
Ta-171,73,98,171,0,8039.7914,8041.51865,8044.230108333331,7980.533601501826,8039.477805764715
W-171,74,97,171,4,8008.1158,8003.753575,8004.452208333333,7957.237423184831,8008.4333565671395
Re-171,75,96,171,3,7969.4131,7971.603475,7974.401091666667,7921.980571745385,7969.579972830047
Os-171,76,95,171,2,7924.1769,7920.148999999999,7920.647933333334,7892.122868280779,7924.421693830709
Ir-171,77,94,171,1,7873.4895,7876.0085500000005,7878.814091666667,7854.303500503523,7873.999520429562
Pt-171,78,93,171,0,7816.6017,7812.136075,7812.69745,7805.980155177877,7816.99096360003
Au-171,79,92,171,4,7754.1069,7756.519425,7756.519425,7769.007947296249,7752.603056341837
Hg-171,80,91,171,3,7686.0,7727.5,7683.3933,7693.1761081690265,7690.7866
Gd-172,64,108,172,2,7972.0,8002.5,7969.5,8054.026415698547,7974.0
Tb-172,65,107,172,1,8006.0,8006.5,8008.083333333333,8047.923638176871,8005.100164761392
Dy-172,66,106,172,0,8049.0,8044.75,8046.1225583333335,8071.552170966644,8049.734598108161
Ho-172,67,105,172,4,8066.0,8065.94755,8068.642624999999,8057.807157620977,8066.232800940263
Er-172,68,104,172,3,8090.4052,8086.004575,8087.052949999999,8071.024971991056,8090.0283188133135
Tm-172,69,103,172,2,8091.0367,8090.3314,8093.3321,8056.777835914172,8090.767036344139
Yb-172,70,102,172,1,8097.4295,8092.845625,8094.089225000001,8045.466005880693,8097.633096619467
Lu-172,71,101,172,0,8078.2334,8079.2554,8081.891308333334,8022.498996694643,8078.853330176936
Hf-172,72,100,172,4,8071.7439,8067.03435,8067.647358333333,8014.581102458253,8071.775844174509
Ta-172,73,99,172,3,8037.7056,8038.7879250000005,8041.312041666666,7985.907138337448,8037.494101490832
W-172,74,98,172,2,8020.1757,8014.9758999999995,8015.435883333332,7972.238923964282,8020.115672068229
Re-172,75,97,172,1,7971.846,7973.064075,7975.633291666667,7930.057026046107,7971.899888644984
Os-172,76,96,172,0,7942.1626,7937.017175,7937.36695,7901.152119070546,7942.24271802699
Ir-172,77,95,172,4,7880.2637,7881.15005,7883.415475,7861.837241883645,7879.137075719155
Pt-172,78,94,172,3,7839.246,7834.0187750000005,7834.2312,7815.02905484229,7839.117121791723
Au-172,79,93,172,2,7766.1587,7767.150425,7768.285116666666,7768.117012818452,7765.795118226159
Hg-172,80,92,172,1,7713.6064,7724.964,7705.184925,7737.555305843399,7710.3925500000005
Tb-173,65,108,173,4,7988.0,8004.333333333333,7991.25,8051.689331121268,7991.0470164171475
Dy-173,66,107,173,3,8026.0,8022.0,8022.416666666666,8063.796391959776,8023.948564041446
Ho-173,67,106,173,2,8054.0,8053.900525,8056.798241666667,8064.208084991726,8053.567109324565
Er-173,68,105,173,1,8074.0,8069.8459,8071.216775,8054.034594787789,8073.485692723968
Tm-173,69,104,173,0,8084.4633,8084.478425,8087.453441666667,8053.152992959924,8084.204693955309
Yb-173,70,103,173,4,8087.4276,8082.82465,8084.349733333333,8042.025791078342,8086.782399209144
Lu-173,71,102,173,3,8079.0312,8079.941725,8082.746341666666,8034.457039729814,8079.2502475817355
Hf-173,72,101,173,2,8066.0164,8061.37935,8062.204866666665,8020.303769698416,8065.60828895287
Ta-173,73,100,173,1,8044.065,8045.809525000001,8048.473908333334,7992.544726500245,8044.205995182679
W-173,74,99,173,0,8018.3337,8013.7572,8014.478591666666,7965.735832876397,8018.212659419265
Re-173,75,98,173,4,7983.9068,7985.96685,7988.762316666667,7941.985088617554,7984.063749283413
Os-173,76,97,173,3,7944.0341,7939.6975,7940.316608333333,7904.380854144785,7944.30536773612
Ir-173,77,96,173,2,7898.068,7899.9194,7902.623016666666,7874.067259283432,7897.57729356291
Pt-173,78,95,173,1,7845.3856,7840.846750000001,7841.139008333334,7837.046906943707,7844.657021920194
Au-173,79,94,173,0,7788.2348,7790.182975,7791.169516666666,7788.650255061867,7787.857711845586
Hg-173,80,93,173,4,7725.0,7737.1240333333335,7719.1612000000005,7751.567223738904,7722.6067
Tb-174,65,109,174,2,7963.0,7996.0,7970.0,8041.4599252835005,7965.0
Dy-174,66,108,174,1,8011.0,8006.25,8006.333333333333,8050.924537183046,8008.913371017173
Ho-174,67,107,174,0,8034.0,8033.5,8036.174033333333,8054.88939954876,8033.542629532128
Er-174,68,106,174,4,8064.0,8060.043125,8061.387650000001,8058.32533127515,8064.435773611992
Tm-174,69,105,174,3,8070.6432,8070.27085,8073.066524999998,8052.38368617406,8070.360879064694
Yb-174,70,104,174,2,8083.8481,8078.779825,8079.946908333333,8053.159098427002,8082.776842331521
Lu-174,71,103,174,1,8071.454,8071.3611,8074.028858333333,8024.621520467382,8070.891336722375
Hf-174,72,102,174,0,8068.5341,8064.145275,8064.871816666666,8018.66983783896,8068.67180079865
Ta-174,73,101,174,4,8040.4528,8041.6264,8044.043483333334,7992.051496907062,8040.0463566301505
W-174,74,100,174,3,8027.2572,8022.292649999999,8022.821983333331,7977.99808202402,8027.145509534185
Re-174,75,99,174,2,7985.0944,7986.21995,7988.924316666666,7947.743480015831,7985.0275477134155
Os-174,76,98,174,1,7959.4618,7954.212175,7954.598924999999,7922.928899013408,7959.499761691633
Ir-174,77,97,174,0,7902.0377,7903.8429,7906.224475000001,7875.706455702834,7902.959607563948
Pt-174,78,96,174,4,7866.1143,7860.975325,7861.190758333333,7854.212686582674,7866.063825890982
Au-174,79,95,174,3,7797.0,7799.03535,7801.414083333333,7788.1572055330225,7797.806339382046
Hg-174,80,94,174,2,7749.7851,7761.5017333333335,7743.838541666666,7756.950569951592,7750.453483333333
Dy-175,66,109,175,4,7986.0,7995.333333333333,7985.0,8046.190290842563,7989.059671657025
Ho-175,67,108,175,3,8019.0,8019.75,8021.583333333333,8056.264493097472,8017.148893564233
Er-175,68,107,175,2,8045.0,8041.53035,8042.897591666667,8055.606243352249,8045.701767341888
Tm-175,69,106,175,1,8061.7673,8061.8871500000005,8064.737649999999,8044.669348246112,8062.001318423819
Yb-175,70,105,175,0,8070.9253,8066.76645,8068.212008333334,8042.506555622099,8070.946071515265
Lu-175,71,104,175,4,8069.1412,8069.4223,8072.144008333333,8030.635061981318,8068.375357954867
Hf-175,72,103,175,3,8060.7625,8056.994375,8057.902533333334,8020.7731617305435,8061.123204472657
Ta-175,73,102,175,2,8044.4456,8045.885275,8048.377666666665,8005.8494600144795,8044.377864421549
W-175,74,101,175,1,8024.113,8019.448275,8020.110083333333,7978.211057990231,8023.669717384627
Re-175,75,100,175,0,7994.8168,7996.313749999999,7999.095208333332,7950.7825930684,7994.569695334734
Os-175,76,99,175,4,7960.7294,7955.77945,7956.498883333334,7926.602303479988,7960.359341360336
Ir-175,77,98,175,3,7917.9112,7920.289000000001,7922.986716666667,7886.663069399523,7918.311763849179
Pt-175,78,97,175,2,7869.5216,7866.32415,7866.664999999999,7855.914880116334,7870.692139304006
Au-175,79,96,175,1,7817.5939,7820.21885,7822.793649999999,7819.72293536053,7818.1209572676225
Hg-175,80,95,175,0,7759.2134,7754.95825,7756.010883333334,7771.272284722626,7759.516386225808
Dy-176,66,110,176,2,7969.0,7995.5,7967.0,8044.161662958073,7973.0
Ho-176,67,109,176,1,7997.0,7997.5,7999.083333333334,8035.803346332421,7995.616407695673
Er-176,68,108,176,0,8034.0,8029.25,8030.32135,8055.827631464706,8033.5896158728565
Tm-176,69,107,176,4,8045.1214,8045.654325,8048.364758333333,8040.601348457803,8046.095956937273
Yb-176,70,106,176,3,8064.0853,8060.450875,8061.695058333333,8049.148492214007,8065.475208556632
Lu-176,71,105,176,2,8059.0209,8059.0678,8061.597400000001,8033.324404028996,8058.968455703181
Hf-176,72,104,176,1,8061.3604,8056.987,8057.667475,8021.124280031448,8060.863326748772
Ta-176,73,103,176,0,8038.6706,8040.3128,8042.6501,7996.587278419823,8039.711756698666
W-176,74,102,176,4,8030.1131,8025.546025,8026.055866666666,7987.181443401352,8030.062216511296
Re-176,75,101,176,3,7993.9707,7994.950525,7997.529533333333,7954.114695231271,7993.539918089495
Os-176,76,100,176,2,7972.8681,7967.70605,7968.1839083333325,7938.959112063921,7972.640139752285
Ir-176,77,99,176,1,7921.5522,7922.954925,7925.4077,7898.058583583508,7921.096787068261
Pt-176,78,98,176,0,7888.9934,7884.0352,7884.243049999999,7868.196422438678,7889.093392069482
Au-176,79,97,176,4,7825.3837,7826.452725,7828.6439833333325,7828.659498404549,7824.8610661675975
Hg-176,80,96,176,3,7782.664,7777.7263,7778.079425,7777.01312536664,7782.464845958203
Tl-176,81,95,176,2,7707.9383,7750.1067,7715.9979,7729.867727474658,7710.569
Ho-177,67,110,177,4,7980.0,7995.666666666667,7984.0,8040.20035921496,7983.999999999999
Er-177,68,109,177,3,8013.0,8008.75,8008.916666666667,8048.238621863165,8010.448564041446
Tm-177,69,108,177,2,8035.0,8035.626475,8038.540491666667,8046.551105720819,8034.944787654081
Yb-177,70,107,177,1,8049.9741,8046.025525,8047.452783333333,8034.934484850591,8050.702802342565
Lu-177,71,106,177,0,8053.4495,8054.436175,8057.055275,8031.549892661379,8054.324801365008
Hf-177,72,105,177,4,8051.8365,8048.3327,8049.258033333333,8018.968268216257,8051.53008360174
Ta-177,73,104,177,3,8040.8289,8042.162824999999,8044.51895,8006.821212651453,8040.787532861926
W-177,74,103,177,2,8025.0359,8021.055825,8021.696933333333,7991.158164860352,8025.538363437885
Re-177,75,102,177,1,8001.2229,8002.652325,8005.201383333333,7963.693323971788,8001.059295435802
Os-177,76,101,177,0,7972.4371,7967.686875,7968.3950583333335,7935.682549907256,7972.22132426388
Ir-177,77,100,177,4,7934.6328,7936.6392749999995,7939.265166666666,7911.096558159166,7934.539062805248
Pt-177,78,99,177,3,7892.4896,7887.786075,7888.1726666666655,7868.834284048355,7891.86878659314
Au-177,79,98,177,2,7843.8623,7845.89635,7848.405458333333,7837.67176972357,7843.490064034654
Hg-177,80,97,177,1,7789.8947,7785.46505,7785.9814166666665,7802.3361421789905,7789.527473589017
Tl-177,81,96,177,0,7732.1655,7745.6647,7735.910024999999,7753.849824751452,7735.328361997865
Ho-178,67,111,178,2,7957.0,7986.5,7964.5,8030.689104965901,7960.0
Er-178,68,110,178,1,7999.0,7994.5,7994.416666666667,8037.53128853907,7996.916078172886
Tm-178,69,109,178,0,8017.0,8016.78035,8019.233583333333,8038.641296645961,8015.65083326446
Yb-178,70,108,178,4,8042.7386,8037.539925,8038.6549,8040.064161411118,8042.072231780607
Lu-178,71,107,178,3,8042.0554,8042.39545,8044.988783333334,8030.030487757391,8042.804228271649
Hf-178,72,106,178,2,8049.4438,8045.832175,8046.701158333333,8028.762848469957,8050.2890517576625
Ta-178,73,105,178,1,8035.0,8034.918900000001,8037.2169416666675,8000.041572360231,8034.199121475276
W-178,74,104,178,0,8029.2584,8025.0380000000005,8025.521974999999,7992.009749626987,8029.431814224868
Re-178,75,103,178,4,7998.1576,7999.6208,8001.992308333332,7964.571648115651,7998.698059790825
Os-178,76,102,178,3,7981.9128,7977.258225,7977.770825,7945.57523097533,7981.979460771285
Ir-178,77,101,178,2,7936.563,7938.074725,7940.6644166666665,7914.423131870327,7936.646882724385
Pt-178,78,100,178,1,7908.253,7903.210425,7903.459933333333,7890.399954301996,7908.222397975817
Au-178,79,99,178,0,7849.3946,7851.11395,7853.382983333334,7842.881105497262,7849.771882490924
Hg-178,80,98,178,4,7811.3607,7806.5329,7806.922999999999,7820.5922081380395,7811.377478191163
Tl-178,81,97,178,3,7741.0,7742.68175,7742.68175,7750.293053807639,7740.015307054905
Pb-178,82,96,178,2,7690.8359,7728.9324,7688.368,7718.343684534129,7695.069
Er-179,68,111,179,4,7976.0,7984.333333333333,7975.5,8033.74329636779,7979.965638822728
Tm-179,69,110,179,3,8004.0,8004.75,8006.672491666666,8039.7428707147965,8002.1517899501305
Yb-179,70,109,179,2,8026.0,8021.253375,8022.593808333333,8037.064914957365,8024.988210635834
Lu-179,71,108,179,1,8035.0744,8035.762525,8038.320141666667,8024.8483618077835,8034.604935653788
Hf-179,72,107,179,0,8038.5474,8035.445325000001,8036.533975,8020.298634123041,8039.086566642062
Ta-179,73,106,179,4,8033.5869,8034.780275,8037.308825,8007.039480133902,8034.300427369333
W-179,74,105,179,3,8023.2821,8019.494375,8020.3508999999995,7992.615074044969,8023.242379771806
Re-179,75,104,179,2,8003.7666,8005.51045,8007.9156,7976.242329240239,8004.283626606851
Os-179,76,103,179,1,7979.4844,7975.413675,7975.976475,7949.001452447082,7979.608672739833
Ir-179,77,102,179,0,7947.5248,7949.161975,7951.816999999999,7920.443878615912,7947.495783739075
Pt-179,78,101,179,4,7910.6759,7905.874775,7906.584824999999,7895.474916575857,7910.589105869656
Au-179,79,100,179,3,7865.6374,7868.015574999999,7870.461649999999,7850.90116143098,7865.786032451597
Hg-179,80,99,179,2,7816.2631,7812.599875,7813.036341666666,7819.343622435139,7816.60522378682
Tl-179,81,98,179,1,7763.4942,7765.28595,7765.28595,7784.890822879897,7762.399801978234
Pb-179,82,97,179,0,7701.463,7737.5352,7699.03355,7736.386251063344,7705.961799999999
Er-180,68,112,180,2,7960.0,7984.0,7959.0,8032.009336073309,7964.0
Tm-180,69,111,180,1,7983.0,7984.25,7985.833333333334,8021.775191158662,7982.556200145183
Yb-180,70,110,180,0,8016.0,8010.667175,8011.812616666666,8038.492388089475,8015.299921848761
Lu-180,71,109,180,4,8022.0394,8021.5146,8024.048291666666,8021.920607489749,8021.0434407228395
Hf-180,72,108,180,3,8034.9319,8030.690325,8031.492816666667,8025.826548922798,8034.165181415442
Ta-180,73,107,180,2,8025.8864,8026.0325,8028.617841666667,8008.551314356657,8026.358960474344
W-180,74,106,180,1,8025.4434,8021.324575,8022.235824999999,7995.742923299583,8025.834900228478
Re-180,75,105,180,0,7999.9922,8000.8731,8003.1127,7969.806276644593,8000.079019909186
Os-180,76,104,180,4,7987.4171,7982.983075,7983.5142333333315,7959.043266699834,7987.4901306792535
Ir-180,77,103,180,3,7947.6337,7948.767325,7951.177,7921.610513121418,7947.525440939827
Pt-180,78,102,180,2,7923.5781,7918.59195,7918.918958333333,7905.083578199806,7923.396795131817
Au-180,79,101,180,1,7870.3194,7871.748475,7874.123091666666,7865.6034536449515,7870.175923799117
Hg-180,80,100,180,0,7836.1111,7831.47225,7831.830333333333,7834.9080077305425,7836.039970193659
Tl-180,81,99,180,4,7771.431,7771.92265,7772.8181583333335,7795.204035146293,7770.48426264511
Pb-180,82,98,180,3,7725.6993,7736.886566666667,7719.605224999999,7738.779838123956,7723.58275
Tm-181,69,112,181,4,7969.0,7982.666666666667,7972.5,8026.841542158547,7972.966509228225
Yb-181,70,111,181,3,7996.0,7992.0,7993.082866666666,8030.799991808637,7996.160749788382
Lu-181,71,110,181,2,8011.9301,8012.68125,8015.309208333333,8027.168675713564,8011.861147668531
Hf-181,72,109,181,1,8022.003,8018.312875,8019.40625,8014.428312525018,8021.41133336908
Ta-181,73,108,181,0,8023.405,8023.3921,8025.916558333333,8008.76753730131,8022.364676194218
W-181,74,107,181,4,8017.9494,8014.0295750000005,8015.247741666668,7994.861981330115,8018.070248878734
Re-181,75,106,181,3,8004.1434,8004.9872,8007.679808333334,7978.167849921223,8004.489573764977
Os-181,76,105,181,2,7983.4263,7979.8450250000005,7980.5963249999995,7961.113700499707,7984.0270267143
Ir-181,77,104,181,1,7956.5242,7957.8784,7960.4473333333335,7934.144813252079,7956.515439681086
Pt-181,78,103,181,0,7924.1271,7919.7236,7920.369766666666,7905.07429416497,7923.954497920254
Au-181,79,102,181,4,7883.8359,7886.188125,7888.542316666666,7879.744044168684,7883.932643207242
Hg-181,80,101,181,3,7839.6792,7835.582025,7836.001975000001,7832.869988104597,7839.683193778954
Tl-181,81,100,181,2,7791.9183,7792.90225,7793.854516666666,7800.935810477751,7791.503487199055
Pb-181,82,99,181,1,7734.0704,7745.024333333334,7729.2099499999995,7767.391028996917,7731.821
Tm-182,69,113,182,2,7948.0,7973.0,7954.0,8017.725936363942,7949.0
Yb-182,70,112,182,1,7984.0,7980.203125,7980.4606,8022.338538125044,7983.4487555836195
Lu-182,71,111,182,0,7996.0,7996.267725,7998.789558333334,8020.84483735954,7996.358449773705
Hf-182,72,110,182,4,8014.8381,8011.0812,8011.872874999999,8020.417023032403,8014.802226967708
Ta-182,73,109,182,3,8012.6332,8012.491575,8014.8532,8006.289487853391,8011.963590892658
W-182,74,108,182,2,8018.3096,8013.73405,8014.856175,8003.127754910606,8017.362234358364
Re-182,75,107,182,1,7998.6264,7998.9255,8001.524458333333,7974.4591859309085,7998.600837311008
Os-182,76,106,182,0,7989.7287,7985.513975,7986.289174999999,7964.542223804321,7989.926971485536
Ir-182,77,105,182,4,7954.8948,7955.89995,7958.300166666666,7936.3763994453475,7955.462983250994
Pt-182,78,104,182,3,7934.7541,7930.3079,7930.675125,7912.4938868950885,7934.904205546037
Au-182,79,103,182,2,7887.2442,7888.507425,7890.906408333332,7880.526030299954,7887.199142822906
Hg-182,80,102,182,1,7856.9726,7852.491625000001,7852.828358333333,7857.457080958031,7857.020196040104
Tl-182,81,101,182,0,7796.3571,7797.990475,7800.584341666667,7809.727368092475,7796.995050573928
Pb-182,82,100,182,4,7756.3296,7766.781333333333,7751.989825,7786.728448449205,7756.254149999999
Yb-183,70,113,183,4,7963.0,7960.0,7960.0,8019.516302165804,7962.420886970732
Lu-183,71,112,183,3,7984.8125,7985.413225,7987.764641666667,8021.431484313876,7984.950357115367
Hf-183,72,111,183,2,8000.0315,7996.4319,7997.371224999999,8016.882235093853,7999.717033836334
Ta-183,73,110,183,1,8006.74,8007.420575,8009.915816666666,8003.690713324899,8007.053981880133
W-183,74,109,183,0,8008.3234,8004.06065,8005.271983333334,7996.970543586665,8007.49791574257
Re-183,75,108,183,4,8001.0101,8000.535225,8003.309791666667,7982.448319895731,7999.827494832494
Os-183,76,107,183,3,7985.0087,7980.63915,7981.602774999999,7963.491917395219,7984.267506793983
Ir-183,77,106,183,2,7961.8176,7963.1350999999995,7965.6986,7945.783373744839,7962.144018502553
Pt-183,78,105,183,1,7933.3406,7929.748625,7930.513899999999,7919.132254392992,7933.950938977089
Au-183,79,104,183,0,7898.5644,7900.5941,7902.861341666667,7889.58108118644,7898.354634192605
Hg-183,80,103,183,4,7859.3885,7855.0338,7855.518925,7863.910233770049,7858.925274349284
Tl-183,81,102,183,3,7815.6741,7816.7982250000005,7819.748041666668,7814.746698274131,7815.682915992865
Pb-183,82,101,183,2,7762.179,7757.340125,7758.268408333333,7782.4534047979505,7762.332674959619
Yb-184,70,114,184,2,7951.0,7969.5,7948.8484,8017.782883028875,7952.0
Lu-184,71,113,184,1,7967.0,7967.242775,7969.250774999999,8006.0185219523155,7967.167028176263
Hf-184,72,112,184,0,7990.7228,7987.5788250000005,7988.143891666666,8019.699775749338,7990.92962115967
Ta-184,73,111,184,4,7993.7535,7994.352175,7996.539758333333,8001.906136410758,7994.006622334469
W-184,74,110,184,3,8005.0777,8001.165575,8002.206841666666,8001.199370203309,8005.514369583842
Re-184,75,109,184,2,7992.7517,7992.38145,7995.056866666667,7982.5874498799685,7992.1514102494875
Os-184,76,108,184,1,7988.6778,7984.32345,7985.231125,7969.4256192360135,7988.150576551917
Ir-184,77,107,184,0,7959.1992,7959.432175,7961.688549999999,7942.244144994616,7958.225431068562
Pt-184,78,106,184,4,7942.5649,7938.205525,7938.484866666667,7930.243299065909,7942.449019727413
Au-184,79,105,184,3,7900.1947,7901.1662,7903.431266666667,7888.470001327671,7900.354778905565
Hg-184,80,104,184,2,7874.3454,7869.843275,7870.187600000001,7870.677441914475,7874.284262484841
Tl-184,81,103,184,1,7818.6727,7820.048675,7822.494366666667,7832.74338603661,7818.514582244748
Pb-184,82,102,184,0,7782.7264,7777.3364249999995,7777.828416666666,7801.32737100394,7782.678208431878
Bi-184,83,101,184,4,7712.0,7750.64825,7721.02275,7761.506010976185,7714.0446
Yb-185,70,115,185,0,7929.0,7949.5,7927.5,8016.628935913255,7930.0
Lu-185,71,114,185,4,7955.0,7955.7789250000005,7955.7789250000005,8011.787627236002,7953.965511196834
Hf-185,72,113,185,3,7973.9711,7971.4668,7972.195749999999,8011.657675182183,7974.845024852887
Ta-185,73,112,185,2,7986.3615,7987.319425,7989.411783333333,8006.224357271002,7986.4106782683
W-185,74,111,185,1,7992.9083,7989.61625,7990.674808333333,7992.6510451598915,7993.625422938981
Re-185,75,110,185,0,7991.0101,7991.718025,7994.510441666667,7984.920831055525,7991.658498990205
Os-185,76,109,185,4,7981.3047,7977.397275,7978.536158333332,7969.810355828669,7981.445526743667
Ir-185,77,108,185,3,7963.7226,7964.4935000000005,7966.742333333334,7948.5989735427775,7962.91299868627
Pt-185,78,107,185,2,7939.7779,7935.81265,7936.2892999999995,7930.261833863763,7938.743573206978
Au-185,79,106,185,1,7909.441,7911.705525,7913.931858333333,7903.972135666077,7909.707927332423
Hg-185,80,105,185,0,7874.5391,7871.02245,7871.5016,7873.971121655164,7874.808604656945
Tl-185,81,104,185,4,7835.5756,7836.956625,7839.695383333334,7847.979429553417,7835.741097465506
Pb-185,82,103,185,3,7786.933,7782.09255,7782.411091666666,7796.536896405014,7786.976437509419
Bi-185,83,102,185,2,7732.0,7745.627833333333,7737.37715,7763.901194340689,7735.491262253962
Lu-186,71,115,186,2,7936.0,7936.5,7936.5,8002.773215670528,7935.047467817561
Hf-186,72,114,186,1,7964.3032,7961.233775,7961.654091666665,8005.514554249586,7964.499389768772
Ta-186,73,113,186,0,7971.8357,7972.710349999999,7974.582024999999,8001.6461346778115,7972.071812782664
W-186,74,112,186,4,7988.6026,7984.611075,7985.281341666667,7999.516103887722,7988.441310198834
Re-186,75,111,186,3,7981.2713,7981.547375,7983.979249999999,7981.294241425618,7981.607369515036
Os-186,76,110,186,2,7982.8324,7978.5556750000005,7979.339749999999,7976.374486181494,7983.044382597839
Ir-186,77,109,186,1,7958.0473,7959.13125,7961.333175,7947.973498508971,7958.942133223737
Pt-186,78,108,186,0,7946.8094,7942.905625,7943.1275000000005,7936.349286523275,7946.758294765309
Au-186,79,107,186,4,7909.5409,7910.4292000000005,7912.377966666667,7907.539428158943,7908.963834859668
Hg-186,80,106,186,3,7888.2605,7883.82135,7884.147133333332,7878.824175459795,7888.240988485506
Tl-186,81,105,186,2,7837.5161,7838.666625,7840.990774999998,7846.114743875411,7837.430836314478
Pb-186,82,104,186,1,7805.342,7800.33285,7800.738899999999,7824.147925586466,7805.439537682359
Bi-186,83,103,186,0,7739.1175,7741.978075,7741.978075,7776.284698827214,7738.218074401407
Po-186,84,102,186,4,7695.9488,7728.3272,7690.564900000001,7752.653370280177,7699.856200000001
Lu-187,71,116,187,0,7923.0,7945.5,7929.59375,8009.321715647726,7925.1875
Hf-187,72,115,187,4,7947.0,7943.742775,7943.826108333333,8003.67448713023,7945.457571741223
Ta-187,73,114,187,3,7963.2123,7964.429475,7966.3600916666655,8001.497793926681,7963.29452592466
W-187,74,113,187,2,7975.1168,7971.373025,7972.102924999999,7995.212792568287,7974.637223799376
Re-187,75,112,187,1,7977.9519,7978.8222000000005,7981.1502833333325,7981.323950750407,7977.7302876894655
Os-187,76,111,187,0,7973.7814,7970.107525,7970.98585,7972.630863162672,7973.600141168904
Ir-187,77,110,187,4,7960.6692,7962.619775,7964.915558333332,7956.95930493304,7961.518627668197
Pt-187,78,109,187,3,7941.1699,7938.49585,7938.803433333333,7933.500078785908,7942.099225271052
Au-187,79,108,187,2,7917.4323,7919.318,7921.320725,7914.558994437757,7917.092076351299
Hg-187,80,107,187,1,7886.9905,7883.513225000001,7883.912091666666,7888.672359790315,7887.096827849744
Tl-187,81,106,187,0,7852.465,7853.731900000001,7856.370908333333,7858.2509205261995,7852.440634296085
Pb-187,82,105,187,4,7808.401,7803.73485,7804.185766666666,7831.957249214432,7808.165833482995
Bi-187,83,104,187,3,7758.2083,7760.749075,7760.749075,7778.245878171374,7756.634414460195
Po-187,84,103,187,2,7704.7889,7735.1248,7699.88955,7745.283703912941,7708.4771
Lu-188,71,117,188,3,7903.0,7926.5,7908.5,7995.564657707127,7905.0
Hf-188,72,116,188,2,7936.0,7932.5758000000005,7932.5758000000005,8001.673029742991,7934.585910869539
Ta-188,73,115,188,1,7948.0,7948.708925,7950.48445,7988.693578595937,7947.9400099190125
W-188,74,114,188,0,7969.0532,7965.282125,7965.752366666666,7999.586759960885,7969.212678265439
Re-188,75,113,188,4,7966.7481,7967.291725,7969.511633333333,7980.684059216634,7966.875132674645
Os-188,76,112,188,3,7973.8656,7969.7276,7970.278425,7975.392174046169,7973.745904433359
Ir-188,77,111,188,2,7954.8512,7955.233725,7957.119558333332,7955.547899640377,7954.142714270415
Pt-188,78,110,188,1,7947.9027,7943.990075,7944.077850000001,7942.264914488027,7948.013049327991
Au-188,79,109,188,0,7914.7537,7916.6161250000005,7918.456516666667,7913.979568494082,7915.543618326207
Hg-188,80,108,188,4,7899.034,7894.745150000001,7895.1309666666675,7900.84999604829,7899.103392222488
Tl-188,81,107,188,3,7853.0537,7854.21025,7856.484149999999,7854.760436744688,7853.262876963681
Pb-188,82,106,188,2,7824.8211,7819.984075,7820.3881249999995,7835.79877946916,7824.737372673262
Bi-188,83,105,188,1,7764.1904,7765.993625,7766.729708333333,7799.524526043458,7763.711869271632
Po-188,84,104,188,0,7724.6544,7734.536566666667,7716.887650000001,7767.4906017616095,7722.700699999999
Hf-189,72,117,189,0,7917.0,7924.0,7916.264450000001,8001.614506902408,7919.776751328385
Ta-189,73,116,189,4,7938.0,7939.42885,7941.211775,7995.194838765611,7937.925542943636
W-189,74,115,189,3,7954.0,7951.08215,7951.653116666666,7990.97004191251,7954.374701099984
Re-189,75,114,189,2,7961.8105,7963.26715,7965.499983333333,7983.864341472055,7962.127031275906
Os-189,76,113,189,1,7963.0029,7959.6999749999995,7960.314883333333,7969.72328752992,7963.2941111373
Ir-189,77,112,189,0,7956.0214,7957.285825,7959.340183333334,7960.112433862798,7955.558772678812
Pt-189,78,111,189,4,7941.4045,7938.395875,7938.598916666666,7943.905779499407,7940.9963289285915
Au-189,79,110,189,3,7921.9876,7924.258575,7926.3931416666655,7918.2056970981475,7922.488150234842
Hg-189,80,109,189,2,7896.9192,7892.894725,7893.41295,7898.684233802142,7896.763974962053
Tl-189,81,108,189,1,7866.2704,7867.443225,7870.006491666665,7873.240401260907,7866.265421884203
Pb-189,82,107,189,0,7826.2999,7822.1142,7822.668100000001,7842.426629498786,7826.534544594843
Bi-189,83,106,189,4,7780.9999,7783.285825,7785.667758333333,7815.849004533146,7781.066398897571
Po-189,84,105,189,3,7731.1321,7740.9221333333335,7724.633900000001,7759.878649878185,7729.288
Hf-190,72,118,190,3,7905.0,7923.5,7902.8484,7994.799357551984,7907.6968
Ta-190,73,117,190,2,7922.0,7922.608975,7924.3057499999995,7986.012372574988,7921.868819132092
W-190,74,116,190,1,7947.5031,7943.753000000001,7943.993283333333,7987.209835768199,7947.4236279017605
Re-190,75,115,190,0,7949.7759,7950.388925,7952.412633333333,7981.175866459899,7949.622061606768
Os-190,76,114,190,4,7962.1047,7958.079125,7958.572074999999,7977.479596745767,7962.438943186457
Ir-190,77,113,190,3,7947.7017,7948.895475,7950.745033333333,7955.164155160316,7948.1533835515465
Pt-190,78,112,190,2,7946.4941,7942.7745749999995,7942.9758,7948.610904279374,7946.459849340659
Au-190,79,111,190,1,7918.8345,7920.015425,7921.755299999999,7920.673111958528,7918.5295086531205
Hg-190,80,110,190,0,7907.0174,7902.558175,7902.960166666667,7907.504218828756,7906.910947521522
Tl-190,81,109,190,4,7866.0345,7866.916950000001,7869.272658333333,7878.126555816687,7865.8853290781435
Pb-190,82,108,190,3,7841.1294,7836.6002499999995,7837.062975000001,7844.62871298164,7841.172519653373
Bi-190,83,107,190,2,7785.3239,7786.97145,7789.204016666667,7811.245146634862,7785.4927062716
Po-190,84,106,190,1,7749.4526,7744.90795,7745.780041666667,7790.515002410518,7749.574589977489
Ta-191,73,118,191,0,7911.0,7912.5,7912.5,7993.525741159003,7910.563290423414
W-191,74,117,191,4,7931.4359,7928.309725,7928.6306,7986.365689499715,7931.3049747325185
Re-191,75,116,191,3,7943.9588,7945.44435,7947.668591666666,7980.091656614255,7944.019017673082
Os-191,76,115,191,2,7950.5687,7947.012575,7947.740616666666,7972.194913995157,7950.918052123671
Ir-191,77,114,191,1,7948.1144,7949.68825,7951.954291666666,7957.862176744864,7948.517892229856
Pt-191,78,113,191,0,7938.7279,7935.74925,7936.107433333333,7947.376709457148,7938.831791876442
Au-191,79,112,191,4,7924.6819,7926.178275,7928.223033333332,7930.659826032935,7924.312917273535
Hg-191,80,111,191,3,7903.8002,7899.93585,7900.590099999999,7902.725733293237,7903.852536174452
Tl-191,81,110,191,2,7877.1445,7878.320125,7880.897358333334,7882.646428492912,7877.223099746019
Pb-191,82,109,191,1,7841.6782,7837.51055,7838.069408333333,7857.683333112128,7841.510475583629
Bi-191,83,108,191,0,7800.6613,7802.588825,7804.922891666667,7826.504069061613,7800.634358791582
Po-191,84,107,191,4,7753.7871,7750.033825,7750.190325,7799.659720450906,7754.02524939524
At-191,85,106,191,3,7702.9233,7738.28125,7712.01685,7741.439946483073,7706.1284000000005
Ta-192,73,119,192,3,7894.0,7898.0,7899.25,7979.7559784202695,7893.5
W-192,74,118,192,2,7924.0,7920.360225,7920.6406,7983.850588500789,7924.148204356751
Re-192,75,117,192,1,7930.2389,7931.62085,7933.558083333333,7969.943853286421,7930.403073314779
Os-192,76,116,192,0,7948.526,7944.055325,7944.612033333333,7978.275960645322,7948.390088477804
Ir-192,77,115,192,4,7938.9999,7940.1366,7942.05295,7958.367285574778,7939.302627782596
Pt-192,78,114,192,3,7942.4923,7938.678825,7938.977224999999,7948.517024768203,7942.540153743979
Au-192,79,113,192,2,7920.1033,7921.07745,7923.033949999999,7927.535663446085,7920.1473641739885
Hg-192,80,112,192,1,7912.0666,7907.9103,7908.437383333333,7914.343596536493,7912.163477906343
Tl-192,81,111,192,0,7876.0167,7876.8638,7879.203925,7885.0829329714425,7876.156582003165
Pb-192,82,110,192,4,7854.6482,7850.21595,7850.748716666666,7870.924564501138,7854.658915783642
Bi-192,83,109,192,3,7803.6084,7805.03715,7807.186516666667,7820.541967678726,7803.676055142943
Po-192,84,108,192,2,7771.0542,7766.629625,7766.712466666666,7800.499493168984,7770.917734719354
At-192,85,107,192,1,7709.7283,7720.623500000001,7713.640375000001,7765.988104773633,7712.50556685554
Ta-193,73,120,193,1,7883.0,7905.0,7890.5,7972.68377015423,7884.0
W-193,74,119,193,0,7907.0,7903.858975,7904.311966666666,7985.072885641346,7907.1063378517065
Re-193,75,118,193,4,7923.9378,7925.2455,7927.433458333333,7977.203155865007,7923.517137902231
Os-193,76,117,193,3,7936.2716,7931.76025,7932.5143499999995,7968.878971253467,7935.531883775128
Ir-193,77,116,193,2,7938.1346,7939.3746,7941.636275000001,7960.219584772903,7937.862530523142
Pt-193,78,115,193,1,7933.7875,7930.7638,7931.23985,7945.753049024889,7933.948942633526
Au-193,79,114,193,0,7924.1648,7925.78735,7928.009291666665,7934.434267433857,7924.444585499044
Hg-193,80,113,193,4,7907.973,7904.20565,7904.911533333332,7917.230960271513,7907.8624220276715
Tl-193,81,112,193,3,7885.3445,7886.3396250000005,7888.8459416666665,7887.069567636253,7885.287215615966
Pb-193,82,111,193,2,7854.0994,7850.238775,7850.9268833333335,7866.453984293281,7854.22063206444
Bi-193,83,110,193,1,7817.1718,7818.840525,7821.131483333333,7842.007851760734,7817.18679887545
Po-193,84,109,193,0,7773.951,7770.23535,7770.4048,7810.488748959892,7773.915776478236
At-193,85,108,193,4,7727.1099,7729.266250000001,7729.26625,7783.394152783171,7725.626301186286
Rn-193,86,107,193,3,7675.853,7705.0562,7672.15935,7722.934248331916,7678.649200000001
Ta-194,73,121,194,4,7865.0,7887.5,7871.0,7972.298517532225,7866.0
W-194,74,120,194,3,7899.0,7895.0,7895.0,7977.911388579086,7897.905064364879
Re-194,75,119,194,2,7909.0,7910.24595,7912.084216666666,7967.606083846631,7909.0400713712415
Os-194,76,118,194,1,7932.0232,7927.402475,7927.983766666666,7967.559287440981,7931.807237476863
Ir-194,77,117,194,0,7928.4885,7928.9933,7931.174741666667,7959.551163668218,7927.992696536203
Pt-194,78,116,194,4,7935.942,7932.1336,7932.549691666667,7954.41341290821,7935.89599067521
Au-194,79,115,194,3,7918.7744,7919.536025,7921.490375,7928.00621900954,7918.7478518517455
Hg-194,80,114,194,2,7914.5974,7910.332675,7910.910208333333,7919.933632770311,7914.517306885346
Tl-194,81,113,194,1,7883.5211,7884.0861,7886.419816666667,7892.637382081496,7883.491602582318
Pb-194,82,112,194,0,7865.4181,7861.022,7861.620166666667,7878.07262720571,7865.2950315713915
Bi-194,83,111,194,4,7819.1955,7820.23105,7822.42865,7848.1967087780695,7819.260699672888
Po-194,84,110,194,3,7789.2947,7785.265475,7785.384975,7809.96352525136,7789.3503323898485
At-194,85,109,194,2,7732.2304,7734.015875,7734.015875,7775.967235364438,7730.963935422607
Rn-194,86,108,194,1,7694.9961,7722.53795,7690.68655,7756.596320385455,7698.2075
W-195,74,121,195,1,7881.0,7877.75,7877.75,7965.2252027637405,7879.928798273659
Re-195,75,120,195,0,7901.0,7903.041975,7905.226041666667,7976.272502347849,7901.643976548539
Os-195,76,119,195,4,7917.7449,7914.1050749999995,7914.845091666666,7967.722518123148,7918.075542521315
Ir-195,77,118,195,3,7924.916,7926.42195,7928.653133333333,7957.347470191736,7924.882304163474
Pt-195,78,117,195,2,7926.553,7923.275675000001,7923.8725,7947.952644238307,7926.326274863902
Au-195,79,116,195,1,7921.3778,7922.5329,7924.766624999999,7933.4076867102785,7921.287999293158
Hg-195,80,115,195,0,7909.398,7905.9194,7906.713425,7921.295132546127,7909.552759596621
Tl-195,81,114,195,4,7890.7293,7891.71295,7894.215483333333,7903.628199713883,7890.78576999947
Pb-195,82,113,195,3,7864.0647,7860.2009,7861.009416666666,7871.246087994493,7864.00862802801
Bi-195,83,112,195,2,7830.7579,7832.2423,7834.527533333332,7850.114865074807,7830.85253553712
Po-195,84,111,195,1,7791.3155,7787.71505,7787.981425,7826.220300085499,7791.191510234246
At-195,85,110,195,0,7748.0914,7750.097,7752.183716666666,7794.385887211935,7748.030076956724
Rn-195,86,109,195,4,7700.3841,7710.067466666667,7694.7479,7767.056804678555,7698.986
W-196,74,122,196,4,7872.0,7888.0,7869.0,7972.7281834646255,7874.0
Re-196,75,121,196,3,7886.0,7887.0,7888.333333333333,7962.2535320360685,7885.0562001451835
Os-196,76,120,196,2,7912.2301,7908.005875,7908.284733333332,7964.46887071171,7912.081841794771
Ir-196,77,119,196,1,7914.1487,7914.8012,7916.854316666667,7949.898119615835,7914.167948477437
Pt-196,78,118,196,0,7926.5297,7922.666,7923.115725,7955.877390878621,7926.435944054195
Au-196,79,117,196,4,7914.8553,7915.633775,7917.729666666666,7935.057111861522,7915.137418873188
Hg-196,80,116,196,3,7914.37,7910.275225,7910.960825,7920.674427994773,7914.428503770591
Tl-196,81,115,196,2,7888.29,7888.625599999999,7891.025208333333,7898.6431166845305,7888.270558836878
Pb-196,82,114,196,1,7873.3374,7869.187925,7869.865833333333,7885.735877481196,7873.503256061563
Bi-196,83,113,196,0,7831.9009,7832.546525,7834.647783333332,7855.6173301199,7831.597790812475
Po-196,84,112,196,4,7804.7445,7800.907775,7801.073908333334,7840.521841311928,7804.808964776006
At-196,85,111,196,3,7752.0001,7753.752375,7755.680566666666,7785.86847678485,7752.147015247056
Rn-196,86,110,196,2,7717.966,7713.644,7713.644,7764.826058733285,7716.274342111441
W-197,74,123,197,2,7853.0,7871.0,7851.5,7956.67200125569,7855.0
Re-197,75,122,197,1,7877.0,7878.25,7878.25,7957.380451776245,7875.587024332195
Os-197,76,121,197,0,7897.0,7893.6862249999995,7894.200575,7967.140302924971,7896.942217742153
Ir-197,77,120,197,4,7909.0003,7910.625975,7912.828591666666,7957.9382709754245,7909.404019572211
Pt-197,78,119,197,3,7915.9714,7912.892575,7913.636308333333,7945.5118404207915,7915.958146867681
Au-197,79,118,197,2,7915.6548,7916.59965,7918.955091666667,7935.407646191989,7915.6647399742005
Hg-197,80,117,197,1,7908.6402,7904.95845,7905.959325,7920.8372631973425,7908.853028826289
Tl-197,81,116,197,0,7893.5725,7894.486525,7897.022266666666,7907.96881035022,7893.646258105035
Pb-197,82,115,197,4,7871.2822,7867.3259,7868.181716666666,7889.860093857849,7871.194582628311
Bi-197,83,114,197,3,7841.6348,7842.7949,7845.038141666666,7855.263719725726,7841.525229956149
Po-197,84,113,197,2,7805.7136,7802.5548,7802.936866666665,7833.636619610157,7805.887173960748
At-197,85,112,197,1,7766.0174,7768.012175,7770.0761250000005,7810.326688884384,7766.188808135962
Rn-197,86,111,197,0,7722.119,7718.157075,7718.871283333334,7778.200427791432,7722.1283576549495
Fr-197,87,110,197,4,7673.764,7706.612950000001,7681.761850000001,7750.6519419243605,7675.6831
Re-198,75,123,198,4,7861.0,7871.0,7863.25,7957.842811493942,7863.016745385887
Os-198,76,122,198,3,7890.0,7886.859175,7887.293750000001,7959.416628755144,7890.970641499905
Ir-198,77,121,198,2,7897.0,7897.86245,7899.818266666667,7947.700522445334,7897.525340336488
Pt-198,78,120,198,1,7914.1512,7910.416625,7910.919783333333,7946.684091813769,7914.224063714792
Au-198,79,119,198,0,7908.5675,7908.6494,7910.821133333333,7936.877235395816,7908.126093974567
Hg-198,80,118,198,4,7911.5532,7907.449425,7908.283591666665,7930.412656760471,7911.591418589687
Tl-198,81,117,198,3,7890.3011,7890.592625,7893.032341666666,7899.916496393248,7890.38099869001
Pb-198,82,116,198,2,7878.9695,7874.5608,7875.299458333333,7890.4294062175695,7878.825177460922
Bi-198,83,115,198,1,7841.2123,7842.33455,7844.460124999999,7863.937528408381,7841.6443620309055
Po-198,84,114,198,0,7817.5611,7813.827075,7814.073725,7848.113365048055,7817.428977572487
At-198,85,113,198,4,7769.3446,7770.6326500000005,7772.591516666667,7817.802745116902,7769.385110865472
Rn-198,86,112,198,3,7737.7245,7733.5386,7734.253533333334,7774.878838587144,7737.845797048155
Fr-198,87,111,198,2,7679.1873,7711.224099999999,7686.9419,7740.325833450687,7681.6459
Re-199,75,124,199,2,7850.0,7872.0,7858.5,7949.145062192688,7853.0
Os-199,76,123,199,1,7874.0,7871.25,7872.451783333332,7949.166666853266,7875.366160091586
Ir-199,77,122,199,0,7891.2066,7892.049725,7894.225366666666,7957.691199713011,7891.024841313775
Pt-199,78,121,199,4,7902.3011,7899.32415,7900.089391666666,7947.864170735514,7902.270647619078
Au-199,79,120,199,3,7906.9379,7907.7192,7910.082699999999,7933.386019460462,7906.856925264556
Hg-199,80,119,199,2,7905.2794,7901.118025,7902.263166666666,7922.59745205386,7904.645877807831
Tl-199,81,118,199,1,7893.8773,7894.551875,7897.1268,7908.0523795392155,7893.776888004151
Pb-199,82,117,199,0,7875.7366,7871.9896,7872.930816666667,7894.464318405432,7875.853598811481
Bi-199,83,116,199,4,7849.5232,7850.729075,7852.975416666666,7875.9347523307715,7849.642797175578
Po-199,84,115,199,3,7817.6582,7814.3119750000005,7814.709441666667,7839.130453483767,7817.478011546397
At-199,85,114,199,2,7781.4883,7783.1608,7785.196766666666,7817.0264065187075,7781.502931502155
Rn-199,86,113,199,1,7741.0568,7737.20255,7737.449049999999,7794.332716838242,7740.957966660186
Fr-199,87,112,199,0,7695.2599,7708.775066666666,7701.865975000001,7761.937057081226,7694.3003499999995
Os-200,76,124,200,4,7867.0,7862.25,7862.25,7957.305040740143,7864.42879827366
Ir-200,77,123,200,3,7878.0,7877.958425,7880.273008333332,7943.205986479527,7878.481174272488
Pt-200,78,122,200,2,7899.1986,7895.523475,7896.33295,7943.665766405699,7899.542445528272
Au-200,79,121,200,1,7898.4915,7898.584825,7900.940108333333,7928.672181461074,7899.181630035756
Hg-200,80,120,200,0,7905.8956,7901.653325,7902.519666666667,7932.489955540887,7905.606287403662
Tl-200,81,119,200,4,7889.7037,7889.919825,7892.437516666667,7910.8446012142085,7889.638140879078
Pb-200,82,118,200,3,7881.8101,7877.46715,7878.3204916666655,7891.954705416879,7881.8565763302495
Bi-200,83,117,200,2,7848.4969,7849.024125,7851.11705,7868.953273033128,7848.188968807137
Po-200,84,116,200,1,7827.4407,7824.0108,7824.339558333333,7856.508414434664,7827.595640633558
At-200,85,115,200,0,7783.7601,7784.645974999999,7786.546541666667,7825.6394240697955,7783.3574200645135
Rn-200,86,114,200,4,7754.9111,7750.8378250000005,7750.97795,7809.6910510071675,7754.914395185684
Fr-200,87,113,200,3,7700.3292,7702.16685,7702.16685,7750.788325245654,7699.196954282044
Os-201,76,125,201,2,7849.0,7847.666666666667,7843.5,7941.19494417624,7844.0
Ir-201,77,124,201,1,7870.0,7871.191875,7874.517058333335,7940.6001344211645,7871.813339499318
Pt-201,78,123,201,0,7885.8337,7883.302775,7884.949183333332,7947.939353266084,7887.530251630456
Au-201,79,122,201,4,7895.1752,7895.963,7898.541133333332,7937.513279243595,7895.93479904222
Hg-201,80,121,201,3,7897.5607,7894.368575,7895.5688666666665,7920.983239947833,7897.9381391561965
Tl-201,81,120,201,2,7891.2717,7891.9941,7894.627033333332,7909.534272058251,7891.303400629063
Pb-201,82,119,201,1,7877.8782,7873.85575,7874.827991666667,7895.063098518494,7877.8102344462495
Bi-201,83,118,201,0,7854.8713,7855.9037,7858.164716666666,7880.790215320265,7854.851183715417
Po-201,84,117,201,4,7826.5619,7823.3955,7823.859774999999,7861.859871078386,7826.683146006731
At-201,85,116,201,3,7794.1536,7795.469875,7797.499899999999,7822.853871105399,7794.054987202296
Rn-201,86,115,201,2,7757.0174,7753.543275,7753.865925,7800.291017491976,7757.115927514689
Fr-201,87,114,201,1,7714.8367,7716.86215,7717.488658333334,7778.2437890984975,7714.754781231635
Ra-201,88,113,201,0,7669.4108,7695.06535,7666.0174,7745.600219195066,7672.4331999999995
Os-202,76,126,202,0,7839.0,7856.0,7837.5,7955.803361338382,7844.0
Ir-202,77,125,202,4,7855.0,7854.25,7854.25,7941.930744497002,7850.618669543902
Pt-202,78,124,202,3,7881.5609,7877.2659,7879.129808333333,7939.45545018833,7883.094019534105
Au-202,79,123,202,2,7885.91,7884.952,7887.720058333333,7926.427299077561,7886.238010940397
Hg-202,80,122,202,1,7896.8505,7893.167325,7894.235041666666,7924.693325025816,7897.495642277453
Tl-202,81,121,202,0,7886.2206,7886.1713,7888.66755,7913.24877177064,7886.15618328787
Pb-202,82,120,202,4,7882.1505,7877.62265,7878.554416666666,7905.562898670283,7882.094778774992
Bi-202,83,119,202,3,7852.5857,7853.3634999999995,7855.501908333333,7870.981410722032,7852.728089239861
Po-202,84,118,202,2,7834.8053,7831.2607499999995,7831.635766666666,7860.176235143797,7834.645592735544
At-202,85,117,202,1,7794.5637,7796.054475,7797.953883333333,7834.6375923874975,7795.178261899067
Rn-202,86,116,202,0,7769.3018,7765.33705,7765.588508333333,7817.6793282890285,7769.1839456573525
Fr-202,87,115,202,4,7719.0125,7720.4603,7721.199708333334,7786.9921687517935,7719.003793810976
Ra-202,88,114,202,3,7685.5684,7709.4802500000005,7681.60355,7739.419762986765,7688.4448
Os-203,76,127,203,3,7814.0,7836.0,7817.0,7935.166401201293,7824.0
Ir-203,77,126,203,2,7845.0,7843.25,7843.25,7932.840019489908,7837.681959967316
Pt-203,78,125,203,1,7867.0,7861.208425,7863.0251,7931.696328500877,7864.666824820427
Au-203,79,124,203,0,7880.865,7880.5704000000005,7884.149491666666,7937.898216621635,7881.635508653382
Hg-203,80,123,203,4,7887.4828,7884.55675,7886.571033333332,7926.898004776302,7889.204942608022
Tl-203,81,122,203,3,7886.053,7886.612349999999,7889.38545,7908.316071175953,7886.341786436216
Pb-203,82,121,203,2,7877.397,7873.16145,7874.266891666666,7896.2297036311265,7877.196094131452
Bi-203,83,120,203,1,7857.4762,7858.356475,7860.677833333332,7881.878976389067,7857.467988964908
Po-203,84,119,203,0,7832.8632,7829.72915,7830.2278333333325,7866.954627812851,7832.788685512979
At-203,85,118,203,4,7803.6487,7804.95065,7806.933208333333,7847.642756763431,7803.717093147859
Rn-203,86,117,203,3,7770.3437,7766.7492,7767.0999999999985,7806.441169728236,7770.306754641349
Fr-203,87,116,203,2,7731.7092,7733.487325,7735.605241666666,7783.436898932893,7731.773739227218
Ra-203,88,115,203,1,7689.8015,7698.531033333333,7684.64895,7762.065034605988,7688.2903
Ir-204,77,127,204,0,7823.0,7835.0,7828.5,7940.789161146747,7831.7655645975765
Pt-204,78,126,204,4,7859.0,7851.640225,7853.239391666666,7940.500235964716,7854.503297683497
Au-204,79,125,204,3,7868.0,7866.910625,7870.196383333332,7922.747342548805,7867.035260306372
Hg-204,80,124,204,2,7885.5455,7881.3206,7883.676641666666,7921.565542020619,7887.321913298354
Tl-204,81,123,204,1,7880.0238,7879.93915,7883.575358333332,7906.3703850122265,7882.4840949697045
Pb-204,82,122,204,0,7879.9326,7875.221825,7876.403191666666,7908.202746991569,7880.118796117912
Bi-204,83,121,204,4,7854.2157,7854.8811,7857.053024999999,7885.811776754826,7854.22475361968
Po-204,84,120,204,3,7839.0823,7835.78705,7836.216925000001,7862.4391833687205,7839.125811678694
At-204,85,119,204,2,7803.5522,7804.259975,7806.107608333332,7838.540876292296,7803.09267424792
Rn-204,86,118,204,1,7780.5743,7776.9198,7777.24415,7826.721191771997,7780.687733882831
Fr-204,87,117,204,0,7734.6931,7735.872025,7737.858933333333,7795.200200840473,7734.456429531457
Ra-204,88,116,204,4,7704.1238,7699.983075,7699.983075,7778.476460927077,7702.600078024232
Ir-205,77,128,205,3,7805.0,7832.5,7818.0,7927.207509376638,7820.0
Pt-205,78,127,205,2,7836.0,7831.75,7831.7824,7924.097753878588,7831.996331254523
Au-205,79,126,205,1,7860.0,7858.259325,7861.5980083333325,7922.469958093251,7856.398089028154
Hg-205,80,125,205,0,7874.7325,7868.953975,7871.319708333333,7927.580576570885,7872.299293013473
Tl-205,81,124,205,4,7878.3946,7878.4396,7882.916141666667,7916.0301401848565,7881.128277739
Pb-205,82,123,205,3,7874.3313,7870.153025,7872.647099999999,7895.396457818058,7877.073050978483
Bi-205,83,122,205,2,7857.3218,7858.12785,7860.597425,7882.694767167329,7857.521526944871
Po-205,84,121,205,1,7836.2168,7833.160675,7833.61875,7868.50909246737,7836.057940023189
At-205,85,120,205,0,7810.2694,7811.434499999999,7813.355816666666,7852.965275939065,7810.263431761417
Rn-205,86,119,205,4,7780.7226,7777.214175,7777.635033333333,7833.2903495123655,7780.685972706038
Fr-205,87,118,205,3,7745.687,7747.0888,7749.1739,7789.899184276181,7745.566527359296
Ra-205,88,117,205,2,7707.1698,7703.524675,7704.284949999999,7766.47017213138,7707.277605966908
Ac-205,89,116,205,1,7662.8519,7692.61195,7671.44655,7745.801322238841,7666.354699999999
Pt-206,78,128,206,0,7820.0,7817.0,7817.0,7939.631435397952,7819.420886970733
Au-206,79,127,206,4,7840.0,7838.9028,7841.862608333333,7924.686803080213,7839.024436537224
Hg-206,80,126,206,3,7869.1723,7861.6337,7863.652974999999,7918.154490242559,7863.8488653577315
Tl-206,81,125,206,2,7871.7219,7867.95155,7872.463483333333,7903.90514330745,7868.184161499448
Pb-206,82,124,206,1,7875.362,7870.0713749999995,7873.176966666667,7901.685355776974,7878.553174835228
Bi-206,83,123,206,0,7853.3249,7853.76845,7856.965241666666,7888.7511587426725,7855.197261627759
Po-206,84,122,206,4,7840.5973,7837.431549999999,7837.962741666665,7879.941277116153,7840.758188849666
At-206,85,121,206,3,7808.8904,7809.832025,7811.664225,7841.278859416484,7809.045855723586
Rn-206,86,120,206,2,7789.0417,7785.3451000000005,7785.704541666666,7829.244414764515,7788.889626689899
Fr-206,87,119,206,1,7746.9621,7748.516125,7750.478341666667,7804.79526716263,7747.381895265344
Ra-206,88,118,206,0,7719.8028,7715.73215,7715.969283333334,7786.818144434487,7719.592769066853
Ac-206,89,117,206,4,7667.8538,7695.99935,7675.64305,7755.807748018518,7671.6396
Pt-207,78,129,207,3,7797.0,7819.5,7799.0,7918.852141636668,7805.0
Au-207,79,128,207,2,7824.0,7825.04785,7826.363975,7914.98475890225,7823.056716765018
Hg-207,80,127,207,1,7848.6112,7843.729,7845.877699999999,7912.935011383909,7847.73502464684
Tl-207,81,126,207,0,7866.7979,7862.10445,7866.653316666666,7916.998592159946,7860.242232653605
Pb-207,82,125,207,4,7869.8664,7861.138849999999,7864.491333333333,7904.920898473756,7866.24674682099
Bi-207,83,124,207,3,7854.5053,7855.006875,7859.140099999999,7882.235756052863,7857.336679462623
Po-207,84,123,207,2,7836.6734,7834.072575,7835.5839166666665,7868.939939406947,7838.984128090389
At-207,85,122,207,1,7813.9653,7814.9794999999995,7816.966541666667,7854.962076737767,7814.21056325534
Rn-207,86,121,207,0,7787.9987,7784.67175,7785.102383333332,7838.829496628565,7787.875363549292
Fr-207,87,120,207,4,7756.2689,7757.6237249999995,7759.649516666666,7818.809244136608,7756.2897540893355
Ra-207,88,119,207,3,7721.7503,7717.994625,7718.358433333333,7773.2344084373035,7721.632414455728
Ac-207,89,118,207,2,7681.1001,7682.76795,7682.76795,7749.39665208809,7679.456902890131
Pt-208,78,130,208,1,7780.0,7803.0,7777.0,7916.290849198475,7781.0
Au-208,79,129,208,0,7803.0,7803.5,7803.5,7924.15205363035,7802.0474678175615
Hg-208,80,128,208,4,7834.1914,7831.3925500000005,7833.230808333332,7922.431377313532,7837.509723187038
Tl-208,81,127,208,3,7847.1835,7845.642725,7849.809783333333,7900.99861127845,7846.879708768164
Pb-208,82,126,208,2,7867.453,7856.5280999999995,7859.7231833333335,7898.280399232127,7860.174748606562
Bi-208,83,125,208,1,7849.8534,7847.730475,7851.897683333333,7883.086929874265,7847.670637688195
Po-208,84,124,208,0,7839.3568,7836.058075,7837.964649999999,7883.096168561227,7841.728801372634
At-208,85,123,208,4,7811.5604,7812.350775,7814.939249999999,7860.03265631496,7813.392575815734
Rn-208,86,122,208,3,7794.2678,7790.8552,7791.362216666665,7832.201223462696,7794.565582575094
Fr-208,87,121,208,2,7756.8985,7757.7757,7759.663666666667,7807.473347240298,7756.478423834795
Ra-208,88,120,208,1,7732.0177,7728.321475000001,7728.616158333333,7796.428286178543,7732.163937447784
Ac-208,89,119,208,0,7684.8289,7685.905575,7685.905575,7764.345618399738,7683.029972829555
Th-208,90,118,208,4,7652.5716,7675.08825,7649.243699999999,7746.917949476493,7656.09
Au-209,79,130,209,3,7786.0,7801.0,7788.75,7910.11710801371,7788.050236157662
Hg-209,80,129,209,2,7813.0,7810.55005,7811.755033333333,7905.516840809338,7814.775341218256
Tl-209,81,128,209,1,7833.3979,7834.1866,7838.282116666666,7903.104797009018,7837.092604965468
Pb-209,82,127,209,0,7848.6488,7841.65005,7844.958408333334,7906.16383063173,7847.988707996944
Bi-209,83,126,209,4,7847.9869,7844.01975,7848.151674999999,7893.580946014175,7841.484783179954
Po-209,84,125,209,3,7835.1882,7829.2437,7831.154233333333,7868.844767288137,7831.929023926105
At-209,85,124,209,2,7814.7835,7815.335475,7818.518999999998,7854.975184592967,7816.839949283129
Rn-209,86,123,209,1,7792.1755,7789.156150000001,7790.485941666668,7841.246135622693,7794.130316280817
Fr-209,87,122,209,0,7763.7485,7765.066675,7767.12435,7824.554265657037,7764.07339401586
Ra-209,88,121,209,4,7733.0177,7729.438925,7729.794258333333,7804.205709943894,7732.941801511454
Ac-209,89,120,209,3,7695.8455,7697.41555,7699.5452,7756.453014248399,7695.983458973684
Th-209,90,119,209,2,7656.0,7678.33975,7653.8808500000005,7732.221865088693,7659.8542
Au-210,79,131,210,1,7764.0,7790.0,7770.0,7901.973967070096,7766.0
Hg-210,80,130,210,0,7799.0,7795.495725,7795.869916666666,7922.1501262821075,7798.589839956393
Tl-210,81,129,210,4,7813.589,7814.29785,7817.144141666667,7906.223528860627,7815.3413440581335
Pb-210,82,128,210,3,7835.9656,7831.236425,7833.965841666667,7895.628208466711,7839.869653956243
Bi-210,83,127,210,2,7832.5424,7830.1501,7834.171474999999,7880.241363367098,7830.985459736357
Po-210,84,126,210,1,7834.3462,7827.2355,7828.983758333334,7877.749060052617,7828.782137030221
At-210,85,125,210,0,7811.6638,7809.75745,7812.8472249999995,7863.46153301293,7809.070556910424
Rn-210,86,124,210,4,7796.6653,7793.052224999999,7794.652249999999,7853.617455707401,7798.339806041745
Fr-210,87,123,210,3,7763.1243,7764.25205,7766.943591666666,7810.879181331684,7765.052055767612
Ra-210,88,122,210,2,7741.3687,7737.6855,7738.138558333332,7797.6974009586565,7741.510007055813
Ac-210,89,121,210,1,7698.0182,7699.536275,7701.525983333333,7774.4626182132015,7698.238596782175
Th-210,90,120,210,0,7669.0764,7664.968675,7664.968675,7755.572770992734,7667.242880429176
Hg-211,80,131,211,3,7777.0,7774.0,7774.199066666667,7901.018411357975,7776.384372986319
Tl-211,81,130,211,2,7799.7915,7800.537325,7802.898133333332,7895.709046191509,7799.763439100872
Pb-211,82,129,211,1,7817.0079,7812.68125,7814.439291666666,7892.991982602954,7818.766196958656
Bi-211,83,128,211,0,7819.7745,7821.3045,7825.103958333333,7895.0873010009955,7823.307871744902
Po-211,84,127,211,4,7818.7842,7815.02365,7817.058083333333,7882.020433569912,7818.661103508138
At-211,85,126,211,3,7811.3545,7808.4824,7811.4541,7855.233769663073,7806.23741145029
Rn-211,86,125,211,2,7793.9412,7788.2168,7789.832741666667,7840.809983576946,7790.93242702829
Fr-211,87,124,211,1,7768.3613,7769.093975,7772.133308333333,7827.36907605546,7769.887732901157
Ra-211,88,123,211,0,7741.0887,7737.765625,7738.929358333333,7810.146218172073,7742.801459122097
Ac-211,89,122,211,4,7707.468,7708.71695,7710.867183333332,7789.485709245635,7707.549597191726
Th-211,90,121,211,3,7671.8506,7667.873525,7667.873525,7739.560870390778,7669.858628107131
Pa-211,91,120,211,2,7629.3948,7656.93955,7637.2697,7714.951065122416,7632.2321
Hg-212,80,132,212,1,7762.0,7762.8103666666675,7760.3007333333335,7900.600391561095,7762.134766666666
Tl-212,81,131,212,0,7780.0,7780.19055,7782.447483333334,7906.2517626193885,7779.704536593465
Pb-212,82,130,212,4,7804.3203,7799.793575,7800.427325,7903.204876649407,7804.318960837369
Bi-212,83,129,212,3,7803.314,7804.26745,7807.081166666666,7878.069272528679,7805.13955559412
Po-212,84,128,212,2,7810.2438,7807.31015,7808.809766666665,7873.9118304148,7813.263973697598
At-212,85,127,212,1,7798.34,7797.2484,7800.094158333333,7858.907009157973,7797.931390909069
Rn-212,86,126,212,0,7794.7963,7788.3940999999995,7789.822033333333,7857.242911494082,7790.356107608627
Fr-212,87,125,212,4,7766.8455,7765.31935,7768.18405,7833.574152249201,7764.031240861852
Ra-212,88,124,212,3,7747.5078,7743.623175,7744.968724999999,7801.307118790996,7748.78712101653
Ac-212,89,123,212,2,7708.4479,7709.710325,7712.373033333332,7775.8116070753285,7709.935039333528
Th-212,90,122,212,1,7682.0628,7678.4161,7679.3461333333335,7765.678531932423,7682.53682564645
Pa-212,91,121,212,0,7633.6289,7659.77715,7640.9448999999995,7733.117172095925,7636.2068
Hg-213,80,133,213,4,7739.0,7741.0,7738.130950000001,7904.208843136663,7739.0
Tl-213,81,132,213,3,7765.4311,7766.0467499999995,7766.3295499999995,7891.571292673767,7765.466782638063
Pb-213,82,131,213,2,7785.1732,7780.810375,7781.678366666665,7885.575704659435,7785.210788508635
Bi-213,83,130,213,1,7791.0217,7792.7322,7794.685416666667,7882.608630830349,7791.034272892392
Po-213,84,129,213,0,7794.024,7791.65955,7792.431574999999,7883.779485438807,7795.206507059676
At-213,85,128,213,4,7790.0036,7791.640825,7794.484774999999,7870.249025298749,7792.916564089102
Rn-213,86,127,213,3,7782.1824,7778.4592250000005,7780.054941666667,7841.412547494866,7782.400733891566
Fr-213,87,126,213,2,7768.4543,7766.39755,7769.172424999999,7826.453361025497,7764.177357922214
Ra-213,88,125,213,1,7746.4726,7740.786625,7742.140691666666,7813.338327982112,7743.615845313708
Ac-213,89,124,213,0,7715.5908,7716.6767,7719.575191666667,7795.6116678803,7716.898316913047
Th-213,90,123,213,4,7683.847,7680.2572,7681.304158333332,7774.654914657264,7685.471859623754
Pa-213,91,122,213,3,7644.8027,7656.276966666667,7650.020825,7722.56355929314,7643.384050000001
Hg-214,80,134,214,2,7724.0,7725.666666666667,7721.75,7887.963127430812,7723.5
Tl-214,81,133,214,1,7745.0,7745.184525,7745.468774999999,7885.789853322191,7745.071004663903
Pb-214,82,132,214,0,7772.3955,7767.8672750000005,7768.674191666667,7903.46829775389,7772.705861908587
Bi-214,83,131,214,4,7773.4955,7775.0409,7776.8568000000005,7886.642847196166,7773.65796901357
Po-214,84,130,214,3,7785.1163,7781.987175,7781.911916666666,7871.980242259794,7785.053056136252
At-214,85,129,214,2,7776.3632,7777.295700000001,7779.18205,7855.533117313911,7777.437184774135
Rn-214,86,128,214,1,7777.1023,7774.178975,7775.321333333332,7852.964878793896,7779.716785715523
Fr-214,87,127,214,0,7757.7393,7757.701025,7760.317158333333,7837.449700675861,7757.899471813904
Ra-214,88,126,214,4,7749.1719,7743.1804,7744.3363,7826.654456499786,7745.4997317468515
Ac-214,89,125,214,3,7715.8874,7714.79475,7717.542224999999,7779.845999198593,7713.107411820469
Th-214,90,124,214,2,7692.3173,7688.17215,7689.2717,7765.592573050197,7693.02402403028
Pa-214,91,123,214,1,7647.7037,7649.3646499999995,7649.3646499999995,7743.686710936522,7646.508100210016
Hg-215,80,135,215,0,7701.0,7724.0,7700.0,7903.395107391188,7701.0
Tl-215,81,134,215,4,7730.0,7730.607775,7730.607775,7896.244754827381,7729.2596072548695
Pb-215,82,133,215,3,7752.7381,7748.1682,7749.110158333332,7881.790273524765,7752.602538309091
Bi-215,83,132,215,2,7761.7177,7763.5217,7765.5437,7875.130468759544,7761.963354165488
Po-215,84,131,215,1,7768.1768,7765.470825,7765.486508333332,7871.96623308815,7768.228117852613
At-215,85,130,215,0,7767.8627,7769.5981,7771.1017833333335,7872.250368628004,7767.832818864576
Rn-215,86,129,215,4,7763.8164,7761.35015,7761.9122166666675,7858.275925878628,7764.76132709331
Fr-215,87,128,215,3,7753.2607,7755.16935,7757.735333333333,7827.390418821152,7755.902759725969
Ra-215,88,127,215,2,7739.3249,7735.589,7736.791866666666,7811.913910867649,7739.722672135015
Ac-215,89,126,215,1,7719.4137,7718.1923,7720.83015,7799.160965408183,7715.970407984691
Th-215,90,125,215,0,7693.0266,7687.382375,7688.502441666667,7780.956624994458,7690.352166581589
Pa-215,91,124,215,4,7657.3733,7658.26775,7659.823866666666,7759.718725280542,7657.847925359342
U-215,92,123,215,3,7620.7821,7640.85185,7621.636850000001,7705.466393129408,7631.7133
Hg-216,80,136,216,3,7685.0,7708.5,7683.5,7882.761069441303,7686.0
Tl-216,81,135,216,2,7709.0,7709.25,7709.25,7874.044359065487,7708.523733908781
Pb-216,82,134,216,1,7740.0,7734.8111499999995,7735.594008333333,7883.579926557707,7739.1982995526805
Bi-216,83,133,216,0,7743.4996,7745.10575,7746.938375,7887.192577892754,7743.508071960164
Po-216,84,132,216,4,7758.8205,7755.7453,7755.609033333333,7882.917184381292,7758.8420838776965
At-216,85,131,216,3,7753.0024,7754.5153,7755.832641666666,7854.058546782899,7753.3215988775355
Rn-216,86,130,216,2,7758.6553,7755.373175,7755.314908333332,7848.551800470032,7758.5506582360285
Fr-216,87,129,216,1,7742.4513,7743.79555,7745.469341666667,7833.907803557214,7743.544051329884
Ra-216,88,128,216,0,7737.3458,7734.450375,7735.275449999999,7830.708806761146,7739.583725566639
Ac-216,89,127,216,4,7711.2319,7711.98795,7714.5062499999985,7806.496856047637,7711.897041930478
Th-216,90,126,216,3,7697.6617,7691.99435,7692.954949999999,7769.816875338845,7694.847108827902
Pa-216,91,125,216,2,7659.2006,7658.48095,7659.958608333333,7743.610795467557,7656.426159644382
U-216,92,124,216,1,7631.3072,7649.046200000001,7631.93375,7734.516100994207,7641.4382000000005
Tl-217,81,136,217,0,7693.0,7706.666666666667,7694.78445,7895.69247207186,7694.583337871712
Pb-217,82,135,217,4,7719.0,7714.641525,7715.266025000001,7887.967458981909,7718.316732863348
Bi-217,83,134,217,3,7731.8491,7733.311925,7735.314341666666,7871.689195722697,7731.321459127548
Po-217,84,133,217,2,7741.3614,7738.531975,7738.457474999999,7864.386351333415,7741.24702512326
At-217,85,132,217,1,7744.6172,7746.408225,7747.929916666666,7861.075741048087,7744.637579907613
Rn-217,86,131,217,0,7744.4037,7741.827875,7741.953058333333,7860.509465238014,7744.458785462979
Fr-217,87,130,217,4,7737.775,7739.529,7741.028408333334,7846.109905895719,7737.683604354022
Ra-217,88,129,217,3,7726.9122,7724.4943,7724.7265916666665,7813.176261177538,7727.642936880074
Ac-217,89,128,217,2,7710.3448,7712.22775,7714.575858333333,7797.199820111732,7712.300182979325
Th-217,90,127,217,1,7690.5945,7686.804375,7687.77895,7784.843726096736,7691.198198129254
Pa-217,91,126,217,0,7664.6438,7664.283100000001,7666.8882583333325,7766.186813030987,7662.219323576372
U-217,92,125,217,4,7634.0,7638.756466666667,7626.9545,7744.682281849462,7628.5344000000005
Tl-218,81,137,218,3,7672.0,7696.5,7680.0,7869.282860123992,7673.0
Pb-218,82,136,218,2,7705.0,7700.75,7701.147966666667,7871.234649982108,7704.935054550225
Bi-218,83,135,218,1,7712.828,7714.2083999999995,7716.094633333332,7868.322300540721,7712.761565333476
Po-218,84,134,218,0,7731.53,7728.52275,7728.332258333333,7883.684720354826,7731.499120611395
At-218,85,133,218,4,7729.1175,7730.461375,7731.699033333332,7866.037227243577,7728.854756834534
Rn-218,86,132,218,3,7738.7527,7735.4259,7735.39205,7847.304590434842,7738.662559332296
Fr-218,87,131,218,2,7726.7143,7727.6635,7729.047949999998,7829.868522863072,7726.689591223849
Ra-218,88,130,218,1,7725.0241,7721.8394,7721.701141666666,7827.405741269952,7725.033885743523
Ac-218,89,129,218,0,7702.145,7703.565275,7705.03065,7810.778939307745,7702.615480113107
Th-218,90,128,218,4,7691.6026,7688.4703,7689.100208333333,7799.109387523868,7693.262145455502
Pa-218,91,127,218,3,7659.1935,7660.40455,7662.852008333333,7748.236955175154,7660.010613918664
U-218,92,126,218,2,7640.7191,7635.15605,7635.15605,7732.9818997875,7635.637854924915
Pb-219,82,137,219,0,7684.0,7690.666666666667,7680.880950000001,7887.667334576972,7684.968457206787
Bi-219,83,136,219,4,7700.0,7702.018375,7703.925074999999,7879.389759249574,7700.291863270769
Po-219,84,135,219,3,7713.334,7710.593525,7710.493791666666,7861.281258496278,7713.356216159174
At-219,85,134,219,2,7720.197,7721.96945,7723.373874999999,7853.355760505193,7720.086264194457
Rn-219,86,133,219,1,7723.7784,7721.164575000001,7721.179016666667,7849.947596196068,7723.525996609231
Fr-219,87,132,219,0,7721.1759,7722.8682,7724.486991666665,7848.565845655273,7721.211324483526
Ra-219,88,131,219,4,7714.056,7711.7783,7711.945841666666,7833.759325620317,7714.5836629345085
Ac-219,89,130,219,3,7700.5489,7702.5923,7704.013274999999,7798.778535738078,7700.816163297182
Th-219,90,129,219,2,7683.7655,7681.084975,7681.174441666668,7782.31889114983,7684.150903666558
Pa-219,91,128,219,1,7661.3783,7663.306825,7665.524616666667,7770.3930300153515,7662.880424913161
U-219,92,127,219,0,7636.2867,7632.48855,7633.3899249999995,7751.307684541345,7637.0206616252835
Np-219,93,126,219,4,7604.6732,7623.85955,7611.6145,7729.550480914788,7606.4346
Pb-220,82,138,220,3,7670.0,7686.5,7665.9973,7866.69050370171,7670.0
Bi-220,83,137,220,2,7681.0,7682.32735,7684.029183333334,7856.758012878939,7680.646646477398
Po-220,84,136,220,1,7703.2244,7700.0027,7699.810299999999,7865.3369600626875,7703.208883503005
At-220,85,135,220,0,7703.7033,7705.30835,7706.4517,7867.069205530212,7703.7229726492515
Rn-220,86,134,220,4,7717.2552,7714.1765,7714.099516666667,7861.655868964806,7717.256254274553
Fr-220,87,133,220,3,7709.743,7710.643825,7712.130241666666,7829.05650697088,7709.6461758494215
Ra-220,88,132,220,2,7711.6879,7708.34925,7708.408891666666,7822.28377995356,7711.589325487848
Ac-220,89,131,220,1,7692.3515,7693.766625,7695.078224999999,7808.159350373383,7693.075043640329
Th-220,90,130,220,0,7684.4964,7681.4479,7681.249941666667,7803.553569705541,7684.600410145618
Pa-220,91,129,220,4,7655.5364,7657.2203,7658.709725000001,7778.855724277028,7655.936121855196
U-220,92,128,220,3,7640.0,7636.715625,7637.288833333333,7737.784895083439,7641.2460760367485
Np-220,93,127,220,2,7602.0758,7604.995999999999,7604.021375,7710.920898336345,7601.980105572113
Bi-221,83,138,221,0,7668.0,7670.0013500000005,7670.0013500000005,7879.3327258867075,7668.063333144451
Po-221,84,137,221,4,7684.4814,7681.68045,7681.44615,7870.523870711272,7684.319546345913
At-221,85,136,221,3,7694.4754,7696.49405,7697.885175,7850.579053321348,7694.576600562365
Rn-221,86,135,221,2,7701.3941,7699.150275,7699.0832083333335,7842.050532467337,7701.498602474611
Fr-221,87,134,221,1,7703.2572,7704.697425,7706.258141666666,7838.5917575123385,7703.118671646388
Ra-221,88,133,221,0,7701.1352,7697.97765,7698.39355,7836.428160094474,7700.487305213861
Ac-221,89,132,221,4,7690.5039,7692.010975,7693.58905,7821.232157286319,7690.4690070539955
Th-221,90,131,221,3,7676.064,7673.999225,7674.029425,7784.205309936216,7676.627196095911
Pa-221,91,130,221,2,7656.9809,7658.8838749999995,7660.227791666667,7767.278562658417,7656.977772540542
U-221,92,129,221,1,7634.6849,7631.5713749999995,7631.467066666666,7755.814996621893,7634.725748656608
Np-221,93,128,221,0,7607.0,7608.55965,7609.694791666667,7736.3244358535585,7606.179582945231
Pu-221,94,127,221,4,7576.0,7591.037899999999,7572.43245,7714.327988136147,7577.0
Bi-222,83,139,222,3,7648.0,7650.666666666667,7653.8823,7852.636502566597,7648.5
Po-222,84,138,222,2,7674.0054,7670.820025,7670.569916666666,7853.1077741905265,7673.883582509404
At-222,85,137,222,1,7677.3878,7679.2730249999995,7680.323574999999,7849.674356314625,7677.449107216472
Rn-222,86,136,222,0,7694.4991,7691.536875,7691.356541666666,7862.889155256726,7694.466808782651
Fr-222,87,135,222,4,7690.9474,7691.7038,7693.19355,7844.490697402452,7690.89977648659
Ra-222,88,134,222,3,7696.6931,7693.50415,7693.675608333333,7821.686649175951,7696.56677060993
Ac-222,89,133,222,2,7682.8015,7683.068275,7684.548366666666,7803.327628849457,7682.037249126074
Th-222,90,132,222,1,7676.6592,7673.65305,7673.580383333333,7801.137873266198,7676.677751669348
Pa-222,91,131,222,0,7651.2373,7652.580675,7653.761108333332,7783.506700077172,7651.621713199364
U-222,92,130,222,4,7637.7651,7634.905125,7634.612491666667,7771.034079576418,7637.93247816076
Np-222,93,129,222,3,7602.7013,7605.0659749999995,7606.161683333333,7716.104354706302,7602.846355157875
Pu-222,94,128,222,2,7582.0,7580.0,7580.5,7699.912522286227,7583.866883680347
Bi-223,83,140,223,1,7636.0,7656.0,7641.5,7854.004035404712,7636.0
Po-223,84,139,223,0,7655.0,7652.3042,7652.399816666667,7870.701083588488,7655.412960294383
At-223,85,138,223,4,7668.0557,7670.05805,7671.399216666666,7861.381451491036,7668.12830865991
Rn-223,86,137,223,3,7678.172,7675.877,7675.6779,7839.594596578707,7678.188253414542
Fr-223,87,136,223,2,7683.6655,7685.155275,7686.702191666667,7830.481962221429,7683.826478025448
Ra-223,88,135,223,1,7685.3101,7682.45325,7683.022849999999,7827.017727424769,7685.413119344493
Ac-223,89,134,223,0,7679.1479,7680.15095,7681.770858333332,7824.104661205884,7678.929563587277
Th-223,90,133,223,4,7668.6426,7666.2624,7666.505574999999,7808.536005980787,7668.314485616939
Pa-223,91,132,223,3,7651.8957,7653.841175,7655.221583333334,7769.464278674366,7652.2851631996555
U-223,92,131,223,2,7631.7611,7629.799275,7629.595491666667,7752.085929195058,7632.531554654475
Np-223,93,130,223,1,7607.5654,7609.54705,7610.901800000001,7741.115461071653,7607.634546509139
Pu-223,94,129,223,0,7580.0,7576.925325,7576.925325,7721.242020894363,7579.418523864548
Am-223,95,128,223,4,7547.0,7567.5,7552.5,7699.019250745164,7548.0
Bi-224,83,141,224,4,7616.0,7637.0,7621.5,7859.867076405313,7615.0
Po-224,84,140,224,3,7644.0,7641.2513500000005,7641.2513500000005,7849.194545848383,7643.91563294677
At-224,85,139,224,2,7650.7354,7652.686475,7653.908625,7838.122672092114,7650.98437274311
Rn-224,86,138,224,1,7670.7514,7667.9767,7667.729775,7845.969288920234,7670.779642935088
Fr-224,87,137,224,0,7670.368,7671.2707,7672.597391666664,7845.967787806351,7670.205436261428
Ra-224,88,136,224,4,7679.9236,7677.0032,7677.192983333332,7839.500562961846,7680.07541630037
Ac-224,89,135,224,3,7670.1438,7670.749325,7672.365308333332,7803.145052880728,7670.391296655083
Th-224,90,134,224,2,7667.7162,7664.89425,7665.010099999999,7795.183650479621,7667.581068544101
Pa-224,91,133,224,1,7646.9612,7647.690225,7649.027225,7781.725305123251,7646.947315417954
U-224,92,132,224,0,7635.0742,7632.250125,7631.988874999999,7775.831452632955,7635.1977475994245
Np-224,93,131,224,4,7603.5032,7605.40845,7606.435175,7750.700679759591,7603.578664178668
Pu-224,94,130,224,3,7586.0,7582.64135,7582.64135,7705.26057464051,7584.925360021408
Am-224,95,129,224,2,7546.0,7566.0,7552.14935,7677.787298072525,7547.0
Po-225,84,141,225,1,7626.0,7622.75,7622.75,7846.207884374862,7625.412975667806
At-225,85,140,225,0,7641.0,7642.866625,7644.139533333333,7861.784283460193,7640.802329085941
Rn-225,86,139,225,4,7654.3581,7651.83375,7651.584866666666,7851.973632413559,7654.303361372907
Fr-225,87,138,225,3,7662.9412,7664.2741750000005,7665.668958333333,7828.339360192865,7662.6652535785815
Ra-225,88,137,225,2,7667.5866,7664.911425,7665.2775249999995,7818.660832418307,7667.4657577554835
Ac-225,89,136,225,1,7665.6906,7666.7248500000005,7668.390758333333,7815.234576157094,7665.954217834168
Th-225,90,135,225,0,7659.2229,7656.8387,7657.258524999999,7811.603225284794,7658.943032573559
Pa-225,91,134,225,4,7646.6504,7647.75575,7649.234241666667,7795.678129241615,7646.460007287298
U-225,92,133,225,3,7629.7717,7627.296375,7627.307725,7754.562784221653,7629.4603262255
Np-225,93,132,225,2,7607.4231,7609.479175,7610.731583333332,7736.747759583122,7607.739597946603
Pu-225,94,131,225,1,7583.0,7580.1258,7580.302183333333,7726.299989421954,7582.836806754087
Am-225,95,130,225,0,7553.0,7563.666666666667,7558.4673,7706.065164156749,7552.5
Po-226,84,142,226,4,7614.0,7628.5,7609.17445,7858.441280322533,7613.9946
At-226,85,141,226,3,7624.0,7625.69655,7626.836708333332,7834.614885293622,7623.426187631592
Rn-226,86,140,226,2,7646.4108,7643.528325,7643.3771,7833.692594903031,7646.670599559567
Fr-226,87,139,226,1,7648.3768,7649.84995,7651.0844916666665,7829.93984135577,7648.723682703724
Ra-226,88,138,226,0,7661.9636,7659.000525,7659.130733333333,7841.163305319355,7661.791569745601
Ac-226,89,137,226,4,7655.6628,7656.0967,7657.559141666667,7822.079736363487,7655.5238504014205
Th-226,90,136,226,3,7657.1195,7654.4955,7654.739291666667,7795.2041210304,7657.246829442825
Pa-226,91,135,226,2,7641.1093,7641.170875,7642.621424999999,7775.983267664008,7640.597080671006
U-226,92,134,226,1,7631.9166,7629.119500000001,7629.092008333333,7774.22150619663,7631.909665006119
Np-226,93,133,226,0,7604.1714,7605.568725,7606.721833333333,7755.685223848592,7604.264237839177
Pu-226,94,132,226,4,7588.0,7585.45675,7585.740275,7742.475644959199,7588.750048183921
Am-226,95,131,226,3,7552.0,7562.0,7556.9984,7683.49573150381,7551.5
Po-227,84,143,227,2,7596.0,7611.0,7591.68865,7829.860893130449,7597.0
At-227,85,142,227,1,7613.0,7615.411425,7615.411425,7838.097343522291,7613.076310054641
Rn-227,86,141,227,0,7630.0508,7627.587425,7627.478383333334,7852.593669118414,7630.448657573357
Fr-227,87,140,227,4,7640.7162,7642.529725,7644.005383333333,7842.311044844327,7641.16783446607
Ra-227,88,139,227,3,7648.3048,7645.911725,7646.03555,7816.824300392964,7648.514972920915
Ac-227,89,138,227,2,7650.7084,7651.494875,7653.073075,7806.597440430467,7650.262029678699
Th-227,90,137,227,1,7647.4591,7645.436075,7645.825616666666,7803.250964584378,7647.782526871666
Pa-227,91,136,227,0,7639.4945,7640.28035,7641.873374999999,7798.931372180853,7639.305205482844
U-227,92,135,227,4,7626.2918,7623.9007,7624.2629916666665,7782.665455453667,7626.131288166912
Np-227,93,134,227,3,7607.2771,7608.933925,7610.335433333334,7739.507834891548,7607.337185435273
Pu-227,94,133,227,2,7585.0,7582.7636999999995,7582.993783333332,7721.2705141692595,7585.386798427576
Am-227,95,132,227,1,7558.0,7567.856566666666,7563.395016666667,7711.373892904303,7558.213133333334
At-228,85,143,228,4,7596.0,7608.5409,7599.037975,7844.64565176434,7597.383383394791
Rn-228,86,142,228,3,7621.6457,7618.1872,7617.805833333332,7830.384248034741,7620.65651317971
Fr-228,87,141,228,2,7626.3689,7627.65475,7628.941625,7818.243879119387,7626.443622188043
Ra-228,88,140,228,1,7642.4289,7639.459699999999,7639.501125000001,7825.566016956244,7642.586159344868
Ac-228,89,139,228,0,7639.1973,7640.0197499999995,7641.456258333334,7823.966799236896,7639.327826747053
Th-228,90,138,228,4,7645.0807,7642.175125,7642.430475000001,7816.523794158943,7644.944574293335
Pa-228,91,137,228,3,7632.2076,7632.7965,7634.236475,7776.398767205507,7632.597449537906
U-228,92,136,228,2,7627.4763,7624.581475,7624.850825,7767.320500108214,7627.38899426394
Np-228,93,135,228,1,7604.0,7604.780425,7606.072858333333,7754.663610617458,7603.887731916359
Pu-228,94,134,228,0,7590.4039,7587.2121,7587.546908333334,7747.591818104793,7590.154000436268
Am-228,95,133,228,4,7557.0,7566.333333333333,7561.747633333333,7722.077139731503,7557.666666666667
At-229,85,144,229,2,7585.0,7604.0,7590.24955,7821.8673616003525,7585.0
Rn-229,86,143,229,1,7605.6227,7602.189,7601.844283333334,7829.684706214188,7604.480196256224
Fr-229,87,142,229,0,7618.338,7619.6943,7621.237583333332,7843.140079865862,7618.1249158648625
Ra-229,88,141,229,4,7628.4862,7625.993975,7626.048583333333,7832.403846838347,7628.564202573052
Ac-229,89,140,229,3,7633.2446,7634.802875,7636.40155,7805.059884726025,7633.718304760719
Th-229,90,139,229,2,7634.651,7632.1677500000005,7632.572891666667,7794.301623779276,7634.692120517464
Pa-229,91,138,229,1,7629.8752,7630.98115,7632.611666666667,7791.075165699209,7630.036379149233
U-229,92,137,229,0,7620.7218,7618.4156,7618.861583333333,7786.096283997412,7620.825088278381
Np-229,93,136,229,4,7605.9921,7606.971775,7608.537433333333,7769.5046011266595,7605.681512217977
Pu-229,94,135,229,3,7586.8834,7584.5306,7584.783416666666,7724.306122584001,7586.941624251779
Am-229,95,134,229,2,7562.5697,7571.467966666667,7568.098683333334,7705.660361031769,7562.666666666666
Rn-230,86,144,230,4,7595.0,7600.3822,7593.315525,7842.458923515759,7596.641805773631
Fr-230,87,143,230,3,7603.7052,7604.795375,7606.048708333334,7815.324490709181,7602.912287051449
Ra-230,88,142,230,2,7621.9144,7618.9634,7619.01895,7813.089518616345,7621.865153425361
Ac-230,89,141,230,1,7621.4604,7622.5567,7623.93655,7809.204306649111,7621.457359639189
Th-230,90,140,230,0,7630.9974,7627.94645,7628.236725,7818.581651604413,7631.071042942983
Pa-230,91,139,230,4,7621.8958,7622.438425,7623.918708333333,7798.874056854491,7621.851240716768
U-230,92,138,230,3,7620.9227,7617.8455,7618.235900000001,7767.927814387078,7620.8024997364655
Np-230,93,137,230,2,7601.7751,7602.21105,7603.779966666667,7747.901805020003,7601.705297992645
Pu-230,94,136,230,1,7591.0016,7587.844975,7588.119766666666,7746.711500758427,7590.815221311328
Am-230,95,135,230,0,7562.0,7562.47085,7562.887516666666,7727.362083091868,7561.343058414575
Rn-231,86,145,231,2,7579.0,7592.4854,7577.1632,7813.530299802695,7581.1946
Fr-231,87,144,231,1,7594.5009,7595.646925,7596.881591666666,7820.981724598412,7593.841042916201
Ra-231,88,143,231,0,7607.8418,7605.045075,7605.241666666667,7833.433876861691,7607.807734837183
Ac-231,89,142,231,4,7615.0768,7616.346675,7617.843983333332,7822.26174771374,7614.933094976617
Th-231,90,141,231,3,7620.1188,7617.128075,7617.480024999999,7793.056117442673,7619.714819610283
Pa-231,91,140,231,2,7618.4267,7619.409625,7621.101616666667,7781.782784030111,7618.518986894571
U-231,92,139,231,1,7613.3879,7610.89375,7611.553774999999,7778.715084784121,7613.578252220483
Np-231,93,138,231,0,7602.1321,7603.020075,7604.759316666666,7773.104822664013,7602.4012735077995
Pu-231,94,137,231,4,7587.1224,7584.113825,7584.601458333332,7756.2018871316495,7586.46727972963
Am-231,95,136,231,3,7566.0,7567.142825,7568.844574999999,7708.964039270084,7565.863345518006
Cm-231,96,135,231,2,7542.0,7554.001,7541.060300000001,7689.923191211946,7545.004000000001
Fr-232,87,145,232,4,7579.3481,7589.4232,7581.66185,7828.239073803359,7581.08305200054
Ra-232,88,144,232,3,7600.0099,7597.038275,7596.8582,7810.360974775744,7599.189175679733
Ac-232,89,143,232,2,7602.4245,7603.5814,7605.0394916666655,7797.217964878938,7602.661373587526
Th-232,90,142,232,1,7615.0338,7611.94935,7612.209141666666,7804.20844964193,7614.884920065516
Pa-232,91,141,232,0,7609.5072,7610.163925,7611.813274999999,7801.137835649524,7609.433429331526
U-232,92,140,232,4,7611.8984,7609.06175,7609.618566666666,7792.791717408776,7612.090630721483
Np-232,93,139,232,3,7597.0,7597.1494999999995,7598.77345,7748.885669352012,7597.078701476212
Pu-232,94,138,232,2,7588.9839,7586.18495,7586.585549999999,7738.757323708439,7589.009889399504
Am-232,95,137,232,1,7564.0,7564.7811,7566.476875,7727.027086116123,7564.340436701622
Cm-232,96,136,232,0,7548.0,7545.228933333333,7546.782300000001,7718.879643737264,7550.9017302812435
Fr-233,87,146,233,2,7569.2398,7585.5224,7575.12325,7804.862872282374,7570.6638
Ra-233,88,145,233,1,7585.5644,7582.579900000001,7582.420866666667,7811.999637447607,7584.387179350889
Ac-233,89,144,233,0,7595.1939,7596.3618750000005,7597.969216666666,7823.484967729021,7595.189741379275
Th-233,90,143,233,4,7602.8937,7600.4033,7600.800133333332,7811.894031157531,7603.312596400232
Pa-233,91,142,233,3,7604.8675,7605.6476,7607.33065,7780.8225633662605,7604.526407061695
U-233,92,141,233,2,7603.9574,7600.8621,7601.497541666667,7769.049909259813,7603.391635726849
Np-233,93,140,233,1,7596.1816,7596.423425,7598.184025,7766.178278378435,7595.9698950159645
Pu-233,94,139,233,0,7583.7968,7581.750575,7582.498166666666,7759.963546458838,7584.388033116416
Am-233,95,138,233,4,7567.0,7567.707225,7569.467816666667,7742.763353967109,7566.852545423046
Cm-233,96,137,233,3,7546.002,7543.0,7543.0,7693.487692491211,7544.452532182439
Bk-233,97,136,233,2,7519.0,7536.0,7525.5,7674.064633034989,7521.0
Ra-234,88,146,234,4,7576.5439,7580.9182666666675,7574.738925000001,7825.343916174587,7577.87990830818
Ac-234,89,145,234,3,7582.1297,7582.90435,7583.9914499999995,7794.862587701674,7580.886644860549
Th-234,90,144,234,2,7596.8557,7593.902599999999,7594.162408333334,7791.390251710046,7596.992756143138
Pa-234,91,143,234,1,7594.6837,7595.218325,7596.801099999999,7787.545877270934,7594.676613629743
U-234,92,142,234,0,7600.716,7597.5771,7598.102641666666,7795.212190822956,7600.406722576046
Np-234,93,141,234,4,7589.6382,7589.763025,7591.475341666665,7774.937296580586,7589.483638809195
Pu-234,94,140,234,3,7584.6061,7582.060725,7582.616791666666,7739.922348240542,7584.701352450762
Am-234,95,139,234,2,7564.0,7563.9492,7565.4668249999995,7719.143800919853,7563.741519739893
Cm-234,96,138,234,1,7550.6868,7547.32725,7547.32725,7718.657896677741,7549.096676286909
Bk-234,97,137,234,0,7519.0,7534.501,7524.502,7698.58065961703,7521.0
Ra-235,88,147,235,2,7561.0,7572.4033500000005,7559.1641500000005,7795.877674107848,7563.287
Ac-235,89,146,235,1,7573.5051,7574.676649999999,7575.833999999999,7802.749196354331,7572.65152680399
Th-235,90,145,235,0,7584.3862,7581.506,7581.859183333334,7813.302829705259,7584.197093431903
Pa-235,91,144,235,4,7588.4139,7589.648325,7591.313591666666,7801.309576962838,7588.772133338422
U-235,92,143,235,3,7590.9151,7588.489625,7589.185841666666,7768.3683703478855,7591.374340205126
Np-235,93,142,235,2,7587.0571,7587.451575,7589.221466666666,7756.1115951929805,7587.0047536043485
Pu-235,94,141,235,1,7578.8799,7576.298725000001,7576.896416666667,7753.471972121001,7578.459087663694
Am-235,95,140,235,0,7565.1582,7565.728775,7567.399141666667,7746.678725552042,7565.3918240594585
Cm-235,96,139,235,4,7547.0,7544.906525,7545.52425,7729.1947761201345,7547.566293813937
Bk-235,97,138,235,3,7524.0,7532.228933333333,7528.6868,7677.882919939561,7523.0
Ac-236,89,147,236,4,7559.2423,7568.857666666667,7562.028275000001,7810.73702448746,7561.847852555984
Th-236,90,146,236,3,7576.9688,7573.936375,7573.704683333333,7789.217382805872,7575.890367313171
Pa-236,91,145,236,2,7577.5573,7578.37935,7579.934224999999,7775.132980482032,7577.608931286989
U-236,92,144,236,1,7586.4854,7583.5614,7584.008058333332,7781.970883672177,7586.608005527345
Np-236,93,143,236,0,7579.2148,7579.3838,7581.058125,7777.546310609482,7579.383318504999
Pu-236,94,142,236,4,7577.9192,7575.256075,7575.8631166666655,7768.364760498709,7577.80049182306
Am-236,95,141,236,3,7561.0,7561.272325,7562.892116666666,7720.667880709332,7561.2268036072755
Cm-236,96,140,236,2,7550.309,7547.7104,7548.241550000001,7709.551641031637,7550.637350952647
Bk-236,97,139,236,1,7523.0,7523.587675,7523.587675,7698.863947268925,7522.050242311498
Ac-237,89,148,237,2,7550.0,7564.25255,7555.90815,7786.5867596734315,7551.8163
Th-237,90,147,237,1,7563.4433,7560.49335,7560.328750000001,7793.240690387736,7562.1616669777995
Pa-237,91,146,237,0,7570.3847,7571.377225,7572.9245833333325,7802.8965314328425,7570.140606346815
U-237,92,145,237,4,7576.1026,7573.3142,7573.780408333333,7790.516881489168,7575.818656434169
Np-237,93,144,237,3,7574.9895,7575.6179,7577.296600000001,7755.702290402071,7575.053491366055
Pu-237,94,143,237,2,7570.7599,7568.499675,7569.314791666666,7742.976065096288,7571.087123901777
Am-237,95,142,237,1,7561.0,7561.190775,7562.892983333332,7740.603077544197,7560.858381442676
Cm-237,96,141,237,0,7546.6241,7544.016475,7544.627741666665,7733.256356635606,7546.230138912624
Bk-237,97,140,237,4,7527.0,7527.57725,7529.3398166666675,7715.501675583468,7526.841639434633
Cf-237,98,139,237,3,7503.3507,7515.0,7503.0,7662.155303181216,7507.0
Th-238,90,148,238,4,7555.0,7558.9896,7553.54095,7807.181664953386,7556.844721703367
Pa-238,91,147,238,3,7558.3449,7559.1407500000005,7560.189841666666,7773.3181557842,7557.327732818297
U-238,92,146,238,2,7570.1262,7567.3021499999995,7567.592191666667,7768.678673588607,7570.043117669312
Np-238,93,145,238,1,7566.222,7566.4526,7567.9690249999985,7765.0359979348705,7565.759679109498
Pu-238,94,144,238,0,7568.3611,7565.660275,7566.273566666667,7771.117086880605,7568.312470919222
Am-238,95,143,238,4,7555.5853,7555.45985,7557.179258333333,7750.327628689089,7555.51598017484
Cm-238,96,142,238,3,7547.9966,7545.292675000001,7545.944399999999,7711.246774828354,7547.908801962586
Bk-238,97,141,238,2,7525.0,7524.906025,7526.541366666666,7689.764593620717,7524.340650417112
Cf-238,98,140,238,1,7509.0,7506.079999999999,7507.69045,7690.1063983697695,7511.240540250895
Th-239,90,149,239,2,7540.0,7550.2216499999995,7538.7502,7777.001669824356,7542.5004
Pa-239,91,148,239,1,7550.0,7551.2888,7552.349458333332,7783.48396931402,7549.245578984007
U-239,92,147,239,0,7558.5624,7555.90545,7556.307441666666,7792.274753480765,7558.57501063996
Np-239,93,146,239,4,7560.568,7561.3004,7562.840425,7779.52407693068,7560.519599763244
Pu-239,94,145,239,3,7560.3187,7557.60875,7558.241666666667,7742.8326996107935,7559.812942387486
Am-239,95,144,239,2,7553.6891,7553.875575,7555.640608333333,7729.651188513382,7553.637593088022
Cm-239,96,143,239,1,7543.0659,7540.51455,7541.3789,7727.578207888857,7543.321125695674
Bk-239,97,142,239,0,7527.0,7527.30915,7529.120358333334,7719.702176700383,7527.089734881573
Cf-239,98,141,239,4,7507.0,7504.087675,7504.119,7701.689334584393,7505.157539892991
Es-239,99,140,239,3,7481.0,7497.0,7487.5,7646.310180579043,7484.0
Pa-240,91,149,240,4,7537.0,7545.781633333333,7539.31625,7792.221612578773,7539.144807858626
U-240,92,148,240,3,7551.7705,7549.0422,7548.851716666666,7767.038287763556,7551.025815980683
Np-240,93,147,240,2,7550.1743,7551.157025,7552.663416666666,7752.069521323229,7550.887571112865
Pu-240,94,146,240,1,7556.0433,7553.38425,7553.8986,7758.921305310905,7555.996923358731
Am-240,95,145,240,0,7547.0136,7546.936125,7548.620541666665,7753.25207140699,7546.672892337174
Cm-240,96,144,240,4,7542.8617,7540.047425,7540.753074999999,7743.298195378397,7542.617251864145
Bk-240,97,143,240,3,7523.0,7523.516475,7525.266866666667,7691.802213045215,7523.592915660613
Cf-240,98,142,240,2,7510.24,7507.524775,7507.441725,7679.756043340907,7509.022442000471
Es-240,99,141,240,1,7481.0,7483.0,7483.0,7670.218265960617,7483.000000000001
Pa-241,91,150,241,2,7528.0,7541.0,7533.807650000001,7767.1334574151015,7529.6153
U-241,92,149,241,1,7539.0,7536.74165,7536.691274999999,7773.48846547533,7538.2543937952505
Np-241,93,148,241,0,7544.0426,7544.916725,7546.458658333333,7781.44580768051,7544.221189281872
Pu-241,94,147,241,4,7546.4395,7544.12335,7544.703583333332,7768.33894947099,7546.870711259519
Am-241,95,146,241,3,7543.2795,7543.60265,7545.272333333334,7729.767616877053,7543.198378951055
Cm-241,96,145,241,2,7536.8488,7534.0014,7534.692658333332,7716.144498916804,7536.257497122743
Bk-241,97,144,241,1,7524.0,7524.115725,7525.824258333332,7714.403693004737,7523.630128518107
Cf-241,98,143,241,0,7507.0,7504.5,7505.159916666667,7706.021676016572,7507.489736995958
Es-241,99,142,241,4,7485.0,7485.5599999999995,7485.5599999999995,7687.762807577481,7483.565189136117
Fm-241,100,141,241,3,7459.0,7472.5,7459.0,7630.3526594680325,7463.0
U-242,92,150,242,4,7532.0,7535.256833333333,7530.207399999999,7788.050413954678,7533.199963397219
Np-242,93,149,242,3,7533.4042,7533.54575,7534.520683333333,7750.772703380451,7532.1281794779925
Pu-242,94,148,242,2,7541.3284,7538.768875,7539.139800000001,7745.031609778469,7541.41470292224
Am-242,95,147,242,1,7534.9917,7535.422175,7537.043275,7741.740093111583,7535.456459280907
Cm-242,96,146,242,0,7534.504,7531.898999999999,7532.477933333332,7746.353247749876,7534.624429856143
Bk-242,97,145,242,4,7519.0,7519.081175,7520.623475,7725.098302277386,7518.35755055886
Cf-242,98,144,242,3,7509.0991,7506.344325,7506.877124999999,7681.955130879057,7508.891170238743
Es-242,99,143,242,2,7483.0,7483.75,7484.583333333333,7659.814816663375,7482.0435551125165
Fm-242,100,142,242,1,7465.0,7476.5,7463.899600000001,7661.098804892334,7468.0392
U-243,92,151,243,2,7518.0,7526.5,7517.0777,7756.99271140344,7519.4376
Np-243,93,150,243,1,7526.0,7526.7145,7527.840425,7763.263214414827,7525.068830570288
Pu-243,94,149,243,0,7531.0087,7528.6088500000005,7529.137933333333,7770.417655353918,7530.922084605079
Am-243,95,148,243,4,7530.1742,7530.966225,7532.454708333333,7756.968956397312,7530.281575373074
Cm-243,96,147,243,3,7526.9261,7524.771025,7525.436233333334,7716.514721603214,7527.570952348099
Bk-243,97,146,243,2,7517.5021,7518.228175,7519.785875,7702.463210347714,7517.863857116086
Cf-243,98,145,243,1,7505.0,7502.1661,7502.712083333332,7701.085593396254,7504.393376594048
Es-243,99,144,243,0,7486.0,7486.774775,7488.524658333334,7692.220110369679,7486.490014914087
Fm-243,100,143,243,4,7464.0,7461.25,7461.25,7673.726932549316,7461.97626609122
Np-244,93,151,244,4,7514.0,7521.562133333333,7516.1376,7772.768114953732,7516.6008436636275
Pu-244,94,150,244,3,7524.8154,7522.2932,7522.112591666666,7743.901432377108,7523.903536761159
Am-244,95,149,244,2,7521.3095,7521.692025,7523.070925,7728.101457522234,7520.999088575794
Cm-244,96,148,244,1,7523.9527,7521.3553,7521.803633333333,7735.122009335614,7524.044482811997
Bk-244,97,147,244,0,7511.4759,7512.0985,7513.683491666667,7728.309945033956,7512.274102694314
Cf-244,98,146,244,4,7505.1373,7502.6808,7503.262,7717.642644426188,7505.260089954571
Es-244,99,145,244,3,7483.0,7483.446225,7484.844966666667,7662.34068999717,7483.029303501037
Fm-244,100,144,244,2,7468.0,7464.9902,7464.9902,7649.418677862118,7466.433242305515
Md-244,101,143,244,1,7438.0,7452.5,7442.5,7641.1303778534175,7440.0
Np-245,93,152,245,2,7506.0,7516.27005,7511.0188,7746.589579575144,7507.9574
Pu-245,94,151,245,1,7513.2822,7510.752175,7510.674525,7752.816874329233,7511.98192909258
Am-245,95,150,245,0,7515.3043,7516.3653,7517.885375,7759.1979245048105,7515.743338647726
Cm-245,96,149,245,4,7515.7677,7513.242725,7513.767608333334,7745.421242241416,7515.499541556359
Bk-245,97,148,245,3,7509.2714,7509.8794,7511.4795583333325,7703.081370363826,7509.295694385488
Cf-245,98,147,245,2,7499.6644,7497.63115,7498.398074999999,7688.614233109116,7500.436522438065
Es-245,99,146,245,1,7485.0,7484.79965,7486.357691666666,7687.629713468992,7484.240705359715
Fm-245,100,145,245,0,7465.0,7463.0,7463.594591666667,7678.302512600255,7465.17920540269
Md-245,101,144,245,4,7441.0,7456.0,7446.991550000001,7659.586341679802,7443.9831
Pu-246,94,152,246,4,7506.5401,7509.9384666666665,7505.4012,7768.021940626014,7508.108073145855
Am-246,95,151,246,3,7505.0,7505.880875,7506.765583333334,7727.300993870012,7504.198768763715
Cm-246,96,150,246,2,7511.4716,7508.731725,7509.200475,7720.519517849691,7511.53967248485
Bk-246,97,149,246,1,7502.8035,7502.776225,7504.345891666668,7717.7181527101575,7502.229403702792
Cf-246,98,148,246,0,7499.122,7496.3883,7496.938266666666,7720.972837274842,7499.270479042726
Es-246,99,147,246,4,7480.7849,7480.6661,7482.098474999999,7699.298121941077,7480.671411459859
Fm-246,100,146,246,3,7467.9608,7465.736275,7466.29605,7652.096926655106,7468.108955667272
Md-246,101,145,246,2,7441.0,7448.333333333333,7443.5,7629.340857573398,7440.0
Pu-247,94,153,247,2,7493.0,7500.1411,7492.002349999999,7735.933789987421,7495.555699999999
Am-247,95,152,247,1,7499.0,7499.393375,7500.329058333333,7742.157744424256,7497.20571281287
Cm-247,96,151,247,0,7501.9318,7499.22905,7499.778149999999,7747.793926041039,7501.930410691063
Bk-247,97,150,247,4,7498.9408,7499.457,7501.270158333333,7733.7026540100205,7499.087889083334
Cf-247,98,149,247,3,7493.2638,7490.465825,7491.193266666665,7689.474612637649,7492.784343219065
Es-247,99,148,247,2,7480.1005,7481.016775,7482.591324999999,7674.604188573419,7480.6922807319215
Fm-247,100,147,247,1,7464.0,7462.41245,7462.994458333333,7674.041614028364,7464.405026717635
Md-247,101,146,247,0,7444.0,7444.244425,7444.244425,7664.273703492191,7442.563385296393
Am-248,95,153,248,4,7487.0,7494.517,7488.983,7752.44563503313,7488.710092101487
Cm-248,96,152,248,3,7496.7291,7493.862775,7494.2795750000005,7719.878168721451,7496.274649978957
Bk-248,97,151,248,2,7490.5975,7491.022525,7492.657041666666,7703.296582666373,7490.768894500533
Cf-248,98,150,248,1,7491.044,7488.0048750000005,7488.669266666667,7710.630148715274,7490.964053477665
Es-248,99,149,248,0,7476.0,7476.2284,7477.912899999999,7702.7702230818,7476.487539132037
Fm-248,100,148,248,4,7465.9451,7463.542175,7463.959808333333,7691.44453004513,7466.021495170207
Md-248,101,147,248,3,7442.0,7442.1633249999995,7442.680733333333,7632.331010195535,7442.36346443244
No-248,102,146,248,2,7424.0,7435.0,7423.12,7618.583677992173,7426.2008
Am-249,95,154,249,2,7479.0,7488.96925,7485.654500000001,7725.0346712128485,7482.6957
Cm-249,96,153,249,1,7485.551,7482.903625,7482.858458333333,7731.293782242965,7484.302781050515
Bk-249,97,152,249,0,7486.041,7486.222575,7487.867133333333,7736.212669088827,7485.43252806645
Cf-249,98,151,249,4,7483.3954,7480.8406749999995,7481.668633333333,7721.8197555627285,7483.421953780068
Es-249,99,150,249,3,7474.0,7474.7798,7476.478966666666,7675.70120565891,7474.34889885395
Fm-249,100,149,249,2,7461.8649,7459.66365,7460.40695,7660.43942316093,7461.751197226511
Md-249,101,148,249,1,7444.0169,7444.4614,7446.023491666667,7660.326624078194,7444.106706385058
No-249,102,147,249,0,7422.0,7432.5,7421.76405,7650.138302051157,7423.5281
Cm-250,96,154,250,4,7478.9385,7476.2482,7476.2482,7747.162174437152,7478.297577656203
Bk-250,97,153,250,3,7475.9594,7476.412475,7477.962775,7702.971691069138,7475.937816047877
Cf-250,98,152,250,2,7479.9567,7477.07915,7477.679525,7695.207097199616,7479.530130321023
Es-250,99,151,250,1,7469.0,7468.409875,7470.096275,7693.025252745053,7468.108342938475
Fm-250,100,150,250,0,7462.0905,7459.470175,7460.160433333333,7695.023730146125,7462.5198884642505
Md-250,101,149,250,4,7441.6533,7441.327325,7442.686433333333,7672.971874079155,7441.466987824662
No-250,102,148,250,3,7426.0,7423.454025,7423.454025,7621.717580667671,7424.853854473087
Cm-251,96,155,251,2,7466.7233,7472.2755,7466.17025,7713.9011714597655,7469.1702000000005
Bk-251,97,154,251,1,7469.2637,7470.331725,7471.364891666666,7720.232620032095,7468.568456567388
Cf-251,98,153,251,0,7470.5014,7467.856825,7468.3686,7724.460875456862,7470.266456550413
Es-251,99,152,251,4,7465.8842,7465.719924999999,7467.4629749999995,7709.778841191478,7464.946616551384
Fm-251,100,151,251,3,7457.0013,7454.445125,7455.447391666666,7661.767628443572,7456.9048873573565
Md-251,101,150,251,2,7441.9005,7442.4766500000005,7444.164591666666,7646.126021541721,7442.561048231632
No-251,102,149,251,1,7423.0,7421.5313,7421.513666666667,7646.489851963557,7422.223772271542
Lr-251,103,148,251,0,7400.0,7414.459,7405.6212,7635.900735211787,7403.2593
Cm-252,96,156,252,0,7460.0,7464.96925,7456.961,7749.106140765675,7461.147900000001
Bk-252,97,155,252,4,7459.0,7459.3781,7459.3781,7731.3176887339105,7458.023952664052
Cf-252,98,154,252,3,7465.3474,7462.83355,7463.213391666666,7695.034065339593,7465.606443426672
Es-252,99,153,252,2,7457.2428,7457.887125,7459.519550000001,7677.7171911152145,7457.723239157182
Fm-252,100,152,252,1,7456.0351,7452.692075,7453.4826416666665,7685.498223724237,7454.962164121348
Md-252,101,151,252,0,7438.4444,7438.281625,7439.94795,7676.6790932310005,7438.606659609077
No-252,102,150,252,4,7425.7992,7423.60235,7424.250349999998,7664.746474708399,7426.296646341521
Lr-252,103,149,252,3,7400.0,7401.3768666666665,7402.80035,7601.816959350121,7404.051243483927
Bk-253,97,156,253,2,7451.0,7459.496533333334,7453.549675,7702.541876639657,7452.5576198007175
Cf-253,98,155,253,1,7454.8297,7452.769325,7452.766541666666,7708.981580206762,7454.225677025858
Es-253,99,154,253,0,7452.8879,7453.4617,7455.115849999999,7712.544993303563,7453.143756942596
Fm-253,100,153,253,4,7448.4712,7445.5325250000005,7446.334966666665,7697.585948451683,7447.909780623329
Md-253,101,152,253,3,7438.0,7437.56495,7439.2480749999995,7647.680095042461,7436.830338646262
No-253,102,151,253,2,7422.4719,7420.128825,7420.9501,7631.669819109721,7422.013547514231
Lr-253,103,150,253,1,7402.918,7403.093975,7403.835533333333,7632.5361958990725,7401.331295621942
Rf-253,104,149,253,0,7380.0,7391.0,7379.64735,7621.565247009522,7382.2947
Bk-254,97,157,254,0,7440.0,7448.5,7445.0203,7733.404456512066,7442.0406
Cf-254,98,156,254,4,7449.2259,7446.54225,7446.294983333332,7725.531747961458,7448.633594733395
Es-254,99,155,254,3,7443.5759,7443.989625,7445.236166666667,7677.847934187032,7443.33485493759
Fm-254,100,154,254,2,7444.7936,7442.361275,7442.9833,7669.153832189065,7445.193501379447
Md-254,101,153,254,1,7432.0,7431.463975000001,7433.058791666666,7667.712019091938,7431.083700245085
No-254,102,152,254,0,7423.5909,7420.7297,7421.433766666667,7668.5499171298425,7422.723777555
Lr-254,103,151,254,4,7401.1306,7400.6581,7401.243725,7646.160706591816,7399.116726282729
Rf-254,104,150,254,3,7384.0,7382.450966666666,7384.6515500000005,7590.858806836376,7388.203660381105
Cf-255,98,157,255,2,7438.0,7440.943233333334,7436.579,7690.965027447206,7438.985254599186
Es-255,99,156,255,1,7437.8216,7438.97565,7440.0115,7697.547689969768,7437.4872390048295
Fm-255,100,155,255,0,7435.886,7433.810325,7434.372958333333,7700.471210057169,7436.436522262465
Md-255,101,154,255,4,7428.7333,7429.2302500000005,7430.907966666668,7685.2468702917,7429.2451120997885
No-255,102,153,255,3,7417.9403,7415.572775,7416.334708333334,7633.444567069431,7417.587667413914
Lr-255,103,152,255,2,7402.5767,7402.23595,7403.816541666666,7617.076413774375,7401.61930551293
Rf-255,104,151,255,1,7382.0,7380.458975,7380.458975,7618.470353920987,7380.840192071281
Db-255,105,150,255,0,7359.0,7372.98835,7364.3364,7607.135907250458,7363.5908
Cf-256,98,158,256,0,7432.0,7435.612950000001,7429.5522,7727.73111302219,7433.104400000001
Es-256,99,157,256,4,7428.0,7428.942525,7429.82025,7709.4427269044945,7427.822214666517
Fm-256,100,156,256,3,7431.7888,7429.549925,7429.87815,7669.429448521776,7432.182222603661
Md-256,101,155,256,2,7421.0,7421.80155,7423.233708333333,7651.420592701983,7422.037576974933
No-256,102,154,256,1,7416.5429,7414.08105,7414.598191666666,7659.774517984515,7416.587452643062
Lr-256,103,153,256,0,7398.1605,7398.19405,7399.718708333334,7650.079023936654,7398.258588035773
Rf-256,104,152,256,4,7385.4349,7382.769775,7382.6833166666665,7637.587657583923,7383.253079042759
Db-256,105,151,256,3,7359.0,7370.74015,7362.415,7570.838777612806,7361.9606
Es-257,99,158,257,2,7422.0,7429.273866666666,7423.87765,7679.178535514059,7422.830476735402
Fm-257,100,157,257,1,7422.1942,7420.136875,7420.1110499999995,7685.937695137799,7421.420543264987
Md-257,101,156,257,0,7417.5845,7418.1305250000005,7419.4389,7688.245464634878,7417.661443136917
No-257,102,155,257,4,7409.6587,7407.727925,7408.357408333332,7672.767166524049,7410.189724463442
Lr-257,103,154,257,3,7397.0,7397.911325,7399.463941666665,7619.066765549448,7397.737207823073
Rf-257,104,153,257,2,7381.7053,7379.1602,7379.769758333333,7602.351177112107,7380.76572188926
Db-257,105,152,257,1,7361.9767,7361.699375,7361.699375,7604.296833298692,7359.745162410616
Es-258,99,159,258,0,7412.0,7417.5,7415.21205,7711.772402703349,7412.4241
Fm-258,100,158,258,4,7418.0,7415.1972000000005,7415.030533333333,7703.186488657433,7416.86297512682
Md-258,101,157,258,3,7409.6615,7409.7914,7410.971866666667,7651.987850912295,7409.006534463671
No-258,102,156,258,2,7407.0,7405.28185,7405.594158333333,7642.414476811862,7407.590146941264
Lr-258,103,155,258,1,7392.0,7391.9547999999995,7393.178849999999,7641.825041317601,7391.5905143345235
Rf-258,104,154,258,0,7382.5257,7379.949375,7380.506991666665,7641.591866656724,7382.6162536559295
Db-258,105,153,258,4,7359.4803,7359.426325,7360.221724999999,7618.902467691057,7358.037458380267
Sg-258,106,152,258,3,7342.0,7352.26995,7341.23565,7559.558959932429,7343.952799999999
Fm-259,100,159,259,2,7407.0,7410.064733333333,7406.2512,7667.189998693156,7408.351611149161
Md-259,101,158,259,1,7405.0,7405.896125,7406.896125,7674.1580732232105,7404.336151445912
No-259,102,157,259,0,7399.9714,7397.5800500000005,7397.813375,7675.873459004056,7399.443662846817
Lr-259,103,156,259,4,7390.0,7390.5,7391.653233333333,7660.152174678767,7389.743566052004
Rf-259,104,155,259,3,7377.0,7375.5227749999995,7376.077891666666,7604.552182128318,7377.7219337824
Db-259,105,154,259,2,7360.3626,7361.0164,7362.577591666666,7587.499264916881,7360.82363167965
Sg-259,106,153,259,1,7340.0,7337.750433333334,7339.641075,7590.019959438882,7342.431668440117
Fm-260,100,160,260,0,7402.0,7404.5,7400.6056,7705.618941406482,7404.2112
Md-260,101,159,260,4,7396.0,7396.6653750000005,7397.415375,7686.874601978349,7395.857466846519
No-260,102,158,260,3,7397.0,7394.5,7394.704758333332,7643.119885762602,7396.7360960768365
Lr-260,103,157,260,2,7383.0,7384.3393,7385.550566666667,7624.459572456664,7383.8123626265915
Rf-260,104,156,260,1,7377.0,7374.881425,7375.291191666666,7633.503487902581,7377.271399410503
Db-260,105,155,260,0,7357.0,7357.062825,7358.356008333333,7623.00910801019,7356.82528943324
Sg-260,106,154,260,4,7342.5632,7340.216875,7340.216875,7610.004133028511,7341.543448433353
Bh-260,107,153,260,3,7314.0,7327.866550000001,7318.49295,7539.433487664134,7316.466200000001
Md-261,101,160,261,2,7391.0,7397.333333333333,7392.95775,7655.0067155265915,7392.451820741989
No-261,102,159,261,1,7388.0,7386.4928500000005,7386.409516666667,7662.2150458167325,7387.95912548035
Lr-261,103,158,261,0,7381.0,7382.0,7383.25,7663.360669125587,7381.339684872671
Rf-261,104,157,261,4,7371.3858,7369.0,7369.276941666665,7647.4070202765715,7371.375472668345
Db-261,105,156,261,3,7357.0,7357.634050000001,7358.930675,7589.906089682982,7357.085086332615
Sg-261,106,155,261,2,7339.771,7337.433275,7337.494366666668,7572.525627186501,7338.4830449782
Bh-261,107,154,261,1,7317.3313,7330.2816,7322.381899999999,7575.643884313262,7320.0
Md-262,101,161,262,0,7382.0,7386.0,7385.66925,7689.425462289175,7382.3385
No-262,102,160,262,4,7385.0,7382.5,7382.416666666666,7680.177858518783,7383.973304931038
Lr-262,103,159,262,3,7374.0,7374.5,7375.75,7625.445016108109,7373.839684872672
Rf-262,104,158,262,2,7370.0,7367.75,7367.956191666666,7615.039487966608,7369.7397864553095
Db-262,105,157,262,1,7352.0,7352.84645,7354.088575,7615.407242619792,7352.259365208403
Sg-262,106,156,262,0,7341.1736,7338.8908,7339.406383333333,7614.186848047763,7341.368941426536
Bh-262,107,155,262,4,7315.7331,7315.94275,7315.94275,7591.232008766904,7314.54565612919
No-263,102,161,263,2,7376.0,7377.666666666667,7374.2643,7642.63569894637,7375.910424462715
Lr-263,103,160,263,1,7371.0,7371.5,7372.333333333333,7650.114590313387,7370.039340101629
Rf-263,104,159,263,0,7364.0,7361.34645,7361.795266666666,7650.712355316725,7363.750698453873
Db-263,105,158,263,4,7352.0,7352.5,7353.803116666666,7634.536626556883,7351.779627826619
Sg-263,106,157,263,3,7337.0,7334.94275,7335.3709,7575.133552368609,7337.34078373643
Bh-263,107,156,263,2,7318.0,7318.220275,7319.099425,7557.435017578743,7316.706683552503
Hs-263,108,155,263,1,7295.0,7305.990250000001,7294.595000000001,7561.172594438633,7297.4948
No-264,102,162,264,0,7371.0,7372.0,7370.0,7682.822090281379,7373.0
Lr-264,103,161,264,4,7363.0,7363.25,7364.0,7663.662985537369,7361.542150108888
Rf-264,104,160,264,3,7361.0,7359.25,7359.75,7616.156618334517,7361.66031512733
Db-264,105,159,264,2,7346.0,7347.0,7348.333333333334,7596.882801947241,7346.506075385453
Sg-264,106,158,264,1,7338.0,7335.2934000000005,7335.655841666667,7606.726111094535,7337.349568587146
Bh-264,107,157,264,0,7315.0,7315.495125,7316.84685,7595.505370028682,7315.327119564749
Hs-264,108,156,264,4,7298.3762,7296.087033333333,7297.2611,7582.029115528156,7299.436203054181
Lr-265,103,162,265,2,7359.0,7364.333333333333,7361.0,7630.083689254081,7361.0
Rf-265,104,161,265,1,7354.0,7352.0,7351.916666666666,7637.862451021018,7352.981734952816
Db-265,105,160,265,0,7345.0,7345.5,7347.0,7637.933572068285,7346.003313846611
Sg-265,106,159,265,4,7333.0,7330.75,7331.269083333334,7621.545723693463,7333.032304195859
Bh-265,107,158,265,3,7316.0,7316.815275,7318.1427583333325,7560.239435136307,7316.284295803134
Hs-265,108,157,265,2,7296.2474,7293.93995,7294.003266666667,7542.232002369181,7294.983195032587
Mt-265,109,156,265,1,7272.0,7285.688099999999,7275.3762,7546.609918436231,7272.0
Lr-266,103,163,266,0,7349.0,7352.5,7354.0,7666.414280836295,7352.0
Rf-266,104,162,266,4,7351.0,7348.5,7348.416666666666,7656.553347801675,7348.990164974593
Db-266,105,161,266,3,7339.0,7338.75,7340.166666666666,7598.268862593536,7338.339408718786
Sg-266,106,160,266,2,7332.0,7330.5,7331.2355333333335,7587.075413453024,7333.463658452107
Bh-266,107,159,266,1,7313.0,7313.0,7314.522241666667,7588.498211104769,7313.215494756675
Hs-266,108,158,266,0,7298.2611,7296.09405,7296.010716666667,7586.369220946338,7297.6598192439415
Mt-266,109,157,266,4,7270.7598,7271.749133333334,7271.56185,7563.181455590506,7271.021368972628
Rf-267,104,163,267,2,7342.0,7343.666666666667,7341.25,7617.35716642244,7343.815800755238
Db-267,105,162,267,1,7337.0,7336.25,7337.0,7625.464149688224,7334.050580130665
Sg-267,106,161,267,0,7327.0,7324.75,7325.499999999999,7625.029177348669,7326.995029230084
Bh-267,107,160,267,4,7313.0,7313.5,7315.083333333333,7608.438857528158,7314.003590000496
Hs-267,108,159,267,3,7295.0,7293.56185,7294.236208333333,7545.228412752995,7296.324656193427
Mt-267,109,158,267,2,7273.0,7274.065275,7274.065275,7526.9209689403615,7273.033710852901
Ds-267,110,157,267,1,7248.0,7260.45745,7246.7912,7531.959534195394,7248.3102
Rf-268,104,164,268,0,7337.0,7337.0,7336.5,7659.389007883336,7341.0
Db-268,105,163,268,4,7328.0,7328.25,7329.083333333333,7639.853742587406,7326.5435551125165
Sg-268,106,162,268,3,7326.0,7323.0,7323.583333333334,7588.586948993857,7324.164733589478
Bh-268,107,161,268,2,7309.0,7308.75,7310.416666666666,7568.735207958864,7308.506351539338
Hs-268,108,160,268,1,7297.0,7295.065275,7295.908733333333,7579.480198649875,7298.10406747766
Mt-268,109,159,268,0,7271.0,7271.728725,7271.728725,7567.601041847946,7270.906761246828
Ds-268,110,158,268,4,7252.0,7263.3817,7250.13285,7553.693235052895,7252.5268
Db-269,105,164,269,2,7323.0,7329.333333333333,7327.25,7604.4623617588,7328.882782298788
Sg-269,106,163,269,1,7318.0,7315.25,7315.75,7612.924995486017,7317.161972050634
Bh-269,107,162,269,0,7309.0,7308.0,7309.666666666666,7612.003841425077,7307.008836924296
Hs-269,108,161,269,4,7294.0,7290.75,7291.479383333333,7595.220397851274,7292.787749858324
Mt-269,109,160,269,3,7274.0,7274.19085,7274.940849999999,7530.104978352867,7274.502758556196
Ds-269,110,159,269,2,7250.1551,7257.0,7248.5,7511.506133830082,7250.0
Db-270,105,165,270,0,7314.0,7316.5,7318.5,7642.785654066709,7317.0
Sg-270,106,164,270,4,7314.0,7312.0,7311.833333333333,7632.356828218724,7313.471899927409
Bh-270,107,163,270,3,7301.0,7301.25,7302.833333333332,7570.505049633781,7300.839961026555
Hs-270,108,162,270,2,7295.0,7291.25,7292.061575,7558.565240007454,7292.953517744387
Mt-270,109,161,270,1,7271.0,7271.0,7272.520016666666,7561.134496940639,7270.380480335494
Ds-270,110,160,270,0,7253.7634,7260.333333333333,7252.25,7558.170694923877,7253.5
Sg-271,106,165,271,2,7305.0,7303.5,7303.5,7591.405268968074,7304.95253218244
Bh-271,107,164,271,1,7298.0,7298.75,7300.5,7600.25009447529,7299.004970769916
Hs-271,108,163,271,0,7288.0,7285.25,7286.083333333333,7598.862055230232,7288.159762819561
Mt-271,109,162,271,4,7273.0,7272.25,7273.916666666667,7581.8945462551865,7271.009665385948
Ds-271,110,161,271,3,7252.0,7249.538775,7250.3017,7514.873451547981,7251.595254797318
Sg-272,106,166,272,0,7301.0,7300.0,7299.0,7635.364480755772,7302.0
Bh-272,107,165,272,4,7290.0,7290.75,7292.083333333332,7615.489267588551,7290.339132564901
Hs-272,108,164,272,3,7286.0,7283.5,7284.25,7560.45459004771,7286.990886921821
Mt-272,109,163,272,2,7267.0,7267.0,7268.583333333334,7540.058303481686,7266.5069038471065
Ds-272,110,162,272,1,7255.0,7251.44085,7252.087799999999,7551.800675448802,7252.67192192507
Rg-272,111,161,272,0,7227.0,7239.5,7232.0,7539.326809935751,7231.0
Sg-273,106,167,273,3,7292.0,7291.5,7290.0,7592.19587400945,7292.0
Bh-273,107,166,273,2,7286.0,7287.0,7287.166666666667,7578.19165465006,7285.8416764771
Hs-273,108,165,273,1,7279.0,7276.25,7276.833333333333,7587.444358590044,7278.99281999901
Mt-273,109,164,273,0,7265.0,7266.25,7267.833333333334,7585.6081383011315,7266.504418462148
Ds-273,110,163,273,4,7250.0,7247.25,7247.903741666666,7568.465343586062,7248.801828298342
Rg-273,111,162,273,3,7230.0,7241.0,7234.5,7499.537986123642,7232.0
Bh-274,107,167,274,0,7278.0,7278.75,7279.0,7618.582865151811,7278.006257357824
Hs-274,108,166,274,4,7276.0,7273.5,7273.749999999999,7607.6288702884785,7276.158658204024
Mt-274,109,165,274,3,7259.0,7259.75,7261.0,7542.195794031287,7259.504970769916
Ds-274,110,164,274,2,7249.0,7247.5,7247.936383333332,7529.548706000996,7250.364692866014
Rg-274,111,163,274,1,7227.0,7233.333333333333,7229.0,7533.349879334491,7225.0
Bh-275,107,168,275,3,7273.0,7270.333333333333,7278.0,7579.162680167745,7273.0
Hs-275,108,167,275,2,7268.0,7265.75,7266.0,7564.827068263915,7268.159486665677
Mt-275,109,166,275,1,7257.0,7257.75,7258.833333333332,7574.512514164412,7256.341617949861
Ds-275,110,165,275,0,7243.0,7242.25,7242.583333333333,7572.24624631454,7244.493648460663
Rg-275,111,164,275,4,7227.0,7227.5,7227.5,7554.9366770169545,7226.0474678175615
Bh-276,107,169,276,1,7265.0,7261.666666666667,7268.25,7602.291948926309,7264.5
Hs-276,108,168,276,0,7265.0,7262.0,7262.25,7610.789952476675,7264.485920944891
Mt-276,109,167,276,4,7250.0,7251.0,7252.0,7590.608786631834,7250.006627693222
Ds-276,110,166,276,3,7243.0,7241.0,7241.0,7531.799976334826,7242.993372306779
Rg-276,111,165,276,2,7223.0,7223.25,7224.416666666667,7510.890485336423,7223.503037692727
Cn-276,112,164,276,1,7209.0,7216.5,7207.5,7523.719832203728,7210.0
Bh-277,107,170,277,4,7260.0,7262.5,7263.5,7622.205787602815,7260.0
Hs-277,108,169,277,3,7256.0,7254.0,7254.0,7565.974978002043,7255.452532182439
Mt-277,109,168,277,2,7247.0,7248.75,7250.083333333332,7551.316851590351,7247.674675129309
Ds-277,110,167,277,1,7237.0,7235.0,7235.0,7561.45911002968,7236.3289148711865
Rg-277,111,166,277,0,7222.0,7223.0,7224.083333333333,7558.780378242452,7222.173018206004
Cn-277,112,165,277,4,7205.0,7202.0,7204.5,7541.3122867640295,7206.904916914534
Bh-278,107,171,278,2,7251.0,7254.0,7254.5,7578.227307445739,7252.0
Hs-278,108,170,278,1,7252.0,7250.25,7250.25,7594.740895260509,7251.9446208795125
Mt-278,109,169,278,0,7240.0,7241.0,7241.833333333333,7593.845988273522,7239.839961026554
Ds-278,110,168,278,4,7236.0,7233.25,7233.25,7582.4070289281635,7235.658658204024
Rg-278,111,167,278,3,7218.0,7218.5,7219.583333333333,7513.3801680824845,7218.171361282699
Cn-278,112,166,278,2,7206.0,7204.0,7204.0,7500.062582831028,7205.452532182439
Nh-278,113,165,278,1,7181.0,7192.5,7185.0,7505.1756067753195,7183.0
Hs-279,108,171,279,4,7243.0,7245.333333333333,7242.0,7610.636847423375,7243.8660369129
Mt-279,109,170,279,3,7237.0,7237.75,7238.583333333333,7552.638174506554,7236.043555112517
Ds-279,110,169,279,2,7229.0,7227.25,7227.5,7537.666147720221,7229.161143588983
Rg-279,111,168,279,1,7216.0,7217.25,7218.333333333333,7548.288525205828,7216.007732308759
Cn-279,112,167,279,0,7202.0,7200.0,7200.0,7545.214383149135,7200.968354788292
Nh-279,113,166,279,4,7183.0,7193.5,7187.5,7527.595772466268,7185.0
Hs-280,108,172,280,2,7239.0,7238.5,7236.0,7569.722846273148,7239.0
Mt-280,109,171,280,1,7229.0,7230.25,7230.916666666667,7578.320921600697,7229.03231508348
Ds-280,110,170,280,0,7227.0,7224.75,7224.75,7585.7038107231,7226.9925438451255
Rg-280,111,169,280,4,7212.0,7212.0,7213.083333333332,7565.248629595187,7211.671361282698
Cn-280,112,168,280,3,7202.0,7200.0,7200.25,7502.660547094302,7201.989049623806
Nh-280,113,167,280,2,7180.0,7186.666666666667,7182.5,7481.267302215721,7179.0
Mt-281,109,172,281,4,7225.0,7231.0,7227.5,7598.92789651272,7227.033490771773
Ds-281,110,171,281,3,7220.0,7218.0,7217.833333333334,7539.157477084299,7219.471899927408
Rg-281,111,170,281,2,7209.0,7210.25,7211.333333333333,7523.87990959632,7209.007732308758
Cn-281,112,169,281,1,7197.0,7195.75,7196.083333333334,7535.00497621058,7197.656759183444
Nh-281,113,168,281,0,7181.0,7187.333333333333,7184.0,7531.551966650115,7180.0
Mt-282,109,173,282,2,7218.0,7219.5,7221.5,7553.280425035204,7218.0
Ds-282,110,172,282,1,7217.0,7215.0,7214.666666666666,7570.395431985028,7216.960659898372
Rg-282,111,171,282,0,7204.0,7204.75,7205.916666666666,7568.612162244286,7204.172465898236
Cn-282,112,170,282,4,7197.0,7194.75,7194.75,7556.726100860837,7197.158658204024
Nh-282,113,169,282,3,7177.0,7183.333333333333,7179.583333333333,7484.09436812612,7177.166666666666
Ds-283,110,173,283,4,7210.0,7211.0,7208.75,7587.083750748544,7210.8492915270135
Rg-283,111,172,283,3,7201.0,7202.25,7203.166666666666,7525.5379020662995,7200.544960116147
Cn-283,112,171,283,2,7192.0,7189.75,7189.916666666666,7509.962908133516,7191.660867435098
Nh-283,113,170,283,1,7177.0,7178.25,7178.583333333333,7521.612524007462,7177.1755312569185
Ds-284,110,174,284,2,7207.0,7204.5,7204.0,7544.371251091425,7207.0
Rg-284,111,173,284,1,7195.0,7196.0,7196.75,7553.795740923696,7194.537935097998
Cn-284,112,172,284,0,7191.0,7188.25,7188.333333333333,7560.141646207825,7190.658934357907
Nh-284,113,171,284,4,7173.0,7174.0,7174.416666666666,7539.442475630546,7173.340112137643
Fl-284,114,170,284,3,7163.0,7168.0,7160.5,7473.071000196988,7164.0
Rg-285,111,174,285,4,7192.0,7197.0,7194.0,7575.10905079564,7193.0669815435485
Cn-285,112,173,285,3,7185.0,7182.75,7182.583333333333,7511.784282813171,7183.9761149382975
Nh-285,113,172,285,2,7172.0,7173.25,7174.416666666666,7495.919739940771,7172.1741228215415
Fl-285,114,171,285,1,7159.0,7164.0,7157.5,7508.115080613038,7161.0
Rg-286,111,175,286,2,7185.0,7185.5,7189.0,7527.698712008669,7186.0
Cn-286,112,174,286,1,7183.0,7180.75,7180.5,7545.518144021394,7182.46627991289
Nh-286,113,173,286,0,7168.0,7168.25,7169.416666666666,7542.9158375053485,7167.174122821541
Fl-286,114,172,286,4,7159.0,7157.0,7157.0,7530.6183569629675,7158.452532182439
Cn-287,112,175,287,4,7176.0,7176.666666666667,7175.25,7563.008269479994,7177.815800755239
Nh-287,113,174,287,3,7166.0,7166.75,7167.583333333334,7497.901277422287,7165.043555112517
Fl-287,114,173,287,2,7155.0,7152.75,7152.666666666666,7481.754834667132,7153.977519941927
Mc-287,115,172,287,1,7139.0,7147.0,7143.5,7494.516415382249,7141.0
Cn-288,112,176,288,2,7174.0,7170.5,7172.0,7518.40914349274,7175.0
Nh-288,113,175,288,1,7160.0,7161.25,7162.0,7528.753925200289,7160.03372008711
Fl-288,114,174,288,0,7154.0,7151.75,7151.583333333334,7534.136486585945,7152.976114938297
Mc-288,115,173,288,4,7135.0,7135.0,7137.5,7513.22157491916,7137.980983382907
Nh-289,113,176,289,4,7158.0,7162.333333333333,7160.25,7550.7857188064345,7160.016745385887
Fl-289,114,175,289,3,7149.0,7146.75,7146.666666666666,7483.89337606225,7147.977519941927
Mc-289,115,174,289,2,7135.0,7135.5,7136.333333333334,7467.472461992404,7134.039340101628
Lv-289,116,173,289,1,7119.0,7125.5,7118.0,7480.820160989557,7121.0
Nh-290,113,177,290,2,7152.0,7150.5,7155.0,7501.5243691819305,7152.0
Fl-290,114,176,290,1,7147.0,7147.0,7146.0,7520.145036510184,7148.892034467183
Mc-290,115,175,290,0,7131.0,7131.0,7131.833333333334,7516.788999414759,7129.539340101628
Lv-290,116,174,290,4,7120.0,7116.333333333333,7116.5,7504.113752294196,7116.5
Fl-291,114,177,291,4,7141.0,7141.666666666667,7140.5,7538.445556639296,7142.832546141126
Mc-291,115,176,291,3,7129.0,7132.666666666667,7132.083333333333,7469.764907955041,7131.038987553517
Lv-291,116,175,291,2,7116.0,7114.0,7113.916666666667,7453.0767382819595,7114.981734952816
Ts-291,117,174,291,1,7098.0,7107.5,7105.0,7467.029819122586,
Mc-292,115,177,292,1,7124.0,7127.666666666667,7127.166666666666,7503.230333297885,7127.005998085156
Lv-292,116,176,292,0,7116.0,7114.666666666667,7111.666666666666,7507.7190080509,7111.666666666666
Ts-292,117,175,292,4,7095.0,7095.333333333333,7097.0,7486.614949273532,7097.0
Lv-293,116,177,293,3,7111.0,7110.666666666667,7110.416666666666,7455.52004802501,7112.907029680074
Ts-293,117,176,293,2,7095.0,7097.666666666667,7097.5,7438.571632923927,7097.5
Og-293,118,175,293,1,7078.0,7085.5,7074.0,7453.148765903861,
Ts-294,117,177,294,0,7092.0,7094.0,7093.5,7490.26137038352,7093.5
Og-294,118,176,294,4,7079.0,7095.0,7074.0,7477.240116218437,
Og-295,118,177,295,2,7076.0,7085.0,7073.0,7423.960974365901,
